date,q_cfs,q_cms,q_obs_mm_day
1980-01-01,55.0,1.557424,0.4963168829248391
1980-01-02,50.0,1.41584,0.4511971662953083
1980-01-03,44.0,1.2459392,0.39705350633987135
1980-01-04,41.0,1.1609888,0.3699816763621528
1980-01-05,41.0,1.1609888,0.3699816763621528
1980-01-06,39.0,1.1043552,0.3519337897103405
1980-01-07,36.0,1.0194048,0.324861959732622
1980-01-08,35.0,0.991088,0.3158380164067158
1980-01-09,63.0,1.7839584,0.5685084295320885
1980-01-10,90.0,2.548512,0.812154899331555
1980-01-11,119.0,3.3696992,1.0738492557828339
1980-01-12,207.0,5.8615775999999995,1.8679562684625763
1980-01-13,228.0,6.4562304,2.057459078306606
1980-01-14,225.0,6.37128,2.0303872483288874
1980-01-15,204.0,5.7766272,1.840884438484858
1980-01-16,180.0,5.097024,1.62430979866311
1980-01-17,159.0,4.5023712,1.4348069888190804
1980-01-18,150.0,4.24752,1.3535914988859248
1980-01-19,153.0,4.3324704,1.3806633288636434
1980-01-20,147.0,4.1625696,1.3265196689082066
1980-01-21,132.0,3.7378176,1.191160519019614
1980-01-22,116.0,3.2847488,1.0467774258051152
1980-01-23,172.0,4.8704896,1.5521182520558605
1980-01-24,222.0,6.2863296,2.003315418351169
1980-01-25,227.0,6.4279136,2.0484351349807
1980-01-26,292.0,8.2685056,2.6349914511646
1980-01-27,545.0,15.432656,4.918049112618861
1980-01-28,599.0,16.9617632,5.405342052217794
1980-01-29,563.0,15.9423584,5.080480092485171
1980-01-30,469.0,13.2805792,4.232229419849992
1980-01-31,399.0,11.2984032,3.6005533870365602
1980-02-01,353.0,9.9958304,3.1854519940448767
1980-02-02,303.0,8.5799904,2.7342548277495684
1980-02-03,257.0,7.2774176,2.319153434757885
1980-02-04,217.0,6.1447456,1.9581957017216383
1980-02-05,183.0,5.1819744,1.6513816286408283
1980-02-06,162.0,4.5873216,1.461878818796799
1980-02-07,154.0,4.3607872,1.3896872721895497
1980-02-08,137.0,3.8794016,1.2362802356491447
1980-02-09,122.0,3.4546495999999998,1.1009210857605523
1980-02-10,194.0,5.4934592,1.7506450052257962
1980-02-11,210.0,5.946528,1.895028098440295
1980-02-12,196.0,5.5500928,1.7686928918776086
1980-02-13,173.0,4.8988064,1.5611421953817668
1980-02-14,149.0,4.2192032,1.3445675555600187
1980-02-15,129.0,3.6528671999999998,1.1640886890418953
1980-02-16,112.0,3.1714816,1.0106816525014906
1980-02-17,103.0,2.9166304,0.9294661625683351
1980-02-18,91.0,2.5768288,0.8211788426574611
1980-02-19,79.0,2.2370272,0.7128915227465872
1980-02-20,69.0,1.9538592,0.6226520894875255
1980-02-21,61.0,1.7273247999999999,0.5504605428802761
1980-02-22,54.0,1.5291071999999999,0.48729293959893294
1980-02-23,48.0,1.3592064,0.433149279643496
1980-02-24,109.0,3.0865312,0.9836098225237722
1980-02-25,266.0,7.5322688,2.40036892469104
1980-02-26,327.0,9.2595936,2.9508294675713165
1980-02-27,300.0,8.49504,2.7071829977718496
1980-02-28,244.0,6.9092991999999995,2.2018421715211045
1980-02-29,196.0,5.5500928,1.7686928918776086
1980-03-01,162.0,4.5873216,1.461878818796799
1980-03-02,150.0,4.24752,1.3535914988859248
1980-03-03,137.0,3.8794016,1.2362802356491447
1980-03-04,122.0,3.4546495999999998,1.1009210857605523
1980-03-05,109.0,3.0865312,0.9836098225237722
1980-03-06,98.0,2.7750464,0.8843464459388043
1980-03-07,86.0,2.4352448,0.7760591260279303
1980-03-08,76.0,2.1520768,0.6858196927688687
1980-03-09,656.0,18.5758208,5.919706821794445
1980-03-10,1590.0,45.023711999999996,14.348069888190803
1980-03-11,2360.0,66.827648,21.296506249138552
1980-03-12,2190.0,62.013792,19.762435883734504
1980-03-13,1600.0,45.30688,14.438309321449866
1980-03-14,1140.0,32.281152,10.287295391533029
1980-03-15,805.0,22.795023999999998,7.264274377354464
1980-03-16,608.0,17.2166144,5.486557542150949
1980-03-17,470.0,13.308895999999999,4.241253363175898
1980-03-18,412.0,11.6665216,3.7178646502733406
1980-03-19,348.0,9.8542464,3.1403322774153457
1980-03-20,283.0,8.0136544,2.553775961231445
1980-03-21,242.0,6.8526656,2.1837942848692924
1980-03-22,199.0,5.6350432,1.7957647218553272
1980-03-23,162.0,4.5873216,1.461878818796799
1980-03-24,132.0,3.7378176,1.191160519019614
1980-03-25,109.0,3.0865312,0.9836098225237722
1980-03-26,92.0,2.6051456,0.8302027859833674
1980-03-27,80.0,2.265344,0.7219154660724932
1980-03-28,79.0,2.2370272,0.7128915227465872
1980-03-29,105.0,2.973264,0.9475140492201475
1980-03-30,278.0,7.8720704,2.5086562446019145
1980-03-31,369.0,10.4488992,3.3298350872593754
1980-04-01,368.0,10.4205824,3.3208111439334695
1980-04-02,388.0,10.9869184,3.5012900104515925
1980-04-03,748.0,21.1809664,6.749909607777812
1980-04-04,1030.0,29.166304,9.294661625683352
1980-04-05,1270.0,35.962336,11.46040802390083
1980-04-06,1040.0,29.449472,9.384901058942413
1980-04-07,781.0,22.1154208,7.0476997375327155
1980-04-08,639.0,18.0944352,5.7662997852540405
1980-04-09,650.0,18.40592,5.865563161839008
1980-04-10,592.0,16.7635456,5.342174448936451
1980-04-11,491.0,13.9035488,4.430756173019928
1980-04-12,398.0,11.2700864,3.5915294437106544
1980-04-13,365.0,10.335632,3.2937393139557507
1980-04-14,365.0,10.335632,3.2937393139557507
1980-04-15,336.0,9.5144448,3.0320449575044717
1980-04-16,289.0,8.1835552,2.6079196211868823
1980-04-17,236.0,6.6827648,2.129650624913855
1980-04-18,190.0,5.380192,1.7145492319221716
1980-04-19,154.0,4.3607872,1.3896872721895497
1980-04-20,134.0,3.7944512,1.2092084056714263
1980-04-21,127.0,3.5962336,1.1460408023900832
1980-04-22,110.0,3.114848,0.9926337658496782
1980-04-23,92.0,2.6051456,0.8302027859833674
1980-04-24,76.0,2.1520768,0.6858196927688687
1980-04-25,60.0,1.699008,0.54143659955437
1980-04-26,65.0,1.840592,0.5865563161839008
1980-04-27,99.0,2.8033632,0.8933703892647106
1980-04-28,103.0,2.9166304,0.9294661625683351
1980-04-29,101.0,2.8599968,0.9114182759165227
1980-04-30,86.0,2.4352448,0.7760591260279303
1980-05-01,74.0,2.0954432,0.6677718061170563
1980-05-02,59.0,1.6706912,0.5324126562284638
1980-05-03,49.0,1.3875232,0.44217322296940215
1980-05-04,42.0,1.1893056,0.37900561968805896
1980-05-05,35.0,0.991088,0.3158380164067158
1980-05-06,28.0,0.7928704,0.25267041312537264
1980-05-07,22.0,0.6229696,0.19852675316993568
1980-05-08,18.0,0.5097024,0.162430979866311
1980-05-09,16.0,0.4530688,0.14438309321449866
1980-05-10,15.0,0.424752,0.1353591498885925
1980-05-11,13.0,0.3681184,0.11731126323678016
1980-05-12,13.0,0.3681184,0.11731126323678016
1980-05-13,11.0,0.3114848,0.09926337658496784
1980-05-14,9.2,0.26051455999999995,0.08302027859833672
1980-05-15,7.8,0.22087104,0.0703867579420681
1980-05-16,10.0,0.283168,0.09023943325906165
1980-05-17,11.0,0.3114848,0.09926337658496784
1980-05-18,13.0,0.3681184,0.11731126323678016
1980-05-19,16.0,0.4530688,0.14438309321449866
1980-05-20,14.0,0.3964352,0.12633520656268632
1980-05-21,12.0,0.3398016,0.108287319910874
1980-05-22,11.0,0.3114848,0.09926337658496784
1980-05-23,25.0,0.70792,0.22559858314765416
1980-05-24,119.0,3.3696992,1.0738492557828339
1980-05-25,466.0,13.1956288,4.2051575898722735
1980-05-26,706.0,19.9916608,6.370903988089753
1980-05-27,897.0,25.400169599999998,8.09447716333783
1980-05-28,828.0,23.446310399999998,7.471825073850305
1980-05-29,568.0,16.0839424,5.125599809114703
1980-05-30,377.0,10.6754336,3.4020266338666247
1980-05-31,273.0,7.7304864,2.4635365279723835
1980-06-01,202.0,5.7199936,1.8228365518330454
1980-06-02,148.0,4.1908864,1.3355436122341127
1980-06-03,106.0,3.0015808,0.9565379925460537
1980-06-04,76.0,2.1520768,0.6858196927688687
1980-06-05,53.0,1.5007904,0.4782689962730268
1980-06-06,36.0,1.0194048,0.324861959732622
1980-06-07,25.0,0.70792,0.22559858314765416
1980-06-08,19.0,0.5380192,0.17145492319221717
1980-06-09,46.0,1.3025728,0.4151013929916837
1980-06-10,87.0,2.4635616,0.7850830693538364
1980-06-11,79.0,2.2370272,0.7128915227465872
1980-06-12,61.0,1.7273247999999999,0.5504605428802761
1980-06-13,41.0,1.1609888,0.3699816763621528
1980-06-14,26.0,0.7362368,0.23462252647356033
1980-06-15,18.0,0.5097024,0.162430979866311
1980-06-16,13.0,0.3681184,0.11731126323678016
1980-06-17,9.7,0.27467295999999997,0.0875322502612898
1980-06-18,13.0,0.3681184,0.11731126323678016
1980-06-19,26.0,0.7362368,0.23462252647356033
1980-06-20,29.0,0.8211872,0.2616943564512788
1980-06-21,112.0,3.1714816,1.0106816525014906
1980-06-22,313.0,8.8631584,2.82449426100863
1980-06-23,278.0,7.8720704,2.5086562446019145
1980-06-24,385.0,10.901968,3.474218180473874
1980-06-25,425.0,12.03464,3.8351759135101204
1980-06-26,531.0,15.0362208,4.791713906056175
1980-06-27,477.0,13.5071136,4.304420966457242
1980-06-28,375.0,10.6188,3.3839787472148126
1980-06-29,286.0,8.0986048,2.580847791209164
1980-06-30,216.0,6.1164287999999996,1.9491717583957318
1980-07-01,162.0,4.5873216,1.461878818796799
1980-07-02,114.0,3.2281152,1.028729539153303
1980-07-03,77.0,2.1803936,0.6948436360947748
1980-07-04,51.0,1.4441568,0.4602211096212145
1980-07-05,35.0,0.991088,0.3158380164067158
1980-07-06,24.0,0.6796032,0.216574639821748
1980-07-07,22.0,0.6229696,0.19852675316993568
1980-07-08,18.0,0.5097024,0.162430979866311
1980-07-09,13.0,0.3681184,0.11731126323678016
1980-07-10,9.7,0.27467295999999997,0.0875322502612898
1980-07-11,6.8,0.19255424,0.06136281461616193
1980-07-12,5.3,0.15007904,0.04782689962730268
1980-07-13,4.1,0.11609887999999999,0.03699816763621528
1980-07-14,3.7,0.10477216,0.03338859030585282
1980-07-15,3.5,0.0991088,0.03158380164067158
1980-07-16,3.4,0.09627712,0.030681407308080964
1980-07-17,2.8,0.07928703999999999,0.025267041312537264
1980-07-18,2.5,0.070792,0.022559858314765414
1980-07-19,23.0,0.6512864,0.20755069649584185
1980-07-20,72.0,2.0388096,0.649723919465244
1980-07-21,99.0,2.8033632,0.8933703892647106
1980-07-22,121.0,3.4263328,1.0918971424346462
1980-07-23,104.0,2.9449472,0.9384901058942413
1980-07-24,255.0,7.220784,2.3011055481060723
1980-07-25,1710.0,48.421728,15.430943087299545
1980-07-26,2790.0,79.003872,25.176801879278205
1980-07-27,2760.0,78.154368,24.906083579501022
1980-07-28,2370.0,67.110816,21.386745682397613
1980-07-29,2000.0,56.6336,18.047886651812334
1980-07-30,1540.0,43.607872,13.896872721895496
1980-07-31,1070.0,30.298976,9.655619358719598
1980-08-01,760.0,21.520768,6.858196927688686
1980-08-02,549.0,15.545923199999999,4.954144885922485
1980-08-03,386.0,10.930284799999999,3.48324212379978
1980-08-04,275.0,7.78712,2.4815844146241957
1980-08-05,194.0,5.4934592,1.7506450052257962
1980-08-06,138.0,3.9077184,1.245304178975051
1980-08-07,97.0,2.7467296,0.8753225026128981
1980-08-08,67.0,1.8972256,0.6046042028357131
1980-08-09,48.0,1.3592064,0.433149279643496
1980-08-10,36.0,1.0194048,0.324861959732622
1980-08-11,28.0,0.7928704,0.25267041312537264
1980-08-12,22.0,0.6229696,0.19852675316993568
1980-08-13,21.0,0.5946528,0.18950280984402948
1980-08-14,39.0,1.1043552,0.3519337897103405
1980-08-15,59.0,1.6706912,0.5324126562284638
1980-08-16,52.0,1.4724736,0.46924505294712066
1980-08-17,42.0,1.1893056,0.37900561968805896
1980-08-18,36.0,1.0194048,0.324861959732622
1980-08-19,29.0,0.8211872,0.2616943564512788
1980-08-20,23.0,0.6512864,0.20755069649584185
1980-08-21,18.0,0.5097024,0.162430979866311
1980-08-22,18.0,0.5097024,0.162430979866311
1980-08-23,30.0,0.849504,0.270718299777185
1980-08-24,52.0,1.4724736,0.46924505294712066
1980-08-25,44.0,1.2459392,0.39705350633987135
1980-08-26,35.0,0.991088,0.3158380164067158
1980-08-27,28.0,0.7928704,0.25267041312537264
1980-08-28,24.0,0.6796032,0.216574639821748
1980-08-29,20.0,0.566336,0.1804788665181233
1980-08-30,17.0,0.48138559999999997,0.15340703654040483
1980-08-31,14.0,0.3964352,0.12633520656268632
1980-09-01,14.0,0.3964352,0.12633520656268632
1980-09-02,12.0,0.3398016,0.108287319910874
1980-09-03,10.0,0.283168,0.09023943325906165
1980-09-04,11.0,0.3114848,0.09926337658496784
1980-09-05,11.0,0.3114848,0.09926337658496784
1980-09-06,9.4,0.26617792,0.08482506726351796
1980-09-07,8.0,0.2265344,0.07219154660724933
1980-09-08,7.3,0.20671264,0.06587478627911501
1980-09-09,7.3,0.20671264,0.06587478627911501
1980-09-10,7.3,0.20671264,0.06587478627911501
1980-09-11,7.1,0.20104928,0.06406999761393378
1980-09-12,6.4,0.18122752,0.057753237285799466
1980-09-13,5.3,0.15007904,0.04782689962730268
1980-09-14,4.9,0.13875232,0.04421732229694022
1980-09-15,4.3,0.12176224,0.03880295630139651
1980-09-16,3.9,0.11043552,0.03519337897103405
1980-09-17,4.1,0.11609887999999999,0.03699816763621528
1980-09-18,7.1,0.20104928,0.06406999761393378
1980-09-19,10.0,0.283168,0.09023943325906165
1980-09-20,12.0,0.3398016,0.108287319910874
1980-09-21,8.9,0.25201952,0.08031309560056488
1980-09-22,9.9,0.28033632,0.08933703892647106
1980-09-23,10.0,0.283168,0.09023943325906165
1980-09-24,9.9,0.28033632,0.08933703892647106
1980-09-25,9.9,0.28033632,0.08933703892647106
1980-09-26,24.0,0.6796032,0.216574639821748
1980-09-27,32.0,0.9061376,0.2887661864289973
1980-09-28,32.0,0.9061376,0.2887661864289973
1980-09-29,38.0,1.0760384,0.34290984638443434
1980-09-30,39.0,1.1043552,0.3519337897103405
1980-10-01,38.0,1.0760384,0.34290984638443434
1980-10-02,37.0,1.0477216,0.33388590305852817
1980-10-03,35.0,0.991088,0.3158380164067158
1980-10-04,31.0,0.8778208,0.27974224310309115
1980-10-05,26.0,0.7362368,0.23462252647356033
1980-10-06,22.0,0.6229696,0.19852675316993568
1980-10-07,18.0,0.5097024,0.162430979866311
1980-10-08,15.0,0.424752,0.1353591498885925
1980-10-09,13.0,0.3681184,0.11731126323678016
1980-10-10,10.0,0.283168,0.09023943325906165
1980-10-11,8.9,0.25201952,0.08031309560056488
1980-10-12,7.8,0.22087104,0.0703867579420681
1980-10-13,6.8,0.19255424,0.06136281461616193
1980-10-14,6.4,0.18122752,0.057753237285799466
1980-10-15,5.7,0.16140576,0.05143647695766515
1980-10-16,5.3,0.15007904,0.04782689962730268
1980-10-17,5.1,0.14441568,0.04602211096212144
1980-10-18,4.9,0.13875232,0.04421732229694022
1980-10-19,4.9,0.13875232,0.04421732229694022
1980-10-20,4.9,0.13875232,0.04421732229694022
1980-10-21,4.7,0.13308896,0.04241253363175898
1980-10-22,4.7,0.13308896,0.04241253363175898
1980-10-23,6.0,0.1699008,0.054143659955437
1980-10-24,7.1,0.20104928,0.06406999761393378
1980-10-25,6.0,0.1699008,0.054143659955437
1980-10-26,5.5,0.1557424,0.04963168829248392
1980-10-27,4.9,0.13875232,0.04421732229694022
1980-10-28,15.0,0.424752,0.1353591498885925
1980-10-29,40.0,1.132672,0.3609577330362466
1980-10-30,81.0,2.2936608,0.7309394093983995
1980-10-31,126.0,3.5679168,1.137016859064177
1980-11-01,130.0,3.681184,1.1731126323678016
1980-11-02,117.0,3.3130656,1.0558013691310215
1980-11-03,95.0,2.690096,0.8572746159610858
1980-11-04,76.0,2.1520768,0.6858196927688687
1980-11-05,62.0,1.7556416,0.5594844862061823
1980-11-06,50.0,1.41584,0.4511971662953083
1980-11-07,40.0,1.132672,0.3609577330362466
1980-11-08,32.0,0.9061376,0.2887661864289973
1980-11-09,26.0,0.7362368,0.23462252647356033
1980-11-10,22.0,0.6229696,0.19852675316993568
1980-11-11,18.0,0.5097024,0.162430979866311
1980-11-12,16.0,0.4530688,0.14438309321449866
1980-11-13,14.0,0.3964352,0.12633520656268632
1980-11-14,12.0,0.3398016,0.108287319910874
1980-11-15,10.0,0.283168,0.09023943325906165
1980-11-16,9.4,0.26617792,0.08482506726351796
1980-11-17,8.5,0.24069279999999998,0.07670351827020241
1980-11-18,7.8,0.22087104,0.0703867579420681
1980-11-19,7.3,0.20671264,0.06587478627911501
1980-11-20,6.6,0.18689087999999998,0.05955802595098069
1980-11-21,6.2,0.17556416,0.05594844862061823
1980-11-22,5.7,0.16140576,0.05143647695766515
1980-11-23,5.7,0.16140576,0.05143647695766515
1980-11-24,41.0,1.1609888,0.3699816763621528
1980-11-25,114.0,3.2281152,1.028729539153303
1980-11-26,129.0,3.6528671999999998,1.1640886890418953
1980-11-27,225.0,6.37128,2.0303872483288874
1980-11-28,280.0,7.928704,2.5267041312537266
1980-11-29,285.0,8.070288,2.571823847883257
1980-11-30,257.0,7.2774176,2.319153434757885
1980-12-01,219.0,6.2013792,1.9762435883734504
1980-12-02,187.0,5.2952416,1.687477401944453
1980-12-03,159.0,4.5023712,1.4348069888190804
1980-12-04,136.0,3.8510847999999998,1.2272562923232386
1980-12-05,114.0,3.2281152,1.028729539153303
1980-12-06,97.0,2.7467296,0.8753225026128981
1980-12-07,82.0,2.3219776,0.7399633527243056
1980-12-08,69.0,1.9538592,0.6226520894875255
1980-12-09,59.0,1.6706912,0.5324126562284638
1980-12-10,51.0,1.4441568,0.4602211096212145
1980-12-11,44.0,1.2459392,0.39705350633987135
1980-12-12,39.0,1.1043552,0.3519337897103405
1980-12-13,33.0,0.9344544,0.2977901297549035
1980-12-14,29.0,0.8211872,0.2616943564512788
1980-12-15,25.0,0.70792,0.22559858314765416
1980-12-16,23.0,0.6512864,0.20755069649584185
1980-12-17,30.0,0.849504,0.270718299777185
1980-12-18,32.0,0.9061376,0.2887661864289973
1980-12-19,30.0,0.849504,0.270718299777185
1980-12-20,28.0,0.7928704,0.25267041312537264
1980-12-21,25.0,0.70792,0.22559858314765416
1980-12-22,23.0,0.6512864,0.20755069649584185
1980-12-23,28.0,0.7928704,0.25267041312537264
1980-12-24,32.0,0.9061376,0.2887661864289973
1980-12-25,37.0,1.0477216,0.33388590305852817
1980-12-26,39.0,1.1043552,0.3519337897103405
1980-12-27,37.0,1.0477216,0.33388590305852817
1980-12-28,34.0,0.9627711999999999,0.30681407308080966
1980-12-29,31.0,0.8778208,0.27974224310309115
1980-12-30,28.0,0.7928704,0.25267041312537264
1980-12-31,26.0,0.7362368,0.23462252647356033
1981-01-01,24.0,0.6796032,0.216574639821748
1981-01-02,22.0,0.6229696,0.19852675316993568
1981-01-03,20.0,0.566336,0.1804788665181233
1981-01-04,18.0,0.5097024,0.162430979866311
1981-01-05,17.0,0.48138559999999997,0.15340703654040483
1981-01-06,15.0,0.424752,0.1353591498885925
1981-01-07,18.0,0.5097024,0.162430979866311
1981-01-08,25.0,0.70792,0.22559858314765416
1981-01-09,28.0,0.7928704,0.25267041312537264
1981-01-10,30.0,0.849504,0.270718299777185
1981-01-11,28.0,0.7928704,0.25267041312537264
1981-01-12,25.0,0.70792,0.22559858314765416
1981-01-13,23.0,0.6512864,0.20755069649584185
1981-01-14,21.0,0.5946528,0.18950280984402948
1981-01-15,21.0,0.5946528,0.18950280984402948
1981-01-16,21.0,0.5946528,0.18950280984402948
1981-01-17,20.0,0.566336,0.1804788665181233
1981-01-18,18.0,0.5097024,0.162430979866311
1981-01-19,17.0,0.48138559999999997,0.15340703654040483
1981-01-20,18.0,0.5097024,0.162430979866311
1981-01-21,31.0,0.8778208,0.27974224310309115
1981-01-22,35.0,0.991088,0.3158380164067158
1981-01-23,36.0,1.0194048,0.324861959732622
1981-01-24,33.0,0.9344544,0.2977901297549035
1981-01-25,30.0,0.849504,0.270718299777185
1981-01-26,27.0,0.7645535999999999,0.24364646979946647
1981-01-27,24.0,0.6796032,0.216574639821748
1981-01-28,32.0,0.9061376,0.2887661864289973
1981-01-29,52.0,1.4724736,0.46924505294712066
1981-01-30,57.0,1.6140576,0.5143647695766514
1981-01-31,55.0,1.557424,0.4963168829248391
1981-02-01,50.0,1.41584,0.4511971662953083
1981-02-02,55.0,1.557424,0.4963168829248391
1981-02-03,74.0,2.0954432,0.6677718061170563
1981-02-04,77.0,2.1803936,0.6948436360947748
1981-02-05,74.0,2.0954432,0.6677718061170563
1981-02-06,70.0,1.982176,0.6316760328134317
1981-02-07,91.0,2.5768288,0.8211788426574611
1981-02-08,105.0,2.973264,0.9475140492201475
1981-02-09,106.0,3.0015808,0.9565379925460537
1981-02-10,99.0,2.8033632,0.8933703892647106
1981-02-11,907.0,25.683337599999998,8.184716596596893
1981-02-12,2580.0,73.057344,23.28177378083791
1981-02-13,3070.0,86.932576,27.703506010531928
1981-02-14,2320.0,65.694976,20.935548516102305
1981-02-15,1410.0,39.926688,12.723760089527694
1981-02-16,879.0,24.8904672,7.93204618347152
1981-02-17,636.0,18.0094848,5.739227955276322
1981-02-18,503.0,14.2433504,4.5390434929308014
1981-02-19,414.0,11.723155199999999,3.7359125369251527
1981-02-20,346.0,9.7976128,3.1222843907635336
1981-02-21,282.0,7.9853376,2.544752017905539
1981-02-22,228.0,6.4562304,2.057459078306606
1981-02-23,184.0,5.2102912,1.6604055719667348
1981-02-24,147.0,4.1625696,1.3265196689082066
1981-02-25,118.0,3.3413824,1.0648253124569276
1981-02-26,95.0,2.690096,0.8572746159610858
1981-02-27,76.0,2.1520768,0.6858196927688687
1981-02-28,62.0,1.7556416,0.5594844862061823
1981-03-01,51.0,1.4441568,0.4602211096212145
1981-03-02,43.0,1.2176224,0.38802956301396513
1981-03-03,37.0,1.0477216,0.33388590305852817
1981-03-04,32.0,0.9061376,0.2887661864289973
1981-03-05,275.0,7.78712,2.4815844146241957
1981-03-06,665.0,18.830672,6.0009223117276
1981-03-07,814.0,23.0498752,7.345489867287619
1981-03-08,704.0,19.9350272,6.352856101437942
1981-03-09,547.0,15.4892896,4.9360969992706725
1981-03-10,422.0,11.9496896,3.808104083532402
1981-03-11,333.0,9.4294944,3.0049731275267533
1981-03-12,264.0,7.4756352,2.382321038039228
1981-03-13,210.0,5.946528,1.895028098440295
1981-03-14,166.0,4.7005888,1.4979745921004237
1981-03-15,129.0,3.6528671999999998,1.1640886890418953
1981-03-16,100.0,2.83168,0.9023943325906166
1981-03-17,77.0,2.1803936,0.6948436360947748
1981-03-18,61.0,1.7273247999999999,0.5504605428802761
1981-03-19,48.0,1.3592064,0.433149279643496
1981-03-20,39.0,1.1043552,0.3519337897103405
1981-03-21,32.0,0.9061376,0.2887661864289973
1981-03-22,52.0,1.4724736,0.46924505294712066
1981-03-23,140.0,3.964352,1.2633520656268633
1981-03-24,155.0,4.389104,1.3987112155154557
1981-03-25,149.0,4.2192032,1.3445675555600187
1981-03-26,128.0,3.6245504,1.1550647457159893
1981-03-27,106.0,3.0015808,0.9565379925460537
1981-03-28,87.0,2.4635616,0.7850830693538364
1981-03-29,71.0,2.0104928,0.6406999761393378
1981-03-30,91.0,2.5768288,0.8211788426574611
1981-03-31,195.0,5.521776,1.7596689485517025
1981-04-01,318.0,9.0047424,2.869613977638161
1981-04-02,609.0,17.2449312,5.495581485476856
1981-04-03,600.0,16.99008,5.414365995543699
1981-04-04,477.0,13.5071136,4.304420966457242
1981-04-05,376.0,10.6471168,3.3930026905407185
1981-04-06,301.0,8.5233568,2.7162069410977563
1981-04-07,243.0,6.8809824,2.1928182281951982
1981-04-08,194.0,5.4934592,1.7506450052257962
1981-04-09,151.0,4.2758367999999995,1.362615442211831
1981-04-10,119.0,3.3696992,1.0738492557828339
1981-04-11,92.0,2.6051456,0.8302027859833674
1981-04-12,70.0,1.982176,0.6316760328134317
1981-04-13,52.0,1.4724736,0.46924505294712066
1981-04-14,40.0,1.132672,0.3609577330362466
1981-04-15,30.0,0.849504,0.270718299777185
1981-04-16,24.0,0.6796032,0.216574639821748
1981-04-17,22.0,0.6229696,0.19852675316993568
1981-04-18,20.0,0.566336,0.1804788665181233
1981-04-19,19.0,0.5380192,0.17145492319221717
1981-04-20,18.0,0.5097024,0.162430979866311
1981-04-21,17.0,0.48138559999999997,0.15340703654040483
1981-04-22,15.0,0.424752,0.1353591498885925
1981-04-23,13.0,0.3681184,0.11731126323678016
1981-04-24,12.0,0.3398016,0.108287319910874
1981-04-25,11.0,0.3114848,0.09926337658496784
1981-04-26,9.2,0.26051455999999995,0.08302027859833672
1981-04-27,8.0,0.2265344,0.07219154660724933
1981-04-28,6.8,0.19255424,0.06136281461616193
1981-04-29,6.0,0.1699008,0.054143659955437
1981-04-30,6.0,0.1699008,0.054143659955437
1981-05-01,5.1,0.14441568,0.04602211096212144
1981-05-02,4.5,0.1274256,0.04060774496657775
1981-05-03,3.9,0.11043552,0.03519337897103405
1981-05-04,3.5,0.0991088,0.03158380164067158
1981-05-05,3.4,0.09627712,0.030681407308080964
1981-05-06,5.1,0.14441568,0.04602211096212144
1981-05-07,6.6,0.18689087999999998,0.05955802595098069
1981-05-08,5.3,0.15007904,0.04782689962730268
1981-05-09,5.1,0.14441568,0.04602211096212144
1981-05-10,4.3,0.12176224,0.03880295630139651
1981-05-11,3.7,0.10477216,0.03338859030585282
1981-05-12,4.7,0.13308896,0.04241253363175898
1981-05-13,4.7,0.13308896,0.04241253363175898
1981-05-14,4.1,0.11609887999999999,0.03699816763621528
1981-05-15,3.5,0.0991088,0.03158380164067158
1981-05-16,3.2,0.09061376,0.028876618642899733
1981-05-17,2.8,0.07928703999999999,0.025267041312537264
1981-05-18,2.5,0.070792,0.022559858314765414
1981-05-19,2.5,0.070792,0.022559858314765414
1981-05-20,2.5,0.070792,0.022559858314765414
1981-05-21,2.3,0.06512863999999999,0.02075506964958418
1981-05-22,2.2,0.062296960000000005,0.019852675316993567
1981-05-23,2.0,0.0566336,0.018047886651812332
1981-05-24,1.8,0.05097024,0.016243097986631098
1981-05-25,1.8,0.05097024,0.016243097986631098
1981-05-26,1.8,0.05097024,0.016243097986631098
1981-05-27,2.0,0.0566336,0.018047886651812332
1981-05-28,1.8,0.05097024,0.016243097986631098
1981-05-29,1.8,0.05097024,0.016243097986631098
1981-05-30,1.7,0.04813856,0.015340703654040482
1981-05-31,1.7,0.04813856,0.015340703654040482
1981-06-01,1.5,0.0424752,0.01353591498885925
1981-06-02,1.5,0.0424752,0.01353591498885925
1981-06-03,1.5,0.0424752,0.01353591498885925
1981-06-04,1.4,0.039643519999999995,0.012633520656268632
1981-06-05,1.4,0.039643519999999995,0.012633520656268632
1981-06-06,1.4,0.039643519999999995,0.012633520656268632
1981-06-07,1.7,0.04813856,0.015340703654040482
1981-06-08,7.1,0.20104928,0.06406999761393378
1981-06-09,7.1,0.20104928,0.06406999761393378
1981-06-10,3.9,0.11043552,0.03519337897103405
1981-06-11,4.1,0.11609887999999999,0.03699816763621528
1981-06-12,4.1,0.11609887999999999,0.03699816763621528
1981-06-13,3.0,0.0849504,0.0270718299777185
1981-06-14,2.5,0.070792,0.022559858314765414
1981-06-15,2.5,0.070792,0.022559858314765414
1981-06-16,2.8,0.07928703999999999,0.025267041312537264
1981-06-17,6.4,0.18122752,0.057753237285799466
1981-06-18,7.3,0.20671264,0.06587478627911501
1981-06-19,16.0,0.4530688,0.14438309321449866
1981-06-20,20.0,0.566336,0.1804788665181233
1981-06-21,12.0,0.3398016,0.108287319910874
1981-06-22,7.4,0.20954432,0.06677718061170564
1981-06-23,5.8,0.16423743999999998,0.05233887129025576
1981-06-24,14.0,0.3964352,0.12633520656268632
1981-06-25,11.0,0.3114848,0.09926337658496784
1981-06-26,8.0,0.2265344,0.07219154660724933
1981-06-27,7.0,0.1982176,0.06316760328134316
1981-06-28,5.9,0.16706912000000002,0.05324126562284639
1981-06-29,5.0,0.141584,0.04511971662953083
1981-06-30,4.0,0.1132672,0.036095773303624665
1981-07-01,3.5,0.0991088,0.03158380164067158
1981-07-02,5.8,0.16423743999999998,0.05233887129025576
1981-07-03,12.0,0.3398016,0.108287319910874
1981-07-04,15.0,0.424752,0.1353591498885925
1981-07-05,15.0,0.424752,0.1353591498885925
1981-07-06,9.6,0.27184127999999996,0.08662985592869918
1981-07-07,7.3,0.20671264,0.06587478627911501
1981-07-08,9.7,0.27467295999999997,0.0875322502612898
1981-07-09,31.0,0.8778208,0.27974224310309115
1981-07-10,23.0,0.6512864,0.20755069649584185
1981-07-11,15.0,0.424752,0.1353591498885925
1981-07-12,11.0,0.3114848,0.09926337658496784
1981-07-13,12.0,0.3398016,0.108287319910874
1981-07-14,21.0,0.5946528,0.18950280984402948
1981-07-15,12.0,0.3398016,0.108287319910874
1981-07-16,8.6,0.24352448,0.07760591260279302
1981-07-17,7.0,0.1982176,0.06316760328134316
1981-07-18,7.0,0.1982176,0.06316760328134316
1981-07-19,16.0,0.4530688,0.14438309321449866
1981-07-20,21.0,0.5946528,0.18950280984402948
1981-07-21,17.0,0.48138559999999997,0.15340703654040483
1981-07-22,18.0,0.5097024,0.162430979866311
1981-07-23,35.0,0.991088,0.3158380164067158
1981-07-24,39.0,1.1043552,0.3519337897103405
1981-07-25,55.0,1.557424,0.4963168829248391
1981-07-26,54.0,1.5291071999999999,0.48729293959893294
1981-07-27,35.0,0.991088,0.3158380164067158
1981-07-28,24.0,0.6796032,0.216574639821748
1981-07-29,18.0,0.5097024,0.162430979866311
1981-07-30,95.0,2.690096,0.8572746159610858
1981-07-31,270.0,7.645536,2.4364646979946647
1981-08-01,278.0,7.8720704,2.5086562446019145
1981-08-02,202.0,5.7199936,1.8228365518330454
1981-08-03,145.0,4.105936,1.308471782256394
1981-08-04,107.0,3.0298976,0.9655619358719598
1981-08-05,86.0,2.4352448,0.7760591260279303
1981-08-06,77.0,2.1803936,0.6948436360947748
1981-08-07,70.0,1.982176,0.6316760328134317
1981-08-08,92.0,2.6051456,0.8302027859833674
1981-08-09,128.0,3.6245504,1.1550647457159893
1981-08-10,383.0,10.8453344,3.456170293822062
1981-08-11,321.0,9.0896928,2.8966858076158792
1981-08-12,244.0,6.9092991999999995,2.2018421715211045
1981-08-13,215.0,6.088112,1.9401478150698257
1981-08-14,224.0,6.3429632,2.021363305002981
1981-08-15,168.0,4.7572224,1.5160224787522358
1981-08-16,119.0,3.3696992,1.0738492557828339
1981-08-17,85.0,2.406928,0.7670351827020242
1981-08-18,63.0,1.7839584,0.5685084295320885
1981-08-19,50.0,1.41584,0.4511971662953083
1981-08-20,42.0,1.1893056,0.37900561968805896
1981-08-21,48.0,1.3592064,0.433149279643496
1981-08-22,50.0,1.41584,0.4511971662953083
1981-08-23,77.0,2.1803936,0.6948436360947748
1981-08-24,134.0,3.7944512,1.2092084056714263
1981-08-25,116.0,3.2847488,1.0467774258051152
1981-08-26,86.0,2.4352448,0.7760591260279303
1981-08-27,62.0,1.7556416,0.5594844862061823
1981-08-28,52.0,1.4724736,0.46924505294712066
1981-08-29,59.0,1.6706912,0.5324126562284638
1981-08-30,52.0,1.4724736,0.46924505294712066
1981-08-31,83.0,2.3502944,0.7489872960502119
1981-09-01,129.0,3.6528671999999998,1.1640886890418953
1981-09-02,102.0,2.8883136,0.920442219242429
1981-09-03,129.0,3.6528671999999998,1.1640886890418953
1981-09-04,197.0,5.5784096,1.7777168352035146
1981-09-05,257.0,7.2774176,2.319153434757885
1981-09-06,295.0,8.353456,2.662063281142319
1981-09-07,353.0,9.9958304,3.1854519940448767
1981-09-08,347.0,9.8259296,3.13130833408944
1981-09-09,322.0,9.1180096,2.905709750941786
1981-09-10,270.0,7.645536,2.4364646979946647
1981-09-11,211.0,5.9748448,1.904052041766201
1981-09-12,159.0,4.5023712,1.4348069888190804
1981-09-13,120.0,3.398016,1.08287319910874
1981-09-14,88.0,2.4918784,0.7941070126797427
1981-09-15,64.0,1.8122752,0.5775323728579946
1981-09-16,66.0,1.8689088,0.595580259509807
1981-09-17,76.0,2.1520768,0.6858196927688687
1981-09-18,66.0,1.8689088,0.595580259509807
1981-09-19,56.0,1.5857408,0.5053408262507453
1981-09-20,46.0,1.3025728,0.4151013929916837
1981-09-21,36.0,1.0194048,0.324861959732622
1981-09-22,29.0,0.8211872,0.2616943564512788
1981-09-23,24.0,0.6796032,0.216574639821748
1981-09-24,19.0,0.5380192,0.17145492319221717
1981-09-25,16.0,0.4530688,0.14438309321449866
1981-09-26,13.0,0.3681184,0.11731126323678016
1981-09-27,11.0,0.3114848,0.09926337658496784
1981-09-28,9.2,0.26051455999999995,0.08302027859833672
1981-09-29,7.5,0.212376,0.06767957494429624
1981-09-30,6.6,0.18689087999999998,0.05955802595098069
1981-10-01,5.8,0.16423743999999998,0.05233887129025576
1981-10-02,4.9,0.13875232,0.04421732229694022
1981-10-03,4.3,0.12176224,0.03880295630139651
1981-10-04,3.9,0.11043552,0.03519337897103405
1981-10-05,3.6,0.10194048,0.032486195973262195
1981-10-06,3.1,0.08778208,0.027974224310309114
1981-10-07,3.0,0.0849504,0.0270718299777185
1981-10-08,2.8,0.07928703999999999,0.025267041312537264
1981-10-09,2.8,0.07928703999999999,0.025267041312537264
1981-10-10,2.8,0.07928703999999999,0.025267041312537264
1981-10-11,2.8,0.07928703999999999,0.025267041312537264
1981-10-12,2.6,0.07362368,0.023462252647356033
1981-10-13,2.5,0.070792,0.022559858314765414
1981-10-14,2.4,0.06796031999999999,0.021657463982174795
1981-10-15,2.3,0.06512863999999999,0.02075506964958418
1981-10-16,2.2,0.062296960000000005,0.019852675316993567
1981-10-17,2.1,0.05946528,0.01895028098440295
1981-10-18,2.1,0.05946528,0.01895028098440295
1981-10-19,2.1,0.05946528,0.01895028098440295
1981-10-20,2.2,0.062296960000000005,0.019852675316993567
1981-10-21,2.1,0.05946528,0.01895028098440295
1981-10-22,2.1,0.05946528,0.01895028098440295
1981-10-23,2.2,0.062296960000000005,0.019852675316993567
1981-10-24,2.9,0.08211871999999999,0.02616943564512788
1981-10-25,3.2,0.09061376,0.028876618642899733
1981-10-26,3.9,0.11043552,0.03519337897103405
1981-10-27,5.1,0.14441568,0.04602211096212144
1981-10-28,4.4,0.12459392000000001,0.039705350633987134
1981-10-29,3.8,0.10760383999999999,0.03429098463844343
1981-10-30,3.3,0.09344543999999999,0.029779012975490345
1981-10-31,3.1,0.08778208,0.027974224310309114
1981-11-01,2.8,0.07928703999999999,0.025267041312537264
1981-11-02,2.8,0.07928703999999999,0.025267041312537264
1981-11-03,2.7,0.07645536,0.02436464697994665
1981-11-04,2.7,0.07645536,0.02436464697994665
1981-11-05,2.6,0.07362368,0.023462252647356033
1981-11-06,2.4,0.06796031999999999,0.021657463982174795
1981-11-07,2.4,0.06796031999999999,0.021657463982174795
1981-11-08,2.3,0.06512863999999999,0.02075506964958418
1981-11-09,2.3,0.06512863999999999,0.02075506964958418
1981-11-10,3.0,0.0849504,0.0270718299777185
1981-11-11,5.1,0.14441568,0.04602211096212144
1981-11-12,4.6,0.13025727999999998,0.04151013929916836
1981-11-13,4.3,0.12176224,0.03880295630139651
1981-11-14,4.0,0.1132672,0.036095773303624665
1981-11-15,3.6,0.10194048,0.032486195973262195
1981-11-16,3.4,0.09627712,0.030681407308080964
1981-11-17,3.6,0.10194048,0.032486195973262195
1981-11-18,5.0,0.141584,0.04511971662953083
1981-11-19,5.7,0.16140576,0.05143647695766515
1981-11-20,6.1,0.17273248,0.05504605428802761
1981-11-21,6.0,0.1699008,0.054143659955437
1981-11-22,5.9,0.16706912000000002,0.05324126562284639
1981-11-23,5.5,0.1557424,0.04963168829248392
1981-11-24,5.3,0.15007904,0.04782689962730268
1981-11-25,5.1,0.14441568,0.04602211096212144
1981-11-26,4.9,0.13875232,0.04421732229694022
1981-11-27,4.9,0.13875232,0.04421732229694022
1981-11-28,4.7,0.13308896,0.04241253363175898
1981-11-29,4.7,0.13308896,0.04241253363175898
1981-11-30,4.5,0.1274256,0.04060774496657775
1981-12-01,4.6,0.13025727999999998,0.04151013929916836
1981-12-02,6.4,0.18122752,0.057753237285799466
1981-12-03,9.2,0.26051455999999995,0.08302027859833672
1981-12-04,8.3,0.23502944,0.07489872960502118
1981-12-05,7.6,0.21520767999999998,0.06858196927688685
1981-12-06,7.4,0.20954432,0.06677718061170564
1981-12-07,7.0,0.1982176,0.06316760328134316
1981-12-08,6.4,0.18122752,0.057753237285799466
1981-12-09,5.8,0.16423743999999998,0.05233887129025576
1981-12-10,5.3,0.15007904,0.04782689962730268
1981-12-11,5.0,0.141584,0.04511971662953083
1981-12-12,5.0,0.141584,0.04511971662953083
1981-12-13,5.9,0.16706912000000002,0.05324126562284639
1981-12-14,8.5,0.24069279999999998,0.07670351827020241
1981-12-15,24.0,0.6796032,0.216574639821748
1981-12-16,30.0,0.849504,0.270718299777185
1981-12-17,29.0,0.8211872,0.2616943564512788
1981-12-18,31.0,0.8778208,0.27974224310309115
1981-12-19,28.0,0.7928704,0.25267041312537264
1981-12-20,25.0,0.70792,0.22559858314765416
1981-12-21,23.0,0.6512864,0.20755069649584185
1981-12-22,21.0,0.5946528,0.18950280984402948
1981-12-23,20.0,0.566336,0.1804788665181233
1981-12-24,19.0,0.5380192,0.17145492319221717
1981-12-25,18.0,0.5097024,0.162430979866311
1981-12-26,18.0,0.5097024,0.162430979866311
1981-12-27,17.0,0.48138559999999997,0.15340703654040483
1981-12-28,17.0,0.48138559999999997,0.15340703654040483
1981-12-29,17.0,0.48138559999999997,0.15340703654040483
1981-12-30,23.0,0.6512864,0.20755069649584185
1981-12-31,91.0,2.5768288,0.8211788426574611
1982-01-01,236.0,6.6827648,2.129650624913855
1982-01-02,267.0,7.5605856,2.4093928680169463
1982-01-03,268.0,7.5889024,2.4184168113428526
1982-01-04,257.0,7.2774176,2.319153434757885
1982-01-05,255.0,7.220784,2.3011055481060723
1982-01-06,224.0,6.3429632,2.021363305002981
1982-01-07,198.0,5.6067264,1.7867407785294211
1982-01-08,219.0,6.2013792,1.9762435883734504
1982-01-09,218.0,6.1730624,1.9672196450475443
1982-01-10,196.0,5.5500928,1.7686928918776086
1982-01-11,172.0,4.8704896,1.5521182520558605
1982-01-12,149.0,4.2192032,1.3445675555600187
1982-01-13,155.0,4.389104,1.3987112155154557
1982-01-14,237.0,6.7110816,2.1386745682397614
1982-01-15,276.0,7.8154368,2.490608357950102
1982-01-16,280.0,7.928704,2.5267041312537266
1982-01-17,265.0,7.503952,2.391344981365134
1982-01-18,240.0,6.796032,2.16574639821748
1982-01-19,216.0,6.1164287999999996,1.9491717583957318
1982-01-20,195.0,5.521776,1.7596689485517025
1982-01-21,173.0,4.8988064,1.5611421953817668
1982-01-22,154.0,4.3607872,1.3896872721895497
1982-01-23,138.0,3.9077184,1.245304178975051
1982-01-24,132.0,3.7378176,1.191160519019614
1982-01-25,120.0,3.398016,1.08287319910874
1982-01-26,106.0,3.0015808,0.9565379925460537
1982-01-27,92.0,2.6051456,0.8302027859833674
1982-01-28,80.0,2.265344,0.7219154660724932
1982-01-29,69.0,1.9538592,0.6226520894875255
1982-01-30,60.0,1.699008,0.54143659955437
1982-01-31,55.0,1.557424,0.4963168829248391
1982-02-01,69.0,1.9538592,0.6226520894875255
1982-02-02,72.0,2.0388096,0.649723919465244
1982-02-03,190.0,5.380192,1.7145492319221716
1982-02-04,447.0,12.6576096,4.033702666680057
1982-02-05,497.0,14.0734496,4.484899832975365
1982-02-06,490.0,13.875232,4.421732229694022
1982-02-07,425.0,12.03464,3.8351759135101204
1982-02-08,359.0,10.1657312,3.2395956540003135
1982-02-09,310.0,8.778208,2.7974224310309115
1982-02-10,308.0,8.7215744,2.7793745443790994
1982-02-11,299.0,8.4667232,2.6981590544459437
1982-02-12,290.0,8.211872,2.616943564512788
1982-02-13,378.0,10.7037504,3.411050577192531
1982-02-14,391.0,11.0718688,3.5283618404293113
1982-02-15,370.0,10.477216,3.3388590305852817
1982-02-16,404.0,11.4399872,3.6456731036660908
1982-02-17,558.0,15.8007744,5.035360375855641
1982-02-18,610.0,17.273248,5.504605428802761
1982-02-19,560.0,15.857408,5.053408262507453
1982-02-20,461.0,13.0540448,4.160037873242743
1982-02-21,379.0,10.7320672,3.420074520518437
1982-02-22,315.0,8.919792,2.842542147660442
1982-02-23,260.0,7.362368,2.346225264735603
1982-02-24,212.0,6.0031616,1.9130759850921073
1982-02-25,175.0,4.95544,1.5791900820335791
1982-02-26,145.0,4.105936,1.308471782256394
1982-02-27,125.0,3.5396,1.1279929157382709
1982-02-28,114.0,3.2281152,1.028729539153303
1982-03-01,102.0,2.8883136,0.920442219242429
1982-03-02,89.0,2.5201952,0.8031309560056488
1982-03-03,77.0,2.1803936,0.6948436360947748
1982-03-04,66.0,1.8689088,0.595580259509807
1982-03-05,85.0,2.406928,0.7670351827020242
1982-03-06,296.0,8.3817728,2.6710872244682253
1982-03-07,407.0,11.5249376,3.6727449336438096
1982-03-08,434.0,12.2894912,3.9163914034432765
1982-03-09,379.0,10.7320672,3.420074520518437
1982-03-10,321.0,9.0896928,2.8966858076158792
1982-03-11,269.0,7.6172192,2.427440754668759
1982-03-12,223.0,6.3146464,2.0123393616770753
1982-03-13,186.0,5.2669248,1.678453458618547
1982-03-14,155.0,4.389104,1.3987112155154557
1982-03-15,129.0,3.6528671999999998,1.1640886890418953
1982-03-16,109.0,3.0865312,0.9836098225237722
1982-03-17,91.0,2.5768288,0.8211788426574611
1982-03-18,76.0,2.1520768,0.6858196927688687
1982-03-19,63.0,1.7839584,0.5685084295320885
1982-03-20,53.0,1.5007904,0.4782689962730268
1982-03-21,44.0,1.2459392,0.39705350633987135
1982-03-22,38.0,1.0760384,0.34290984638443434
1982-03-23,60.0,1.699008,0.54143659955437
1982-03-24,144.0,4.0776192,1.299447838930488
1982-03-25,455.0,12.884144,4.105894213287305
1982-03-26,585.0,16.565328,5.279006845655108
1982-03-27,619.0,17.5280992,5.585820918735917
1982-03-28,560.0,15.857408,5.053408262507453
1982-03-29,473.0,13.3938464,4.268325193153617
1982-03-30,395.0,11.185136,3.5644576137329356
1982-03-31,330.0,9.344543999999999,2.9779012975490344
1982-04-01,274.0,7.7588032,2.4725604712982894
1982-04-02,222.0,6.2863296,2.003315418351169
1982-04-03,179.0,5.0687071999999995,1.6152858553372036
1982-04-04,146.0,4.1342528,1.3174957255823
1982-04-05,118.0,3.3413824,1.0648253124569276
1982-04-06,147.0,4.1625696,1.3265196689082066
1982-04-07,121.0,3.4263328,1.0918971424346462
1982-04-08,287.0,8.1269216,2.5898717345350697
1982-04-09,1060.0,30.015808,9.565379925460537
1982-04-10,1190.0,33.696992,10.738492557828339
1982-04-11,1260.0,35.679168,11.370168590641768
1982-04-12,1160.0,32.847488,10.467774258051152
1982-04-13,879.0,24.8904672,7.93204618347152
1982-04-14,651.0,18.4342368,5.874587105164914
1982-04-15,492.0,13.9318656,4.439780116345834
1982-04-16,374.0,10.5904832,3.374954803888906
1982-04-17,297.0,8.4100896,2.680111167794131
1982-04-18,266.0,7.5322688,2.40036892469104
1982-04-19,247.0,6.9942496,2.228914001498823
1982-04-20,209.0,5.9182112,1.8860041551143887
1982-04-21,168.0,4.7572224,1.5160224787522358
1982-04-22,134.0,3.7944512,1.2092084056714263
1982-04-23,102.0,2.8883136,0.920442219242429
1982-04-24,78.0,2.2087104,0.703867579420681
1982-04-25,65.0,1.840592,0.5865563161839008
1982-04-26,178.0,5.0403904,1.6062619120112975
1982-04-27,213.0,6.0314784,1.9220999284180136
1982-04-28,199.0,5.6350432,1.7957647218553272
1982-04-29,164.0,4.6439552,1.4799267054486112
1982-04-30,129.0,3.6528671999999998,1.1640886890418953
1982-05-01,101.0,2.8599968,0.9114182759165227
1982-05-02,81.0,2.2936608,0.7309394093983995
1982-05-03,65.0,1.840592,0.5865563161839008
1982-05-04,51.0,1.4441568,0.4602211096212145
1982-05-05,40.0,1.132672,0.3609577330362466
1982-05-06,31.0,0.8778208,0.27974224310309115
1982-05-07,24.0,0.6796032,0.216574639821748
1982-05-08,22.0,0.6229696,0.19852675316993568
1982-05-09,22.0,0.6229696,0.19852675316993568
1982-05-10,19.0,0.5380192,0.17145492319221717
1982-05-11,16.0,0.4530688,0.14438309321449866
1982-05-12,13.0,0.3681184,0.11731126323678016
1982-05-13,11.0,0.3114848,0.09926337658496784
1982-05-14,9.5,0.2690096,0.08572746159610858
1982-05-15,8.2,0.23219775999999998,0.07399633527243056
1982-05-16,7.2,0.20388096,0.06497239194652439
1982-05-17,6.6,0.18689087999999998,0.05955802595098069
1982-05-18,9.5,0.2690096,0.08572746159610858
1982-05-19,17.0,0.48138559999999997,0.15340703654040483
1982-05-20,17.0,0.48138559999999997,0.15340703654040483
1982-05-21,17.0,0.48138559999999997,0.15340703654040483
1982-05-22,16.0,0.4530688,0.14438309321449866
1982-05-23,17.0,0.48138559999999997,0.15340703654040483
1982-05-24,13.0,0.3681184,0.11731126323678016
1982-05-25,11.0,0.3114848,0.09926337658496784
1982-05-26,12.0,0.3398016,0.108287319910874
1982-05-27,28.0,0.7928704,0.25267041312537264
1982-05-28,24.0,0.6796032,0.216574639821748
1982-05-29,22.0,0.6229696,0.19852675316993568
1982-05-30,59.0,1.6706912,0.5324126562284638
1982-05-31,154.0,4.3607872,1.3896872721895497
1982-06-01,172.0,4.8704896,1.5521182520558605
1982-06-02,175.0,4.95544,1.5791900820335791
1982-06-03,148.0,4.1908864,1.3355436122341127
1982-06-04,112.0,3.1714816,1.0106816525014906
1982-06-05,85.0,2.406928,0.7670351827020242
1982-06-06,62.0,1.7556416,0.5594844862061823
1982-06-07,45.0,1.274256,0.4060774496657775
1982-06-08,31.0,0.8778208,0.27974224310309115
1982-06-09,23.0,0.6512864,0.20755069649584185
1982-06-10,17.0,0.48138559999999997,0.15340703654040483
1982-06-11,13.0,0.3681184,0.11731126323678016
1982-06-12,10.0,0.283168,0.09023943325906165
1982-06-13,8.4,0.23786112,0.0758011239376118
1982-06-14,6.9,0.19538592000000002,0.06226520894875255
1982-06-15,5.8,0.16423743999999998,0.05233887129025576
1982-06-16,5.1,0.14441568,0.04602211096212144
1982-06-17,158.0,4.4740544,1.4257830454931744
1982-06-18,1220.0,34.546496,11.009210857605522
1982-06-19,1620.0,45.873216,14.61878818796799
1982-06-20,1760.0,49.837568,15.882140253594851
1982-06-21,1380.0,39.077184,12.453041789750511
1982-06-22,1150.0,32.56432,10.377534824792091
1982-06-23,1080.0,30.582144,9.745858791978659
1982-06-24,1220.0,34.546496,11.009210857605522
1982-06-25,1020.0,28.883136,9.204422192424289
1982-06-26,894.0,25.3152192,8.067405333360114
1982-06-27,797.0,22.5684896,7.192082830747214
1982-06-28,791.0,22.3985888,7.137939170791777
1982-06-29,821.0,23.2480928,7.408657470568962
1982-06-30,766.0,21.6906688,6.912340587644124
1982-07-01,634.0,17.9528512,5.72118006862451
1982-07-02,488.0,13.818598399999999,4.403684343042209
1982-07-03,419.0,11.8647392,3.781032253554684
1982-07-04,592.0,16.7635456,5.342174448936451
1982-07-05,528.0,14.9512704,4.764642076078456
1982-07-06,439.0,12.4310752,3.961511120072807
1982-07-07,514.0,14.5548352,4.63830686951577
1982-07-08,567.0,16.0556256,5.116575865788796
1982-07-09,760.0,21.520768,6.858196927688686
1982-07-10,792.0,22.4269056,7.146963114117685
1982-07-11,689.0,19.5102752,6.217496951549348
1982-07-12,703.0,19.9067104,6.343832158112035
1982-07-13,705.0,19.963344,6.361880044763847
1982-07-14,598.0,16.9334464,5.3963181088918875
1982-07-15,512.0,14.4982016,4.620258982863957
1982-07-16,411.0,11.6382048,3.7088407069474347
1982-07-17,382.0,10.8170176,3.4471463504961557
1982-07-18,321.0,9.0896928,2.8966858076158792
1982-07-19,271.0,7.6738528,2.445488641320571
1982-07-20,299.0,8.4667232,2.6981590544459437
1982-07-21,288.0,8.1552384,2.598895677860976
1982-07-22,297.0,8.4100896,2.680111167794131
1982-07-23,281.0,7.9570208,2.5357280745796325
1982-07-24,395.0,11.185136,3.5644576137329356
1982-07-25,574.0,16.2538432,5.179743469070139
1982-07-26,579.0,16.3954272,5.224863185699671
1982-07-27,440.0,12.459392,3.970535063398713
1982-07-28,466.0,13.1956288,4.2051575898722735
1982-07-29,1080.0,30.582144,9.745858791978659
1982-07-30,1300.0,36.81184,11.731126323678016
1982-07-31,1330.0,37.661344,12.0018446234552
1982-08-01,1140.0,32.281152,10.287295391533029
1982-08-02,879.0,24.8904672,7.93204618347152
1982-08-03,652.0,18.4625536,5.88361104849082
1982-08-04,480.0,13.592064,4.33149279643496
1982-08-05,355.0,10.052464,3.2034998806966892
1982-08-06,269.0,7.6172192,2.427440754668759
1982-08-07,225.0,6.37128,2.0303872483288874
1982-08-08,206.0,5.8332608,1.8589323251366703
1982-08-09,169.0,4.7855392,1.5250464220781421
1982-08-10,135.0,3.822768,1.2182323489973323
1982-08-11,126.0,3.5679168,1.137016859064177
1982-08-12,212.0,6.0031616,1.9130759850921073
1982-08-13,227.0,6.4279136,2.0484351349807
1982-08-14,227.0,6.4279136,2.0484351349807
1982-08-15,210.0,5.946528,1.895028098440295
1982-08-16,233.0,6.5978144,2.1025787949361368
1982-08-17,206.0,5.8332608,1.8589323251366703
1982-08-18,170.0,4.813856,1.5340703654040484
1982-08-19,132.0,3.7378176,1.191160519019614
1982-08-20,103.0,2.9166304,0.9294661625683351
1982-08-21,100.0,2.83168,0.9023943325906166
1982-08-22,147.0,4.1625696,1.3265196689082066
1982-08-23,219.0,6.2013792,1.9762435883734504
1982-08-24,395.0,11.185136,3.5644576137329356
1982-08-25,461.0,13.0540448,4.160037873242743
1982-08-26,449.0,12.7142432,4.0517505533318685
1982-08-27,373.0,10.5621664,3.365930860563
1982-08-28,301.0,8.5233568,2.7162069410977563
1982-08-29,241.0,6.8243488,2.174770341543386
1982-08-30,207.0,5.8615775999999995,1.8679562684625763
1982-08-31,165.0,4.6722719999999995,1.4889506487745172
1982-09-01,121.0,3.4263328,1.0918971424346462
1982-09-02,87.0,2.4635616,0.7850830693538364
1982-09-03,62.0,1.7556416,0.5594844862061823
1982-09-04,46.0,1.3025728,0.4151013929916837
1982-09-05,41.0,1.1609888,0.3699816763621528
1982-09-06,38.0,1.0760384,0.34290984638443434
1982-09-07,31.0,0.8778208,0.27974224310309115
1982-09-08,26.0,0.7362368,0.23462252647356033
1982-09-09,27.0,0.7645535999999999,0.24364646979946647
1982-09-10,194.0,5.4934592,1.7506450052257962
1982-09-11,896.0,25.3718528,8.085453220011924
1982-09-12,1430.0,40.493024,12.904238956045818
1982-09-13,1260.0,35.679168,11.370168590641768
1982-09-14,842.0,23.8427456,7.598160280412992
1982-09-15,580.0,16.423744,5.233887129025576
1982-09-16,427.0,12.0912736,3.853223800161933
1982-09-17,322.0,9.1180096,2.905709750941786
1982-09-18,242.0,6.8526656,2.1837942848692924
1982-09-19,247.0,6.9942496,2.228914001498823
1982-09-20,295.0,8.353456,2.662063281142319
1982-09-21,394.0,11.1568192,3.5554336704070293
1982-09-22,475.0,13.45048,4.286373079805429
1982-09-23,424.0,12.0063232,3.8261519701842146
1982-09-24,323.0,9.1463264,2.914733694267692
1982-09-25,239.0,6.7677152,2.1567224548915735
1982-09-26,180.0,5.097024,1.62430979866311
1982-09-27,135.0,3.822768,1.2182323489973323
1982-09-28,101.0,2.8599968,0.9114182759165227
1982-09-29,74.0,2.0954432,0.6677718061170563
1982-09-30,54.0,1.5291071999999999,0.48729293959893294
1982-10-01,40.0,1.132672,0.3609577330362466
1982-10-02,31.0,0.8778208,0.27974224310309115
1982-10-03,24.0,0.6796032,0.216574639821748
1982-10-04,20.0,0.566336,0.1804788665181233
1982-10-05,19.0,0.5380192,0.17145492319221717
1982-10-06,151.0,4.2758367999999995,1.362615442211831
1982-10-07,290.0,8.211872,2.616943564512788
1982-10-08,280.0,7.928704,2.5267041312537266
1982-10-09,218.0,6.1730624,1.9672196450475443
1982-10-10,158.0,4.4740544,1.4257830454931744
1982-10-11,117.0,3.3130656,1.0558013691310215
1982-10-12,89.0,2.5201952,0.8031309560056488
1982-10-13,82.0,2.3219776,0.7399633527243056
1982-10-14,146.0,4.1342528,1.3174957255823
1982-10-15,177.0,5.0120736,1.5972379686853915
1982-10-16,150.0,4.24752,1.3535914988859248
1982-10-17,114.0,3.2281152,1.028729539153303
1982-10-18,85.0,2.406928,0.7670351827020242
1982-10-19,65.0,1.840592,0.5865563161839008
1982-10-20,51.0,1.4441568,0.4602211096212145
1982-10-21,40.0,1.132672,0.3609577330362466
1982-10-22,33.0,0.9344544,0.2977901297549035
1982-10-23,31.0,0.8778208,0.27974224310309115
1982-10-24,42.0,1.1893056,0.37900561968805896
1982-10-25,39.0,1.1043552,0.3519337897103405
1982-10-26,30.0,0.849504,0.270718299777185
1982-10-27,24.0,0.6796032,0.216574639821748
1982-10-28,19.0,0.5380192,0.17145492319221717
1982-10-29,16.0,0.4530688,0.14438309321449866
1982-10-30,13.0,0.3681184,0.11731126323678016
1982-10-31,11.0,0.3114848,0.09926337658496784
1982-11-01,9.9,0.28033632,0.08933703892647106
1982-11-02,8.7,0.24635615999999996,0.07850830693538363
1982-11-03,8.9,0.25201952,0.08031309560056488
1982-11-04,76.0,2.1520768,0.6858196927688687
1982-11-05,201.0,5.6916768,1.8138126085071393
1982-11-06,234.0,6.6261312,2.111602738262043
1982-11-07,212.0,6.0031616,1.9130759850921073
1982-11-08,171.0,4.8421728,1.5430943087299545
1982-11-09,137.0,3.8794016,1.2362802356491447
1982-11-10,110.0,3.114848,0.9926337658496782
1982-11-11,88.0,2.4918784,0.7941070126797427
1982-11-12,70.0,1.982176,0.6316760328134317
1982-11-13,58.0,1.6423744,0.5233887129025576
1982-11-14,49.0,1.3875232,0.44217322296940215
1982-11-15,42.0,1.1893056,0.37900561968805896
1982-11-16,35.0,0.991088,0.3158380164067158
1982-11-17,30.0,0.849504,0.270718299777185
1982-11-18,26.0,0.7362368,0.23462252647356033
1982-11-19,23.0,0.6512864,0.20755069649584185
1982-11-20,21.0,0.5946528,0.18950280984402948
1982-11-21,19.0,0.5380192,0.17145492319221717
1982-11-22,17.0,0.48138559999999997,0.15340703654040483
1982-11-23,16.0,0.4530688,0.14438309321449866
1982-11-24,14.0,0.3964352,0.12633520656268632
1982-11-25,13.0,0.3681184,0.11731126323678016
1982-11-26,12.0,0.3398016,0.108287319910874
1982-11-27,11.0,0.3114848,0.09926337658496784
1982-11-28,9.9,0.28033632,0.08933703892647106
1982-11-29,10.0,0.283168,0.09023943325906165
1982-11-30,12.0,0.3398016,0.108287319910874
1982-12-01,12.0,0.3398016,0.108287319910874
1982-12-02,12.0,0.3398016,0.108287319910874
1982-12-03,12.0,0.3398016,0.108287319910874
1982-12-04,11.0,0.3114848,0.09926337658496784
1982-12-05,13.0,0.3681184,0.11731126323678016
1982-12-06,26.0,0.7362368,0.23462252647356033
1982-12-07,32.0,0.9061376,0.2887661864289973
1982-12-08,35.0,0.991088,0.3158380164067158
1982-12-09,33.0,0.9344544,0.2977901297549035
1982-12-10,29.0,0.8211872,0.2616943564512788
1982-12-11,29.0,0.8211872,0.2616943564512788
1982-12-12,105.0,2.973264,0.9475140492201475
1982-12-13,126.0,3.5679168,1.137016859064177
1982-12-14,124.0,3.5112832,1.1189689724123646
1982-12-15,110.0,3.114848,0.9926337658496782
1982-12-16,145.0,4.105936,1.308471782256394
1982-12-17,159.0,4.5023712,1.4348069888190804
1982-12-18,150.0,4.24752,1.3535914988859248
1982-12-19,132.0,3.7378176,1.191160519019614
1982-12-20,115.0,3.2564319999999998,1.037753482479209
1982-12-21,99.0,2.8033632,0.8933703892647106
1982-12-22,84.0,2.3786112,0.7580112393761179
1982-12-23,71.0,2.0104928,0.6406999761393378
1982-12-24,61.0,1.7273247999999999,0.5504605428802761
1982-12-25,53.0,1.5007904,0.4782689962730268
1982-12-26,46.0,1.3025728,0.4151013929916837
1982-12-27,40.0,1.132672,0.3609577330362466
1982-12-28,36.0,1.0194048,0.324861959732622
1982-12-29,57.0,1.6140576,0.5143647695766514
1982-12-30,181.0,5.1253408,1.6333337419890162
1982-12-31,319.0,9.0330592,2.878637920964067
1983-01-01,391.0,11.0718688,3.5283618404293113
1983-01-02,461.0,13.0540448,4.160037873242743
1983-01-03,511.0,14.469884799999999,4.611235039538051
1983-01-04,482.0,13.6486976,4.349540683086772
1983-01-05,421.0,11.9213728,3.799080140206496
1983-01-06,356.0,10.0807808,3.212523824022595
1983-01-07,298.0,8.4384064,2.6891351111200374
1983-01-08,249.0,7.0508831999999995,2.2469618881506355
1983-01-09,208.0,5.8898944,1.8769802117884826
1983-01-10,175.0,4.95544,1.5791900820335791
1983-01-11,149.0,4.2192032,1.3445675555600187
1983-01-12,125.0,3.5396,1.1279929157382709
1983-01-13,102.0,2.8883136,0.920442219242429
1983-01-14,84.0,2.3786112,0.7580112393761179
1983-01-15,72.0,2.0388096,0.649723919465244
1983-01-16,61.0,1.7273247999999999,0.5504605428802761
1983-01-17,52.0,1.4724736,0.46924505294712066
1983-01-18,45.0,1.274256,0.4060774496657775
1983-01-19,39.0,1.1043552,0.3519337897103405
1983-01-20,39.0,1.1043552,0.3519337897103405
1983-01-21,203.0,5.7483104,1.8318604951589519
1983-01-22,395.0,11.185136,3.5644576137329356
1983-01-23,511.0,14.469884799999999,4.611235039538051
1983-01-24,503.0,14.2433504,4.5390434929308014
1983-01-25,436.0,12.3461248,3.9344392900950886
1983-01-26,369.0,10.4488992,3.3298350872593754
1983-01-27,364.0,10.3073152,3.2847153706298444
1983-01-28,387.0,10.9586016,3.492266067125686
1983-01-29,358.0,10.137414399999999,3.230571710674407
1983-01-30,322.0,9.1180096,2.905709750941786
1983-01-31,283.0,8.0136544,2.553775961231445
1983-02-01,249.0,7.0508831999999995,2.2469618881506355
1983-02-02,391.0,11.0718688,3.5283618404293113
1983-02-03,452.0,12.7991936,4.078822383309587
1983-02-04,435.0,12.317808,3.9254153467691824
1983-02-05,380.0,10.760384,3.429098463844343
1983-02-06,408.0,11.5532544,3.681768876969716
1983-02-07,480.0,13.592064,4.33149279643496
1983-02-08,470.0,13.308895999999999,4.241253363175898
1983-02-09,413.0,11.6948384,3.726888593599247
1983-02-10,351.0,9.9391968,3.167404107393064
1983-02-11,301.0,8.5233568,2.7162069410977563
1983-02-12,266.0,7.5322688,2.40036892469104
1983-02-13,370.0,10.477216,3.3388590305852817
1983-02-14,550.0,15.57424,4.963168829248391
1983-02-15,600.0,16.99008,5.414365995543699
1983-02-16,570.0,16.140576,5.143647695766514
1983-02-17,524.0,14.8380032,4.728546302774831
1983-02-18,463.0,13.1106784,4.178085759894555
1983-02-19,415.0,11.751472,3.744936480251059
1983-02-20,359.0,10.1657312,3.2395956540003135
1983-02-21,306.0,8.6649408,2.761326657727287
1983-02-22,276.0,7.8154368,2.490608357950102
1983-02-23,247.0,6.9942496,2.228914001498823
1983-02-24,202.0,5.7199936,1.8228365518330454
1983-02-25,176.0,4.9837568,1.5882140253594854
1983-02-26,156.0,4.4174208,1.407735158841362
1983-02-27,144.0,4.0776192,1.299447838930488
1983-02-28,266.0,7.5322688,2.40036892469104
1983-03-01,316.0,8.9481088,2.8515660909863487
1983-03-02,286.0,8.0986048,2.580847791209164
1983-03-03,228.0,6.4562304,2.057459078306606
1983-03-04,202.0,5.7199936,1.8228365518330454
1983-03-05,176.0,4.9837568,1.5882140253594854
1983-03-06,316.0,8.9481088,2.8515660909863487
1983-03-07,600.0,16.99008,5.414365995543699
1983-03-08,809.0,22.9082912,7.300370150658089
1983-03-09,868.0,24.5789824,7.832782806886553
1983-03-10,841.0,23.814428799999998,7.589136337087085
1983-03-11,756.0,21.4075008,6.822101154385062
1983-03-12,631.0,17.8679008,5.694108238646791
1983-03-13,550.0,15.57424,4.963168829248391
1983-03-14,451.0,12.7708768,4.069798439983681
1983-03-15,404.0,11.4399872,3.6456731036660908
1983-03-16,370.0,10.477216,3.3388590305852817
1983-03-17,451.0,12.7708768,4.069798439983681
1983-03-18,550.0,15.57424,4.963168829248391
1983-03-19,580.0,16.423744,5.233887129025576
1983-03-20,600.0,16.99008,5.414365995543699
1983-03-21,524.0,14.8380032,4.728546302774831
1983-03-22,570.0,16.140576,5.143647695766514
1983-03-23,620.0,17.556416,5.594844862061823
1983-03-24,641.0,18.1510688,5.784347671905853
1983-03-25,550.0,15.57424,4.963168829248391
1983-03-26,475.0,13.45048,4.286373079805429
1983-03-27,499.0,14.1300832,4.502947719627177
1983-03-28,524.0,14.8380032,4.728546302774831
1983-03-29,560.0,15.857408,5.053408262507453
1983-03-30,610.0,17.273248,5.504605428802761
1983-03-31,550.0,15.57424,4.963168829248391
1983-04-01,499.0,14.1300832,4.502947719627177
1983-04-02,427.0,12.0912736,3.853223800161933
1983-04-03,359.0,10.1657312,3.2395956540003135
1983-04-04,306.0,8.6649408,2.761326657727287
1983-04-05,266.0,7.5322688,2.40036892469104
1983-04-06,219.0,6.2013792,1.9762435883734504
1983-04-07,550.0,15.57424,4.963168829248391
1983-04-08,798.0,22.5968064,7.2011067740731205
1983-04-09,929.0,26.3063072,8.383243349766829
1983-04-10,1020.0,28.883136,9.204422192424289
1983-04-11,896.0,25.3718528,8.085453220011924
1983-04-12,777.0,22.0021536,7.011603964229091
1983-04-13,661.0,18.7174048,5.964826538423976
1983-04-14,560.0,15.857408,5.053408262507453
1983-04-15,469.0,13.2805792,4.232229419849992
1983-04-16,404.0,11.4399872,3.6456731036660908
1983-04-17,451.0,12.7708768,4.069798439983681
1983-04-18,427.0,12.0912736,3.853223800161933
1983-04-19,370.0,10.477216,3.3388590305852817
1983-04-20,338.0,9.5710784,3.0500928441562842
1983-04-21,316.0,8.9481088,2.8515660909863487
1983-04-22,306.0,8.6649408,2.761326657727287
1983-04-23,451.0,12.7708768,4.069798439983681
1983-04-24,600.0,16.99008,5.414365995543699
1983-04-25,524.0,14.8380032,4.728546302774831
1983-04-26,451.0,12.7708768,4.069798439983681
1983-04-27,392.0,11.1001856,3.537385783755217
1983-04-28,338.0,9.5710784,3.0500928441562842
1983-04-29,288.0,8.1552384,2.598895677860976
1983-04-30,223.0,6.3146464,2.0123393616770753
1983-05-01,172.0,4.8704896,1.5521182520558605
1983-05-02,132.0,3.7378176,1.191160519019614
1983-05-03,102.0,2.8883136,0.920442219242429
1983-05-04,89.0,2.5201952,0.8031309560056488
1983-05-05,77.0,2.1803936,0.6948436360947748
1983-05-06,63.0,1.7839584,0.5685084295320885
1983-05-07,50.0,1.41584,0.4511971662953083
1983-05-08,40.0,1.132672,0.3609577330362466
1983-05-09,33.0,0.9344544,0.2977901297549035
1983-05-10,27.0,0.7645535999999999,0.24364646979946647
1983-05-11,23.0,0.6512864,0.20755069649584185
1983-05-12,20.0,0.566336,0.1804788665181233
1983-05-13,17.0,0.48138559999999997,0.15340703654040483
1983-05-14,15.0,0.424752,0.1353591498885925
1983-05-15,13.0,0.3681184,0.11731126323678016
1983-05-16,23.0,0.6512864,0.20755069649584185
1983-05-17,75.0,2.12376,0.6767957494429624
1983-05-18,67.0,1.8972256,0.6046042028357131
1983-05-19,55.0,1.557424,0.4963168829248391
1983-05-20,44.0,1.2459392,0.39705350633987135
1983-05-21,36.0,1.0194048,0.324861959732622
1983-05-22,29.0,0.8211872,0.2616943564512788
1983-05-23,30.0,0.849504,0.270718299777185
1983-05-24,40.0,1.132672,0.3609577330362466
1983-05-25,28.0,0.7928704,0.25267041312537264
1983-05-26,20.0,0.566336,0.1804788665181233
1983-05-27,16.0,0.4530688,0.14438309321449866
1983-05-28,13.0,0.3681184,0.11731126323678016
1983-05-29,12.0,0.3398016,0.108287319910874
1983-05-30,12.0,0.3398016,0.108287319910874
1983-05-31,12.0,0.3398016,0.108287319910874
1983-06-01,14.0,0.3964352,0.12633520656268632
1983-06-02,10.0,0.283168,0.09023943325906165
1983-06-03,8.3,0.23502944,0.07489872960502118
1983-06-04,7.4,0.20954432,0.06677718061170564
1983-06-05,7.4,0.20954432,0.06677718061170564
1983-06-06,7.6,0.21520767999999998,0.06858196927688685
1983-06-07,49.0,1.3875232,0.44217322296940215
1983-06-08,152.0,4.3041536,1.3716393855377373
1983-06-09,120.0,3.398016,1.08287319910874
1983-06-10,98.0,2.7750464,0.8843464459388043
1983-06-11,77.0,2.1803936,0.6948436360947748
1983-06-12,59.0,1.6706912,0.5324126562284638
1983-06-13,46.0,1.3025728,0.4151013929916837
1983-06-14,37.0,1.0477216,0.33388590305852817
1983-06-15,28.0,0.7928704,0.25267041312537264
1983-06-16,21.0,0.5946528,0.18950280984402948
1983-06-17,16.0,0.4530688,0.14438309321449866
1983-06-18,13.0,0.3681184,0.11731126323678016
1983-06-19,11.0,0.3114848,0.09926337658496784
1983-06-20,9.0,0.2548512,0.0812154899331555
1983-06-21,99.0,2.8033632,0.8933703892647106
1983-06-22,524.0,14.8380032,4.728546302774831
1983-06-23,642.0,18.1793856,5.7933716152317585
1983-06-24,791.0,22.3985888,7.137939170791777
1983-06-25,707.0,20.0199776,6.37992793141566
1983-06-26,658.0,18.6324544,5.937754708446257
1983-06-27,626.0,17.7263168,5.64898852201726
1983-06-28,616.0,17.4431488,5.558749088758199
1983-06-29,633.0,17.9245344,5.712156125298603
1983-06-30,767.0,21.7189856,6.921364530970029
1983-07-01,816.0,23.1065088,7.363537753939432
1983-07-02,736.0,20.8411648,6.641622287866939
1983-07-03,636.0,18.0094848,5.739227955276322
1983-07-04,490.0,13.875232,4.421732229694022
1983-07-05,376.0,10.6471168,3.3930026905407185
1983-07-06,382.0,10.8170176,3.4471463504961557
1983-07-07,373.0,10.5621664,3.365930860563
1983-07-08,490.0,13.875232,4.421732229694022
1983-07-09,534.0,15.1211712,4.818785736033893
1983-07-10,379.0,10.7320672,3.420074520518437
1983-07-11,266.0,7.5322688,2.40036892469104
1983-07-12,184.0,5.2102912,1.6604055719667348
1983-07-13,126.0,3.5679168,1.137016859064177
1983-07-14,88.0,2.4918784,0.7941070126797427
1983-07-15,64.0,1.8122752,0.5775323728579946
1983-07-16,51.0,1.4441568,0.4602211096212145
1983-07-17,37.0,1.0477216,0.33388590305852817
1983-07-18,28.0,0.7928704,0.25267041312537264
1983-07-19,21.0,0.5946528,0.18950280984402948
1983-07-20,16.0,0.4530688,0.14438309321449866
1983-07-21,13.0,0.3681184,0.11731126323678016
1983-07-22,11.0,0.3114848,0.09926337658496784
1983-07-23,9.0,0.2548512,0.0812154899331555
1983-07-24,9.9,0.28033632,0.08933703892647106
1983-07-25,8.6,0.24352448,0.07760591260279302
1983-07-26,8.0,0.2265344,0.07219154660724933
1983-07-27,8.2,0.23219775999999998,0.07399633527243056
1983-07-28,6.8,0.19255424,0.06136281461616193
1983-07-29,8.7,0.24635615999999996,0.07850830693538363
1983-07-30,10.0,0.283168,0.09023943325906165
1983-07-31,9.6,0.27184127999999996,0.08662985592869918
1983-08-01,9.4,0.26617792,0.08482506726351796
1983-08-02,9.4,0.26617792,0.08482506726351796
1983-08-03,7.9,0.22370272,0.07128915227465871
1983-08-04,7.0,0.1982176,0.06316760328134316
1983-08-05,17.0,0.48138559999999997,0.15340703654040483
1983-08-06,25.0,0.70792,0.22559858314765416
1983-08-07,30.0,0.849504,0.270718299777185
1983-08-08,51.0,1.4441568,0.4602211096212145
1983-08-09,60.0,1.699008,0.54143659955437
1983-08-10,55.0,1.557424,0.4963168829248391
1983-08-11,50.0,1.41584,0.4511971662953083
1983-08-12,45.0,1.274256,0.4060774496657775
1983-08-13,46.0,1.3025728,0.4151013929916837
1983-08-14,80.0,2.265344,0.7219154660724932
1983-08-15,177.0,5.0120736,1.5972379686853915
1983-08-16,222.0,6.2863296,2.003315418351169
1983-08-17,181.0,5.1253408,1.6333337419890162
1983-08-18,129.0,3.6528671999999998,1.1640886890418953
1983-08-19,89.0,2.5201952,0.8031309560056488
1983-08-20,61.0,1.7273247999999999,0.5504605428802761
1983-08-21,40.0,1.132672,0.3609577330362466
1983-08-22,26.0,0.7362368,0.23462252647356033
1983-08-23,18.0,0.5097024,0.162430979866311
1983-08-24,12.0,0.3398016,0.108287319910874
1983-08-25,8.1,0.22936608,0.07309394093983995
1983-08-26,13.0,0.3681184,0.11731126323678016
1983-08-27,47.0,1.3308896,0.4241253363175898
1983-08-28,82.0,2.3219776,0.7399633527243056
1983-08-29,66.0,1.8689088,0.595580259509807
1983-08-30,52.0,1.4724736,0.46924505294712066
1983-08-31,40.0,1.132672,0.3609577330362466
1983-09-01,56.0,1.5857408,0.5053408262507453
1983-09-02,148.0,4.1908864,1.3355436122341127
1983-09-03,116.0,3.2847488,1.0467774258051152
1983-09-04,86.0,2.4352448,0.7760591260279303
1983-09-05,112.0,3.1714816,1.0106816525014906
1983-09-06,139.0,3.9360352,1.2543281223009572
1983-09-07,127.0,3.5962336,1.1460408023900832
1983-09-08,97.0,2.7467296,0.8753225026128981
1983-09-09,69.0,1.9538592,0.6226520894875255
1983-09-10,48.0,1.3592064,0.433149279643496
1983-09-11,33.0,0.9344544,0.2977901297549035
1983-09-12,26.0,0.7362368,0.23462252647356033
1983-09-13,196.0,5.5500928,1.7686928918776086
1983-09-14,278.0,7.8720704,2.5086562446019145
1983-09-15,233.0,6.5978144,2.1025787949361368
1983-09-16,190.0,5.380192,1.7145492319221716
1983-09-17,152.0,4.3041536,1.3716393855377373
1983-09-18,119.0,3.3696992,1.0738492557828339
1983-09-19,95.0,2.690096,0.8572746159610858
1983-09-20,85.0,2.406928,0.7670351827020242
1983-09-21,81.0,2.2936608,0.7309394093983995
1983-09-22,93.0,2.6334624,0.8392267293092734
1983-09-23,80.0,2.265344,0.7219154660724932
1983-09-24,60.0,1.699008,0.54143659955437
1983-09-25,43.0,1.2176224,0.38802956301396513
1983-09-26,29.0,0.8211872,0.2616943564512788
1983-09-27,21.0,0.5946528,0.18950280984402948
1983-09-28,16.0,0.4530688,0.14438309321449866
1983-09-29,12.0,0.3398016,0.108287319910874
1983-09-30,8.9,0.25201952,0.08031309560056488
1983-10-01,6.8,0.19255424,0.06136281461616193
1983-10-02,5.4,0.15291072,0.0487292939598933
1983-10-03,4.4,0.12459392000000001,0.039705350633987134
1983-10-04,3.8,0.10760383999999999,0.03429098463844343
1983-10-05,3.4,0.09627712,0.030681407308080964
1983-10-06,4.0,0.1132672,0.036095773303624665
1983-10-07,3.8,0.10760383999999999,0.03429098463844343
1983-10-08,3.5,0.0991088,0.03158380164067158
1983-10-09,3.1,0.08778208,0.027974224310309114
1983-10-10,10.0,0.283168,0.09023943325906165
1983-10-11,6.9,0.19538592000000002,0.06226520894875255
1983-10-12,6.3,0.17839584,0.05685084295320885
1983-10-13,9.6,0.27184127999999996,0.08662985592869918
1983-10-14,14.0,0.3964352,0.12633520656268632
1983-10-15,16.0,0.4530688,0.14438309321449866
1983-10-16,13.0,0.3681184,0.11731126323678016
1983-10-17,12.0,0.3398016,0.108287319910874
1983-10-18,11.0,0.3114848,0.09926337658496784
1983-10-19,9.1,0.25768288,0.08211788426574612
1983-10-20,7.5,0.212376,0.06767957494429624
1983-10-21,6.4,0.18122752,0.057753237285799466
1983-10-22,5.6,0.15857407999999998,0.05053408262507453
1983-10-23,5.1,0.14441568,0.04602211096212144
1983-10-24,5.8,0.16423743999999998,0.05233887129025576
1983-10-25,6.1,0.17273248,0.05504605428802761
1983-10-26,5.4,0.15291072,0.0487292939598933
1983-10-27,4.6,0.13025727999999998,0.04151013929916836
1983-10-28,3.9,0.11043552,0.03519337897103405
1983-10-29,3.3,0.09344543999999999,0.029779012975490345
1983-10-30,2.8,0.07928703999999999,0.025267041312537264
1983-10-31,2.5,0.070792,0.022559858314765414
1983-11-01,2.3,0.06512863999999999,0.02075506964958418
1983-11-02,2.1,0.05946528,0.01895028098440295
1983-11-03,1.9,0.053801919999999996,0.017145492319221713
1983-11-04,1.7,0.04813856,0.015340703654040482
1983-11-05,1.9,0.053801919999999996,0.017145492319221713
1983-11-06,1.7,0.04813856,0.015340703654040482
1983-11-07,1.8,0.05097024,0.016243097986631098
1983-11-08,1.9,0.053801919999999996,0.017145492319221713
1983-11-09,2.0,0.0566336,0.018047886651812332
1983-11-10,2.0,0.0566336,0.018047886651812332
1983-11-11,1.9,0.053801919999999996,0.017145492319221713
1983-11-12,1.8,0.05097024,0.016243097986631098
1983-11-13,1.7,0.04813856,0.015340703654040482
1983-11-14,1.7,0.04813856,0.015340703654040482
1983-11-15,1.7,0.04813856,0.015340703654040482
1983-11-16,1.6,0.04530688,0.014438309321449867
1983-11-17,1.5,0.0424752,0.01353591498885925
1983-11-18,1.4,0.039643519999999995,0.012633520656268632
1983-11-19,1.4,0.039643519999999995,0.012633520656268632
1983-11-20,20.0,0.566336,0.1804788665181233
1983-11-21,71.0,2.0104928,0.6406999761393378
1983-11-22,68.0,1.9255423999999999,0.6136281461616193
1983-11-23,75.0,2.12376,0.6767957494429624
1983-11-24,136.0,3.8510847999999998,1.2272562923232386
1983-11-25,357.0,10.1090976,3.2215477673485013
1983-11-26,420.0,11.893056,3.79005619688059
1983-11-27,409.0,11.581571199999999,3.6907928202956217
1983-11-28,434.0,12.2894912,3.9163914034432765
1983-11-29,497.0,14.0734496,4.484899832975365
1983-11-30,464.0,13.1389952,4.187109703220461
1983-12-01,401.0,11.3550368,3.618601273688373
1983-12-02,336.0,9.5144448,3.0320449575044717
1983-12-03,282.0,7.9853376,2.544752017905539
1983-12-04,247.0,6.9942496,2.228914001498823
1983-12-05,222.0,6.2863296,2.003315418351169
1983-12-06,215.0,6.088112,1.9401478150698257
1983-12-07,234.0,6.6261312,2.111602738262043
1983-12-08,203.0,5.7483104,1.8318604951589519
1983-12-09,177.0,5.0120736,1.5972379686853915
1983-12-10,150.0,4.24752,1.3535914988859248
1983-12-11,165.0,4.6722719999999995,1.4889506487745172
1983-12-12,420.0,11.893056,3.79005619688059
1983-12-13,517.0,14.6397856,4.665378699493488
1983-12-14,581.0,16.452060799999998,5.2429110723514825
1983-12-15,596.0,16.8768128,5.378270222240075
1983-12-16,496.0,14.0451328,4.475875889649458
1983-12-17,413.0,11.6948384,3.726888593599247
1983-12-18,381.0,10.788700799999999,3.438122407170249
1983-12-19,344.0,9.7409792,3.104236504111721
1983-12-20,298.0,8.4384064,2.6891351111200374
1983-12-21,252.0,7.1358336,2.274033718128354
1983-12-22,212.0,6.0031616,1.9130759850921073
1983-12-23,181.0,5.1253408,1.6333337419890162
1983-12-24,153.0,4.3324704,1.3806633288636434
1983-12-25,126.0,3.5679168,1.137016859064177
1983-12-26,103.0,2.9166304,0.9294661625683351
1983-12-27,86.0,2.4352448,0.7760591260279303
1983-12-28,281.0,7.9570208,2.5357280745796325
1983-12-29,684.0,19.3686912,6.172377234919818
1983-12-30,761.0,21.5490848,6.8672208710145926
1983-12-31,677.0,19.1704736,6.109209631638475
1984-01-01,579.0,16.3954272,5.224863185699671
1984-01-02,477.0,13.5071136,4.304420966457242
1984-01-03,391.0,11.0718688,3.5283618404293113
1984-01-04,323.0,9.1463264,2.914733694267692
1984-01-05,269.0,7.6172192,2.427440754668759
1984-01-06,231.0,6.5411808,2.0845309082843246
1984-01-07,210.0,5.946528,1.895028098440295
1984-01-08,184.0,5.2102912,1.6604055719667348
1984-01-09,160.0,4.530688,1.4438309321449865
1984-01-10,137.0,3.8794016,1.2362802356491447
1984-01-11,122.0,3.4546495999999998,1.1009210857605523
1984-01-12,106.0,3.0015808,0.9565379925460537
1984-01-13,99.0,2.8033632,0.8933703892647106
1984-01-14,88.0,2.4918784,0.7941070126797427
1984-01-15,78.0,2.2087104,0.703867579420681
1984-01-16,70.0,1.982176,0.6316760328134317
1984-01-17,65.0,1.840592,0.5865563161839008
1984-01-18,65.0,1.840592,0.5865563161839008
1984-01-19,115.0,3.2564319999999998,1.037753482479209
1984-01-20,136.0,3.8510847999999998,1.2272562923232386
1984-01-21,135.0,3.822768,1.2182323489973323
1984-01-22,123.0,3.4829664,1.1099450290864585
1984-01-23,110.0,3.114848,0.9926337658496782
1984-01-24,117.0,3.3130656,1.0558013691310215
1984-01-25,133.0,3.7661344,1.20018446234552
1984-01-26,165.0,4.6722719999999995,1.4889506487745172
1984-01-27,458.0,12.9690944,4.132966043265024
1984-01-28,665.0,18.830672,6.0009223117276
1984-01-29,713.0,20.1898784,6.434071591371097
1984-01-30,633.0,17.9245344,5.712156125298603
1984-01-31,528.0,14.9512704,4.764642076078456
1984-02-01,424.0,12.0063232,3.8261519701842146
1984-02-02,344.0,9.7409792,3.104236504111721
1984-02-03,285.0,8.070288,2.571823847883257
1984-02-04,481.0,13.6203808,4.340516739760866
1984-02-05,584.0,16.5370112,5.2699829023292
1984-02-06,571.0,16.1688928,5.1526716390924205
1984-02-07,498.0,14.101766399999999,4.493923776301271
1984-02-08,415.0,11.751472,3.744936480251059
1984-02-09,348.0,9.8542464,3.1403322774153457
1984-02-10,292.0,8.2685056,2.6349914511646
1984-02-11,245.0,6.937616,2.210866114847011
1984-02-12,208.0,5.8898944,1.8769802117884826
1984-02-13,297.0,8.4100896,2.680111167794131
1984-02-14,478.0,13.5354304,4.313444909783147
1984-02-15,486.0,13.7619648,4.3856364563903965
1984-02-16,426.0,12.0629568,3.844199856836027
1984-02-17,354.0,10.0241472,3.194475937370783
1984-02-18,294.0,8.3251392,2.653039337816413
1984-02-19,245.0,6.937616,2.210866114847011
1984-02-20,205.0,5.804944,1.849908381810764
1984-02-21,176.0,4.9837568,1.5882140253594854
1984-02-22,177.0,5.0120736,1.5972379686853915
1984-02-23,180.0,5.097024,1.62430979866311
1984-02-24,164.0,4.6439552,1.4799267054486112
1984-02-25,141.0,3.9926688,1.2723760089527696
1984-02-26,119.0,3.3696992,1.0738492557828339
1984-02-27,413.0,11.6948384,3.726888593599247
1984-02-28,878.0,24.8621504,7.923022240145614
1984-02-29,921.0,26.0797728,8.311051803159579
1984-03-01,804.0,22.7667072,7.255250434028557
1984-03-02,647.0,18.3209696,5.83849133186129
1984-03-03,513.0,14.5265184,4.629282926189863
1984-03-04,401.0,11.3550368,3.618601273688373
1984-03-05,321.0,9.0896928,2.8966858076158792
1984-03-06,432.0,12.232857599999999,3.8983435167914635
1984-03-07,786.0,22.2570048,7.092819454162247
1984-03-08,988.0,27.9769984,8.915656005995292
1984-03-09,936.0,26.5045248,8.446410953048172
1984-03-10,718.0,20.3314624,6.479191308000627
1984-03-11,555.0,15.715824,5.008288545877922
1984-03-12,430.0,12.176224,3.8802956301396514
1984-03-13,344.0,9.7409792,3.104236504111721
1984-03-14,280.0,7.928704,2.5267041312537266
1984-03-15,228.0,6.4562304,2.057459078306606
1984-03-16,183.0,5.1819744,1.6513816286408283
1984-03-17,147.0,4.1625696,1.3265196689082066
1984-03-18,118.0,3.3413824,1.0648253124569276
1984-03-19,93.0,2.6334624,0.8392267293092734
1984-03-20,79.0,2.2370272,0.7128915227465872
1984-03-21,182.0,5.1536576,1.6423576853149222
1984-03-22,251.0,7.1075168,2.2650097748024476
1984-03-23,259.0,7.3340512,2.337201321409697
1984-03-24,237.0,6.7110816,2.1386745682397614
1984-03-25,217.0,6.1447456,1.9581957017216383
1984-03-26,208.0,5.8898944,1.8769802117884826
1984-03-27,360.0,10.194048,3.24861959732622
1984-03-28,676.0,19.1421568,6.1001856883125685
1984-03-29,753.0,21.3225504,6.795029324407343
1984-03-30,640.0,18.122752,5.775323728579946
1984-03-31,498.0,14.101766399999999,4.493923776301271
1984-04-01,377.0,10.6754336,3.4020266338666247
1984-04-02,289.0,8.1835552,2.6079196211868823
1984-04-03,418.0,11.8364224,3.7720083102287774
1984-04-04,2400.0,67.96032,21.657463982174797
1984-04-05,3470.0,98.25929599999999,31.313083340894394
1984-04-06,2990.0,84.667232,26.981590544459436
1984-04-07,2040.0,57.766272,18.408844384848578
1984-04-08,1160.0,32.847488,10.467774258051152
1984-04-09,1290.0,36.528672,11.640886890418955
1984-04-10,2360.0,66.827648,21.296506249138552
1984-04-11,2410.0,68.243488,21.74770341543386
1984-04-12,1690.0,47.855392,15.250464220781422
1984-04-13,1050.0,29.73264,9.475140492201474
1984-04-14,694.0,19.6518592,6.26261666817888
1984-04-15,520.0,14.724736,4.692450529471206
1984-04-16,394.0,11.1568192,3.5554336704070293
1984-04-17,299.0,8.4667232,2.6981590544459437
1984-04-18,232.0,6.5694976,2.0935548516102305
1984-04-19,180.0,5.097024,1.62430979866311
1984-04-20,141.0,3.9926688,1.2723760089527696
1984-04-21,111.0,3.1431648,1.0016577091755845
1984-04-22,88.0,2.4918784,0.7941070126797427
1984-04-23,82.0,2.3219776,0.7399633527243056
1984-04-24,74.0,2.0954432,0.6677718061170563
1984-04-25,61.0,1.7273247999999999,0.5504605428802761
1984-04-26,50.0,1.41584,0.4511971662953083
1984-04-27,42.0,1.1893056,0.37900561968805896
1984-04-28,35.0,0.991088,0.3158380164067158
1984-04-29,29.0,0.8211872,0.2616943564512788
1984-04-30,25.0,0.70792,0.22559858314765416
1984-05-01,22.0,0.6229696,0.19852675316993568
1984-05-02,19.0,0.5380192,0.17145492319221717
1984-05-03,17.0,0.48138559999999997,0.15340703654040483
1984-05-04,16.0,0.4530688,0.14438309321449866
1984-05-05,14.0,0.3964352,0.12633520656268632
1984-05-06,12.0,0.3398016,0.108287319910874
1984-05-07,11.0,0.3114848,0.09926337658496784
1984-05-08,9.9,0.28033632,0.08933703892647106
1984-05-09,11.0,0.3114848,0.09926337658496784
1984-05-10,15.0,0.424752,0.1353591498885925
1984-05-11,10.0,0.283168,0.09023943325906165
1984-05-12,7.5,0.212376,0.06767957494429624
1984-05-13,6.2,0.17556416,0.05594844862061823
1984-05-14,5.1,0.14441568,0.04602211096212144
1984-05-15,4.5,0.1274256,0.04060774496657775
1984-05-16,3.9,0.11043552,0.03519337897103405
1984-05-17,3.5,0.0991088,0.03158380164067158
1984-05-18,3.4,0.09627712,0.030681407308080964
1984-05-19,3.2,0.09061376,0.028876618642899733
1984-05-20,3.0,0.0849504,0.0270718299777185
1984-05-21,3.0,0.0849504,0.0270718299777185
1984-05-22,3.0,0.0849504,0.0270718299777185
1984-05-23,24.0,0.6796032,0.216574639821748
1984-05-24,57.0,1.6140576,0.5143647695766514
1984-05-25,66.0,1.8689088,0.595580259509807
1984-05-26,78.0,2.2087104,0.703867579420681
1984-05-27,115.0,3.2564319999999998,1.037753482479209
1984-05-28,130.0,3.681184,1.1731126323678016
1984-05-29,123.0,3.4829664,1.1099450290864585
1984-05-30,124.0,3.5112832,1.1189689724123646
1984-05-31,102.0,2.8883136,0.920442219242429
1984-06-01,85.0,2.406928,0.7670351827020242
1984-06-02,67.0,1.8972256,0.6046042028357131
1984-06-03,49.0,1.3875232,0.44217322296940215
1984-06-04,35.0,0.991088,0.3158380164067158
1984-06-05,24.0,0.6796032,0.216574639821748
1984-06-06,18.0,0.5097024,0.162430979866311
1984-06-07,13.0,0.3681184,0.11731126323678016
1984-06-08,10.0,0.283168,0.09023943325906165
1984-06-09,7.8,0.22087104,0.0703867579420681
1984-06-10,5.5,0.1557424,0.04963168829248392
1984-06-11,4.1,0.11609887999999999,0.03699816763621528
1984-06-12,3.4,0.09627712,0.030681407308080964
1984-06-13,3.0,0.0849504,0.0270718299777185
1984-06-14,3.2,0.09061376,0.028876618642899733
1984-06-15,7.1,0.20104928,0.06406999761393378
1984-06-16,4.5,0.1274256,0.04060774496657775
1984-06-17,3.2,0.09061376,0.028876618642899733
1984-06-18,2.7,0.07645536,0.02436464697994665
1984-06-19,3.2,0.09061376,0.028876618642899733
1984-06-20,9.4,0.26617792,0.08482506726351796
1984-06-21,73.0,2.0671264,0.65874786279115
1984-06-22,271.0,7.6738528,2.445488641320571
1984-06-23,583.0,16.5086944,5.260958959003295
1984-06-24,545.0,15.432656,4.918049112618861
1984-06-25,507.0,14.3566176,4.575139266234427
1984-06-26,395.0,11.185136,3.5644576137329356
1984-06-27,291.0,8.2401888,2.6259675078386944
1984-06-28,207.0,5.8615775999999995,1.8679562684625763
1984-06-29,149.0,4.2192032,1.3445675555600187
1984-06-30,146.0,4.1342528,1.3174957255823
1984-07-01,198.0,5.6067264,1.7867407785294211
1984-07-02,424.0,12.0063232,3.8261519701842146
1984-07-03,992.0,28.0902656,8.951751779298917
1984-07-04,977.0,27.6655136,8.816392629410325
1984-07-05,933.0,26.4195744,8.419339123070452
1984-07-06,841.0,23.814428799999998,7.589136337087085
1984-07-07,631.0,17.8679008,5.694108238646791
1984-07-08,485.0,13.733648,4.376612513064491
1984-07-09,598.0,16.9334464,5.3963181088918875
1984-07-10,660.0,18.689087999999998,5.955802595098069
1984-07-11,701.0,19.8500768,6.325784271460223
1984-07-12,682.0,19.3120576,6.154329348268005
1984-07-13,648.0,18.3492864,5.847515275187196
1984-07-14,583.0,16.5086944,5.260958959003295
1984-07-15,450.0,12.74256,4.060774496657775
1984-07-16,334.0,9.4578112,3.0139970708526596
1984-07-17,256.0,7.2491008,2.3101294914319785
1984-07-18,238.0,6.7393984,2.1476985115656677
1984-07-19,374.0,10.5904832,3.374954803888906
1984-07-20,462.0,13.0823616,4.169061816568649
1984-07-21,509.0,14.4132512,4.593187152886238
1984-07-22,601.0,17.0183968,5.423389938869606
1984-07-23,619.0,17.5280992,5.585820918735917
1984-07-24,571.0,16.1688928,5.1526716390924205
1984-07-25,456.0,12.9124608,4.114918156613212
1984-07-26,335.0,9.486127999999999,3.0230210141785654
1984-07-27,262.0,7.4190016,2.3642731513874153
1984-07-28,424.0,12.0063232,3.8261519701842146
1984-07-29,588.0,16.6502784,5.306078675632826
1984-07-30,1190.0,33.696992,10.738492557828339
1984-07-31,2270.0,64.279136,20.484351349806996
1984-08-01,2700.0,76.45536,24.36464697994665
1984-08-02,2310.0,65.411808,20.845309082843244
1984-08-03,1540.0,43.607872,13.896872721895496
1984-08-04,984.0,27.8637312,8.879560232691668
1984-08-05,663.0,18.7740384,5.982874425075788
1984-08-06,494.0,13.9884992,4.457828002997646
1984-08-07,383.0,10.8453344,3.456170293822062
1984-08-08,294.0,8.3251392,2.653039337816413
1984-08-09,217.0,6.1447456,1.9581957017216383
1984-08-10,159.0,4.5023712,1.4348069888190804
1984-08-11,115.0,3.2564319999999998,1.037753482479209
1984-08-12,85.0,2.406928,0.7670351827020242
1984-08-13,67.0,1.8972256,0.6046042028357131
1984-08-14,54.0,1.5291071999999999,0.48729293959893294
1984-08-15,44.0,1.2459392,0.39705350633987135
1984-08-16,34.0,0.9627711999999999,0.30681407308080966
1984-08-17,26.0,0.7362368,0.23462252647356033
1984-08-18,21.0,0.5946528,0.18950280984402948
1984-08-19,19.0,0.5380192,0.17145492319221717
1984-08-20,21.0,0.5946528,0.18950280984402948
1984-08-21,23.0,0.6512864,0.20755069649584185
1984-08-22,25.0,0.70792,0.22559858314765416
1984-08-23,26.0,0.7362368,0.23462252647356033
1984-08-24,22.0,0.6229696,0.19852675316993568
1984-08-25,34.0,0.9627711999999999,0.30681407308080966
1984-08-26,292.0,8.2685056,2.6349914511646
1984-08-27,535.0,15.149488,4.827809679359799
1984-08-28,460.0,13.025727999999999,4.151013929916836
1984-08-29,334.0,9.4578112,3.0139970708526596
1984-08-30,246.0,6.9659328,2.219890058172917
1984-08-31,184.0,5.2102912,1.6604055719667348
1984-09-01,130.0,3.681184,1.1731126323678016
1984-09-02,110.0,3.114848,0.9926337658496782
1984-09-03,103.0,2.9166304,0.9294661625683351
1984-09-04,141.0,3.9926688,1.2723760089527696
1984-09-05,170.0,4.813856,1.5340703654040484
1984-09-06,207.0,5.8615775999999995,1.8679562684625763
1984-09-07,203.0,5.7483104,1.8318604951589519
1984-09-08,165.0,4.6722719999999995,1.4889506487745172
1984-09-09,125.0,3.5396,1.1279929157382709
1984-09-10,92.0,2.6051456,0.8302027859833674
1984-09-11,68.0,1.9255423999999999,0.6136281461616193
1984-09-12,50.0,1.41584,0.4511971662953083
1984-09-13,37.0,1.0477216,0.33388590305852817
1984-09-14,28.0,0.7928704,0.25267041312537264
1984-09-15,21.0,0.5946528,0.18950280984402948
1984-09-16,17.0,0.48138559999999997,0.15340703654040483
1984-09-17,13.0,0.3681184,0.11731126323678016
1984-09-18,11.0,0.3114848,0.09926337658496784
1984-09-19,9.0,0.2548512,0.0812154899331555
1984-09-20,7.6,0.21520767999999998,0.06858196927688685
1984-09-21,6.4,0.18122752,0.057753237285799466
1984-09-22,5.6,0.15857407999999998,0.05053408262507453
1984-09-23,4.9,0.13875232,0.04421732229694022
1984-09-24,4.4,0.12459392000000001,0.039705350633987134
1984-09-25,3.9,0.11043552,0.03519337897103405
1984-09-26,3.7,0.10477216,0.03338859030585282
1984-09-27,3.3,0.09344543999999999,0.029779012975490345
1984-09-28,3.2,0.09061376,0.028876618642899733
1984-09-29,3.1,0.08778208,0.027974224310309114
1984-09-30,3.0,0.0849504,0.0270718299777185
1984-10-01,2.8,0.07928703999999999,0.025267041312537264
1984-10-02,2.7,0.07645536,0.02436464697994665
1984-10-03,2.5,0.070792,0.022559858314765414
1984-10-04,2.5,0.070792,0.022559858314765414
1984-10-05,2.5,0.070792,0.022559858314765414
1984-10-06,2.3,0.06512863999999999,0.02075506964958418
1984-10-07,2.3,0.06512863999999999,0.02075506964958418
1984-10-08,2.2,0.062296960000000005,0.019852675316993567
1984-10-09,2.2,0.062296960000000005,0.019852675316993567
1984-10-10,2.0,0.0566336,0.018047886651812332
1984-10-11,2.0,0.0566336,0.018047886651812332
1984-10-12,1.9,0.053801919999999996,0.017145492319221713
1984-10-13,1.8,0.05097024,0.016243097986631098
1984-10-14,1.8,0.05097024,0.016243097986631098
1984-10-15,2.0,0.0566336,0.018047886651812332
1984-10-16,2.2,0.062296960000000005,0.019852675316993567
1984-10-17,2.0,0.0566336,0.018047886651812332
1984-10-18,2.0,0.0566336,0.018047886651812332
1984-10-19,1.8,0.05097024,0.016243097986631098
1984-10-20,1.8,0.05097024,0.016243097986631098
1984-10-21,1.8,0.05097024,0.016243097986631098
1984-10-22,1.8,0.05097024,0.016243097986631098
1984-10-23,1.8,0.05097024,0.016243097986631098
1984-10-24,1.8,0.05097024,0.016243097986631098
1984-10-25,1.7,0.04813856,0.015340703654040482
1984-10-26,1.7,0.04813856,0.015340703654040482
1984-10-27,1.7,0.04813856,0.015340703654040482
1984-10-28,1.8,0.05097024,0.016243097986631098
1984-10-29,1.8,0.05097024,0.016243097986631098
1984-10-30,1.9,0.053801919999999996,0.017145492319221713
1984-10-31,12.0,0.3398016,0.108287319910874
1984-11-01,5.3,0.15007904,0.04782689962730268
1984-11-02,4.4,0.12459392000000001,0.039705350633987134
1984-11-03,3.7,0.10477216,0.03338859030585282
1984-11-04,3.3,0.09344543999999999,0.029779012975490345
1984-11-05,2.9,0.08211871999999999,0.02616943564512788
1984-11-06,2.7,0.07645536,0.02436464697994665
1984-11-07,2.6,0.07362368,0.023462252647356033
1984-11-08,2.4,0.06796031999999999,0.021657463982174795
1984-11-09,2.3,0.06512863999999999,0.02075506964958418
1984-11-10,2.4,0.06796031999999999,0.021657463982174795
1984-11-11,3.9,0.11043552,0.03519337897103405
1984-11-12,3.4,0.09627712,0.030681407308080964
1984-11-13,2.8,0.07928703999999999,0.025267041312537264
1984-11-14,2.7,0.07645536,0.02436464697994665
1984-11-15,2.7,0.07645536,0.02436464697994665
1984-11-16,2.7,0.07645536,0.02436464697994665
1984-11-17,2.6,0.07362368,0.023462252647356033
1984-11-18,2.5,0.070792,0.022559858314765414
1984-11-19,2.6,0.07362368,0.023462252647356033
1984-11-20,3.8,0.10760383999999999,0.03429098463844343
1984-11-21,4.1,0.11609887999999999,0.03699816763621528
1984-11-22,4.5,0.1274256,0.04060774496657775
1984-11-23,3.8,0.10760383999999999,0.03429098463844343
1984-11-24,3.4,0.09627712,0.030681407308080964
1984-11-25,3.4,0.09627712,0.030681407308080964
1984-11-26,3.1,0.08778208,0.027974224310309114
1984-11-27,2.9,0.08211871999999999,0.02616943564512788
1984-11-28,3.7,0.10477216,0.03338859030585282
1984-11-29,3.5,0.0991088,0.03158380164067158
1984-11-30,3.3,0.09344543999999999,0.029779012975490345
1984-12-01,6.3,0.17839584,0.05685084295320885
1984-12-02,16.0,0.4530688,0.14438309321449866
1984-12-03,9.9,0.28033632,0.08933703892647106
1984-12-04,7.7,0.21803936000000002,0.06948436360947749
1984-12-05,8.3,0.23502944,0.07489872960502118
1984-12-06,9.2,0.26051455999999995,0.08302027859833672
1984-12-07,8.7,0.24635615999999996,0.07850830693538363
1984-12-08,7.5,0.212376,0.06767957494429624
1984-12-09,6.6,0.18689087999999998,0.05955802595098069
1984-12-10,7.1,0.20104928,0.06406999761393378
1984-12-11,7.5,0.212376,0.06767957494429624
1984-12-12,7.5,0.212376,0.06767957494429624
1984-12-13,7.2,0.20388096,0.06497239194652439
1984-12-14,6.7,0.18972256,0.06046042028357132
1984-12-15,6.4,0.18122752,0.057753237285799466
1984-12-16,6.1,0.17273248,0.05504605428802761
1984-12-17,5.7,0.16140576,0.05143647695766515
1984-12-18,5.5,0.1557424,0.04963168829248392
1984-12-19,5.3,0.15007904,0.04782689962730268
1984-12-20,5.1,0.14441568,0.04602211096212144
1984-12-21,4.9,0.13875232,0.04421732229694022
1984-12-22,4.7,0.13308896,0.04241253363175898
1984-12-23,4.5,0.1274256,0.04060774496657775
1984-12-24,4.4,0.12459392000000001,0.039705350633987134
1984-12-25,4.2,0.11893056,0.0379005619688059
1984-12-26,4.0,0.1132672,0.036095773303624665
1984-12-27,3.9,0.11043552,0.03519337897103405
1984-12-28,3.8,0.10760383999999999,0.03429098463844343
1984-12-29,3.6,0.10194048,0.032486195973262195
1984-12-30,3.5,0.0991088,0.03158380164067158
1984-12-31,3.5,0.0991088,0.03158380164067158
1985-01-01,3.5,0.0991088,0.03158380164067158
1985-01-02,3.4,0.09627712,0.030681407308080964
1985-01-03,26.0,0.7362368,0.23462252647356033
1985-01-04,24.0,0.6796032,0.216574639821748
1985-01-05,19.0,0.5380192,0.17145492319221717
1985-01-06,15.0,0.424752,0.1353591498885925
1985-01-07,14.0,0.3964352,0.12633520656268632
1985-01-08,13.0,0.3681184,0.11731126323678016
1985-01-09,12.0,0.3398016,0.108287319910874
1985-01-10,11.0,0.3114848,0.09926337658496784
1985-01-11,10.0,0.283168,0.09023943325906165
1985-01-12,9.6,0.27184127999999996,0.08662985592869918
1985-01-13,9.0,0.2548512,0.0812154899331555
1985-01-14,8.4,0.23786112,0.0758011239376118
1985-01-15,8.0,0.2265344,0.07219154660724933
1985-01-16,7.4,0.20954432,0.06677718061170564
1985-01-17,7.4,0.20954432,0.06677718061170564
1985-01-18,7.8,0.22087104,0.0703867579420681
1985-01-19,7.5,0.212376,0.06767957494429624
1985-01-20,7.2,0.20388096,0.06497239194652439
1985-01-21,6.7,0.18972256,0.06046042028357132
1985-01-22,6.5,0.1840592,0.05865563161839008
1985-01-23,6.4,0.18122752,0.057753237285799466
1985-01-24,6.4,0.18122752,0.057753237285799466
1985-01-25,7.5,0.212376,0.06767957494429624
1985-01-26,7.9,0.22370272,0.07128915227465871
1985-01-27,8.0,0.2265344,0.07219154660724933
1985-01-28,10.0,0.283168,0.09023943325906165
1985-01-29,13.0,0.3681184,0.11731126323678016
1985-01-30,16.0,0.4530688,0.14438309321449866
1985-01-31,31.0,0.8778208,0.27974224310309115
1985-02-01,33.0,0.9344544,0.2977901297549035
1985-02-02,43.0,1.2176224,0.38802956301396513
1985-02-03,48.0,1.3592064,0.433149279643496
1985-02-04,42.0,1.1893056,0.37900561968805896
1985-02-05,42.0,1.1893056,0.37900561968805896
1985-02-06,46.0,1.3025728,0.4151013929916837
1985-02-07,50.0,1.41584,0.4511971662953083
1985-02-08,46.0,1.3025728,0.4151013929916837
1985-02-09,40.0,1.132672,0.3609577330362466
1985-02-10,35.0,0.991088,0.3158380164067158
1985-02-11,42.0,1.1893056,0.37900561968805896
1985-02-12,62.0,1.7556416,0.5594844862061823
1985-02-13,59.0,1.6706912,0.5324126562284638
1985-02-14,54.0,1.5291071999999999,0.48729293959893294
1985-02-15,48.0,1.3592064,0.433149279643496
1985-02-16,43.0,1.2176224,0.38802956301396513
1985-02-17,38.0,1.0760384,0.34290984638443434
1985-02-18,33.0,0.9344544,0.2977901297549035
1985-02-19,30.0,0.849504,0.270718299777185
1985-02-20,26.0,0.7362368,0.23462252647356033
1985-02-21,23.0,0.6512864,0.20755069649584185
1985-02-22,20.0,0.566336,0.1804788665181233
1985-02-23,18.0,0.5097024,0.162430979866311
1985-02-24,16.0,0.4530688,0.14438309321449866
1985-02-25,15.0,0.424752,0.1353591498885925
1985-02-26,13.0,0.3681184,0.11731126323678016
1985-02-27,12.0,0.3398016,0.108287319910874
1985-02-28,10.0,0.283168,0.09023943325906165
1985-03-01,9.3,0.26334624,0.08392267293092735
1985-03-02,9.8,0.27750464,0.08843464459388044
1985-03-03,13.0,0.3681184,0.11731126323678016
1985-03-04,12.0,0.3398016,0.108287319910874
1985-03-05,13.0,0.3681184,0.11731126323678016
1985-03-06,12.0,0.3398016,0.108287319910874
1985-03-07,10.0,0.283168,0.09023943325906165
1985-03-08,8.8,0.24918784000000002,0.07941070126797427
1985-03-09,7.7,0.21803936000000002,0.06948436360947749
1985-03-10,6.6,0.18689087999999998,0.05955802595098069
1985-03-11,5.7,0.16140576,0.05143647695766515
1985-03-12,4.9,0.13875232,0.04421732229694022
1985-03-13,4.3,0.12176224,0.03880295630139651
1985-03-14,3.7,0.10477216,0.03338859030585282
1985-03-15,3.2,0.09061376,0.028876618642899733
1985-03-16,5.0,0.141584,0.04511971662953083
1985-03-17,41.0,1.1609888,0.3699816763621528
1985-03-18,59.0,1.6706912,0.5324126562284638
1985-03-19,57.0,1.6140576,0.5143647695766514
1985-03-20,52.0,1.4724736,0.46924505294712066
1985-03-21,61.0,1.7273247999999999,0.5504605428802761
1985-03-22,96.0,2.7184128,0.866298559286992
1985-03-23,95.0,2.690096,0.8572746159610858
1985-03-24,85.0,2.406928,0.7670351827020242
1985-03-25,71.0,2.0104928,0.6406999761393378
1985-03-26,58.0,1.6423744,0.5233887129025576
1985-03-27,47.0,1.3308896,0.4241253363175898
1985-03-28,38.0,1.0760384,0.34290984638443434
1985-03-29,31.0,0.8778208,0.27974224310309115
1985-03-30,25.0,0.70792,0.22559858314765416
1985-03-31,22.0,0.6229696,0.19852675316993568
1985-04-01,28.0,0.7928704,0.25267041312537264
1985-04-02,28.0,0.7928704,0.25267041312537264
1985-04-03,24.0,0.6796032,0.216574639821748
1985-04-04,21.0,0.5946528,0.18950280984402948
1985-04-05,18.0,0.5097024,0.162430979866311
1985-04-06,17.0,0.48138559999999997,0.15340703654040483
1985-04-07,16.0,0.4530688,0.14438309321449866
1985-04-08,14.0,0.3964352,0.12633520656268632
1985-04-09,12.0,0.3398016,0.108287319910874
1985-04-10,10.0,0.283168,0.09023943325906165
1985-04-11,8.6,0.24352448,0.07760591260279302
1985-04-12,7.3,0.20671264,0.06587478627911501
1985-04-13,6.9,0.19538592000000002,0.06226520894875255
1985-04-14,7.8,0.22087104,0.0703867579420681
1985-04-15,9.3,0.26334624,0.08392267293092735
1985-04-16,14.0,0.3964352,0.12633520656268632
1985-04-17,23.0,0.6512864,0.20755069649584185
1985-04-18,22.0,0.6229696,0.19852675316993568
1985-04-19,18.0,0.5097024,0.162430979866311
1985-04-20,15.0,0.424752,0.1353591498885925
1985-04-21,12.0,0.3398016,0.108287319910874
1985-04-22,9.4,0.26617792,0.08482506726351796
1985-04-23,7.4,0.20954432,0.06677718061170564
1985-04-24,5.9,0.16706912000000002,0.05324126562284639
1985-04-25,4.7,0.13308896,0.04241253363175898
1985-04-26,3.7,0.10477216,0.03338859030585282
1985-04-27,3.0,0.0849504,0.0270718299777185
1985-04-28,2.4,0.06796031999999999,0.021657463982174795
1985-04-29,2.1,0.05946528,0.01895028098440295
1985-04-30,1.7,0.04813856,0.015340703654040482
1985-05-01,1.5,0.0424752,0.01353591498885925
1985-05-02,1.5,0.0424752,0.01353591498885925
1985-05-03,1.4,0.039643519999999995,0.012633520656268632
1985-05-04,1.2,0.033980159999999995,0.010828731991087397
1985-05-05,1.1,0.031148480000000003,0.009926337658496783
1985-05-06,1.0,0.0283168,0.009023943325906166
1985-05-07,1.0,0.0283168,0.009023943325906166
1985-05-08,2.1,0.05946528,0.01895028098440295
1985-05-09,19.0,0.5380192,0.17145492319221717
1985-05-10,29.0,0.8211872,0.2616943564512788
1985-05-11,29.0,0.8211872,0.2616943564512788
1985-05-12,29.0,0.8211872,0.2616943564512788
1985-05-13,24.0,0.6796032,0.216574639821748
1985-05-14,18.0,0.5097024,0.162430979866311
1985-05-15,15.0,0.424752,0.1353591498885925
1985-05-16,10.0,0.283168,0.09023943325906165
1985-05-17,6.8,0.19255424,0.06136281461616193
1985-05-18,4.6,0.13025727999999998,0.04151013929916836
1985-05-19,3.3,0.09344543999999999,0.029779012975490345
1985-05-20,5.7,0.16140576,0.05143647695766515
1985-05-21,15.0,0.424752,0.1353591498885925
1985-05-22,22.0,0.6229696,0.19852675316993568
1985-05-23,44.0,1.2459392,0.39705350633987135
1985-05-24,54.0,1.5291071999999999,0.48729293959893294
1985-05-25,50.0,1.41584,0.4511971662953083
1985-05-26,40.0,1.132672,0.3609577330362466
1985-05-27,31.0,0.8778208,0.27974224310309115
1985-05-28,23.0,0.6512864,0.20755069649584185
1985-05-29,20.0,0.566336,0.1804788665181233
1985-05-30,38.0,1.0760384,0.34290984638443434
1985-05-31,43.0,1.2176224,0.38802956301396513
1985-06-01,52.0,1.4724736,0.46924505294712066
1985-06-02,47.0,1.3308896,0.4241253363175898
1985-06-03,35.0,0.991088,0.3158380164067158
1985-06-04,24.0,0.6796032,0.216574639821748
1985-06-05,17.0,0.48138559999999997,0.15340703654040483
1985-06-06,12.0,0.3398016,0.108287319910874
1985-06-07,8.4,0.23786112,0.0758011239376118
1985-06-08,5.8,0.16423743999999998,0.05233887129025576
1985-06-09,4.3,0.12176224,0.03880295630139651
1985-06-10,3.4,0.09627712,0.030681407308080964
1985-06-11,3.0,0.0849504,0.0270718299777185
1985-06-12,3.4,0.09627712,0.030681407308080964
1985-06-13,4.0,0.1132672,0.036095773303624665
1985-06-14,4.6,0.13025727999999998,0.04151013929916836
1985-06-15,8.2,0.23219775999999998,0.07399633527243056
1985-06-16,35.0,0.991088,0.3158380164067158
1985-06-17,68.0,1.9255423999999999,0.6136281461616193
1985-06-18,102.0,2.8883136,0.920442219242429
1985-06-19,102.0,2.8883136,0.920442219242429
1985-06-20,93.0,2.6334624,0.8392267293092734
1985-06-21,81.0,2.2936608,0.7309394093983995
1985-06-22,66.0,1.8689088,0.595580259509807
1985-06-23,51.0,1.4441568,0.4602211096212145
1985-06-24,37.0,1.0477216,0.33388590305852817
1985-06-25,26.0,0.7362368,0.23462252647356033
1985-06-26,18.0,0.5097024,0.162430979866311
1985-06-27,13.0,0.3681184,0.11731126323678016
1985-06-28,9.7,0.27467295999999997,0.0875322502612898
1985-06-29,12.0,0.3398016,0.108287319910874
1985-06-30,21.0,0.5946528,0.18950280984402948
1985-07-01,32.0,0.9061376,0.2887661864289973
1985-07-02,33.0,0.9344544,0.2977901297549035
1985-07-03,29.0,0.8211872,0.2616943564512788
1985-07-04,25.0,0.70792,0.22559858314765416
1985-07-05,23.0,0.6512864,0.20755069649584185
1985-07-06,306.0,8.6649408,2.761326657727287
1985-07-07,867.0,24.5506656,7.823758863560646
1985-07-08,659.0,18.6607712,5.9467786517721635
1985-07-09,479.0,13.5637472,4.322468853109053
1985-07-10,336.0,9.5144448,3.0320449575044717
1985-07-11,241.0,6.8243488,2.174770341543386
1985-07-12,187.0,5.2952416,1.687477401944453
1985-07-13,160.0,4.530688,1.4438309321449865
1985-07-14,154.0,4.3607872,1.3896872721895497
1985-07-15,150.0,4.24752,1.3535914988859248
1985-07-16,122.0,3.4546495999999998,1.1009210857605523
1985-07-17,97.0,2.7467296,0.8753225026128981
1985-07-18,84.0,2.3786112,0.7580112393761179
1985-07-19,88.0,2.4918784,0.7941070126797427
1985-07-20,107.0,3.0298976,0.9655619358719598
1985-07-21,97.0,2.7467296,0.8753225026128981
1985-07-22,73.0,2.0671264,0.65874786279115
1985-07-23,51.0,1.4441568,0.4602211096212145
1985-07-24,38.0,1.0760384,0.34290984638443434
1985-07-25,30.0,0.849504,0.270718299777185
1985-07-26,40.0,1.132672,0.3609577330362466
1985-07-27,120.0,3.398016,1.08287319910874
1985-07-28,156.0,4.4174208,1.407735158841362
1985-07-29,306.0,8.6649408,2.761326657727287
1985-07-30,584.0,16.5370112,5.2699829023292
1985-07-31,872.0,24.6922496,7.868878580190177
1985-08-01,797.0,22.5684896,7.192082830747214
1985-08-02,786.0,22.2570048,7.092819454162247
1985-08-03,894.0,25.3152192,8.067405333360114
1985-08-04,1150.0,32.56432,10.377534824792091
1985-08-05,1110.0,31.431648,10.016577091755844
1985-08-06,825.0,23.36136,7.444753243872587
1985-08-07,907.0,25.683337599999998,8.184716596596893
1985-08-08,1150.0,32.56432,10.377534824792091
1985-08-09,777.0,22.0021536,7.011603964229091
1985-08-10,628.0,17.7829504,5.667036408669072
1985-08-11,499.0,14.1300832,4.502947719627177
1985-08-12,371.0,10.5055328,3.3478829739111875
1985-08-13,292.0,8.2685056,2.6349914511646
1985-08-14,343.0,9.7126624,3.0952125607858147
1985-08-15,265.0,7.503952,2.391344981365134
1985-08-16,204.0,5.7766272,1.840884438484858
1985-08-17,151.0,4.2758367999999995,1.362615442211831
1985-08-18,111.0,3.1431648,1.0016577091755845
1985-08-19,81.0,2.2936608,0.7309394093983995
1985-08-20,68.0,1.9255423999999999,0.6136281461616193
1985-08-21,144.0,4.0776192,1.299447838930488
1985-08-22,186.0,5.2669248,1.678453458618547
1985-08-23,227.0,6.4279136,2.0484351349807
1985-08-24,216.0,6.1164287999999996,1.9491717583957318
1985-08-25,201.0,5.6916768,1.8138126085071393
1985-08-26,308.0,8.7215744,2.7793745443790994
1985-08-27,366.0,10.3639488,3.3027632572816565
1985-08-28,600.0,16.99008,5.414365995543699
1985-08-29,768.0,21.7473024,6.930388474295936
1985-08-30,772.0,21.860569599999998,6.96648424759956
1985-08-31,1770.0,50.120736,15.972379686853914
1985-09-01,2890.0,81.83555199999999,26.07919621186882
1985-09-02,3230.0,91.463264,29.147336942676915
1985-09-03,2990.0,84.667232,26.981590544459436
1985-09-04,2340.0,66.261312,21.11602738262043
1985-09-05,1480.0,41.908864,13.355436122341127
1985-09-06,917.0,25.9665056,8.274956029855955
1985-09-07,645.0,18.264336,5.820443445209477
1985-09-08,503.0,14.2433504,4.5390434929308014
1985-09-09,388.0,10.9869184,3.5012900104515925
1985-09-10,301.0,8.5233568,2.7162069410977563
1985-09-11,242.0,6.8526656,2.1837942848692924
1985-09-12,203.0,5.7483104,1.8318604951589519
1985-09-13,167.0,4.7289056,1.5069985354263298
1985-09-14,134.0,3.7944512,1.2092084056714263
1985-09-15,103.0,2.9166304,0.9294661625683351
1985-09-16,80.0,2.265344,0.7219154660724932
1985-09-17,64.0,1.8122752,0.5775323728579946
1985-09-18,51.0,1.4441568,0.4602211096212145
1985-09-19,40.0,1.132672,0.3609577330362466
1985-09-20,33.0,0.9344544,0.2977901297549035
1985-09-21,30.0,0.849504,0.270718299777185
1985-09-22,37.0,1.0477216,0.33388590305852817
1985-09-23,36.0,1.0194048,0.324861959732622
1985-09-24,39.0,1.1043552,0.3519337897103405
1985-09-25,45.0,1.274256,0.4060774496657775
1985-09-26,45.0,1.274256,0.4060774496657775
1985-09-27,40.0,1.132672,0.3609577330362466
1985-09-28,32.0,0.9061376,0.2887661864289973
1985-09-29,25.0,0.70792,0.22559858314765416
1985-09-30,20.0,0.566336,0.1804788665181233
1985-10-01,18.0,0.5097024,0.162430979866311
1985-10-02,16.0,0.4530688,0.14438309321449866
1985-10-03,14.0,0.3964352,0.12633520656268632
1985-10-04,12.0,0.3398016,0.108287319910874
1985-10-05,11.0,0.3114848,0.09926337658496784
1985-10-06,9.1,0.25768288,0.08211788426574612
1985-10-07,8.0,0.2265344,0.07219154660724933
1985-10-08,7.0,0.1982176,0.06316760328134316
1985-10-09,6.4,0.18122752,0.057753237285799466
1985-10-10,5.7,0.16140576,0.05143647695766515
1985-10-11,5.2,0.14724736,0.046924505294712066
1985-10-12,5.0,0.141584,0.04511971662953083
1985-10-13,4.6,0.13025727999999998,0.04151013929916836
1985-10-14,4.3,0.12176224,0.03880295630139651
1985-10-15,4.1,0.11609887999999999,0.03699816763621528
1985-10-16,3.9,0.11043552,0.03519337897103405
1985-10-17,3.7,0.10477216,0.03338859030585282
1985-10-18,3.6,0.10194048,0.032486195973262195
1985-10-19,3.5,0.0991088,0.03158380164067158
1985-10-20,3.4,0.09627712,0.030681407308080964
1985-10-21,5.4,0.15291072,0.0487292939598933
1985-10-22,5.0,0.141584,0.04511971662953083
1985-10-23,4.4,0.12459392000000001,0.039705350633987134
1985-10-24,3.8,0.10760383999999999,0.03429098463844343
1985-10-25,3.5,0.0991088,0.03158380164067158
1985-10-26,3.4,0.09627712,0.030681407308080964
1985-10-27,3.9,0.11043552,0.03519337897103405
1985-10-28,7.0,0.1982176,0.06316760328134316
1985-10-29,13.0,0.3681184,0.11731126323678016
1985-10-30,62.0,1.7556416,0.5594844862061823
1985-10-31,401.0,11.3550368,3.618601273688373
1985-11-01,1160.0,32.847488,10.467774258051152
1985-11-02,1340.0,37.944511999999996,12.092084056714262
1985-11-03,1180.0,33.413824,10.648253124569276
1985-11-04,951.0,26.9292768,8.581770102936764
1985-11-05,711.0,20.1332448,6.416023704719284
1985-11-06,523.0,14.8096864,4.719522359448925
1985-11-07,388.0,10.9869184,3.5012900104515925
1985-11-08,302.0,8.551673599999999,2.725230884423662
1985-11-09,238.0,6.7393984,2.1476985115656677
1985-11-10,189.0,5.3518752,1.7055252885962655
1985-11-11,151.0,4.2758367999999995,1.362615442211831
1985-11-12,122.0,3.4546495999999998,1.1009210857605523
1985-11-13,99.0,2.8033632,0.8933703892647106
1985-11-14,81.0,2.2936608,0.7309394093983995
1985-11-15,68.0,1.9255423999999999,0.6136281461616193
1985-11-16,57.0,1.6140576,0.5143647695766514
1985-11-17,49.0,1.3875232,0.44217322296940215
1985-11-18,41.0,1.1609888,0.3699816763621528
1985-11-19,35.0,0.991088,0.3158380164067158
1985-11-20,31.0,0.8778208,0.27974224310309115
1985-11-21,77.0,2.1803936,0.6948436360947748
1985-11-22,612.0,17.3298816,5.522653315454574
1985-11-23,983.0,27.8354144,8.870536289365761
1985-11-24,1110.0,31.431648,10.016577091755844
1985-11-25,967.0,27.3823456,8.726153196151262
1985-11-26,767.0,21.7189856,6.921364530970029
1985-11-27,610.0,17.273248,5.504605428802761
1985-11-28,490.0,13.875232,4.421732229694022
1985-11-29,401.0,11.3550368,3.618601273688373
1985-11-30,375.0,10.6188,3.3839787472148126
1985-12-01,457.0,12.9407776,4.123942099939118
1985-12-02,504.0,14.2716672,4.548067436256708
1985-12-03,470.0,13.308895999999999,4.241253363175898
1985-12-04,428.0,12.1195904,3.8622477434878393
1985-12-05,370.0,10.477216,3.3388590305852817
1985-12-06,317.0,8.9764256,2.860590034312255
1985-12-07,269.0,7.6172192,2.427440754668759
1985-12-08,230.0,6.5128639999999995,2.075506964958418
1985-12-09,198.0,5.6067264,1.7867407785294211
1985-12-10,172.0,4.8704896,1.5521182520558605
1985-12-11,150.0,4.24752,1.3535914988859248
1985-12-12,288.0,8.1552384,2.598895677860976
1985-12-13,1120.0,31.714816,10.106816525014906
1985-12-14,1870.0,52.952416,16.87477401944453
1985-12-15,2150.0,60.881119999999996,19.401478150698257
1985-12-16,1800.0,50.97024,16.2430979866311
1985-12-17,1260.0,35.679168,11.370168590641768
1985-12-18,861.0,24.380764799999998,7.769615203605208
1985-12-19,637.0,18.037801599999998,5.748251898602227
1985-12-20,501.0,14.1867168,4.520995606278989
1985-12-21,403.0,11.4116704,3.636649160340185
1985-12-22,334.0,9.4578112,3.0139970708526596
1985-12-23,281.0,7.9570208,2.5357280745796325
1985-12-24,240.0,6.796032,2.16574639821748
1985-12-25,211.0,5.9748448,1.904052041766201
1985-12-26,187.0,5.2952416,1.687477401944453
1985-12-27,164.0,4.6439552,1.4799267054486112
1985-12-28,145.0,4.105936,1.308471782256394
1985-12-29,138.0,3.9077184,1.245304178975051
1985-12-30,131.0,3.7095008,1.1821365756937077
1985-12-31,128.0,3.6245504,1.1550647457159893
1986-01-01,234.0,6.6261312,2.111602738262043
1986-01-02,273.0,7.7304864,2.4635365279723835
1986-01-03,288.0,8.1552384,2.598895677860976
1986-01-04,300.0,8.49504,2.7071829977718496
1986-01-05,369.0,10.4488992,3.3298350872593754
1986-01-06,347.0,9.8259296,3.13130833408944
1986-01-07,327.0,9.2595936,2.9508294675713165
1986-01-08,302.0,8.551673599999999,2.725230884423662
1986-01-09,269.0,7.6172192,2.427440754668759
1986-01-10,314.0,8.8914752,2.833518204334536
1986-01-11,478.0,13.5354304,4.313444909783147
1986-01-12,533.0,15.0928544,4.809761792707986
1986-01-13,515.0,14.583152,4.647330812841676
1986-01-14,443.0,12.5443424,3.9976068933764317
1986-01-15,377.0,10.6754336,3.4020266338666247
1986-01-16,324.0,9.1746432,2.923757637593598
1986-01-17,281.0,7.9570208,2.5357280745796325
1986-01-18,249.0,7.0508831999999995,2.2469618881506355
1986-01-19,227.0,6.4279136,2.0484351349807
1986-01-20,203.0,5.7483104,1.8318604951589519
1986-01-21,179.0,5.0687071999999995,1.6152858553372036
1986-01-22,157.0,4.4457376,1.416759102167268
1986-01-23,138.0,3.9077184,1.245304178975051
1986-01-24,122.0,3.4546495999999998,1.1009210857605523
1986-01-25,108.0,3.0582143999999998,0.9745858791978659
1986-01-26,114.0,3.2281152,1.028729539153303
1986-01-27,116.0,3.2847488,1.0467774258051152
1986-01-28,109.0,3.0865312,0.9836098225237722
1986-01-29,101.0,2.8599968,0.9114182759165227
1986-01-30,92.0,2.6051456,0.8302027859833674
1986-01-31,82.0,2.3219776,0.7399633527243056
1986-02-01,74.0,2.0954432,0.6677718061170563
1986-02-02,67.0,1.8972256,0.6046042028357131
1986-02-03,61.0,1.7273247999999999,0.5504605428802761
1986-02-04,55.0,1.557424,0.4963168829248391
1986-02-05,77.0,2.1803936,0.6948436360947748
1986-02-06,350.0,9.91088,3.1583801640671583
1986-02-07,596.0,16.8768128,5.378270222240075
1986-02-08,764.0,21.6340352,6.894292700992311
1986-02-09,1120.0,31.714816,10.106816525014906
1986-02-10,2090.0,59.182112,18.860041551143887
1986-02-11,2710.0,76.738528,24.454886413205713
1986-02-12,2690.0,76.172192,24.274407546687588
1986-02-13,2200.0,62.29696,19.852675316993565
1986-02-14,1490.0,42.192032,13.445675555600188
1986-02-15,1040.0,29.449472,9.384901058942413
1986-02-16,770.0,21.803936,6.948436360947748
1986-02-17,604.0,17.103347199999998,5.450461768847324
1986-02-18,587.0,16.6219616,5.297054732306919
1986-02-19,566.0,16.0273088,5.10755192246289
1986-02-20,525.0,14.86632,4.737570246100737
1986-02-21,463.0,13.1106784,4.178085759894555
1986-02-22,399.0,11.2984032,3.6005533870365602
1986-02-23,397.0,11.2417696,3.582505500384748
1986-02-24,362.0,10.2506816,3.2666674839780323
1986-02-25,319.0,9.0330592,2.878637920964067
1986-02-26,277.0,7.8437536,2.499632301276008
1986-02-27,238.0,6.7393984,2.1476985115656677
1986-02-28,205.0,5.804944,1.849908381810764
1986-03-01,176.0,4.9837568,1.5882140253594854
1986-03-02,149.0,4.2192032,1.3445675555600187
1986-03-03,128.0,3.6245504,1.1550647457159893
1986-03-04,120.0,3.398016,1.08287319910874
1986-03-05,118.0,3.3413824,1.0648253124569276
1986-03-06,109.0,3.0865312,0.9836098225237722
1986-03-07,99.0,2.8033632,0.8933703892647106
1986-03-08,87.0,2.4635616,0.7850830693538364
1986-03-09,76.0,2.1520768,0.6858196927688687
1986-03-10,68.0,1.9255423999999999,0.6136281461616193
1986-03-11,61.0,1.7273247999999999,0.5504605428802761
1986-03-12,55.0,1.557424,0.4963168829248391
1986-03-13,51.0,1.4441568,0.4602211096212145
1986-03-14,172.0,4.8704896,1.5521182520558605
1986-03-15,282.0,7.9853376,2.544752017905539
1986-03-16,311.0,8.8065248,2.8064463743568178
1986-03-17,321.0,9.0896928,2.8966858076158792
1986-03-18,288.0,8.1552384,2.598895677860976
1986-03-19,253.0,7.1641504,2.28305766145426
1986-03-20,243.0,6.8809824,2.1928182281951982
1986-03-21,256.0,7.2491008,2.3101294914319785
1986-03-22,235.0,6.6544479999999995,2.120626681587949
1986-03-23,208.0,5.8898944,1.8769802117884826
1986-03-24,180.0,5.097024,1.62430979866311
1986-03-25,153.0,4.3324704,1.3806633288636434
1986-03-26,131.0,3.7095008,1.1821365756937077
1986-03-27,111.0,3.1431648,1.0016577091755845
1986-03-28,94.0,2.6617792,0.8482506726351796
1986-03-29,78.0,2.2087104,0.703867579420681
1986-03-30,64.0,1.8122752,0.5775323728579946
1986-03-31,53.0,1.5007904,0.4782689962730268
1986-04-01,44.0,1.2459392,0.39705350633987135
1986-04-02,37.0,1.0477216,0.33388590305852817
1986-04-03,30.0,0.849504,0.270718299777185
1986-04-04,24.0,0.6796032,0.216574639821748
1986-04-05,20.0,0.566336,0.1804788665181233
1986-04-06,17.0,0.48138559999999997,0.15340703654040483
1986-04-07,15.0,0.424752,0.1353591498885925
1986-04-08,13.0,0.3681184,0.11731126323678016
1986-04-09,11.0,0.3114848,0.09926337658496784
1986-04-10,9.5,0.2690096,0.08572746159610858
1986-04-11,8.3,0.23502944,0.07489872960502118
1986-04-12,7.4,0.20954432,0.06677718061170564
1986-04-13,6.6,0.18689087999999998,0.05955802595098069
1986-04-14,6.1,0.17273248,0.05504605428802761
1986-04-15,5.4,0.15291072,0.0487292939598933
1986-04-16,5.0,0.141584,0.04511971662953083
1986-04-17,4.6,0.13025727999999998,0.04151013929916836
1986-04-18,4.3,0.12176224,0.03880295630139651
1986-04-19,4.0,0.1132672,0.036095773303624665
1986-04-20,3.9,0.11043552,0.03519337897103405
1986-04-21,3.8,0.10760383999999999,0.03429098463844343
1986-04-22,3.7,0.10477216,0.03338859030585282
1986-04-23,3.7,0.10477216,0.03338859030585282
1986-04-24,3.5,0.0991088,0.03158380164067158
1986-04-25,3.5,0.0991088,0.03158380164067158
1986-04-26,3.4,0.09627712,0.030681407308080964
1986-04-27,3.3,0.09344543999999999,0.029779012975490345
1986-04-28,3.1,0.08778208,0.027974224310309114
1986-04-29,2.8,0.07928703999999999,0.025267041312537264
1986-04-30,2.7,0.07645536,0.02436464697994665
1986-05-01,2.7,0.07645536,0.02436464697994665
1986-05-02,2.7,0.07645536,0.02436464697994665
1986-05-03,2.5,0.070792,0.022559858314765414
1986-05-04,2.4,0.06796031999999999,0.021657463982174795
1986-05-05,2.3,0.06512863999999999,0.02075506964958418
1986-05-06,2.3,0.06512863999999999,0.02075506964958418
1986-05-07,2.3,0.06512863999999999,0.02075506964958418
1986-05-08,2.2,0.062296960000000005,0.019852675316993567
1986-05-09,2.2,0.062296960000000005,0.019852675316993567
1986-05-10,2.0,0.0566336,0.018047886651812332
1986-05-11,1.9,0.053801919999999996,0.017145492319221713
1986-05-12,1.8,0.05097024,0.016243097986631098
1986-05-13,1.9,0.053801919999999996,0.017145492319221713
1986-05-14,1.8,0.05097024,0.016243097986631098
1986-05-15,1.8,0.05097024,0.016243097986631098
1986-05-16,1.8,0.05097024,0.016243097986631098
1986-05-17,1.7,0.04813856,0.015340703654040482
1986-05-18,1.7,0.04813856,0.015340703654040482
1986-05-19,2.5,0.070792,0.022559858314765414
1986-05-20,2.9,0.08211871999999999,0.02616943564512788
1986-05-21,2.3,0.06512863999999999,0.02075506964958418
1986-05-22,1.8,0.05097024,0.016243097986631098
1986-05-23,1.7,0.04813856,0.015340703654040482
1986-05-24,1.6,0.04530688,0.014438309321449867
1986-05-25,1.5,0.0424752,0.01353591498885925
1986-05-26,1.5,0.0424752,0.01353591498885925
1986-05-27,1.5,0.0424752,0.01353591498885925
1986-05-28,1.5,0.0424752,0.01353591498885925
1986-05-29,1.5,0.0424752,0.01353591498885925
1986-05-30,1.5,0.0424752,0.01353591498885925
1986-05-31,1.5,0.0424752,0.01353591498885925
1986-06-01,1.5,0.0424752,0.01353591498885925
1986-06-02,2.4,0.06796031999999999,0.021657463982174795
1986-06-03,2.4,0.06796031999999999,0.021657463982174795
1986-06-04,1.8,0.05097024,0.016243097986631098
1986-06-05,2.5,0.070792,0.022559858314765414
1986-06-06,3.1,0.08778208,0.027974224310309114
1986-06-07,2.3,0.06512863999999999,0.02075506964958418
1986-06-08,1.9,0.053801919999999996,0.017145492319221713
1986-06-09,1.8,0.05097024,0.016243097986631098
1986-06-10,1.8,0.05097024,0.016243097986631098
1986-06-11,2.8,0.07928703999999999,0.025267041312537264
1986-06-12,2.8,0.07928703999999999,0.025267041312537264
1986-06-13,1.9,0.053801919999999996,0.017145492319221713
1986-06-14,2.9,0.08211871999999999,0.02616943564512788
1986-06-15,5.7,0.16140576,0.05143647695766515
1986-06-16,11.0,0.3114848,0.09926337658496784
1986-06-17,22.0,0.6229696,0.19852675316993568
1986-06-18,10.0,0.283168,0.09023943325906165
1986-06-19,28.0,0.7928704,0.25267041312537264
1986-06-20,31.0,0.8778208,0.27974224310309115
1986-06-21,18.0,0.5097024,0.162430979866311
1986-06-22,13.0,0.3681184,0.11731126323678016
1986-06-23,11.0,0.3114848,0.09926337658496784
1986-06-24,8.8,0.24918784000000002,0.07941070126797427
1986-06-25,6.8,0.19255424,0.06136281461616193
1986-06-26,5.4,0.15291072,0.0487292939598933
1986-06-27,4.4,0.12459392000000001,0.039705350633987134
1986-06-28,6.3,0.17839584,0.05685084295320885
1986-06-29,6.5,0.1840592,0.05865563161839008
1986-06-30,4.7,0.13308896,0.04241253363175898
1986-07-01,3.8,0.10760383999999999,0.03429098463844343
1986-07-02,3.5,0.0991088,0.03158380164067158
1986-07-03,4.4,0.12459392000000001,0.039705350633987134
1986-07-04,5.7,0.16140576,0.05143647695766515
1986-07-05,8.8,0.24918784000000002,0.07941070126797427
1986-07-06,17.0,0.48138559999999997,0.15340703654040483
1986-07-07,22.0,0.6229696,0.19852675316993568
1986-07-08,17.0,0.48138559999999997,0.15340703654040483
1986-07-09,13.0,0.3681184,0.11731126323678016
1986-07-10,10.0,0.283168,0.09023943325906165
1986-07-11,9.7,0.27467295999999997,0.0875322502612898
1986-07-12,10.0,0.283168,0.09023943325906165
1986-07-13,9.3,0.26334624,0.08392267293092735
1986-07-14,8.2,0.23219775999999998,0.07399633527243056
1986-07-15,7.1,0.20104928,0.06406999761393378
1986-07-16,6.2,0.17556416,0.05594844862061823
1986-07-17,5.5,0.1557424,0.04963168829248392
1986-07-18,4.7,0.13308896,0.04241253363175898
1986-07-19,4.0,0.1132672,0.036095773303624665
1986-07-20,3.4,0.09627712,0.030681407308080964
1986-07-21,2.8,0.07928703999999999,0.025267041312537264
1986-07-22,2.8,0.07928703999999999,0.025267041312537264
1986-07-23,3.1,0.08778208,0.027974224310309114
1986-07-24,3.2,0.09061376,0.028876618642899733
1986-07-25,2.9,0.08211871999999999,0.02616943564512788
1986-07-26,11.0,0.3114848,0.09926337658496784
1986-07-27,46.0,1.3025728,0.4151013929916837
1986-07-28,63.0,1.7839584,0.5685084295320885
1986-07-29,68.0,1.9255423999999999,0.6136281461616193
1986-07-30,58.0,1.6423744,0.5233887129025576
1986-07-31,46.0,1.3025728,0.4151013929916837
1986-08-01,35.0,0.991088,0.3158380164067158
1986-08-02,30.0,0.849504,0.270718299777185
1986-08-03,48.0,1.3592064,0.433149279643496
1986-08-04,52.0,1.4724736,0.46924505294712066
1986-08-05,56.0,1.5857408,0.5053408262507453
1986-08-06,50.0,1.41584,0.4511971662953083
1986-08-07,59.0,1.6706912,0.5324126562284638
1986-08-08,66.0,1.8689088,0.595580259509807
1986-08-09,75.0,2.12376,0.6767957494429624
1986-08-10,125.0,3.5396,1.1279929157382709
1986-08-11,103.0,2.9166304,0.9294661625683351
1986-08-12,95.0,2.690096,0.8572746159610858
1986-08-13,381.0,10.788700799999999,3.438122407170249
1986-08-14,389.0,11.0152352,3.5103139537774983
1986-08-15,429.0,12.1479072,3.8712716868137456
1986-08-16,405.0,11.468304,3.6546970469919975
1986-08-17,369.0,10.4488992,3.3298350872593754
1986-08-18,294.0,8.3251392,2.653039337816413
1986-08-19,265.0,7.503952,2.391344981365134
1986-08-20,354.0,10.0241472,3.194475937370783
1986-08-21,370.0,10.477216,3.3388590305852817
1986-08-22,430.0,12.176224,3.8802956301396514
1986-08-23,342.0,9.6843456,3.086188617459909
1986-08-24,278.0,7.8720704,2.5086562446019145
1986-08-25,219.0,6.2013792,1.9762435883734504
1986-08-26,179.0,5.0687071999999995,1.6152858553372036
1986-08-27,150.0,4.24752,1.3535914988859248
1986-08-28,122.0,3.4546495999999998,1.1009210857605523
1986-08-29,224.0,6.3429632,2.021363305002981
1986-08-30,360.0,10.194048,3.24861959732622
1986-08-31,479.0,13.5637472,4.322468853109053
1986-09-01,501.0,14.1867168,4.520995606278989
1986-09-02,440.0,12.459392,3.970535063398713
1986-09-03,369.0,10.4488992,3.3298350872593754
1986-09-04,368.0,10.4205824,3.3208111439334695
1986-09-05,388.0,10.9869184,3.5012900104515925
1986-09-06,353.0,9.9958304,3.1854519940448767
1986-09-07,279.0,7.9003872,2.5176801879278203
1986-09-08,224.0,6.3429632,2.021363305002981
1986-09-09,189.0,5.3518752,1.7055252885962655
1986-09-10,167.0,4.7289056,1.5069985354263298
1986-09-11,137.0,3.8794016,1.2362802356491447
1986-09-12,112.0,3.1714816,1.0106816525014906
1986-09-13,95.0,2.690096,0.8572746159610858
1986-09-14,75.0,2.12376,0.6767957494429624
1986-09-15,71.0,2.0104928,0.6406999761393378
1986-09-16,58.0,1.6423744,0.5233887129025576
1986-09-17,48.0,1.3592064,0.433149279643496
1986-09-18,39.0,1.1043552,0.3519337897103405
1986-09-19,31.0,0.8778208,0.27974224310309115
1986-09-20,25.0,0.70792,0.22559858314765416
1986-09-21,19.0,0.5380192,0.17145492319221717
1986-09-22,16.0,0.4530688,0.14438309321449866
1986-09-23,14.0,0.3964352,0.12633520656268632
1986-09-24,12.0,0.3398016,0.108287319910874
1986-09-25,9.8,0.27750464,0.08843464459388044
1986-09-26,8.4,0.23786112,0.0758011239376118
1986-09-27,7.3,0.20671264,0.06587478627911501
1986-09-28,6.3,0.17839584,0.05685084295320885
1986-09-29,5.5,0.1557424,0.04963168829248392
1986-09-30,4.9,0.13875232,0.04421732229694022
1986-10-01,4.3,0.12176224,0.03880295630139651
1986-10-02,4.2,0.11893056,0.0379005619688059
1986-10-03,4.1,0.11609887999999999,0.03699816763621528
1986-10-04,3.7,0.10477216,0.03338859030585282
1986-10-05,3.4,0.09627712,0.030681407308080964
1986-10-06,3.2,0.09061376,0.028876618642899733
1986-10-07,3.1,0.08778208,0.027974224310309114
1986-10-08,3.0,0.0849504,0.0270718299777185
1986-10-09,3.2,0.09061376,0.028876618642899733
1986-10-10,3.9,0.11043552,0.03519337897103405
1986-10-11,3.5,0.0991088,0.03158380164067158
1986-10-12,3.4,0.09627712,0.030681407308080964
1986-10-13,3.5,0.0991088,0.03158380164067158
1986-10-14,4.1,0.11609887999999999,0.03699816763621528
1986-10-15,5.6,0.15857407999999998,0.05053408262507453
1986-10-16,5.9,0.16706912000000002,0.05324126562284639
1986-10-17,4.8,0.13592063999999998,0.04331492796434959
1986-10-18,3.9,0.11043552,0.03519337897103405
1986-10-19,3.4,0.09627712,0.030681407308080964
1986-10-20,3.0,0.0849504,0.0270718299777185
1986-10-21,2.8,0.07928703999999999,0.025267041312537264
1986-10-22,2.6,0.07362368,0.023462252647356033
1986-10-23,2.5,0.070792,0.022559858314765414
1986-10-24,2.5,0.070792,0.022559858314765414
1986-10-25,3.3,0.09344543999999999,0.029779012975490345
1986-10-26,4.1,0.11609887999999999,0.03699816763621528
1986-10-27,3.3,0.09344543999999999,0.029779012975490345
1986-10-28,3.3,0.09344543999999999,0.029779012975490345
1986-10-29,3.3,0.09344543999999999,0.029779012975490345
1986-10-30,3.1,0.08778208,0.027974224310309114
1986-10-31,3.0,0.0849504,0.0270718299777185
1986-11-01,3.0,0.0849504,0.0270718299777185
1986-11-02,3.0,0.0849504,0.0270718299777185
1986-11-03,3.0,0.0849504,0.0270718299777185
1986-11-04,3.0,0.0849504,0.0270718299777185
1986-11-05,2.9,0.08211871999999999,0.02616943564512788
1986-11-06,2.9,0.08211871999999999,0.02616943564512788
1986-11-07,3.0,0.0849504,0.0270718299777185
1986-11-08,2.9,0.08211871999999999,0.02616943564512788
1986-11-09,2.8,0.07928703999999999,0.025267041312537264
1986-11-10,2.8,0.07928703999999999,0.025267041312537264
1986-11-11,2.8,0.07928703999999999,0.025267041312537264
1986-11-12,2.7,0.07645536,0.02436464697994665
1986-11-13,2.6,0.07362368,0.023462252647356033
1986-11-14,2.5,0.070792,0.022559858314765414
1986-11-15,2.6,0.07362368,0.023462252647356033
1986-11-16,2.9,0.08211871999999999,0.02616943564512788
1986-11-17,3.2,0.09061376,0.028876618642899733
1986-11-18,3.8,0.10760383999999999,0.03429098463844343
1986-11-19,5.7,0.16140576,0.05143647695766515
1986-11-20,6.9,0.19538592000000002,0.06226520894875255
1986-11-21,6.5,0.1840592,0.05865563161839008
1986-11-22,5.5,0.1557424,0.04963168829248392
1986-11-23,5.2,0.14724736,0.046924505294712066
1986-11-24,4.8,0.13592063999999998,0.04331492796434959
1986-11-25,4.2,0.11893056,0.0379005619688059
1986-11-26,5.8,0.16423743999999998,0.05233887129025576
1986-11-27,9.9,0.28033632,0.08933703892647106
1986-11-28,12.0,0.3398016,0.108287319910874
1986-11-29,48.0,1.3592064,0.433149279643496
1986-11-30,337.0,9.5427616,3.0410689008303784
1986-12-01,835.0,23.644528,7.534992677131649
1986-12-02,848.0,24.0126464,7.652303940368429
1986-12-03,742.0,21.0110656,6.695765947822375
1986-12-04,622.0,17.6130496,5.6128927487136355
1986-12-05,508.0,14.3849344,4.584163209560333
1986-12-06,407.0,11.5249376,3.6727449336438096
1986-12-07,333.0,9.4294944,3.0049731275267533
1986-12-08,276.0,7.8154368,2.490608357950102
1986-12-09,233.0,6.5978144,2.1025787949361368
1986-12-10,257.0,7.2774176,2.319153434757885
1986-12-11,836.0,23.6728448,7.544016620457555
1986-12-12,1350.0,38.22768,12.182323489973324
1986-12-13,1500.0,42.4752,13.53591498885925
1986-12-14,1310.0,37.095008,11.821365756937078
1986-12-15,1000.0,28.3168,9.023943325906167
1986-12-16,773.0,21.8888864,6.975508190925467
1986-12-17,653.0,18.4908704,5.892634991816726
1986-12-18,560.0,15.857408,5.053408262507453
1986-12-19,469.0,13.2805792,4.232229419849992
1986-12-20,393.0,11.1285024,3.5464097270811235
1986-12-21,333.0,9.4294944,3.0049731275267533
1986-12-22,284.0,8.0419712,2.5627999045573513
1986-12-23,330.0,9.344543999999999,2.9779012975490344
1986-12-24,474.0,13.4221632,4.277349136479523
1986-12-25,472.0,13.3655296,4.25930124982771
1986-12-26,428.0,12.1195904,3.8622477434878393
1986-12-27,371.0,10.5055328,3.3478829739111875
1986-12-28,317.0,8.9764256,2.860590034312255
1986-12-29,271.0,7.6738528,2.445488641320571
1986-12-30,232.0,6.5694976,2.0935548516102305
1986-12-31,205.0,5.804944,1.849908381810764
1987-01-01,469.0,13.2805792,4.232229419849992
1987-01-02,583.0,16.5086944,5.260958959003295
1987-01-03,590.0,16.706912,5.324126562284638
1987-01-04,565.0,15.998992,5.098527979136984
1987-01-05,613.0,17.3581984,5.53167725878048
1987-01-06,622.0,17.6130496,5.6128927487136355
1987-01-07,574.0,16.2538432,5.179743469070139
1987-01-08,496.0,14.0451328,4.475875889649458
1987-01-09,420.0,11.893056,3.79005619688059
1987-01-10,399.0,11.2984032,3.6005533870365602
1987-01-11,430.0,12.176224,3.8802956301396514
1987-01-12,401.0,11.3550368,3.618601273688373
1987-01-13,356.0,10.0807808,3.212523824022595
1987-01-14,309.0,8.7498912,2.7883984877050056
1987-01-15,281.0,7.9570208,2.5357280745796325
1987-01-16,383.0,10.8453344,3.456170293822062
1987-01-17,1010.0,28.599968,9.114182759165228
1987-01-18,1200.0,33.98016,10.828731991087398
1987-01-19,1180.0,33.413824,10.648253124569276
1987-01-20,1070.0,30.298976,9.655619358719598
1987-01-21,898.0,25.4284864,8.103501106663737
1987-01-22,794.0,22.4835392,7.165011000769496
1987-01-23,748.0,21.1809664,6.749909607777812
1987-01-24,667.0,18.8873056,6.018970198379414
1987-01-25,607.0,17.1882976,5.477533598825042
1987-01-26,586.0,16.5936448,5.288030788981014
1987-01-27,531.0,15.0362208,4.791713906056175
1987-01-28,459.0,12.9974112,4.14198998659093
1987-01-29,395.0,11.185136,3.5644576137329356
1987-01-30,344.0,9.7409792,3.104236504111721
1987-01-31,304.0,8.6083072,2.7432787710754747
1987-02-01,265.0,7.503952,2.391344981365134
1987-02-02,234.0,6.6261312,2.111602738262043
1987-02-03,218.0,6.1730624,1.9672196450475443
1987-02-04,195.0,5.521776,1.7596689485517025
1987-02-05,181.0,5.1253408,1.6333337419890162
1987-02-06,189.0,5.3518752,1.7055252885962655
1987-02-07,191.0,5.4085088,1.7235731752480778
1987-02-08,208.0,5.8898944,1.8769802117884826
1987-02-09,194.0,5.4934592,1.7506450052257962
1987-02-10,173.0,4.8988064,1.5611421953817668
1987-02-11,152.0,4.3041536,1.3716393855377373
1987-02-12,133.0,3.7661344,1.20018446234552
1987-02-13,118.0,3.3413824,1.0648253124569276
1987-02-14,103.0,2.9166304,0.9294661625683351
1987-02-15,91.0,2.5768288,0.8211788426574611
1987-02-16,217.0,6.1447456,1.9581957017216383
1987-02-17,378.0,10.7037504,3.411050577192531
1987-02-18,446.0,12.6292928,4.0246787233541506
1987-02-19,429.0,12.1479072,3.8712716868137456
1987-02-20,374.0,10.5904832,3.374954803888906
1987-02-21,408.0,11.5532544,3.681768876969716
1987-02-22,502.0,14.2150336,4.530019549604895
1987-02-23,786.0,22.2570048,7.092819454162247
1987-02-24,862.0,24.4090816,7.778639146931115
1987-02-25,810.0,22.936608,7.309394093983995
1987-02-26,695.0,19.680176,6.271640611504785
1987-02-27,590.0,16.706912,5.324126562284638
1987-02-28,500.0,14.1584,4.5119716629530835
1987-03-01,526.0,14.8946368,4.746594189426644
1987-03-02,518.0,14.6681024,4.674402642819394
1987-03-03,463.0,13.1106784,4.178085759894555
1987-03-04,390.0,11.043552,3.519337897103405
1987-03-05,322.0,9.1180096,2.905709750941786
1987-03-06,266.0,7.5322688,2.40036892469104
1987-03-07,236.0,6.6827648,2.129650624913855
1987-03-08,346.0,9.7976128,3.1222843907635336
1987-03-09,392.0,11.1001856,3.537385783755217
1987-03-10,379.0,10.7320672,3.420074520518437
1987-03-11,331.0,9.3728608,2.986925240874941
1987-03-12,297.0,8.4100896,2.680111167794131
1987-03-13,267.0,7.5605856,2.4093928680169463
1987-03-14,234.0,6.6261312,2.111602738262043
1987-03-15,202.0,5.7199936,1.8228365518330454
1987-03-16,173.0,4.8988064,1.5611421953817668
1987-03-17,148.0,4.1908864,1.3355436122341127
1987-03-18,198.0,5.6067264,1.7867407785294211
1987-03-19,669.0,18.9439392,6.037018085031225
1987-03-20,802.0,22.7100736,7.237202547376746
1987-03-21,769.0,21.7756192,6.939412417621842
1987-03-22,648.0,18.3492864,5.847515275187196
1987-03-23,529.0,14.9795872,4.773666019404362
1987-03-24,422.0,11.9496896,3.808104083532402
1987-03-25,351.0,9.9391968,3.167404107393064
1987-03-26,303.0,8.5799904,2.7342548277495684
1987-03-27,308.0,8.7215744,2.7793745443790994
1987-03-28,453.0,12.8275104,4.087846326635494
1987-03-29,571.0,16.1688928,5.1526716390924205
1987-03-30,1420.0,40.209856,12.813999522786757
1987-03-31,2560.0,72.491008,23.101294914319784
1987-04-01,2650.0,75.03952,23.91344981365134
1987-04-02,1980.0,56.067264,17.86740778529421
1987-04-03,1260.0,35.679168,11.370168590641768
1987-04-04,853.0,24.1542304,7.69742365699796
1987-04-05,638.0,18.0661184,5.757275841928134
1987-04-06,495.0,14.016816,4.466851946323552
1987-04-07,391.0,11.0718688,3.5283618404293113
1987-04-08,315.0,8.919792,2.842542147660442
1987-04-09,256.0,7.2491008,2.3101294914319785
1987-04-10,208.0,5.8898944,1.8769802117884826
1987-04-11,168.0,4.7572224,1.5160224787522358
1987-04-12,135.0,3.822768,1.2182323489973323
1987-04-13,109.0,3.0865312,0.9836098225237722
1987-04-14,89.0,2.5201952,0.8031309560056488
1987-04-15,75.0,2.12376,0.6767957494429624
1987-04-16,63.0,1.7839584,0.5685084295320885
1987-04-17,51.0,1.4441568,0.4602211096212145
1987-04-18,42.0,1.1893056,0.37900561968805896
1987-04-19,35.0,0.991088,0.3158380164067158
1987-04-20,29.0,0.8211872,0.2616943564512788
1987-04-21,24.0,0.6796032,0.216574639821748
1987-04-22,20.0,0.566336,0.1804788665181233
1987-04-23,18.0,0.5097024,0.162430979866311
1987-04-24,15.0,0.424752,0.1353591498885925
1987-04-25,14.0,0.3964352,0.12633520656268632
1987-04-26,12.0,0.3398016,0.108287319910874
1987-04-27,11.0,0.3114848,0.09926337658496784
1987-04-28,9.9,0.28033632,0.08933703892647106
1987-04-29,9.0,0.2548512,0.0812154899331555
1987-04-30,8.4,0.23786112,0.0758011239376118
1987-05-01,7.8,0.22087104,0.0703867579420681
1987-05-02,7.3,0.20671264,0.06587478627911501
1987-05-03,7.0,0.1982176,0.06316760328134316
1987-05-04,6.7,0.18972256,0.06046042028357132
1987-05-05,6.8,0.19255424,0.06136281461616193
1987-05-06,13.0,0.3681184,0.11731126323678016
1987-05-07,11.0,0.3114848,0.09926337658496784
1987-05-08,9.3,0.26334624,0.08392267293092735
1987-05-09,8.3,0.23502944,0.07489872960502118
1987-05-10,7.3,0.20671264,0.06587478627911501
1987-05-11,6.7,0.18972256,0.06046042028357132
1987-05-12,6.4,0.18122752,0.057753237285799466
1987-05-13,6.2,0.17556416,0.05594844862061823
1987-05-14,6.2,0.17556416,0.05594844862061823
1987-05-15,7.0,0.1982176,0.06316760328134316
1987-05-16,13.0,0.3681184,0.11731126323678016
1987-05-17,16.0,0.4530688,0.14438309321449866
1987-05-18,16.0,0.4530688,0.14438309321449866
1987-05-19,13.0,0.3681184,0.11731126323678016
1987-05-20,11.0,0.3114848,0.09926337658496784
1987-05-21,20.0,0.566336,0.1804788665181233
1987-05-22,111.0,3.1431648,1.0016577091755845
1987-05-23,83.0,2.3502944,0.7489872960502119
1987-05-24,56.0,1.5857408,0.5053408262507453
1987-05-25,40.0,1.132672,0.3609577330362466
1987-05-26,29.0,0.8211872,0.2616943564512788
1987-05-27,21.0,0.5946528,0.18950280984402948
1987-05-28,16.0,0.4530688,0.14438309321449866
1987-05-29,13.0,0.3681184,0.11731126323678016
1987-05-30,10.0,0.283168,0.09023943325906165
1987-05-31,8.2,0.23219775999999998,0.07399633527243056
1987-06-01,6.7,0.18972256,0.06046042028357132
1987-06-02,5.8,0.16423743999999998,0.05233887129025576
1987-06-03,5.3,0.15007904,0.04782689962730268
1987-06-04,19.0,0.5380192,0.17145492319221717
1987-06-05,63.0,1.7839584,0.5685084295320885
1987-06-06,32.0,0.9061376,0.2887661864289973
1987-06-07,21.0,0.5946528,0.18950280984402948
1987-06-08,15.0,0.424752,0.1353591498885925
1987-06-09,12.0,0.3398016,0.108287319910874
1987-06-10,9.5,0.2690096,0.08572746159610858
1987-06-11,7.5,0.212376,0.06767957494429624
1987-06-12,6.5,0.1840592,0.05865563161839008
1987-06-13,7.1,0.20104928,0.06406999761393378
1987-06-14,27.0,0.7645535999999999,0.24364646979946647
1987-06-15,80.0,2.265344,0.7219154660724932
1987-06-16,91.0,2.5768288,0.8211788426574611
1987-06-17,133.0,3.7661344,1.20018446234552
1987-06-18,177.0,5.0120736,1.5972379686853915
1987-06-19,181.0,5.1253408,1.6333337419890162
1987-06-20,158.0,4.4740544,1.4257830454931744
1987-06-21,157.0,4.4457376,1.416759102167268
1987-06-22,303.0,8.5799904,2.7342548277495684
1987-06-23,535.0,15.149488,4.827809679359799
1987-06-24,865.0,24.494032,7.805710976908834
1987-06-25,864.0,24.465715199999998,7.796687033582927
1987-06-26,738.0,20.8977984,6.659670174518751
1987-06-27,618.0,17.4997824,5.576796975410011
1987-06-28,522.0,14.7813696,4.710498416123019
1987-06-29,432.0,12.232857599999999,3.8983435167914635
1987-06-30,347.0,9.8259296,3.13130833408944
1987-07-01,300.0,8.49504,2.7071829977718496
1987-07-02,248.0,7.0225664,2.237937944824729
1987-07-03,197.0,5.5784096,1.7777168352035146
1987-07-04,289.0,8.1835552,2.6079196211868823
1987-07-05,343.0,9.7126624,3.0952125607858147
1987-07-06,372.0,10.5338496,3.356906917237094
1987-07-07,355.0,10.052464,3.2034998806966892
1987-07-08,348.0,9.8542464,3.1403322774153457
1987-07-09,359.0,10.1657312,3.2395956540003135
1987-07-10,297.0,8.4100896,2.680111167794131
1987-07-11,235.0,6.6544479999999995,2.120626681587949
1987-07-12,184.0,5.2102912,1.6604055719667348
1987-07-13,135.0,3.822768,1.2182323489973323
1987-07-14,104.0,2.9449472,0.9384901058942413
1987-07-15,115.0,3.2564319999999998,1.037753482479209
1987-07-16,89.0,2.5201952,0.8031309560056488
1987-07-17,64.0,1.8122752,0.5775323728579946
1987-07-18,49.0,1.3875232,0.44217322296940215
1987-07-19,48.0,1.3592064,0.433149279643496
1987-07-20,33.0,0.9344544,0.2977901297549035
1987-07-21,25.0,0.70792,0.22559858314765416
1987-07-22,20.0,0.566336,0.1804788665181233
1987-07-23,20.0,0.566336,0.1804788665181233
1987-07-24,17.0,0.48138559999999997,0.15340703654040483
1987-07-25,14.0,0.3964352,0.12633520656268632
1987-07-26,13.0,0.3681184,0.11731126323678016
1987-07-27,18.0,0.5097024,0.162430979866311
1987-07-28,17.0,0.48138559999999997,0.15340703654040483
1987-07-29,23.0,0.6512864,0.20755069649584185
1987-07-30,32.0,0.9061376,0.2887661864289973
1987-07-31,77.0,2.1803936,0.6948436360947748
1987-08-01,96.0,2.7184128,0.866298559286992
1987-08-02,125.0,3.5396,1.1279929157382709
1987-08-03,463.0,13.1106784,4.178085759894555
1987-08-04,420.0,11.893056,3.79005619688059
1987-08-05,356.0,10.0807808,3.212523824022595
1987-08-06,277.0,7.8437536,2.499632301276008
1987-08-07,212.0,6.0031616,1.9130759850921073
1987-08-08,155.0,4.389104,1.3987112155154557
1987-08-09,109.0,3.0865312,0.9836098225237722
1987-08-10,75.0,2.12376,0.6767957494429624
1987-08-11,50.0,1.41584,0.4511971662953083
1987-08-12,33.0,0.9344544,0.2977901297549035
1987-08-13,54.0,1.5291071999999999,0.48729293959893294
1987-08-14,183.0,5.1819744,1.6513816286408283
1987-08-15,648.0,18.3492864,5.847515275187196
1987-08-16,1430.0,40.493024,12.904238956045818
1987-08-17,1780.0,50.403904,16.062619120112974
1987-08-18,1480.0,41.908864,13.355436122341127
1987-08-19,1060.0,30.015808,9.565379925460537
1987-08-20,798.0,22.5968064,7.2011067740731205
1987-08-21,647.0,18.3209696,5.83849133186129
1987-08-22,504.0,14.2716672,4.548067436256708
1987-08-23,371.0,10.5055328,3.3478829739111875
1987-08-24,269.0,7.6172192,2.427440754668759
1987-08-25,192.0,5.4368256,1.732597118573984
1987-08-26,137.0,3.8794016,1.2362802356491447
1987-08-27,97.0,2.7467296,0.8753225026128981
1987-08-28,70.0,1.982176,0.6316760328134317
1987-08-29,51.0,1.4441568,0.4602211096212145
1987-08-30,39.0,1.1043552,0.3519337897103405
1987-08-31,29.0,0.8211872,0.2616943564512788
1987-09-01,22.0,0.6229696,0.19852675316993568
1987-09-02,18.0,0.5097024,0.162430979866311
1987-09-03,16.0,0.4530688,0.14438309321449866
1987-09-04,16.0,0.4530688,0.14438309321449866
1987-09-05,39.0,1.1043552,0.3519337897103405
1987-09-06,140.0,3.964352,1.2633520656268633
1987-09-07,238.0,6.7393984,2.1476985115656677
1987-09-08,234.0,6.6261312,2.111602738262043
1987-09-09,192.0,5.4368256,1.732597118573984
1987-09-10,152.0,4.3041536,1.3716393855377373
1987-09-11,121.0,3.4263328,1.0918971424346462
1987-09-12,154.0,4.3607872,1.3896872721895497
1987-09-13,242.0,6.8526656,2.1837942848692924
1987-09-14,289.0,8.1835552,2.6079196211868823
1987-09-15,287.0,8.1269216,2.5898717345350697
1987-09-16,239.0,6.7677152,2.1567224548915735
1987-09-17,192.0,5.4368256,1.732597118573984
1987-09-18,155.0,4.389104,1.3987112155154557
1987-09-19,126.0,3.5679168,1.137016859064177
1987-09-20,110.0,3.114848,0.9926337658496782
1987-09-21,95.0,2.690096,0.8572746159610858
1987-09-22,75.0,2.12376,0.6767957494429624
1987-09-23,56.0,1.5857408,0.5053408262507453
1987-09-24,41.0,1.1609888,0.3699816763621528
1987-09-25,30.0,0.849504,0.270718299777185
1987-09-26,22.0,0.6229696,0.19852675316993568
1987-09-27,17.0,0.48138559999999997,0.15340703654040483
1987-09-28,13.0,0.3681184,0.11731126323678016
1987-09-29,10.0,0.283168,0.09023943325906165
1987-09-30,8.5,0.24069279999999998,0.07670351827020241
1987-10-01,7.1,0.20104928,0.06406999761393378
1987-10-02,6.0,0.1699008,0.054143659955437
1987-10-03,5.3,0.15007904,0.04782689962730268
1987-10-04,4.6,0.13025727999999998,0.04151013929916836
1987-10-05,4.1,0.11609887999999999,0.03699816763621528
1987-10-06,3.7,0.10477216,0.03338859030585282
1987-10-07,3.5,0.0991088,0.03158380164067158
1987-10-08,3.1,0.08778208,0.027974224310309114
1987-10-09,3.0,0.0849504,0.0270718299777185
1987-10-10,2.9,0.08211871999999999,0.02616943564512788
1987-10-11,2.8,0.07928703999999999,0.025267041312537264
1987-10-12,2.8,0.07928703999999999,0.025267041312537264
1987-10-13,2.8,0.07928703999999999,0.025267041312537264
1987-10-14,2.6,0.07362368,0.023462252647356033
1987-10-15,2.5,0.070792,0.022559858314765414
1987-10-16,2.5,0.070792,0.022559858314765414
1987-10-17,2.5,0.070792,0.022559858314765414
1987-10-18,2.5,0.070792,0.022559858314765414
1987-10-19,2.5,0.070792,0.022559858314765414
1987-10-20,2.5,0.070792,0.022559858314765414
1987-10-21,2.6,0.07362368,0.023462252647356033
1987-10-22,2.5,0.070792,0.022559858314765414
1987-10-23,2.5,0.070792,0.022559858314765414
1987-10-24,2.5,0.070792,0.022559858314765414
1987-10-25,2.6,0.07362368,0.023462252647356033
1987-10-26,2.6,0.07362368,0.023462252647356033
1987-10-27,2.6,0.07362368,0.023462252647356033
1987-10-28,2.7,0.07645536,0.02436464697994665
1987-10-29,2.8,0.07928703999999999,0.025267041312537264
1987-10-30,2.9,0.08211871999999999,0.02616943564512788
1987-10-31,3.1,0.08778208,0.027974224310309114
1987-11-01,3.4,0.09627712,0.030681407308080964
1987-11-02,4.0,0.1132672,0.036095773303624665
1987-11-03,5.0,0.141584,0.04511971662953083
1987-11-04,8.5,0.24069279999999998,0.07670351827020241
1987-11-05,9.7,0.27467295999999997,0.0875322502612898
1987-11-06,11.0,0.3114848,0.09926337658496784
1987-11-07,8.7,0.24635615999999996,0.07850830693538363
1987-11-08,7.2,0.20388096,0.06497239194652439
1987-11-09,6.7,0.18972256,0.06046042028357132
1987-11-10,8.2,0.23219775999999998,0.07399633527243056
1987-11-11,7.3,0.20671264,0.06587478627911501
1987-11-12,6.9,0.19538592000000002,0.06226520894875255
1987-11-13,7.0,0.1982176,0.06316760328134316
1987-11-14,6.8,0.19255424,0.06136281461616193
1987-11-15,6.6,0.18689087999999998,0.05955802595098069
1987-11-16,6.6,0.18689087999999998,0.05955802595098069
1987-11-17,26.0,0.7362368,0.23462252647356033
1987-11-18,117.0,3.3130656,1.0558013691310215
1987-11-19,139.0,3.9360352,1.2543281223009572
1987-11-20,154.0,4.3607872,1.3896872721895497
1987-11-21,139.0,3.9360352,1.2543281223009572
1987-11-22,118.0,3.3413824,1.0648253124569276
1987-11-23,101.0,2.8599968,0.9114182759165227
1987-11-24,86.0,2.4352448,0.7760591260279303
1987-11-25,75.0,2.12376,0.6767957494429624
1987-11-26,65.0,1.840592,0.5865563161839008
1987-11-27,59.0,1.6706912,0.5324126562284638
1987-11-28,56.0,1.5857408,0.5053408262507453
1987-11-29,53.0,1.5007904,0.4782689962730268
1987-11-30,48.0,1.3592064,0.433149279643496
1987-12-01,42.0,1.1893056,0.37900561968805896
1987-12-02,36.0,1.0194048,0.324861959732622
1987-12-03,31.0,0.8778208,0.27974224310309115
1987-12-04,28.0,0.7928704,0.25267041312537264
1987-12-05,24.0,0.6796032,0.216574639821748
1987-12-06,22.0,0.6229696,0.19852675316993568
1987-12-07,20.0,0.566336,0.1804788665181233
1987-12-08,18.0,0.5097024,0.162430979866311
1987-12-09,17.0,0.48138559999999997,0.15340703654040483
1987-12-10,16.0,0.4530688,0.14438309321449866
1987-12-11,14.0,0.3964352,0.12633520656268632
1987-12-12,13.0,0.3681184,0.11731126323678016
1987-12-13,13.0,0.3681184,0.11731126323678016
1987-12-14,12.0,0.3398016,0.108287319910874
1987-12-15,13.0,0.3681184,0.11731126323678016
1987-12-16,23.0,0.6512864,0.20755069649584185
1987-12-17,28.0,0.7928704,0.25267041312537264
1987-12-18,24.0,0.6796032,0.216574639821748
1987-12-19,21.0,0.5946528,0.18950280984402948
1987-12-20,20.0,0.566336,0.1804788665181233
1987-12-21,18.0,0.5097024,0.162430979866311
1987-12-22,17.0,0.48138559999999997,0.15340703654040483
1987-12-23,17.0,0.48138559999999997,0.15340703654040483
1987-12-24,19.0,0.5380192,0.17145492319221717
1987-12-25,20.0,0.566336,0.1804788665181233
1987-12-26,19.0,0.5380192,0.17145492319221717
1987-12-27,18.0,0.5097024,0.162430979866311
1987-12-28,17.0,0.48138559999999997,0.15340703654040483
1987-12-29,16.0,0.4530688,0.14438309321449866
1987-12-30,15.0,0.424752,0.1353591498885925
1987-12-31,14.0,0.3964352,0.12633520656268632
1988-01-01,13.0,0.3681184,0.11731126323678016
1988-01-02,13.0,0.3681184,0.11731126323678016
1988-01-03,15.0,0.424752,0.1353591498885925
1988-01-04,20.0,0.566336,0.1804788665181233
1988-01-05,27.0,0.7645535999999999,0.24364646979946647
1988-01-06,30.0,0.849504,0.270718299777185
1988-01-07,28.0,0.7928704,0.25267041312537264
1988-01-08,28.0,0.7928704,0.25267041312537264
1988-01-09,29.0,0.8211872,0.2616943564512788
1988-01-10,37.0,1.0477216,0.33388590305852817
1988-01-11,43.0,1.2176224,0.38802956301396513
1988-01-12,42.0,1.1893056,0.37900561968805896
1988-01-13,39.0,1.1043552,0.3519337897103405
1988-01-14,36.0,1.0194048,0.324861959732622
1988-01-15,32.0,0.9061376,0.2887661864289973
1988-01-16,29.0,0.8211872,0.2616943564512788
1988-01-17,26.0,0.7362368,0.23462252647356033
1988-01-18,26.0,0.7362368,0.23462252647356033
1988-01-19,32.0,0.9061376,0.2887661864289973
1988-01-20,47.0,1.3308896,0.4241253363175898
1988-01-21,116.0,3.2847488,1.0467774258051152
1988-01-22,133.0,3.7661344,1.20018446234552
1988-01-23,133.0,3.7661344,1.20018446234552
1988-01-24,125.0,3.5396,1.1279929157382709
1988-01-25,126.0,3.5679168,1.137016859064177
1988-01-26,137.0,3.8794016,1.2362802356491447
1988-01-27,132.0,3.7378176,1.191160519019614
1988-01-28,121.0,3.4263328,1.0918971424346462
1988-01-29,108.0,3.0582143999999998,0.9745858791978659
1988-01-30,96.0,2.7184128,0.866298559286992
1988-01-31,85.0,2.406928,0.7670351827020242
1988-02-01,75.0,2.12376,0.6767957494429624
1988-02-02,67.0,1.8972256,0.6046042028357131
1988-02-03,60.0,1.699008,0.54143659955437
1988-02-04,53.0,1.5007904,0.4782689962730268
1988-02-05,50.0,1.41584,0.4511971662953083
1988-02-06,54.0,1.5291071999999999,0.48729293959893294
1988-02-07,58.0,1.6423744,0.5233887129025576
1988-02-08,56.0,1.5857408,0.5053408262507453
1988-02-09,51.0,1.4441568,0.4602211096212145
1988-02-10,46.0,1.3025728,0.4151013929916837
1988-02-11,41.0,1.1609888,0.3699816763621528
1988-02-12,37.0,1.0477216,0.33388590305852817
1988-02-13,34.0,0.9627711999999999,0.30681407308080966
1988-02-14,30.0,0.849504,0.270718299777185
1988-02-15,30.0,0.849504,0.270718299777185
1988-02-16,41.0,1.1609888,0.3699816763621528
1988-02-17,43.0,1.2176224,0.38802956301396513
1988-02-18,65.0,1.840592,0.5865563161839008
1988-02-19,807.0,22.8516576,7.282322264006276
1988-02-20,1340.0,37.944511999999996,12.092084056714262
1988-02-21,1550.0,43.89104,13.987112155154557
1988-02-22,1420.0,40.209856,12.813999522786757
1988-02-23,1140.0,32.281152,10.287295391533029
1988-02-24,856.0,24.2391808,7.724495486975679
1988-02-25,665.0,18.830672,6.0009223117276
1988-02-26,532.0,15.0645376,4.80073784938208
1988-02-27,422.0,11.9496896,3.808104083532402
1988-02-28,340.0,9.627712,3.068140730808097
1988-02-29,276.0,7.8154368,2.490608357950102
1988-03-01,227.0,6.4279136,2.0484351349807
1988-03-02,186.0,5.2669248,1.678453458618547
1988-03-03,154.0,4.3607872,1.3896872721895497
1988-03-04,440.0,12.459392,3.970535063398713
1988-03-05,1240.0,35.112832,11.189689724123646
1988-03-06,1830.0,51.819744,16.513816286408286
1988-03-07,1600.0,45.30688,14.438309321449866
1988-03-08,1160.0,32.847488,10.467774258051152
1988-03-09,904.0,25.5983872,8.157644766619175
1988-03-10,845.0,23.927696,7.625232110390711
1988-03-11,711.0,20.1332448,6.416023704719284
1988-03-12,555.0,15.715824,5.008288545877922
1988-03-13,444.0,12.5726592,4.006630836702338
1988-03-14,356.0,10.0807808,3.212523824022595
1988-03-15,285.0,8.070288,2.571823847883257
1988-03-16,226.0,6.3995968,2.0394111916547937
1988-03-17,181.0,5.1253408,1.6333337419890162
1988-03-18,155.0,4.389104,1.3987112155154557
1988-03-19,152.0,4.3041536,1.3716393855377373
1988-03-20,136.0,3.8510847999999998,1.2272562923232386
1988-03-21,117.0,3.3130656,1.0558013691310215
1988-03-22,99.0,2.8033632,0.8933703892647106
1988-03-23,84.0,2.3786112,0.7580112393761179
1988-03-24,72.0,2.0388096,0.649723919465244
1988-03-25,62.0,1.7556416,0.5594844862061823
1988-03-26,75.0,2.12376,0.6767957494429624
1988-03-27,130.0,3.681184,1.1731126323678016
1988-03-28,164.0,4.6439552,1.4799267054486112
1988-03-29,156.0,4.4174208,1.407735158841362
1988-03-30,133.0,3.7661344,1.20018446234552
1988-03-31,113.0,3.1997984,1.0197055958273968
1988-04-01,95.0,2.690096,0.8572746159610858
1988-04-02,81.0,2.2936608,0.7309394093983995
1988-04-03,69.0,1.9538592,0.6226520894875255
1988-04-04,59.0,1.6706912,0.5324126562284638
1988-04-05,50.0,1.41584,0.4511971662953083
1988-04-06,43.0,1.2176224,0.38802956301396513
1988-04-07,37.0,1.0477216,0.33388590305852817
1988-04-08,30.0,0.849504,0.270718299777185
1988-04-09,24.0,0.6796032,0.216574639821748
1988-04-10,20.0,0.566336,0.1804788665181233
1988-04-11,18.0,0.5097024,0.162430979866311
1988-04-12,18.0,0.5097024,0.162430979866311
1988-04-13,23.0,0.6512864,0.20755069649584185
1988-04-14,38.0,1.0760384,0.34290984638443434
1988-04-15,38.0,1.0760384,0.34290984638443434
1988-04-16,34.0,0.9627711999999999,0.30681407308080966
1988-04-17,29.0,0.8211872,0.2616943564512788
1988-04-18,25.0,0.70792,0.22559858314765416
1988-04-19,93.0,2.6334624,0.8392267293092734
1988-04-20,174.0,4.9271232,1.5701661387076729
1988-04-21,187.0,5.2952416,1.687477401944453
1988-04-22,169.0,4.7855392,1.5250464220781421
1988-04-23,140.0,3.964352,1.2633520656268633
1988-04-24,115.0,3.2564319999999998,1.037753482479209
1988-04-25,95.0,2.690096,0.8572746159610858
1988-04-26,78.0,2.2087104,0.703867579420681
1988-04-27,62.0,1.7556416,0.5594844862061823
1988-04-28,48.0,1.3592064,0.433149279643496
1988-04-29,36.0,1.0194048,0.324861959732622
1988-04-30,27.0,0.7645535999999999,0.24364646979946647
1988-05-01,31.0,0.8778208,0.27974224310309115
1988-05-02,37.0,1.0477216,0.33388590305852817
1988-05-03,37.0,1.0477216,0.33388590305852817
1988-05-04,31.0,0.8778208,0.27974224310309115
1988-05-05,24.0,0.6796032,0.216574639821748
1988-05-06,19.0,0.5380192,0.17145492319221717
1988-05-07,15.0,0.424752,0.1353591498885925
1988-05-08,12.0,0.3398016,0.108287319910874
1988-05-09,10.0,0.283168,0.09023943325906165
1988-05-10,8.4,0.23786112,0.0758011239376118
1988-05-11,7.2,0.20388096,0.06497239194652439
1988-05-12,6.1,0.17273248,0.05504605428802761
1988-05-13,5.5,0.1557424,0.04963168829248392
1988-05-14,5.0,0.141584,0.04511971662953083
1988-05-15,4.4,0.12459392000000001,0.039705350633987134
1988-05-16,4.0,0.1132672,0.036095773303624665
1988-05-17,3.9,0.11043552,0.03519337897103405
1988-05-18,24.0,0.6796032,0.216574639821748
1988-05-19,30.0,0.849504,0.270718299777185
1988-05-20,15.0,0.424752,0.1353591498885925
1988-05-21,9.8,0.27750464,0.08843464459388044
1988-05-22,7.2,0.20388096,0.06497239194652439
1988-05-23,5.8,0.16423743999999998,0.05233887129025576
1988-05-24,4.8,0.13592063999999998,0.04331492796434959
1988-05-25,4.7,0.13308896,0.04241253363175898
1988-05-26,4.9,0.13875232,0.04421732229694022
1988-05-27,4.1,0.11609887999999999,0.03699816763621528
1988-05-28,3.8,0.10760383999999999,0.03429098463844343
1988-05-29,3.4,0.09627712,0.030681407308080964
1988-05-30,3.1,0.08778208,0.027974224310309114
1988-05-31,2.8,0.07928703999999999,0.025267041312537264
1988-06-01,2.6,0.07362368,0.023462252647356033
1988-06-02,2.4,0.06796031999999999,0.021657463982174795
1988-06-03,2.3,0.06512863999999999,0.02075506964958418
1988-06-04,2.2,0.062296960000000005,0.019852675316993567
1988-06-05,2.6,0.07362368,0.023462252647356033
1988-06-06,3.6,0.10194048,0.032486195973262195
1988-06-07,4.7,0.13308896,0.04241253363175898
1988-06-08,5.6,0.15857407999999998,0.05053408262507453
1988-06-09,4.7,0.13308896,0.04241253363175898
1988-06-10,3.9,0.11043552,0.03519337897103405
1988-06-11,3.6,0.10194048,0.032486195973262195
1988-06-12,3.1,0.08778208,0.027974224310309114
1988-06-13,2.8,0.07928703999999999,0.025267041312537264
1988-06-14,2.6,0.07362368,0.023462252647356033
1988-06-15,2.4,0.06796031999999999,0.021657463982174795
1988-06-16,2.3,0.06512863999999999,0.02075506964958418
1988-06-17,2.1,0.05946528,0.01895028098440295
1988-06-18,2.0,0.0566336,0.018047886651812332
1988-06-19,2.0,0.0566336,0.018047886651812332
1988-06-20,2.0,0.0566336,0.018047886651812332
1988-06-21,2.2,0.062296960000000005,0.019852675316993567
1988-06-22,2.2,0.062296960000000005,0.019852675316993567
1988-06-23,2.2,0.062296960000000005,0.019852675316993567
1988-06-24,2.2,0.062296960000000005,0.019852675316993567
1988-06-25,2.4,0.06796031999999999,0.021657463982174795
1988-06-26,2.5,0.070792,0.022559858314765414
1988-06-27,2.1,0.05946528,0.01895028098440295
1988-06-28,2.3,0.06512863999999999,0.02075506964958418
1988-06-29,3.2,0.09061376,0.028876618642899733
1988-06-30,2.7,0.07645536,0.02436464697994665
1988-07-01,2.6,0.07362368,0.023462252647356033
1988-07-02,2.9,0.08211871999999999,0.02616943564512788
1988-07-03,2.9,0.08211871999999999,0.02616943564512788
1988-07-04,4.4,0.12459392000000001,0.039705350633987134
1988-07-05,3.7,0.10477216,0.03338859030585282
1988-07-06,3.4,0.09627712,0.030681407308080964
1988-07-07,2.9,0.08211871999999999,0.02616943564512788
1988-07-08,2.4,0.06796031999999999,0.021657463982174795
1988-07-09,2.1,0.05946528,0.01895028098440295
1988-07-10,1.9,0.053801919999999996,0.017145492319221713
1988-07-11,2.8,0.07928703999999999,0.025267041312537264
1988-07-12,3.2,0.09061376,0.028876618642899733
1988-07-13,2.3,0.06512863999999999,0.02075506964958418
1988-07-14,2.1,0.05946528,0.01895028098440295
1988-07-15,2.5,0.070792,0.022559858314765414
1988-07-16,2.4,0.06796031999999999,0.021657463982174795
1988-07-17,2.0,0.0566336,0.018047886651812332
1988-07-18,2.2,0.062296960000000005,0.019852675316993567
1988-07-19,2.7,0.07645536,0.02436464697994665
1988-07-20,2.2,0.062296960000000005,0.019852675316993567
1988-07-21,2.1,0.05946528,0.01895028098440295
1988-07-22,5.5,0.1557424,0.04963168829248392
1988-07-23,8.4,0.23786112,0.0758011239376118
1988-07-24,11.0,0.3114848,0.09926337658496784
1988-07-25,18.0,0.5097024,0.162430979866311
1988-07-26,18.0,0.5097024,0.162430979866311
1988-07-27,13.0,0.3681184,0.11731126323678016
1988-07-28,10.0,0.283168,0.09023943325906165
1988-07-29,8.2,0.23219775999999998,0.07399633527243056
1988-07-30,9.5,0.2690096,0.08572746159610858
1988-07-31,10.0,0.283168,0.09023943325906165
1988-08-01,12.0,0.3398016,0.108287319910874
1988-08-02,43.0,1.2176224,0.38802956301396513
1988-08-03,33.0,0.9344544,0.2977901297549035
1988-08-04,24.0,0.6796032,0.216574639821748
1988-08-05,19.0,0.5380192,0.17145492319221717
1988-08-06,16.0,0.4530688,0.14438309321449866
1988-08-07,13.0,0.3681184,0.11731126323678016
1988-08-08,11.0,0.3114848,0.09926337658496784
1988-08-09,9.3,0.26334624,0.08392267293092735
1988-08-10,33.0,0.9344544,0.2977901297549035
1988-08-11,143.0,4.0493024,1.290423895604582
1988-08-12,192.0,5.4368256,1.732597118573984
1988-08-13,130.0,3.681184,1.1731126323678016
1988-08-14,96.0,2.7184128,0.866298559286992
1988-08-15,249.0,7.0508831999999995,2.2469618881506355
1988-08-16,801.0,22.6817568,7.2281786040508385
1988-08-17,973.0,27.5522464,8.7802968561067
1988-08-18,781.0,22.1154208,7.0476997375327155
1988-08-19,553.0,15.6591904,4.99024065922611
1988-08-20,409.0,11.581571199999999,3.6907928202956217
1988-08-21,364.0,10.3073152,3.2847153706298444
1988-08-22,478.0,13.5354304,4.313444909783147
1988-08-23,504.0,14.2716672,4.548067436256708
1988-08-24,415.0,11.751472,3.744936480251059
1988-08-25,342.0,9.6843456,3.086188617459909
1988-08-26,286.0,8.0986048,2.580847791209164
1988-08-27,241.0,6.8243488,2.174770341543386
1988-08-28,224.0,6.3429632,2.021363305002981
1988-08-29,214.0,6.0597952,1.9311238717439196
1988-08-30,177.0,5.0120736,1.5972379686853915
1988-08-31,199.0,5.6350432,1.7957647218553272
1988-09-01,336.0,9.5144448,3.0320449575044717
1988-09-02,346.0,9.7976128,3.1222843907635336
1988-09-03,301.0,8.5233568,2.7162069410977563
1988-09-04,258.0,7.3057343999999995,2.3281773780837907
1988-09-05,632.0,17.8962176,5.7031321819726974
1988-09-06,1000.0,28.3168,9.023943325906167
1988-09-07,924.0,26.1647232,8.338123633137299
1988-09-08,708.0,20.0482944,6.388951874741566
1988-09-09,603.0,17.0750304,5.441437825521418
1988-09-10,742.0,21.0110656,6.695765947822375
1988-09-11,797.0,22.5684896,7.192082830747214
1988-09-12,705.0,19.963344,6.361880044763847
1988-09-13,571.0,16.1688928,5.1526716390924205
1988-09-14,441.0,12.4877088,3.9795590067246196
1988-09-15,340.0,9.627712,3.068140730808097
1988-09-16,265.0,7.503952,2.391344981365134
1988-09-17,213.0,6.0314784,1.9220999284180136
1988-09-18,183.0,5.1819744,1.6513816286408283
1988-09-19,179.0,5.0687071999999995,1.6152858553372036
1988-09-20,339.0,9.5993952,3.0591167874821905
1988-09-21,328.0,9.2879104,2.9598534108972223
1988-09-22,298.0,8.4384064,2.6891351111200374
1988-09-23,233.0,6.5978144,2.1025787949361368
1988-09-24,177.0,5.0120736,1.5972379686853915
1988-09-25,135.0,3.822768,1.2182323489973323
1988-09-26,104.0,2.9449472,0.9384901058942413
1988-09-27,162.0,4.5873216,1.461878818796799
1988-09-28,174.0,4.9271232,1.5701661387076729
1988-09-29,156.0,4.4174208,1.407735158841362
1988-09-30,131.0,3.7095008,1.1821365756937077
1988-10-01,113.0,3.1997984,1.0197055958273968
1988-10-02,99.0,2.8033632,0.8933703892647106
1988-10-03,367.0,10.3922656,3.3117872006075633
1988-10-04,853.0,24.1542304,7.69742365699796
1988-10-05,1040.0,29.449472,9.384901058942413
1988-10-06,906.0,25.6550208,8.175692653270987
1988-10-07,689.0,19.5102752,6.217496951549348
1988-10-08,516.0,14.611468799999999,4.656354756167581
1988-10-09,378.0,10.7037504,3.411050577192531
1988-10-10,283.0,8.0136544,2.553775961231445
1988-10-11,215.0,6.088112,1.9401478150698257
1988-10-12,163.0,4.6156384,1.470902762122705
1988-10-13,122.0,3.4546495999999998,1.1009210857605523
1988-10-14,89.0,2.5201952,0.8031309560056488
1988-10-15,65.0,1.840592,0.5865563161839008
1988-10-16,49.0,1.3875232,0.44217322296940215
1988-10-17,37.0,1.0477216,0.33388590305852817
1988-10-18,29.0,0.8211872,0.2616943564512788
1988-10-19,22.0,0.6229696,0.19852675316993568
1988-10-20,19.0,0.5380192,0.17145492319221717
1988-10-21,16.0,0.4530688,0.14438309321449866
1988-10-22,13.0,0.3681184,0.11731126323678016
1988-10-23,12.0,0.3398016,0.108287319910874
1988-10-24,10.0,0.283168,0.09023943325906165
1988-10-25,9.2,0.26051455999999995,0.08302027859833672
1988-10-26,8.2,0.23219775999999998,0.07399633527243056
1988-10-27,7.4,0.20954432,0.06677718061170564
1988-10-28,8.2,0.23219775999999998,0.07399633527243056
1988-10-29,9.3,0.26334624,0.08392267293092735
1988-10-30,14.0,0.3964352,0.12633520656268632
1988-10-31,32.0,0.9061376,0.2887661864289973
1988-11-01,24.0,0.6796032,0.216574639821748
1988-11-02,20.0,0.566336,0.1804788665181233
1988-11-03,18.0,0.5097024,0.162430979866311
1988-11-04,16.0,0.4530688,0.14438309321449866
1988-11-05,45.0,1.274256,0.4060774496657775
1988-11-06,102.0,2.8883136,0.920442219242429
1988-11-07,82.0,2.3219776,0.7399633527243056
1988-11-08,73.0,2.0671264,0.65874786279115
1988-11-09,63.0,1.7839584,0.5685084295320885
1988-11-10,54.0,1.5291071999999999,0.48729293959893294
1988-11-11,45.0,1.274256,0.4060774496657775
1988-11-12,38.0,1.0760384,0.34290984638443434
1988-11-13,32.0,0.9061376,0.2887661864289973
1988-11-14,28.0,0.7928704,0.25267041312537264
1988-11-15,25.0,0.70792,0.22559858314765416
1988-11-16,22.0,0.6229696,0.19852675316993568
1988-11-17,20.0,0.566336,0.1804788665181233
1988-11-18,18.0,0.5097024,0.162430979866311
1988-11-19,16.0,0.4530688,0.14438309321449866
1988-11-20,16.0,0.4530688,0.14438309321449866
1988-11-21,28.0,0.7928704,0.25267041312537264
1988-11-22,40.0,1.132672,0.3609577330362466
1988-11-23,43.0,1.2176224,0.38802956301396513
1988-11-24,41.0,1.1609888,0.3699816763621528
1988-11-25,36.0,1.0194048,0.324861959732622
1988-11-26,31.0,0.8778208,0.27974224310309115
1988-11-27,29.0,0.8211872,0.2616943564512788
1988-11-28,105.0,2.973264,0.9475140492201475
1988-11-29,190.0,5.380192,1.7145492319221716
1988-11-30,190.0,5.380192,1.7145492319221716
1988-12-01,162.0,4.5873216,1.461878818796799
1988-12-02,131.0,3.7095008,1.1821365756937077
1988-12-03,107.0,3.0298976,0.9655619358719598
1988-12-04,88.0,2.4918784,0.7941070126797427
1988-12-05,75.0,2.12376,0.6767957494429624
1988-12-06,63.0,1.7839584,0.5685084295320885
1988-12-07,53.0,1.5007904,0.4782689962730268
1988-12-08,45.0,1.274256,0.4060774496657775
1988-12-09,39.0,1.1043552,0.3519337897103405
1988-12-10,34.0,0.9627711999999999,0.30681407308080966
1988-12-11,34.0,0.9627711999999999,0.30681407308080966
1988-12-12,61.0,1.7273247999999999,0.5504605428802761
1988-12-13,82.0,2.3219776,0.7399633527243056
1988-12-14,86.0,2.4352448,0.7760591260279303
1988-12-15,80.0,2.265344,0.7219154660724932
1988-12-16,74.0,2.0954432,0.6677718061170563
1988-12-17,68.0,1.9255423999999999,0.6136281461616193
1988-12-18,60.0,1.699008,0.54143659955437
1988-12-19,52.0,1.4724736,0.46924505294712066
1988-12-20,45.0,1.274256,0.4060774496657775
1988-12-21,40.0,1.132672,0.3609577330362466
1988-12-22,36.0,1.0194048,0.324861959732622
1988-12-23,32.0,0.9061376,0.2887661864289973
1988-12-24,29.0,0.8211872,0.2616943564512788
1988-12-25,27.0,0.7645535999999999,0.24364646979946647
1988-12-26,24.0,0.6796032,0.216574639821748
1988-12-27,22.0,0.6229696,0.19852675316993568
1988-12-28,20.0,0.566336,0.1804788665181233
1988-12-29,20.0,0.566336,0.1804788665181233
1988-12-30,19.0,0.5380192,0.17145492319221717
1988-12-31,19.0,0.5380192,0.17145492319221717
1989-01-01,20.0,0.566336,0.1804788665181233
1989-01-02,23.0,0.6512864,0.20755069649584185
1989-01-03,23.0,0.6512864,0.20755069649584185
1989-01-04,22.0,0.6229696,0.19852675316993568
1989-01-05,20.0,0.566336,0.1804788665181233
1989-01-06,18.0,0.5097024,0.162430979866311
1989-01-07,16.0,0.4530688,0.14438309321449866
1989-01-08,15.0,0.424752,0.1353591498885925
1989-01-09,14.0,0.3964352,0.12633520656268632
1989-01-10,13.0,0.3681184,0.11731126323678016
1989-01-11,12.0,0.3398016,0.108287319910874
1989-01-12,11.0,0.3114848,0.09926337658496784
1989-01-13,11.0,0.3114848,0.09926337658496784
1989-01-14,10.0,0.283168,0.09023943325906165
1989-01-15,9.7,0.27467295999999997,0.0875322502612898
1989-01-16,8.9,0.25201952,0.08031309560056488
1989-01-17,8.1,0.22936608,0.07309394093983995
1989-01-18,7.3,0.20671264,0.06587478627911501
1989-01-19,6.6,0.18689087999999998,0.05955802595098069
1989-01-20,6.2,0.17556416,0.05594844862061823
1989-01-21,6.4,0.18122752,0.057753237285799466
1989-01-22,7.4,0.20954432,0.06677718061170564
1989-01-23,8.7,0.24635615999999996,0.07850830693538363
1989-01-24,8.8,0.24918784000000002,0.07941070126797427
1989-01-25,7.9,0.22370272,0.07128915227465871
1989-01-26,7.2,0.20388096,0.06497239194652439
1989-01-27,6.5,0.1840592,0.05865563161839008
1989-01-28,6.0,0.1699008,0.054143659955437
1989-01-29,5.4,0.15291072,0.0487292939598933
1989-01-30,4.9,0.13875232,0.04421732229694022
1989-01-31,4.5,0.1274256,0.04060774496657775
1989-02-01,4.1,0.11609887999999999,0.03699816763621528
1989-02-02,3.9,0.11043552,0.03519337897103405
1989-02-03,3.5,0.0991088,0.03158380164067158
1989-02-04,3.3,0.09344543999999999,0.029779012975490345
1989-02-05,3.2,0.09061376,0.028876618642899733
1989-02-06,3.0,0.0849504,0.0270718299777185
1989-02-07,3.0,0.0849504,0.0270718299777185
1989-02-08,2.8,0.07928703999999999,0.025267041312537264
1989-02-09,2.7,0.07645536,0.02436464697994665
1989-02-10,2.7,0.07645536,0.02436464697994665
1989-02-11,2.5,0.070792,0.022559858314765414
1989-02-12,2.5,0.070792,0.022559858314765414
1989-02-13,2.3,0.06512863999999999,0.02075506964958418
1989-02-14,2.3,0.06512863999999999,0.02075506964958418
1989-02-15,2.2,0.062296960000000005,0.019852675316993567
1989-02-16,2.1,0.05946528,0.01895028098440295
1989-02-17,2.0,0.0566336,0.018047886651812332
1989-02-18,1.9,0.053801919999999996,0.017145492319221713
1989-02-19,1.8,0.05097024,0.016243097986631098
1989-02-20,1.8,0.05097024,0.016243097986631098
1989-02-21,7.3,0.20671264,0.06587478627911501
1989-02-22,73.0,2.0671264,0.65874786279115
1989-02-23,104.0,2.9449472,0.9384901058942413
1989-02-24,103.0,2.9166304,0.9294661625683351
1989-02-25,89.0,2.5201952,0.8031309560056488
1989-02-26,75.0,2.12376,0.6767957494429624
1989-02-27,66.0,1.8689088,0.595580259509807
1989-02-28,57.0,1.6140576,0.5143647695766514
1989-03-01,49.0,1.3875232,0.44217322296940215
1989-03-02,44.0,1.2459392,0.39705350633987135
1989-03-03,65.0,1.840592,0.5865563161839008
1989-03-04,82.0,2.3219776,0.7399633527243056
1989-03-05,87.0,2.4635616,0.7850830693538364
1989-03-06,81.0,2.2936608,0.7309394093983995
1989-03-07,71.0,2.0104928,0.6406999761393378
1989-03-08,60.0,1.699008,0.54143659955437
1989-03-09,51.0,1.4441568,0.4602211096212145
1989-03-10,43.0,1.2176224,0.38802956301396513
1989-03-11,37.0,1.0477216,0.33388590305852817
1989-03-12,31.0,0.8778208,0.27974224310309115
1989-03-13,26.0,0.7362368,0.23462252647356033
1989-03-14,22.0,0.6229696,0.19852675316993568
1989-03-15,19.0,0.5380192,0.17145492319221717
1989-03-16,16.0,0.4530688,0.14438309321449866
1989-03-17,14.0,0.3964352,0.12633520656268632
1989-03-18,12.0,0.3398016,0.108287319910874
1989-03-19,11.0,0.3114848,0.09926337658496784
1989-03-20,9.8,0.27750464,0.08843464459388044
1989-03-21,14.0,0.3964352,0.12633520656268632
1989-03-22,95.0,2.690096,0.8572746159610858
1989-03-23,289.0,8.1835552,2.6079196211868823
1989-03-24,473.0,13.3938464,4.268325193153617
1989-03-25,564.0,15.9706752,5.089504035811078
1989-03-26,518.0,14.6681024,4.674402642819394
1989-03-27,438.0,12.4027584,3.9524871767469008
1989-03-28,366.0,10.3639488,3.3027632572816565
1989-03-29,302.0,8.551673599999999,2.725230884423662
1989-03-30,258.0,7.3057343999999995,2.3281773780837907
1989-03-31,239.0,6.7677152,2.1567224548915735
1989-04-01,215.0,6.088112,1.9401478150698257
1989-04-02,177.0,5.0120736,1.5972379686853915
1989-04-03,139.0,3.9360352,1.2543281223009572
1989-04-04,108.0,3.0582143999999998,0.9745858791978659
1989-04-05,83.0,2.3502944,0.7489872960502119
1989-04-06,67.0,1.8972256,0.6046042028357131
1989-04-07,55.0,1.557424,0.4963168829248391
1989-04-08,43.0,1.2176224,0.38802956301396513
1989-04-09,34.0,0.9627711999999999,0.30681407308080966
1989-04-10,27.0,0.7645535999999999,0.24364646979946647
1989-04-11,24.0,0.6796032,0.216574639821748
1989-04-12,20.0,0.566336,0.1804788665181233
1989-04-13,17.0,0.48138559999999997,0.15340703654040483
1989-04-14,14.0,0.3964352,0.12633520656268632
1989-04-15,13.0,0.3681184,0.11731126323678016
1989-04-16,19.0,0.5380192,0.17145492319221717
1989-04-17,25.0,0.70792,0.22559858314765416
1989-04-18,24.0,0.6796032,0.216574639821748
1989-04-19,20.0,0.566336,0.1804788665181233
1989-04-20,22.0,0.6229696,0.19852675316993568
1989-04-21,19.0,0.5380192,0.17145492319221717
1989-04-22,15.0,0.424752,0.1353591498885925
1989-04-23,13.0,0.3681184,0.11731126323678016
1989-04-24,11.0,0.3114848,0.09926337658496784
1989-04-25,8.5,0.24069279999999998,0.07670351827020241
1989-04-26,6.9,0.19538592000000002,0.06226520894875255
1989-04-27,5.7,0.16140576,0.05143647695766515
1989-04-28,4.6,0.13025727999999998,0.04151013929916836
1989-04-29,3.7,0.10477216,0.03338859030585282
1989-04-30,3.3,0.09344543999999999,0.029779012975490345
1989-05-01,5.1,0.14441568,0.04602211096212144
1989-05-02,13.0,0.3681184,0.11731126323678016
1989-05-03,10.0,0.283168,0.09023943325906165
1989-05-04,8.9,0.25201952,0.08031309560056488
1989-05-05,7.0,0.1982176,0.06316760328134316
1989-05-06,5.5,0.1557424,0.04963168829248392
1989-05-07,4.0,0.1132672,0.036095773303624665
1989-05-08,3.0,0.0849504,0.0270718299777185
1989-05-09,2.5,0.070792,0.022559858314765414
1989-05-10,3.2,0.09061376,0.028876618642899733
1989-05-11,4.1,0.11609887999999999,0.03699816763621528
1989-05-12,3.2,0.09061376,0.028876618642899733
1989-05-13,2.4,0.06796031999999999,0.021657463982174795
1989-05-14,2.1,0.05946528,0.01895028098440295
1989-05-15,1.9,0.053801919999999996,0.017145492319221713
1989-05-16,1.7,0.04813856,0.015340703654040482
1989-05-17,1.5,0.0424752,0.01353591498885925
1989-05-18,1.2,0.033980159999999995,0.010828731991087397
1989-05-19,1.1,0.031148480000000003,0.009926337658496783
1989-05-20,1.0,0.0283168,0.009023943325906166
1989-05-21,2.9,0.08211871999999999,0.02616943564512788
1989-05-22,5.1,0.14441568,0.04602211096212144
1989-05-23,4.4,0.12459392000000001,0.039705350633987134
1989-05-24,17.0,0.48138559999999997,0.15340703654040483
1989-05-25,23.0,0.6512864,0.20755069649584185
1989-05-26,14.0,0.3964352,0.12633520656268632
1989-05-27,11.0,0.3114848,0.09926337658496784
1989-05-28,8.3,0.23502944,0.07489872960502118
1989-05-29,5.8,0.16423743999999998,0.05233887129025576
1989-05-30,4.1,0.11609887999999999,0.03699816763621528
1989-05-31,2.9,0.08211871999999999,0.02616943564512788
1989-06-01,2.1,0.05946528,0.01895028098440295
1989-06-02,1.9,0.053801919999999996,0.017145492319221713
1989-06-03,1.5,0.0424752,0.01353591498885925
1989-06-04,1.2,0.033980159999999995,0.010828731991087397
1989-06-05,1.0,0.0283168,0.009023943325906166
1989-06-06,2.1,0.05946528,0.01895028098440295
1989-06-07,6.5,0.1840592,0.05865563161839008
1989-06-08,102.0,2.8883136,0.920442219242429
1989-06-09,364.0,10.3073152,3.2847153706298444
1989-06-10,608.0,17.2166144,5.486557542150949
1989-06-11,805.0,22.795023999999998,7.264274377354464
1989-06-12,975.0,27.60888,8.798344742758513
1989-06-13,942.0,26.6744256,8.500554613003608
1989-06-14,766.0,21.6906688,6.912340587644124
1989-06-15,598.0,16.9334464,5.3963181088918875
1989-06-16,584.0,16.5370112,5.2699829023292
1989-06-17,775.0,21.94552,6.993556077577279
1989-06-18,730.0,20.671264,6.587478627911501
1989-06-19,621.0,17.5847328,5.60386880538773
1989-06-20,520.0,14.724736,4.692450529471206
1989-06-21,483.0,13.6770144,4.3585646264126785
1989-06-22,472.0,13.3655296,4.25930124982771
1989-06-23,418.0,11.8364224,3.7720083102287774
1989-06-24,431.0,12.2045408,3.8893195734655577
1989-06-25,466.0,13.1956288,4.2051575898722735
1989-06-26,460.0,13.025727999999999,4.151013929916836
1989-06-27,488.0,13.818598399999999,4.403684343042209
1989-06-28,384.0,10.8736512,3.465194237147968
1989-06-29,315.0,8.919792,2.842542147660442
1989-06-30,344.0,9.7409792,3.104236504111721
1989-07-01,426.0,12.0629568,3.844199856836027
1989-07-02,542.0,15.3477056,4.890977282641142
1989-07-03,676.0,19.1421568,6.1001856883125685
1989-07-04,918.0,25.9948224,8.28397997318186
1989-07-05,893.0,25.2869024,8.058381390034207
1989-07-06,1030.0,29.166304,9.294661625683352
1989-07-07,1290.0,36.528672,11.640886890418955
1989-07-08,1150.0,32.56432,10.377534824792091
1989-07-09,1000.0,28.3168,9.023943325906167
1989-07-10,827.0,23.4179936,7.462801130524399
1989-07-11,623.0,17.6413664,5.621916692039541
1989-07-12,467.0,13.2239456,4.21418153319818
1989-07-13,360.0,10.194048,3.24861959732622
1989-07-14,293.0,8.2968224,2.644015394490507
1989-07-15,249.0,7.0508831999999995,2.2469618881506355
1989-07-16,247.0,6.9942496,2.228914001498823
1989-07-17,245.0,6.937616,2.210866114847011
1989-07-18,213.0,6.0314784,1.9220999284180136
1989-07-19,189.0,5.3518752,1.7055252885962655
1989-07-20,199.0,5.6350432,1.7957647218553272
1989-07-21,245.0,6.937616,2.210866114847011
1989-07-22,340.0,9.627712,3.068140730808097
1989-07-23,650.0,18.40592,5.865563161839008
1989-07-24,797.0,22.5684896,7.192082830747214
1989-07-25,733.0,20.7562144,6.61455045788922
1989-07-26,609.0,17.2449312,5.495581485476856
1989-07-27,459.0,12.9974112,4.14198998659093
1989-07-28,345.0,9.769296,3.1132604474376278
1989-07-29,258.0,7.3057343999999995,2.3281773780837907
1989-07-30,197.0,5.5784096,1.7777168352035146
1989-07-31,165.0,4.6722719999999995,1.4889506487745172
1989-08-01,143.0,4.0493024,1.290423895604582
1989-08-02,132.0,3.7378176,1.191160519019614
1989-08-03,111.0,3.1431648,1.0016577091755845
1989-08-04,82.0,2.3219776,0.7399633527243056
1989-08-05,58.0,1.6423744,0.5233887129025576
1989-08-06,42.0,1.1893056,0.37900561968805896
1989-08-07,30.0,0.849504,0.270718299777185
1989-08-08,22.0,0.6229696,0.19852675316993568
1989-08-09,18.0,0.5097024,0.162430979866311
1989-08-10,15.0,0.424752,0.1353591498885925
1989-08-11,12.0,0.3398016,0.108287319910874
1989-08-12,11.0,0.3114848,0.09926337658496784
1989-08-13,11.0,0.3114848,0.09926337658496784
1989-08-14,11.0,0.3114848,0.09926337658496784
1989-08-15,12.0,0.3398016,0.108287319910874
1989-08-16,10.0,0.283168,0.09023943325906165
1989-08-17,11.0,0.3114848,0.09926337658496784
1989-08-18,12.0,0.3398016,0.108287319910874
1989-08-19,9.8,0.27750464,0.08843464459388044
1989-08-20,8.5,0.24069279999999998,0.07670351827020241
1989-08-21,6.8,0.19255424,0.06136281461616193
1989-08-22,6.1,0.17273248,0.05504605428802761
1989-08-23,5.2,0.14724736,0.046924505294712066
1989-08-24,5.1,0.14441568,0.04602211096212144
1989-08-25,4.7,0.13308896,0.04241253363175898
1989-08-26,5.3,0.15007904,0.04782689962730268
1989-08-27,19.0,0.5380192,0.17145492319221717
1989-08-28,51.0,1.4441568,0.4602211096212145
1989-08-29,45.0,1.274256,0.4060774496657775
1989-08-30,43.0,1.2176224,0.38802956301396513
1989-08-31,42.0,1.1893056,0.37900561968805896
1989-09-01,98.0,2.7750464,0.8843464459388043
1989-09-02,181.0,5.1253408,1.6333337419890162
1989-09-03,293.0,8.2968224,2.644015394490507
1989-09-04,424.0,12.0063232,3.8261519701842146
1989-09-05,361.0,10.2223648,3.257643540652126
1989-09-06,284.0,8.0419712,2.5627999045573513
1989-09-07,217.0,6.1447456,1.9581957017216383
1989-09-08,166.0,4.7005888,1.4979745921004237
1989-09-09,126.0,3.5679168,1.137016859064177
1989-09-10,92.0,2.6051456,0.8302027859833674
1989-09-11,66.0,1.8689088,0.595580259509807
1989-09-12,46.0,1.3025728,0.4151013929916837
1989-09-13,32.0,0.9061376,0.2887661864289973
1989-09-14,24.0,0.6796032,0.216574639821748
1989-09-15,17.0,0.48138559999999997,0.15340703654040483
1989-09-16,13.0,0.3681184,0.11731126323678016
1989-09-17,11.0,0.3114848,0.09926337658496784
1989-09-18,8.4,0.23786112,0.0758011239376118
1989-09-19,7.1,0.20104928,0.06406999761393378
1989-09-20,6.1,0.17273248,0.05504605428802761
1989-09-21,5.1,0.14441568,0.04602211096212144
1989-09-22,4.4,0.12459392000000001,0.039705350633987134
1989-09-23,4.1,0.11609887999999999,0.03699816763621528
1989-09-24,4.2,0.11893056,0.0379005619688059
1989-09-25,16.0,0.4530688,0.14438309321449866
1989-09-26,404.0,11.4399872,3.6456731036660908
1989-09-27,659.0,18.6607712,5.9467786517721635
1989-09-28,616.0,17.4431488,5.558749088758199
1989-09-29,509.0,14.4132512,4.593187152886238
1989-09-30,400.0,11.32672,3.6095773303624665
1989-10-01,608.0,17.2166144,5.486557542150949
1989-10-02,1100.0,31.14848,9.926337658496783
1989-10-03,984.0,27.8637312,8.879560232691668
1989-10-04,732.0,20.7278976,6.605526514563313
1989-10-05,538.0,15.2344384,4.854881509337518
1989-10-06,389.0,11.0152352,3.5103139537774983
1989-10-07,299.0,8.4667232,2.6981590544459437
1989-10-08,255.0,7.220784,2.3011055481060723
1989-10-09,195.0,5.521776,1.7596689485517025
1989-10-10,147.0,4.1625696,1.3265196689082066
1989-10-11,112.0,3.1714816,1.0106816525014906
1989-10-12,86.0,2.4352448,0.7760591260279303
1989-10-13,67.0,1.8972256,0.6046042028357131
1989-10-14,52.0,1.4724736,0.46924505294712066
1989-10-15,41.0,1.1609888,0.3699816763621528
1989-10-16,33.0,0.9344544,0.2977901297549035
1989-10-17,26.0,0.7362368,0.23462252647356033
1989-10-18,82.0,2.3219776,0.7399633527243056
1989-10-19,160.0,4.530688,1.4438309321449865
1989-10-20,160.0,4.530688,1.4438309321449865
1989-10-21,147.0,4.1625696,1.3265196689082066
1989-10-22,120.0,3.398016,1.08287319910874
1989-10-23,94.0,2.6617792,0.8482506726351796
1989-10-24,74.0,2.0954432,0.6677718061170563
1989-10-25,58.0,1.6423744,0.5233887129025576
1989-10-26,45.0,1.274256,0.4060774496657775
1989-10-27,35.0,0.991088,0.3158380164067158
1989-10-28,27.0,0.7645535999999999,0.24364646979946647
1989-10-29,21.0,0.5946528,0.18950280984402948
1989-10-30,17.0,0.48138559999999997,0.15340703654040483
1989-10-31,14.0,0.3964352,0.12633520656268632
1989-11-01,11.0,0.3114848,0.09926337658496784
1989-11-02,9.4,0.26617792,0.08482506726351796
1989-11-03,8.1,0.22936608,0.07309394093983995
1989-11-04,6.9,0.19538592000000002,0.06226520894875255
1989-11-05,6.1,0.17273248,0.05504605428802761
1989-11-06,5.5,0.1557424,0.04963168829248392
1989-11-07,6.0,0.1699008,0.054143659955437
1989-11-08,24.0,0.6796032,0.216574639821748
1989-11-09,182.0,5.1536576,1.6423576853149222
1989-11-10,305.0,8.636624,2.7523027144013805
1989-11-11,318.0,9.0047424,2.869613977638161
1989-11-12,286.0,8.0986048,2.580847791209164
1989-11-13,240.0,6.796032,2.16574639821748
1989-11-14,197.0,5.5784096,1.7777168352035146
1989-11-15,165.0,4.6722719999999995,1.4889506487745172
1989-11-16,146.0,4.1342528,1.3174957255823
1989-11-17,131.0,3.7095008,1.1821365756937077
1989-11-18,113.0,3.1997984,1.0197055958273968
1989-11-19,96.0,2.7184128,0.866298559286992
1989-11-20,81.0,2.2936608,0.7309394093983995
1989-11-21,68.0,1.9255423999999999,0.6136281461616193
1989-11-22,59.0,1.6706912,0.5324126562284638
1989-11-23,108.0,3.0582143999999998,0.9745858791978659
1989-11-24,141.0,3.9926688,1.2723760089527696
1989-11-25,142.0,4.0209856,1.2813999522786756
1989-11-26,132.0,3.7378176,1.191160519019614
1989-11-27,115.0,3.2564319999999998,1.037753482479209
1989-11-28,100.0,2.83168,0.9023943325906166
1989-11-29,94.0,2.6617792,0.8482506726351796
1989-11-30,90.0,2.548512,0.812154899331555
1989-12-01,84.0,2.3786112,0.7580112393761179
1989-12-02,75.0,2.12376,0.6767957494429624
1989-12-03,66.0,1.8689088,0.595580259509807
1989-12-04,56.0,1.5857408,0.5053408262507453
1989-12-05,48.0,1.3592064,0.433149279643496
1989-12-06,41.0,1.1609888,0.3699816763621528
1989-12-07,37.0,1.0477216,0.33388590305852817
1989-12-08,61.0,1.7273247999999999,0.5504605428802761
1989-12-09,164.0,4.6439552,1.4799267054486112
1989-12-10,206.0,5.8332608,1.8589323251366703
1989-12-11,209.0,5.9182112,1.8860041551143887
1989-12-12,198.0,5.6067264,1.7867407785294211
1989-12-13,223.0,6.3146464,2.0123393616770753
1989-12-14,214.0,6.0597952,1.9311238717439196
1989-12-15,197.0,5.5784096,1.7777168352035146
1989-12-16,184.0,5.2102912,1.6604055719667348
1989-12-17,173.0,4.8988064,1.5611421953817668
1989-12-18,166.0,4.7005888,1.4979745921004237
1989-12-19,199.0,5.6350432,1.7957647218553272
1989-12-20,310.0,8.778208,2.7974224310309115
1989-12-21,343.0,9.7126624,3.0952125607858147
1989-12-22,335.0,9.486127999999999,3.0230210141785654
1989-12-23,309.0,8.7498912,2.7883984877050056
1989-12-24,278.0,7.8720704,2.5086562446019145
1989-12-25,246.0,6.9659328,2.219890058172917
1989-12-26,218.0,6.1730624,1.9672196450475443
1989-12-27,195.0,5.521776,1.7596689485517025
1989-12-28,174.0,4.9271232,1.5701661387076729
1989-12-29,154.0,4.3607872,1.3896872721895497
1989-12-30,137.0,3.8794016,1.2362802356491447
1989-12-31,133.0,3.7661344,1.20018446234552
1990-01-01,294.0,8.3251392,2.653039337816413
1990-01-02,350.0,9.91088,3.1583801640671583
1990-01-03,350.0,9.91088,3.1583801640671583
1990-01-04,313.0,8.8631584,2.82449426100863
1990-01-05,275.0,7.78712,2.4815844146241957
1990-01-06,272.0,7.7021695999999995,2.4545125846464773
1990-01-07,391.0,11.0718688,3.5283618404293113
1990-01-08,586.0,16.5936448,5.288030788981014
1990-01-09,575.0,16.28216,5.188767412396046
1990-01-10,504.0,14.2716672,4.548067436256708
1990-01-11,413.0,11.6948384,3.726888593599247
1990-01-12,342.0,9.6843456,3.086188617459909
1990-01-13,283.0,8.0136544,2.553775961231445
1990-01-14,237.0,6.7110816,2.1386745682397614
1990-01-15,199.0,5.6350432,1.7957647218553272
1990-01-16,170.0,4.813856,1.5340703654040484
1990-01-17,146.0,4.1342528,1.3174957255823
1990-01-18,125.0,3.5396,1.1279929157382709
1990-01-19,108.0,3.0582143999999998,0.9745858791978659
1990-01-20,93.0,2.6334624,0.8392267293092734
1990-01-21,83.0,2.3502944,0.7489872960502119
1990-01-22,91.0,2.5768288,0.8211788426574611
1990-01-23,91.0,2.5768288,0.8211788426574611
1990-01-24,84.0,2.3786112,0.7580112393761179
1990-01-25,89.0,2.5201952,0.8031309560056488
1990-01-26,118.0,3.3413824,1.0648253124569276
1990-01-27,129.0,3.6528671999999998,1.1640886890418953
1990-01-28,127.0,3.5962336,1.1460408023900832
1990-01-29,116.0,3.2847488,1.0467774258051152
1990-01-30,110.0,3.114848,0.9926337658496782
1990-01-31,132.0,3.7378176,1.191160519019614
1990-02-01,129.0,3.6528671999999998,1.1640886890418953
1990-02-02,121.0,3.4263328,1.0918971424346462
1990-02-03,113.0,3.1997984,1.0197055958273968
1990-02-04,111.0,3.1431648,1.0016577091755845
1990-02-05,106.0,3.0015808,0.9565379925460537
1990-02-06,91.0,2.5768288,0.8211788426574611
1990-02-07,79.0,2.2370272,0.7128915227465872
1990-02-08,69.0,1.9538592,0.6226520894875255
1990-02-09,60.0,1.699008,0.54143659955437
1990-02-10,83.0,2.3502944,0.7489872960502119
1990-02-11,186.0,5.2669248,1.678453458618547
1990-02-12,232.0,6.5694976,2.0935548516102305
1990-02-13,226.0,6.3995968,2.0394111916547937
1990-02-14,196.0,5.5500928,1.7686928918776086
1990-02-15,168.0,4.7572224,1.5160224787522358
1990-02-16,161.0,4.5590048,1.452854875470893
1990-02-17,382.0,10.8170176,3.4471463504961557
1990-02-18,488.0,13.818598399999999,4.403684343042209
1990-02-19,619.0,17.5280992,5.585820918735917
1990-02-20,1070.0,30.298976,9.655619358719598
1990-02-21,1080.0,30.582144,9.745858791978659
1990-02-22,951.0,26.9292768,8.581770102936764
1990-02-23,1060.0,30.015808,9.565379925460537
1990-02-24,1080.0,30.582144,9.745858791978659
1990-02-25,904.0,25.5983872,8.157644766619175
1990-02-26,697.0,19.7368096,6.289688498156599
1990-02-27,547.0,15.4892896,4.9360969992706725
1990-02-28,429.0,12.1479072,3.8712716868137456
1990-03-01,341.0,9.6560288,3.0771646741340026
1990-03-02,275.0,7.78712,2.4815844146241957
1990-03-03,251.0,7.1075168,2.2650097748024476
1990-03-04,229.0,6.4845472,2.066483021632512
1990-03-05,191.0,5.4085088,1.7235731752480778
1990-03-06,155.0,4.389104,1.3987112155154557
1990-03-07,125.0,3.5396,1.1279929157382709
1990-03-08,101.0,2.8599968,0.9114182759165227
1990-03-09,82.0,2.3219776,0.7399633527243056
1990-03-10,67.0,1.8972256,0.6046042028357131
1990-03-11,55.0,1.557424,0.4963168829248391
1990-03-12,45.0,1.274256,0.4060774496657775
1990-03-13,36.0,1.0194048,0.324861959732622
1990-03-14,29.0,0.8211872,0.2616943564512788
1990-03-15,24.0,0.6796032,0.216574639821748
1990-03-16,21.0,0.5946528,0.18950280984402948
1990-03-17,64.0,1.8122752,0.5775323728579946
1990-03-18,202.0,5.7199936,1.8228365518330454
1990-03-19,230.0,6.5128639999999995,2.075506964958418
1990-03-20,210.0,5.946528,1.895028098440295
1990-03-21,172.0,4.8704896,1.5521182520558605
1990-03-22,139.0,3.9360352,1.2543281223009572
1990-03-23,113.0,3.1997984,1.0197055958273968
1990-03-24,91.0,2.5768288,0.8211788426574611
1990-03-25,73.0,2.0671264,0.65874786279115
1990-03-26,58.0,1.6423744,0.5233887129025576
1990-03-27,45.0,1.274256,0.4060774496657775
1990-03-28,35.0,0.991088,0.3158380164067158
1990-03-29,27.0,0.7645535999999999,0.24364646979946647
1990-03-30,37.0,1.0477216,0.33388590305852817
1990-03-31,123.0,3.4829664,1.1099450290864585
1990-04-01,150.0,4.24752,1.3535914988859248
1990-04-02,166.0,4.7005888,1.4979745921004237
1990-04-03,244.0,6.9092991999999995,2.2018421715211045
1990-04-04,250.0,7.0792,2.2559858314765417
1990-04-05,215.0,6.088112,1.9401478150698257
1990-04-06,174.0,4.9271232,1.5701661387076729
1990-04-07,139.0,3.9360352,1.2543281223009572
1990-04-08,109.0,3.0865312,0.9836098225237722
1990-04-09,83.0,2.3502944,0.7489872960502119
1990-04-10,64.0,1.8122752,0.5775323728579946
1990-04-11,69.0,1.9538592,0.6226520894875255
1990-04-12,76.0,2.1520768,0.6858196927688687
1990-04-13,67.0,1.8972256,0.6046042028357131
1990-04-14,54.0,1.5291071999999999,0.48729293959893294
1990-04-15,43.0,1.2176224,0.38802956301396513
1990-04-16,36.0,1.0194048,0.324861959732622
1990-04-17,29.0,0.8211872,0.2616943564512788
1990-04-18,23.0,0.6512864,0.20755069649584185
1990-04-19,18.0,0.5097024,0.162430979866311
1990-04-20,15.0,0.424752,0.1353591498885925
1990-04-21,12.0,0.3398016,0.108287319910874
1990-04-22,9.9,0.28033632,0.08933703892647106
1990-04-23,8.6,0.24352448,0.07760591260279302
1990-04-24,8.6,0.24352448,0.07760591260279302
1990-04-25,7.6,0.21520767999999998,0.06858196927688685
1990-04-26,6.6,0.18689087999999998,0.05955802595098069
1990-04-27,5.7,0.16140576,0.05143647695766515
1990-04-28,5.6,0.15857407999999998,0.05053408262507453
1990-04-29,6.5,0.1840592,0.05865563161839008
1990-04-30,26.0,0.7362368,0.23462252647356033
1990-05-01,27.0,0.7645535999999999,0.24364646979946647
1990-05-02,20.0,0.566336,0.1804788665181233
1990-05-03,16.0,0.4530688,0.14438309321449866
1990-05-04,12.0,0.3398016,0.108287319910874
1990-05-05,9.6,0.27184127999999996,0.08662985592869918
1990-05-06,7.7,0.21803936000000002,0.06948436360947749
1990-05-07,6.2,0.17556416,0.05594844862061823
1990-05-08,5.1,0.14441568,0.04602211096212144
1990-05-09,4.8,0.13592063999999998,0.04331492796434959
1990-05-10,5.4,0.15291072,0.0487292939598933
1990-05-11,4.4,0.12459392000000001,0.039705350633987134
1990-05-12,4.4,0.12459392000000001,0.039705350633987134
1990-05-13,4.2,0.11893056,0.0379005619688059
1990-05-14,3.9,0.11043552,0.03519337897103405
1990-05-15,3.5,0.0991088,0.03158380164067158
1990-05-16,3.1,0.08778208,0.027974224310309114
1990-05-17,2.8,0.07928703999999999,0.025267041312537264
1990-05-18,2.6,0.07362368,0.023462252647356033
1990-05-19,2.3,0.06512863999999999,0.02075506964958418
1990-05-20,2.4,0.06796031999999999,0.021657463982174795
1990-05-21,2.9,0.08211871999999999,0.02616943564512788
1990-05-22,2.4,0.06796031999999999,0.021657463982174795
1990-05-23,2.1,0.05946528,0.01895028098440295
1990-05-24,2.0,0.0566336,0.018047886651812332
1990-05-25,2.0,0.0566336,0.018047886651812332
1990-05-26,2.0,0.0566336,0.018047886651812332
1990-05-27,1.8,0.05097024,0.016243097986631098
1990-05-28,2.2,0.062296960000000005,0.019852675316993567
1990-05-29,2.0,0.0566336,0.018047886651812332
1990-05-30,1.8,0.05097024,0.016243097986631098
1990-05-31,1.7,0.04813856,0.015340703654040482
1990-06-01,1.8,0.05097024,0.016243097986631098
1990-06-02,1.8,0.05097024,0.016243097986631098
1990-06-03,1.8,0.05097024,0.016243097986631098
1990-06-04,2.0,0.0566336,0.018047886651812332
1990-06-05,2.7,0.07645536,0.02436464697994665
1990-06-06,3.1,0.08778208,0.027974224310309114
1990-06-07,2.4,0.06796031999999999,0.021657463982174795
1990-06-08,3.0,0.0849504,0.0270718299777185
1990-06-09,2.6,0.07362368,0.023462252647356033
1990-06-10,2.4,0.06796031999999999,0.021657463982174795
1990-06-11,2.3,0.06512863999999999,0.02075506964958418
1990-06-12,2.0,0.0566336,0.018047886651812332
1990-06-13,1.9,0.053801919999999996,0.017145492319221713
1990-06-14,1.8,0.05097024,0.016243097986631098
1990-06-15,1.8,0.05097024,0.016243097986631098
1990-06-16,1.8,0.05097024,0.016243097986631098
1990-06-17,1.9,0.053801919999999996,0.017145492319221713
1990-06-18,1.9,0.053801919999999996,0.017145492319221713
1990-06-19,1.8,0.05097024,0.016243097986631098
1990-06-20,1.8,0.05097024,0.016243097986631098
1990-06-21,1.8,0.05097024,0.016243097986631098
1990-06-22,1.8,0.05097024,0.016243097986631098
1990-06-23,2.0,0.0566336,0.018047886651812332
1990-06-24,1.8,0.05097024,0.016243097986631098
1990-06-25,1.7,0.04813856,0.015340703654040482
1990-06-26,1.6,0.04530688,0.014438309321449867
1990-06-27,1.5,0.0424752,0.01353591498885925
1990-06-28,1.5,0.0424752,0.01353591498885925
1990-06-29,1.7,0.04813856,0.015340703654040482
1990-06-30,2.1,0.05946528,0.01895028098440295
1990-07-01,1.7,0.04813856,0.015340703654040482
1990-07-02,3.1,0.08778208,0.027974224310309114
1990-07-03,3.0,0.0849504,0.0270718299777185
1990-07-04,3.0,0.0849504,0.0270718299777185
1990-07-05,6.0,0.1699008,0.054143659955437
1990-07-06,4.7,0.13308896,0.04241253363175898
1990-07-07,2.9,0.08211871999999999,0.02616943564512788
1990-07-08,4.2,0.11893056,0.0379005619688059
1990-07-09,3.1,0.08778208,0.027974224310309114
1990-07-10,2.2,0.062296960000000005,0.019852675316993567
1990-07-11,2.1,0.05946528,0.01895028098440295
1990-07-12,1.9,0.053801919999999996,0.017145492319221713
1990-07-13,3.4,0.09627712,0.030681407308080964
1990-07-14,12.0,0.3398016,0.108287319910874
1990-07-15,17.0,0.48138559999999997,0.15340703654040483
1990-07-16,14.0,0.3964352,0.12633520656268632
1990-07-17,11.0,0.3114848,0.09926337658496784
1990-07-18,7.7,0.21803936000000002,0.06948436360947749
1990-07-19,70.0,1.982176,0.6316760328134317
1990-07-20,147.0,4.1625696,1.3265196689082066
1990-07-21,117.0,3.3130656,1.0558013691310215
1990-07-22,109.0,3.0865312,0.9836098225237722
1990-07-23,87.0,2.4635616,0.7850830693538364
1990-07-24,77.0,2.1803936,0.6948436360947748
1990-07-25,58.0,1.6423744,0.5233887129025576
1990-07-26,39.0,1.1043552,0.3519337897103405
1990-07-27,33.0,0.9344544,0.2977901297549035
1990-07-28,23.0,0.6512864,0.20755069649584185
1990-07-29,17.0,0.48138559999999997,0.15340703654040483
1990-07-30,13.0,0.3681184,0.11731126323678016
1990-07-31,11.0,0.3114848,0.09926337658496784
1990-08-01,8.8,0.24918784000000002,0.07941070126797427
1990-08-02,6.9,0.19538592000000002,0.06226520894875255
1990-08-03,5.7,0.16140576,0.05143647695766515
1990-08-04,4.5,0.1274256,0.04060774496657775
1990-08-05,3.8,0.10760383999999999,0.03429098463844343
1990-08-06,3.7,0.10477216,0.03338859030585282
1990-08-07,3.5,0.0991088,0.03158380164067158
1990-08-08,6.1,0.17273248,0.05504605428802761
1990-08-09,25.0,0.70792,0.22559858314765416
1990-08-10,19.0,0.5380192,0.17145492319221717
1990-08-11,12.0,0.3398016,0.108287319910874
1990-08-12,8.3,0.23502944,0.07489872960502118
1990-08-13,6.8,0.19255424,0.06136281461616193
1990-08-14,5.7,0.16140576,0.05143647695766515
1990-08-15,5.0,0.141584,0.04511971662953083
1990-08-16,4.2,0.11893056,0.0379005619688059
1990-08-17,4.0,0.1132672,0.036095773303624665
1990-08-18,6.5,0.1840592,0.05865563161839008
1990-08-19,5.1,0.14441568,0.04602211096212144
1990-08-20,4.4,0.12459392000000001,0.039705350633987134
1990-08-21,4.7,0.13308896,0.04241253363175898
1990-08-22,4.3,0.12176224,0.03880295630139651
1990-08-23,3.9,0.11043552,0.03519337897103405
1990-08-24,3.5,0.0991088,0.03158380164067158
1990-08-25,3.0,0.0849504,0.0270718299777185
1990-08-26,2.9,0.08211871999999999,0.02616943564512788
1990-08-27,2.6,0.07362368,0.023462252647356033
1990-08-28,3.2,0.09061376,0.028876618642899733
1990-08-29,4.2,0.11893056,0.0379005619688059
1990-08-30,4.8,0.13592063999999998,0.04331492796434959
1990-08-31,4.1,0.11609887999999999,0.03699816763621528
1990-09-01,4.8,0.13592063999999998,0.04331492796434959
1990-09-02,8.4,0.23786112,0.0758011239376118
1990-09-03,14.0,0.3964352,0.12633520656268632
1990-09-04,14.0,0.3964352,0.12633520656268632
1990-09-05,12.0,0.3398016,0.108287319910874
1990-09-06,10.0,0.283168,0.09023943325906165
1990-09-07,8.1,0.22936608,0.07309394093983995
1990-09-08,6.6,0.18689087999999998,0.05955802595098069
1990-09-09,5.3,0.15007904,0.04782689962730268
1990-09-10,4.2,0.11893056,0.0379005619688059
1990-09-11,3.5,0.0991088,0.03158380164067158
1990-09-12,2.9,0.08211871999999999,0.02616943564512788
1990-09-13,2.6,0.07362368,0.023462252647356033
1990-09-14,2.4,0.06796031999999999,0.021657463982174795
1990-09-15,2.5,0.070792,0.022559858314765414
1990-09-16,2.4,0.06796031999999999,0.021657463982174795
1990-09-17,2.1,0.05946528,0.01895028098440295
1990-09-18,2.0,0.0566336,0.018047886651812332
1990-09-19,1.8,0.05097024,0.016243097986631098
1990-09-20,1.8,0.05097024,0.016243097986631098
1990-09-21,1.8,0.05097024,0.016243097986631098
1990-09-22,1.8,0.05097024,0.016243097986631098
1990-09-23,1.8,0.05097024,0.016243097986631098
1990-09-24,1.7,0.04813856,0.015340703654040482
1990-09-25,1.7,0.04813856,0.015340703654040482
1990-09-26,1.7,0.04813856,0.015340703654040482
1990-09-27,1.7,0.04813856,0.015340703654040482
1990-09-28,3.6,0.10194048,0.032486195973262195
1990-09-29,6.7,0.18972256,0.06046042028357132
1990-09-30,8.8,0.24918784000000002,0.07941070126797427
1990-10-01,16.0,0.4530688,0.14438309321449866
1990-10-02,19.0,0.5380192,0.17145492319221717
1990-10-03,18.0,0.5097024,0.162430979866311
1990-10-04,28.0,0.7928704,0.25267041312537264
1990-10-05,30.0,0.849504,0.270718299777185
1990-10-06,18.0,0.5097024,0.162430979866311
1990-10-07,15.0,0.424752,0.1353591498885925
1990-10-08,12.0,0.3398016,0.108287319910874
1990-10-09,9.6,0.27184127999999996,0.08662985592869918
1990-10-10,7.8,0.22087104,0.0703867579420681
1990-10-11,6.8,0.19255424,0.06136281461616193
1990-10-12,6.0,0.1699008,0.054143659955437
1990-10-13,5.2,0.14724736,0.046924505294712066
1990-10-14,4.4,0.12459392000000001,0.039705350633987134
1990-10-15,3.8,0.10760383999999999,0.03429098463844343
1990-10-16,3.3,0.09344543999999999,0.029779012975490345
1990-10-17,2.8,0.07928703999999999,0.025267041312537264
1990-10-18,3.7,0.10477216,0.03338859030585282
1990-10-19,4.1,0.11609887999999999,0.03699816763621528
1990-10-20,3.3,0.09344543999999999,0.029779012975490345
1990-10-21,3.5,0.0991088,0.03158380164067158
1990-10-22,3.4,0.09627712,0.030681407308080964
1990-10-23,3.4,0.09627712,0.030681407308080964
1990-10-24,3.6,0.10194048,0.032486195973262195
1990-10-25,4.5,0.1274256,0.04060774496657775
1990-10-26,4.3,0.12176224,0.03880295630139651
1990-10-27,4.0,0.1132672,0.036095773303624665
1990-10-28,3.4,0.09627712,0.030681407308080964
1990-10-29,2.9,0.08211871999999999,0.02616943564512788
1990-10-30,2.6,0.07362368,0.023462252647356033
1990-10-31,2.3,0.06512863999999999,0.02075506964958418
1990-11-01,2.1,0.05946528,0.01895028098440295
1990-11-02,1.9,0.053801919999999996,0.017145492319221713
1990-11-03,1.8,0.05097024,0.016243097986631098
1990-11-04,1.7,0.04813856,0.015340703654040482
1990-11-05,1.5,0.0424752,0.01353591498885925
1990-11-06,1.5,0.0424752,0.01353591498885925
1990-11-07,1.4,0.039643519999999995,0.012633520656268632
1990-11-08,1.4,0.039643519999999995,0.012633520656268632
1990-11-09,1.5,0.0424752,0.01353591498885925
1990-11-10,1.8,0.05097024,0.016243097986631098
1990-11-11,1.6,0.04530688,0.014438309321449867
1990-11-12,1.5,0.0424752,0.01353591498885925
1990-11-13,1.5,0.0424752,0.01353591498885925
1990-11-14,1.5,0.0424752,0.01353591498885925
1990-11-15,1.5,0.0424752,0.01353591498885925
1990-11-16,1.5,0.0424752,0.01353591498885925
1990-11-17,1.5,0.0424752,0.01353591498885925
1990-11-18,1.5,0.0424752,0.01353591498885925
1990-11-19,1.4,0.039643519999999995,0.012633520656268632
1990-11-20,1.4,0.039643519999999995,0.012633520656268632
1990-11-21,1.4,0.039643519999999995,0.012633520656268632
1990-11-22,1.4,0.039643519999999995,0.012633520656268632
1990-11-23,1.6,0.04530688,0.014438309321449867
1990-11-24,1.9,0.053801919999999996,0.017145492319221713
1990-11-25,1.6,0.04530688,0.014438309321449867
1990-11-26,1.5,0.0424752,0.01353591498885925
1990-11-27,1.5,0.0424752,0.01353591498885925
1990-11-28,1.7,0.04813856,0.015340703654040482
1990-11-29,1.7,0.04813856,0.015340703654040482
1990-11-30,1.6,0.04530688,0.014438309321449867
1990-12-01,1.5,0.0424752,0.01353591498885925
1990-12-02,1.5,0.0424752,0.01353591498885925
1990-12-03,2.1,0.05946528,0.01895028098440295
1990-12-04,3.0,0.0849504,0.0270718299777185
1990-12-05,2.5,0.070792,0.022559858314765414
1990-12-06,2.1,0.05946528,0.01895028098440295
1990-12-07,2.2,0.062296960000000005,0.019852675316993567
1990-12-08,2.5,0.070792,0.022559858314765414
1990-12-09,2.3,0.06512863999999999,0.02075506964958418
1990-12-10,2.1,0.05946528,0.01895028098440295
1990-12-11,2.0,0.0566336,0.018047886651812332
1990-12-12,1.9,0.053801919999999996,0.017145492319221713
1990-12-13,2.0,0.0566336,0.018047886651812332
1990-12-14,2.0,0.0566336,0.018047886651812332
1990-12-15,2.0,0.0566336,0.018047886651812332
1990-12-16,2.0,0.0566336,0.018047886651812332
1990-12-17,1.9,0.053801919999999996,0.017145492319221713
1990-12-18,1.9,0.053801919999999996,0.017145492319221713
1990-12-19,4.8,0.13592063999999998,0.04331492796434959
1990-12-20,34.0,0.9627711999999999,0.30681407308080966
1990-12-21,76.0,2.1520768,0.6858196927688687
1990-12-22,85.0,2.406928,0.7670351827020242
1990-12-23,74.0,2.0954432,0.6677718061170563
1990-12-24,64.0,1.8122752,0.5775323728579946
1990-12-25,58.0,1.6423744,0.5233887129025576
1990-12-26,54.0,1.5291071999999999,0.48729293959893294
1990-12-27,47.0,1.3308896,0.4241253363175898
1990-12-28,41.0,1.1609888,0.3699816763621528
1990-12-29,36.0,1.0194048,0.324861959732622
1990-12-30,31.0,0.8778208,0.27974224310309115
1990-12-31,28.0,0.7928704,0.25267041312537264
1991-01-01,25.0,0.70792,0.22559858314765416
1991-01-02,22.0,0.6229696,0.19852675316993568
1991-01-03,20.0,0.566336,0.1804788665181233
1991-01-04,18.0,0.5097024,0.162430979866311
1991-01-05,16.0,0.4530688,0.14438309321449866
1991-01-06,15.0,0.424752,0.1353591498885925
1991-01-07,14.0,0.3964352,0.12633520656268632
1991-01-08,15.0,0.424752,0.1353591498885925
1991-01-09,16.0,0.4530688,0.14438309321449866
1991-01-10,18.0,0.5097024,0.162430979866311
1991-01-11,188.0,5.3235584,1.6965013452703592
1991-01-12,444.0,12.5726592,4.006630836702338
1991-01-13,625.0,17.698,5.639964578691354
1991-01-14,574.0,16.2538432,5.179743469070139
1991-01-15,498.0,14.101766399999999,4.493923776301271
1991-01-16,582.0,16.4803776,5.251935015677389
1991-01-17,606.0,17.1599808,5.468509655499137
1991-01-18,568.0,16.0839424,5.125599809114703
1991-01-19,571.0,16.1688928,5.1526716390924205
1991-01-20,1240.0,35.112832,11.189689724123646
1991-01-21,2220.0,62.863296,20.033154183511687
1991-01-22,2200.0,62.29696,19.852675316993565
1991-01-23,1530.0,43.324704,13.806633288636434
1991-01-24,1100.0,31.14848,9.926337658496783
1991-01-25,1310.0,37.095008,11.821365756937078
1991-01-26,1500.0,42.4752,13.53591498885925
1991-01-27,1380.0,39.077184,12.453041789750511
1991-01-28,1380.0,39.077184,12.453041789750511
1991-01-29,1840.0,52.102911999999996,16.604055719667343
1991-01-30,2860.0,80.986048,25.808477912091636
1991-01-31,2930.0,82.96822399999999,26.440153944905067
1991-02-01,2530.0,71.641504,22.8305766145426
1991-02-02,1850.0,52.38608,16.694295152926408
1991-02-03,1250.0,35.396,11.279929157382709
1991-02-04,904.0,25.5983872,8.157644766619175
1991-02-05,707.0,20.0199776,6.37992793141566
1991-02-06,583.0,16.5086944,5.260958959003295
1991-02-07,595.0,16.848496,5.3692462789141695
1991-02-08,635.0,17.981168,5.730204011950415
1991-02-09,579.0,16.3954272,5.224863185699671
1991-02-10,491.0,13.9035488,4.430756173019928
1991-02-11,402.0,11.3833536,3.6276252170142786
1991-02-12,329.0,9.3162272,2.9688773542231286
1991-02-13,273.0,7.7304864,2.4635365279723835
1991-02-14,263.0,7.4473184,2.373297094713322
1991-02-15,254.0,7.1924672,2.2920816047801664
1991-02-16,220.0,6.229696,1.9852675316993564
1991-02-17,188.0,5.3235584,1.6965013452703592
1991-02-18,164.0,4.6439552,1.4799267054486112
1991-02-19,146.0,4.1342528,1.3174957255823
1991-02-20,130.0,3.681184,1.1731126323678016
1991-02-21,117.0,3.3130656,1.0558013691310215
1991-02-22,104.0,2.9449472,0.9384901058942413
1991-02-23,97.0,2.7467296,0.8753225026128981
1991-02-24,92.0,2.6051456,0.8302027859833674
1991-02-25,84.0,2.3786112,0.7580112393761179
1991-02-26,76.0,2.1520768,0.6858196927688687
1991-02-27,67.0,1.8972256,0.6046042028357131
1991-02-28,59.0,1.6706912,0.5324126562284638
1991-03-01,53.0,1.5007904,0.4782689962730268
1991-03-02,1020.0,28.883136,9.204422192424289
1991-03-03,3760.0,106.47116799999999,33.93002690540718
1991-03-04,4630.0,131.106784,41.78085759894555
1991-03-05,3960.0,112.134528,35.73481557058842
1991-03-06,2950.0,83.53456,26.620632811423192
1991-03-07,1960.0,55.500928,17.686928918776086
1991-03-08,1200.0,33.98016,10.828731991087398
1991-03-09,804.0,22.7667072,7.255250434028557
1991-03-10,607.0,17.1882976,5.477533598825042
1991-03-11,466.0,13.1956288,4.2051575898722735
1991-03-12,361.0,10.2223648,3.257643540652126
1991-03-13,288.0,8.1552384,2.598895677860976
1991-03-14,234.0,6.6261312,2.111602738262043
1991-03-15,192.0,5.4368256,1.732597118573984
1991-03-16,160.0,4.530688,1.4438309321449865
1991-03-17,264.0,7.4756352,2.382321038039228
1991-03-18,807.0,22.8516576,7.282322264006276
1991-03-19,1050.0,29.73264,9.475140492201474
1991-03-20,1000.0,28.3168,9.023943325906167
1991-03-21,820.0,23.219776,7.399633527243056
1991-03-22,660.0,18.689087999999998,5.955802595098069
1991-03-23,541.0,15.3193888,4.881953339315237
1991-03-24,436.0,12.3461248,3.9344392900950886
1991-03-25,348.0,9.8542464,3.1403322774153457
1991-03-26,275.0,7.78712,2.4815844146241957
1991-03-27,216.0,6.1164287999999996,1.9491717583957318
1991-03-28,174.0,4.9271232,1.5701661387076729
1991-03-29,146.0,4.1342528,1.3174957255823
1991-03-30,145.0,4.105936,1.308471782256394
1991-03-31,126.0,3.5679168,1.137016859064177
1991-04-01,108.0,3.0582143999999998,0.9745858791978659
1991-04-02,90.0,2.548512,0.812154899331555
1991-04-03,75.0,2.12376,0.6767957494429624
1991-04-04,62.0,1.7556416,0.5594844862061823
1991-04-05,52.0,1.4724736,0.46924505294712066
1991-04-06,45.0,1.274256,0.4060774496657775
1991-04-07,38.0,1.0760384,0.34290984638443434
1991-04-08,34.0,0.9627711999999999,0.30681407308080966
1991-04-09,82.0,2.3219776,0.7399633527243056
1991-04-10,212.0,6.0031616,1.9130759850921073
1991-04-11,361.0,10.2223648,3.257643540652126
1991-04-12,382.0,10.8170176,3.4471463504961557
1991-04-13,344.0,9.7409792,3.104236504111721
1991-04-14,288.0,8.1552384,2.598895677860976
1991-04-15,236.0,6.6827648,2.129650624913855
1991-04-16,201.0,5.6916768,1.8138126085071393
1991-04-17,200.0,5.66336,1.8047886651812333
1991-04-18,187.0,5.2952416,1.687477401944453
1991-04-19,154.0,4.3607872,1.3896872721895497
1991-04-20,133.0,3.7661344,1.20018446234552
1991-04-21,115.0,3.2564319999999998,1.037753482479209
1991-04-22,97.0,2.7467296,0.8753225026128981
1991-04-23,85.0,2.406928,0.7670351827020242
1991-04-24,84.0,2.3786112,0.7580112393761179
1991-04-25,100.0,2.83168,0.9023943325906166
1991-04-26,145.0,4.105936,1.308471782256394
1991-04-27,172.0,4.8704896,1.5521182520558605
1991-04-28,169.0,4.7855392,1.5250464220781421
1991-04-29,149.0,4.2192032,1.3445675555600187
1991-04-30,127.0,3.5962336,1.1460408023900832
1991-05-01,127.0,3.5962336,1.1460408023900832
1991-05-02,156.0,4.4174208,1.407735158841362
1991-05-03,139.0,3.9360352,1.2543281223009572
1991-05-04,112.0,3.1714816,1.0106816525014906
1991-05-05,90.0,2.548512,0.812154899331555
1991-05-06,170.0,4.813856,1.5340703654040484
1991-05-07,388.0,10.9869184,3.5012900104515925
1991-05-08,338.0,9.5710784,3.0500928441562842
1991-05-09,273.0,7.7304864,2.4635365279723835
1991-05-10,209.0,5.9182112,1.8860041551143887
1991-05-11,189.0,5.3518752,1.7055252885962655
1991-05-12,317.0,8.9764256,2.860590034312255
1991-05-13,446.0,12.6292928,4.0246787233541506
1991-05-14,360.0,10.194048,3.24861959732622
1991-05-15,325.0,9.20296,2.932781580919504
1991-05-16,434.0,12.2894912,3.9163914034432765
1991-05-17,470.0,13.308895999999999,4.241253363175898
1991-05-18,400.0,11.32672,3.6095773303624665
1991-05-19,318.0,9.0047424,2.869613977638161
1991-05-20,306.0,8.6649408,2.761326657727287
1991-05-21,350.0,9.91088,3.1583801640671583
1991-05-22,340.0,9.627712,3.068140730808097
1991-05-23,293.0,8.2968224,2.644015394490507
1991-05-24,243.0,6.8809824,2.1928182281951982
1991-05-25,564.0,15.9706752,5.089504035811078
1991-05-26,921.0,26.0797728,8.311051803159579
1991-05-27,1020.0,28.883136,9.204422192424289
1991-05-28,1130.0,31.997984,10.197055958273967
1991-05-29,1070.0,30.298976,9.655619358719598
1991-05-30,922.0,26.1080896,8.320075746485486
1991-05-31,725.0,20.52968,6.54235891128197
1991-06-01,554.0,15.6875072,4.999264602552016
1991-06-02,429.0,12.1479072,3.8712716868137456
1991-06-03,352.0,9.9675136,3.176428050718971
1991-06-04,291.0,8.2401888,2.6259675078386944
1991-06-05,233.0,6.5978144,2.1025787949361368
1991-06-06,185.0,5.238608,1.6694295152926408
1991-06-07,147.0,4.1625696,1.3265196689082066
1991-06-08,112.0,3.1714816,1.0106816525014906
1991-06-09,83.0,2.3502944,0.7489872960502119
1991-06-10,60.0,1.699008,0.54143659955437
1991-06-11,45.0,1.274256,0.4060774496657775
1991-06-12,34.0,0.9627711999999999,0.30681407308080966
1991-06-13,26.0,0.7362368,0.23462252647356033
1991-06-14,20.0,0.566336,0.1804788665181233
1991-06-15,16.0,0.4530688,0.14438309321449866
1991-06-16,13.0,0.3681184,0.11731126323678016
1991-06-17,12.0,0.3398016,0.108287319910874
1991-06-18,12.0,0.3398016,0.108287319910874
1991-06-19,22.0,0.6229696,0.19852675316993568
1991-06-20,35.0,0.991088,0.3158380164067158
1991-06-21,42.0,1.1893056,0.37900561968805896
1991-06-22,34.0,0.9627711999999999,0.30681407308080966
1991-06-23,29.0,0.8211872,0.2616943564512788
1991-06-24,112.0,3.1714816,1.0106816525014906
1991-06-25,154.0,4.3607872,1.3896872721895497
1991-06-26,160.0,4.530688,1.4438309321449865
1991-06-27,223.0,6.3146464,2.0123393616770753
1991-06-28,444.0,12.5726592,4.006630836702338
1991-06-29,478.0,13.5354304,4.313444909783147
1991-06-30,545.0,15.432656,4.918049112618861
1991-07-01,430.0,12.176224,3.8802956301396514
1991-07-02,328.0,9.2879104,2.9598534108972223
1991-07-03,239.0,6.7677152,2.1567224548915735
1991-07-04,222.0,6.2863296,2.003315418351169
1991-07-05,301.0,8.5233568,2.7162069410977563
1991-07-06,318.0,9.0047424,2.869613977638161
1991-07-07,290.0,8.211872,2.616943564512788
1991-07-08,312.0,8.8348416,2.815470317682724
1991-07-09,362.0,10.2506816,3.2666674839780323
1991-07-10,368.0,10.4205824,3.3208111439334695
1991-07-11,353.0,9.9958304,3.1854519940448767
1991-07-12,341.0,9.6560288,3.0771646741340026
1991-07-13,300.0,8.49504,2.7071829977718496
1991-07-14,259.0,7.3340512,2.337201321409697
1991-07-15,348.0,9.8542464,3.1403322774153457
1991-07-16,342.0,9.6843456,3.086188617459909
1991-07-17,471.0,13.3372128,4.250277306501804
1991-07-18,647.0,18.3209696,5.83849133186129
1991-07-19,690.0,19.538592,6.2265208948752555
1991-07-20,637.0,18.037801599999998,5.748251898602227
1991-07-21,583.0,16.5086944,5.260958959003295
1991-07-22,593.0,16.7918624,5.351198392262356
1991-07-23,541.0,15.3193888,4.881953339315237
1991-07-24,433.0,12.2611744,3.90736746011737
1991-07-25,355.0,10.052464,3.2034998806966892
1991-07-26,654.0,18.5191872,5.901658935142633
1991-07-27,1010.0,28.599968,9.114182759165228
1991-07-28,1140.0,32.281152,10.287295391533029
1991-07-29,1080.0,30.582144,9.745858791978659
1991-07-30,907.0,25.683337599999998,8.184716596596893
1991-07-31,836.0,23.6728448,7.544016620457555
1991-08-01,742.0,21.0110656,6.695765947822375
1991-08-02,665.0,18.830672,6.0009223117276
1991-08-03,821.0,23.2480928,7.408657470568962
1991-08-04,804.0,22.7667072,7.255250434028557
1991-08-05,783.0,22.1720544,7.065747624184528
1991-08-06,832.0,23.5595776,7.5079208471539305
1991-08-07,725.0,20.52968,6.54235891128197
1991-08-08,561.0,15.8857248,5.0624322058333595
1991-08-09,425.0,12.03464,3.8351759135101204
1991-08-10,369.0,10.4488992,3.3298350872593754
1991-08-11,440.0,12.459392,3.970535063398713
1991-08-12,558.0,15.8007744,5.035360375855641
1991-08-13,578.0,16.3671104,5.2158392423737645
1991-08-14,474.0,13.4221632,4.277349136479523
1991-08-15,390.0,11.043552,3.519337897103405
1991-08-16,319.0,9.0330592,2.878637920964067
1991-08-17,245.0,6.937616,2.210866114847011
1991-08-18,184.0,5.2102912,1.6604055719667348
1991-08-19,141.0,3.9926688,1.2723760089527696
1991-08-20,125.0,3.5396,1.1279929157382709
1991-08-21,98.0,2.7750464,0.8843464459388043
1991-08-22,72.0,2.0388096,0.649723919465244
1991-08-23,53.0,1.5007904,0.4782689962730268
1991-08-24,42.0,1.1893056,0.37900561968805896
1991-08-25,56.0,1.5857408,0.5053408262507453
1991-08-26,292.0,8.2685056,2.6349914511646
1991-08-27,365.0,10.335632,3.2937393139557507
1991-08-28,309.0,8.7498912,2.7883984877050056
1991-08-29,259.0,7.3340512,2.337201321409697
1991-08-30,365.0,10.335632,3.2937393139557507
1991-08-31,352.0,9.9675136,3.176428050718971
1991-09-01,277.0,7.8437536,2.499632301276008
1991-09-02,211.0,5.9748448,1.904052041766201
1991-09-03,164.0,4.6439552,1.4799267054486112
1991-09-04,133.0,3.7661344,1.20018446234552
1991-09-05,99.0,2.8033632,0.8933703892647106
1991-09-06,74.0,2.0954432,0.6677718061170563
1991-09-07,56.0,1.5857408,0.5053408262507453
1991-09-08,42.0,1.1893056,0.37900561968805896
1991-09-09,33.0,0.9344544,0.2977901297549035
1991-09-10,25.0,0.70792,0.22559858314765416
1991-09-11,19.0,0.5380192,0.17145492319221717
1991-09-12,14.0,0.3964352,0.12633520656268632
1991-09-13,11.0,0.3114848,0.09926337658496784
1991-09-14,8.6,0.24352448,0.07760591260279302
1991-09-15,7.1,0.20104928,0.06406999761393378
1991-09-16,5.9,0.16706912000000002,0.05324126562284639
1991-09-17,5.2,0.14724736,0.046924505294712066
1991-09-18,4.5,0.1274256,0.04060774496657775
1991-09-19,4.1,0.11609887999999999,0.03699816763621528
1991-09-20,3.7,0.10477216,0.03338859030585282
1991-09-21,3.2,0.09061376,0.028876618642899733
1991-09-22,3.0,0.0849504,0.0270718299777185
1991-09-23,2.7,0.07645536,0.02436464697994665
1991-09-24,2.5,0.070792,0.022559858314765414
1991-09-25,4.3,0.12176224,0.03880295630139651
1991-09-26,4.6,0.13025727999999998,0.04151013929916836
1991-09-27,3.5,0.0991088,0.03158380164067158
1991-09-28,3.3,0.09344543999999999,0.029779012975490345
1991-09-29,2.9,0.08211871999999999,0.02616943564512788
1991-09-30,2.7,0.07645536,0.02436464697994665
1991-10-01,2.5,0.070792,0.022559858314765414
1991-10-02,2.8,0.07928703999999999,0.025267041312537264
1991-10-03,2.7,0.07645536,0.02436464697994665
1991-10-04,2.6,0.07362368,0.023462252647356033
1991-10-05,7.2,0.20388096,0.06497239194652439
1991-10-06,16.0,0.4530688,0.14438309321449866
1991-10-07,22.0,0.6229696,0.19852675316993568
1991-10-08,23.0,0.6512864,0.20755069649584185
1991-10-09,21.0,0.5946528,0.18950280984402948
1991-10-10,18.0,0.5097024,0.162430979866311
1991-10-11,16.0,0.4530688,0.14438309321449866
1991-10-12,14.0,0.3964352,0.12633520656268632
1991-10-13,11.0,0.3114848,0.09926337658496784
1991-10-14,8.8,0.24918784000000002,0.07941070126797427
1991-10-15,7.2,0.20388096,0.06497239194652439
1991-10-16,5.9,0.16706912000000002,0.05324126562284639
1991-10-17,5.1,0.14441568,0.04602211096212144
1991-10-18,4.9,0.13875232,0.04421732229694022
1991-10-19,4.2,0.11893056,0.0379005619688059
1991-10-20,3.6,0.10194048,0.032486195973262195
1991-10-21,3.2,0.09061376,0.028876618642899733
1991-10-22,3.0,0.0849504,0.0270718299777185
1991-10-23,2.8,0.07928703999999999,0.025267041312537264
1991-10-24,2.6,0.07362368,0.023462252647356033
1991-10-25,2.5,0.070792,0.022559858314765414
1991-10-26,2.6,0.07362368,0.023462252647356033
1991-10-27,3.2,0.09061376,0.028876618642899733
1991-10-28,2.6,0.07362368,0.023462252647356033
1991-10-29,2.3,0.06512863999999999,0.02075506964958418
1991-10-30,2.2,0.062296960000000005,0.019852675316993567
1991-10-31,2.2,0.062296960000000005,0.019852675316993567
1991-11-01,2.6,0.07362368,0.023462252647356033
1991-11-02,2.9,0.08211871999999999,0.02616943564512788
1991-11-03,2.6,0.07362368,0.023462252647356033
1991-11-04,2.5,0.070792,0.022559858314765414
1991-11-05,2.5,0.070792,0.022559858314765414
1991-11-06,2.5,0.070792,0.022559858314765414
1991-11-07,2.4,0.06796031999999999,0.021657463982174795
1991-11-08,2.4,0.06796031999999999,0.021657463982174795
1991-11-09,2.4,0.06796031999999999,0.021657463982174795
1991-11-10,2.3,0.06512863999999999,0.02075506964958418
1991-11-11,2.2,0.062296960000000005,0.019852675316993567
1991-11-12,2.2,0.062296960000000005,0.019852675316993567
1991-11-13,2.1,0.05946528,0.01895028098440295
1991-11-14,2.1,0.05946528,0.01895028098440295
1991-11-15,2.1,0.05946528,0.01895028098440295
1991-11-16,2.1,0.05946528,0.01895028098440295
1991-11-17,2.0,0.0566336,0.018047886651812332
1991-11-18,2.0,0.0566336,0.018047886651812332
1991-11-19,2.2,0.062296960000000005,0.019852675316993567
1991-11-20,2.4,0.06796031999999999,0.021657463982174795
1991-11-21,2.6,0.07362368,0.023462252647356033
1991-11-22,3.3,0.09344543999999999,0.029779012975490345
1991-11-23,3.0,0.0849504,0.0270718299777185
1991-11-24,2.8,0.07928703999999999,0.025267041312537264
1991-11-25,2.6,0.07362368,0.023462252647356033
1991-11-26,2.7,0.07645536,0.02436464697994665
1991-11-27,2.7,0.07645536,0.02436464697994665
1991-11-28,2.7,0.07645536,0.02436464697994665
1991-11-29,2.7,0.07645536,0.02436464697994665
1991-11-30,2.7,0.07645536,0.02436464697994665
1991-12-01,2.7,0.07645536,0.02436464697994665
1991-12-02,2.7,0.07645536,0.02436464697994665
1991-12-03,3.4,0.09627712,0.030681407308080964
1991-12-04,4.0,0.1132672,0.036095773303624665
1991-12-05,3.5,0.0991088,0.03158380164067158
1991-12-06,4.4,0.12459392000000001,0.039705350633987134
1991-12-07,3.7,0.10477216,0.03338859030585282
1991-12-08,3.3,0.09344543999999999,0.029779012975490345
1991-12-09,3.1,0.08778208,0.027974224310309114
1991-12-10,3.1,0.08778208,0.027974224310309114
1991-12-11,3.0,0.0849504,0.0270718299777185
1991-12-12,3.0,0.0849504,0.0270718299777185
1991-12-13,3.2,0.09061376,0.028876618642899733
1991-12-14,3.2,0.09061376,0.028876618642899733
1991-12-15,3.0,0.0849504,0.0270718299777185
1991-12-16,2.9,0.08211871999999999,0.02616943564512788
1991-12-17,2.8,0.07928703999999999,0.025267041312537264
1991-12-18,2.7,0.07645536,0.02436464697994665
1991-12-19,2.6,0.07362368,0.023462252647356033
1991-12-20,2.5,0.070792,0.022559858314765414
1991-12-21,2.4,0.06796031999999999,0.021657463982174795
1991-12-22,2.3,0.06512863999999999,0.02075506964958418
1991-12-23,2.7,0.07645536,0.02436464697994665
1991-12-24,2.6,0.07362368,0.023462252647356033
1991-12-25,2.5,0.070792,0.022559858314765414
1991-12-26,2.4,0.06796031999999999,0.021657463982174795
1991-12-27,2.3,0.06512863999999999,0.02075506964958418
1991-12-28,2.5,0.070792,0.022559858314765414
1991-12-29,2.3,0.06512863999999999,0.02075506964958418
1991-12-30,2.1,0.05946528,0.01895028098440295
1991-12-31,2.0,0.0566336,0.018047886651812332
1992-01-01,1.9,0.053801919999999996,0.017145492319221713
1992-01-02,1.9,0.053801919999999996,0.017145492319221713
1992-01-03,1.8,0.05097024,0.016243097986631098
1992-01-04,1.8,0.05097024,0.016243097986631098
1992-01-05,1.7,0.04813856,0.015340703654040482
1992-01-06,1.7,0.04813856,0.015340703654040482
1992-01-07,1.6,0.04530688,0.014438309321449867
1992-01-08,1.6,0.04530688,0.014438309321449867
1992-01-09,1.5,0.0424752,0.01353591498885925
1992-01-10,1.5,0.0424752,0.01353591498885925
1992-01-11,1.4,0.039643519999999995,0.012633520656268632
1992-01-12,1.4,0.039643519999999995,0.012633520656268632
1992-01-13,8.0,0.2265344,0.07219154660724933
1992-01-14,14.0,0.3964352,0.12633520656268632
1992-01-15,20.0,0.566336,0.1804788665181233
1992-01-16,17.0,0.48138559999999997,0.15340703654040483
1992-01-17,15.0,0.424752,0.1353591498885925
1992-01-18,14.0,0.3964352,0.12633520656268632
1992-01-19,14.0,0.3964352,0.12633520656268632
1992-01-20,16.0,0.4530688,0.14438309321449866
1992-01-21,17.0,0.48138559999999997,0.15340703654040483
1992-01-22,16.0,0.4530688,0.14438309321449866
1992-01-23,84.0,2.3786112,0.7580112393761179
1992-01-24,140.0,3.964352,1.2633520656268633
1992-01-25,149.0,4.2192032,1.3445675555600187
1992-01-26,137.0,3.8794016,1.2362802356491447
1992-01-27,114.0,3.2281152,1.028729539153303
1992-01-28,120.0,3.398016,1.08287319910874
1992-01-29,205.0,5.804944,1.849908381810764
1992-01-30,258.0,7.3057343999999995,2.3281773780837907
1992-01-31,291.0,8.2401888,2.6259675078386944
1992-02-01,283.0,8.0136544,2.553775961231445
1992-02-02,252.0,7.1358336,2.274033718128354
1992-02-03,217.0,6.1447456,1.9581957017216383
1992-02-04,185.0,5.238608,1.6694295152926408
1992-02-05,176.0,4.9837568,1.5882140253594854
1992-02-06,183.0,5.1819744,1.6513816286408283
1992-02-07,178.0,5.0403904,1.6062619120112975
1992-02-08,165.0,4.6722719999999995,1.4889506487745172
1992-02-09,146.0,4.1342528,1.3174957255823
1992-02-10,127.0,3.5962336,1.1460408023900832
1992-02-11,108.0,3.0582143999999998,0.9745858791978659
1992-02-12,93.0,2.6334624,0.8392267293092734
1992-02-13,81.0,2.2936608,0.7309394093983995
1992-02-14,71.0,2.0104928,0.6406999761393378
1992-02-15,87.0,2.4635616,0.7850830693538364
1992-02-16,231.0,6.5411808,2.0845309082843246
1992-02-17,395.0,11.185136,3.5644576137329356
1992-02-18,996.0,28.203532799999998,8.987847552602542
1992-02-19,1680.0,47.572224,15.16022478752236
1992-02-20,1900.0,53.80192,17.145492319221717
1992-02-21,1670.0,47.289056,15.069985354263299
1992-02-22,1250.0,35.396,11.279929157382709
1992-02-23,908.0,25.7116544,8.1937405399228
1992-02-24,717.0,20.3031456,6.4701673646747215
1992-02-25,593.0,16.7918624,5.351198392262356
1992-02-26,548.0,15.5176064,4.945120942596579
1992-02-27,547.0,15.4892896,4.9360969992706725
1992-02-28,475.0,13.45048,4.286373079805429
1992-02-29,392.0,11.1001856,3.537385783755217
1992-03-01,323.0,9.1463264,2.914733694267692
1992-03-02,266.0,7.5322688,2.40036892469104
1992-03-03,218.0,6.1730624,1.9672196450475443
1992-03-04,179.0,5.0687071999999995,1.6152858553372036
1992-03-05,146.0,4.1342528,1.3174957255823
1992-03-06,173.0,4.8988064,1.5611421953817668
1992-03-07,235.0,6.6544479999999995,2.120626681587949
1992-03-08,243.0,6.8809824,2.1928182281951982
1992-03-09,224.0,6.3429632,2.021363305002981
1992-03-10,214.0,6.0597952,1.9311238717439196
1992-03-11,264.0,7.4756352,2.382321038039228
1992-03-12,259.0,7.3340512,2.337201321409697
1992-03-13,228.0,6.4562304,2.057459078306606
1992-03-14,194.0,5.4934592,1.7506450052257962
1992-03-15,161.0,4.5590048,1.452854875470893
1992-03-16,134.0,3.7944512,1.2092084056714263
1992-03-17,110.0,3.114848,0.9926337658496782
1992-03-18,90.0,2.548512,0.812154899331555
1992-03-19,78.0,2.2087104,0.703867579420681
1992-03-20,114.0,3.2281152,1.028729539153303
1992-03-21,123.0,3.4829664,1.1099450290864585
1992-03-22,108.0,3.0582143999999998,0.9745858791978659
1992-03-23,97.0,2.7467296,0.8753225026128981
1992-03-24,98.0,2.7750464,0.8843464459388043
1992-03-25,116.0,3.2847488,1.0467774258051152
1992-03-26,195.0,5.521776,1.7596689485517025
1992-03-27,208.0,5.8898944,1.8769802117884826
1992-03-28,195.0,5.521776,1.7596689485517025
1992-03-29,167.0,4.7289056,1.5069985354263298
1992-03-30,141.0,3.9926688,1.2723760089527696
1992-03-31,123.0,3.4829664,1.1099450290864585
1992-04-01,108.0,3.0582143999999998,0.9745858791978659
1992-04-02,88.0,2.4918784,0.7941070126797427
1992-04-03,72.0,2.0388096,0.649723919465244
1992-04-04,57.0,1.6140576,0.5143647695766514
1992-04-05,47.0,1.3308896,0.4241253363175898
1992-04-06,37.0,1.0477216,0.33388590305852817
1992-04-07,31.0,0.8778208,0.27974224310309115
1992-04-08,27.0,0.7645535999999999,0.24364646979946647
1992-04-09,23.0,0.6512864,0.20755069649584185
1992-04-10,20.0,0.566336,0.1804788665181233
1992-04-11,17.0,0.48138559999999997,0.15340703654040483
1992-04-12,15.0,0.424752,0.1353591498885925
1992-04-13,13.0,0.3681184,0.11731126323678016
1992-04-14,12.0,0.3398016,0.108287319910874
1992-04-15,9.6,0.27184127999999996,0.08662985592869918
1992-04-16,8.0,0.2265344,0.07219154660724933
1992-04-17,6.8,0.19255424,0.06136281461616193
1992-04-18,5.8,0.16423743999999998,0.05233887129025576
1992-04-19,5.4,0.15291072,0.0487292939598933
1992-04-20,5.0,0.141584,0.04511971662953083
1992-04-21,4.6,0.13025727999999998,0.04151013929916836
1992-04-22,4.3,0.12176224,0.03880295630139651
1992-04-23,3.8,0.10760383999999999,0.03429098463844343
1992-04-24,3.5,0.0991088,0.03158380164067158
1992-04-25,3.2,0.09061376,0.028876618642899733
1992-04-26,2.9,0.08211871999999999,0.02616943564512788
1992-04-27,2.6,0.07362368,0.023462252647356033
1992-04-28,2.5,0.070792,0.022559858314765414
1992-04-29,2.4,0.06796031999999999,0.021657463982174795
1992-04-30,2.4,0.06796031999999999,0.021657463982174795
1992-05-01,2.2,0.062296960000000005,0.019852675316993567
1992-05-02,2.1,0.05946528,0.01895028098440295
1992-05-03,1.9,0.053801919999999996,0.017145492319221713
1992-05-04,1.8,0.05097024,0.016243097986631098
1992-05-05,1.8,0.05097024,0.016243097986631098
1992-05-06,1.7,0.04813856,0.015340703654040482
1992-05-07,1.7,0.04813856,0.015340703654040482
1992-05-08,1.7,0.04813856,0.015340703654040482
1992-05-09,1.7,0.04813856,0.015340703654040482
1992-05-10,1.7,0.04813856,0.015340703654040482
1992-05-11,1.5,0.0424752,0.01353591498885925
1992-05-12,1.5,0.0424752,0.01353591498885925
1992-05-13,1.5,0.0424752,0.01353591498885925
1992-05-14,1.4,0.039643519999999995,0.012633520656268632
1992-05-15,1.4,0.039643519999999995,0.012633520656268632
1992-05-16,1.4,0.039643519999999995,0.012633520656268632
1992-05-17,1.4,0.039643519999999995,0.012633520656268632
1992-05-18,1.3,0.03681184,0.011731126323678016
1992-05-19,1.2,0.033980159999999995,0.010828731991087397
1992-05-20,1.2,0.033980159999999995,0.010828731991087397
1992-05-21,1.2,0.033980159999999995,0.010828731991087397
1992-05-22,1.2,0.033980159999999995,0.010828731991087397
1992-05-23,1.1,0.031148480000000003,0.009926337658496783
1992-05-24,1.1,0.031148480000000003,0.009926337658496783
1992-05-25,1.4,0.039643519999999995,0.012633520656268632
1992-05-26,1.7,0.04813856,0.015340703654040482
1992-05-27,1.8,0.05097024,0.016243097986631098
1992-05-28,2.2,0.062296960000000005,0.019852675316993567
1992-05-29,3.0,0.0849504,0.0270718299777185
1992-05-30,3.3,0.09344543999999999,0.029779012975490345
1992-05-31,2.7,0.07645536,0.02436464697994665
1992-06-01,1.9,0.053801919999999996,0.017145492319221713
1992-06-02,1.6,0.04530688,0.014438309321449867
1992-06-03,2.5,0.070792,0.022559858314765414
1992-06-04,8.1,0.22936608,0.07309394093983995
1992-06-05,4.9,0.13875232,0.04421732229694022
1992-06-06,4.0,0.1132672,0.036095773303624665
1992-06-07,3.0,0.0849504,0.0270718299777185
1992-06-08,2.8,0.07928703999999999,0.025267041312537264
1992-06-09,3.8,0.10760383999999999,0.03429098463844343
1992-06-10,8.8,0.24918784000000002,0.07941070126797427
1992-06-11,21.0,0.5946528,0.18950280984402948
1992-06-12,14.0,0.3964352,0.12633520656268632
1992-06-13,16.0,0.4530688,0.14438309321449866
1992-06-14,36.0,1.0194048,0.324861959732622
1992-06-15,45.0,1.274256,0.4060774496657775
1992-06-16,53.0,1.5007904,0.4782689962730268
1992-06-17,51.0,1.4441568,0.4602211096212145
1992-06-18,45.0,1.274256,0.4060774496657775
1992-06-19,39.0,1.1043552,0.3519337897103405
1992-06-20,33.0,0.9344544,0.2977901297549035
1992-06-21,26.0,0.7362368,0.23462252647356033
1992-06-22,20.0,0.566336,0.1804788665181233
1992-06-23,15.0,0.424752,0.1353591498885925
1992-06-24,11.0,0.3114848,0.09926337658496784
1992-06-25,12.0,0.3398016,0.108287319910874
1992-06-26,12.0,0.3398016,0.108287319910874
1992-06-27,10.0,0.283168,0.09023943325906165
1992-06-28,19.0,0.5380192,0.17145492319221717
1992-06-29,250.0,7.0792,2.2559858314765417
1992-06-30,528.0,14.9512704,4.764642076078456
1992-07-01,767.0,21.7189856,6.921364530970029
1992-07-02,673.0,19.0572064,6.07311385833485
1992-07-03,526.0,14.8946368,4.746594189426644
1992-07-04,378.0,10.7037504,3.411050577192531
1992-07-05,271.0,7.6738528,2.445488641320571
1992-07-06,194.0,5.4934592,1.7506450052257962
1992-07-07,138.0,3.9077184,1.245304178975051
1992-07-08,96.0,2.7184128,0.866298559286992
1992-07-09,71.0,2.0104928,0.6406999761393378
1992-07-10,50.0,1.41584,0.4511971662953083
1992-07-11,33.0,0.9344544,0.2977901297549035
1992-07-12,22.0,0.6229696,0.19852675316993568
1992-07-13,15.0,0.424752,0.1353591498885925
1992-07-14,11.0,0.3114848,0.09926337658496784
1992-07-15,13.0,0.3681184,0.11731126323678016
1992-07-16,57.0,1.6140576,0.5143647695766514
1992-07-17,172.0,4.8704896,1.5521182520558605
1992-07-18,181.0,5.1253408,1.6333337419890162
1992-07-19,234.0,6.6261312,2.111602738262043
1992-07-20,294.0,8.3251392,2.653039337816413
1992-07-21,275.0,7.78712,2.4815844146241957
1992-07-22,336.0,9.5144448,3.0320449575044717
1992-07-23,336.0,9.5144448,3.0320449575044717
1992-07-24,393.0,11.1285024,3.5464097270811235
1992-07-25,309.0,8.7498912,2.7883984877050056
1992-07-26,248.0,7.0225664,2.237937944824729
1992-07-27,220.0,6.229696,1.9852675316993564
1992-07-28,211.0,5.9748448,1.904052041766201
1992-07-29,305.0,8.636624,2.7523027144013805
1992-07-30,246.0,6.9659328,2.219890058172917
1992-07-31,243.0,6.8809824,2.1928182281951982
1992-08-01,243.0,6.8809824,2.1928182281951982
1992-08-02,198.0,5.6067264,1.7867407785294211
1992-08-03,151.0,4.2758367999999995,1.362615442211831
1992-08-04,115.0,3.2564319999999998,1.037753482479209
1992-08-05,86.0,2.4352448,0.7760591260279303
1992-08-06,76.0,2.1520768,0.6858196927688687
1992-08-07,69.0,1.9538592,0.6226520894875255
1992-08-08,53.0,1.5007904,0.4782689962730268
1992-08-09,53.0,1.5007904,0.4782689962730268
1992-08-10,73.0,2.0671264,0.65874786279115
1992-08-11,69.0,1.9538592,0.6226520894875255
1992-08-12,66.0,1.8689088,0.595580259509807
1992-08-13,215.0,6.088112,1.9401478150698257
1992-08-14,638.0,18.0661184,5.757275841928134
1992-08-15,1010.0,28.599968,9.114182759165228
1992-08-16,1160.0,32.847488,10.467774258051152
1992-08-17,1070.0,30.298976,9.655619358719598
1992-08-18,843.0,23.8710624,7.607184223738898
1992-08-19,762.0,21.577401599999998,6.876244814340498
1992-08-20,877.0,24.8338336,7.913998296819708
1992-08-21,949.0,26.8726432,8.563722216284951
1992-08-22,849.0,24.0409632,7.6613278836943355
1992-08-23,718.0,20.3314624,6.479191308000627
1992-08-24,582.0,16.4803776,5.251935015677389
1992-08-25,468.0,13.2522624,4.223205476524086
1992-08-26,435.0,12.317808,3.9254153467691824
1992-08-27,407.0,11.5249376,3.6727449336438096
1992-08-28,386.0,10.930284799999999,3.48324212379978
1992-08-29,490.0,13.875232,4.421732229694022
1992-08-30,437.0,12.374441599999999,3.9434632334209945
1992-08-31,369.0,10.4488992,3.3298350872593754
1992-09-01,289.0,8.1835552,2.6079196211868823
1992-09-02,221.0,6.2580127999999995,1.9942914750252627
1992-09-03,173.0,4.8988064,1.5611421953817668
1992-09-04,149.0,4.2192032,1.3445675555600187
1992-09-05,181.0,5.1253408,1.6333337419890162
1992-09-06,285.0,8.070288,2.571823847883257
1992-09-07,307.0,8.693257599999999,2.7703506010531926
1992-09-08,358.0,10.137414399999999,3.230571710674407
1992-09-09,378.0,10.7037504,3.411050577192531
1992-09-10,307.0,8.693257599999999,2.7703506010531926
1992-09-11,238.0,6.7393984,2.1476985115656677
1992-09-12,183.0,5.1819744,1.6513816286408283
1992-09-13,141.0,3.9926688,1.2723760089527696
1992-09-14,106.0,3.0015808,0.9565379925460537
1992-09-15,81.0,2.2936608,0.7309394093983995
1992-09-16,60.0,1.699008,0.54143659955437
1992-09-17,45.0,1.274256,0.4060774496657775
1992-09-18,33.0,0.9344544,0.2977901297549035
1992-09-19,24.0,0.6796032,0.216574639821748
1992-09-20,17.0,0.48138559999999997,0.15340703654040483
1992-09-21,13.0,0.3681184,0.11731126323678016
1992-09-22,10.0,0.283168,0.09023943325906165
1992-09-23,8.6,0.24352448,0.07760591260279302
1992-09-24,7.3,0.20671264,0.06587478627911501
1992-09-25,6.3,0.17839584,0.05685084295320885
1992-09-26,5.6,0.15857407999999998,0.05053408262507453
1992-09-27,14.0,0.3964352,0.12633520656268632
1992-09-28,32.0,0.9061376,0.2887661864289973
1992-09-29,22.0,0.6229696,0.19852675316993568
1992-09-30,15.0,0.424752,0.1353591498885925
1992-10-01,11.0,0.3114848,0.09926337658496784
1992-10-02,8.7,0.24635615999999996,0.07850830693538363
1992-10-03,103.0,2.9166304,0.9294661625683351
1992-10-04,369.0,10.4488992,3.3298350872593754
1992-10-05,393.0,11.1285024,3.5464097270811235
1992-10-06,355.0,10.052464,3.2034998806966892
1992-10-07,281.0,7.9570208,2.5357280745796325
1992-10-08,217.0,6.1447456,1.9581957017216383
1992-10-09,175.0,4.95544,1.5791900820335791
1992-10-10,141.0,3.9926688,1.2723760089527696
1992-10-11,113.0,3.1997984,1.0197055958273968
1992-10-12,88.0,2.4918784,0.7941070126797427
1992-10-13,66.0,1.8689088,0.595580259509807
1992-10-14,48.0,1.3592064,0.433149279643496
1992-10-15,35.0,0.991088,0.3158380164067158
1992-10-16,26.0,0.7362368,0.23462252647356033
1992-10-17,20.0,0.566336,0.1804788665181233
1992-10-18,16.0,0.4530688,0.14438309321449866
1992-10-19,13.0,0.3681184,0.11731126323678016
1992-10-20,11.0,0.3114848,0.09926337658496784
1992-10-21,8.9,0.25201952,0.08031309560056488
1992-10-22,7.5,0.212376,0.06767957494429624
1992-10-23,6.3,0.17839584,0.05685084295320885
1992-10-24,5.5,0.1557424,0.04963168829248392
1992-10-25,4.8,0.13592063999999998,0.04331492796434959
1992-10-26,4.4,0.12459392000000001,0.039705350633987134
1992-10-27,4.0,0.1132672,0.036095773303624665
1992-10-28,3.9,0.11043552,0.03519337897103405
1992-10-29,3.8,0.10760383999999999,0.03429098463844343
1992-10-30,3.5,0.0991088,0.03158380164067158
1992-10-31,3.4,0.09627712,0.030681407308080964
1992-11-01,3.2,0.09061376,0.028876618642899733
1992-11-02,4.3,0.12176224,0.03880295630139651
1992-11-03,7.1,0.20104928,0.06406999761393378
1992-11-04,12.0,0.3398016,0.108287319910874
1992-11-05,83.0,2.3502944,0.7489872960502119
1992-11-06,196.0,5.5500928,1.7686928918776086
1992-11-07,184.0,5.2102912,1.6604055719667348
1992-11-08,160.0,4.530688,1.4438309321449865
1992-11-09,131.0,3.7095008,1.1821365756937077
1992-11-10,105.0,2.973264,0.9475140492201475
1992-11-11,85.0,2.406928,0.7670351827020242
1992-11-12,127.0,3.5962336,1.1460408023900832
1992-11-13,318.0,9.0047424,2.869613977638161
1992-11-14,346.0,9.7976128,3.1222843907635336
1992-11-15,303.0,8.5799904,2.7342548277495684
1992-11-16,244.0,6.9092991999999995,2.2018421715211045
1992-11-17,195.0,5.521776,1.7596689485517025
1992-11-18,160.0,4.530688,1.4438309321449865
1992-11-19,133.0,3.7661344,1.20018446234552
1992-11-20,110.0,3.114848,0.9926337658496782
1992-11-21,103.0,2.9166304,0.9294661625683351
1992-11-22,108.0,3.0582143999999998,0.9745858791978659
1992-11-23,129.0,3.6528671999999998,1.1640886890418953
1992-11-24,146.0,4.1342528,1.3174957255823
1992-11-25,142.0,4.0209856,1.2813999522786756
1992-11-26,129.0,3.6528671999999998,1.1640886890418953
1992-11-27,125.0,3.5396,1.1279929157382709
1992-11-28,117.0,3.3130656,1.0558013691310215
1992-11-29,104.0,2.9449472,0.9384901058942413
1992-11-30,90.0,2.548512,0.812154899331555
1992-12-01,77.0,2.1803936,0.6948436360947748
1992-12-02,68.0,1.9255423999999999,0.6136281461616193
1992-12-03,61.0,1.7273247999999999,0.5504605428802761
1992-12-04,54.0,1.5291071999999999,0.48729293959893294
1992-12-05,48.0,1.3592064,0.433149279643496
1992-12-06,42.0,1.1893056,0.37900561968805896
1992-12-07,37.0,1.0477216,0.33388590305852817
1992-12-08,33.0,0.9344544,0.2977901297549035
1992-12-09,30.0,0.849504,0.270718299777185
1992-12-10,64.0,1.8122752,0.5775323728579946
1992-12-11,110.0,3.114848,0.9926337658496782
1992-12-12,120.0,3.398016,1.08287319910874
1992-12-13,113.0,3.1997984,1.0197055958273968
1992-12-14,99.0,2.8033632,0.8933703892647106
1992-12-15,86.0,2.4352448,0.7760591260279303
1992-12-16,76.0,2.1520768,0.6858196927688687
1992-12-17,69.0,1.9538592,0.6226520894875255
1992-12-18,65.0,1.840592,0.5865563161839008
1992-12-19,60.0,1.699008,0.54143659955437
1992-12-20,54.0,1.5291071999999999,0.48729293959893294
1992-12-21,48.0,1.3592064,0.433149279643496
1992-12-22,43.0,1.2176224,0.38802956301396513
1992-12-23,39.0,1.1043552,0.3519337897103405
1992-12-24,35.0,0.991088,0.3158380164067158
1992-12-25,30.0,0.849504,0.270718299777185
1992-12-26,26.0,0.7362368,0.23462252647356033
1992-12-27,25.0,0.70792,0.22559858314765416
1992-12-28,25.0,0.70792,0.22559858314765416
1992-12-29,26.0,0.7362368,0.23462252647356033
1992-12-30,26.0,0.7362368,0.23462252647356033
1992-12-31,24.0,0.6796032,0.216574639821748
1993-01-01,22.0,0.6229696,0.19852675316993568
1993-01-02,20.0,0.566336,0.1804788665181233
1993-01-03,18.0,0.5097024,0.162430979866311
1993-01-04,16.0,0.4530688,0.14438309321449866
1993-01-05,16.0,0.4530688,0.14438309321449866
1993-01-06,17.0,0.48138559999999997,0.15340703654040483
1993-01-07,35.0,0.991088,0.3158380164067158
1993-01-08,510.0,14.441568,4.6022110962121445
1993-01-09,1360.0,38.510848,12.272562923232387
1993-01-10,1790.0,50.687072,16.152858553372038
1993-01-11,1600.0,45.30688,14.438309321449866
1993-01-12,1260.0,35.679168,11.370168590641768
1993-01-13,1340.0,37.944511999999996,12.092084056714262
1993-01-14,1200.0,33.98016,10.828731991087398
1993-01-15,917.0,25.9665056,8.274956029855955
1993-01-16,858.0,24.2958144,7.742543373627491
1993-01-17,800.0,22.65344,7.219154660724933
1993-01-18,686.0,19.4253248,6.1904251215716295
1993-01-19,566.0,16.0273088,5.10755192246289
1993-01-20,459.0,12.9974112,4.14198998659093
1993-01-21,391.0,11.0718688,3.5283618404293113
1993-01-22,508.0,14.3849344,4.584163209560333
1993-01-23,644.0,18.2360192,5.811419501883572
1993-01-24,617.0,17.4714656,5.567773032084104
1993-01-25,643.0,18.2077024,5.802395558557665
1993-01-26,646.0,18.2926528,5.829467388535384
1993-01-27,605.0,17.131664,5.4594857121732305
1993-01-28,523.0,14.8096864,4.719522359448925
1993-01-29,431.0,12.2045408,3.8893195734655577
1993-01-30,358.0,10.137414399999999,3.230571710674407
1993-01-31,297.0,8.4100896,2.680111167794131
1993-02-01,246.0,6.9659328,2.219890058172917
1993-02-02,202.0,5.7199936,1.8228365518330454
1993-02-03,165.0,4.6722719999999995,1.4889506487745172
1993-02-04,136.0,3.8510847999999998,1.2272562923232386
1993-02-05,114.0,3.2281152,1.028729539153303
1993-02-06,97.0,2.7467296,0.8753225026128981
1993-02-07,125.0,3.5396,1.1279929157382709
1993-02-08,153.0,4.3324704,1.3806633288636434
1993-02-09,153.0,4.3324704,1.3806633288636434
1993-02-10,139.0,3.9360352,1.2543281223009572
1993-02-11,129.0,3.6528671999999998,1.1640886890418953
1993-02-12,129.0,3.6528671999999998,1.1640886890418953
1993-02-13,118.0,3.3413824,1.0648253124569276
1993-02-14,104.0,2.9449472,0.9384901058942413
1993-02-15,89.0,2.5201952,0.8031309560056488
1993-02-16,89.0,2.5201952,0.8031309560056488
1993-02-17,131.0,3.7095008,1.1821365756937077
1993-02-18,133.0,3.7661344,1.20018446234552
1993-02-19,122.0,3.4546495999999998,1.1009210857605523
1993-02-20,105.0,2.973264,0.9475140492201475
1993-02-21,91.0,2.5768288,0.8211788426574611
1993-02-22,108.0,3.0582143999999998,0.9745858791978659
1993-02-23,226.0,6.3995968,2.0394111916547937
1993-02-24,258.0,7.3057343999999995,2.3281773780837907
1993-02-25,223.0,6.3146464,2.0123393616770753
1993-02-26,320.0,9.061376,2.887661864289973
1993-02-27,396.0,11.2134528,3.5734815570588423
1993-02-28,391.0,11.0718688,3.5283618404293113
1993-03-01,335.0,9.486127999999999,3.0230210141785654
1993-03-02,276.0,7.8154368,2.490608357950102
1993-03-03,355.0,10.052464,3.2034998806966892
1993-03-04,811.0,22.9649248,7.3184180373099
1993-03-05,1020.0,28.883136,9.204422192424289
1993-03-06,966.0,27.3540288,8.717129252825357
1993-03-07,764.0,21.6340352,6.894292700992311
1993-03-08,589.0,16.6785952,5.315102618958732
1993-03-09,472.0,13.3655296,4.25930124982771
1993-03-10,379.0,10.7320672,3.420074520518437
1993-03-11,302.0,8.551673599999999,2.725230884423662
1993-03-12,241.0,6.8243488,2.174770341543386
1993-03-13,345.0,9.769296,3.1132604474376278
1993-03-14,428.0,12.1195904,3.8622477434878393
1993-03-15,443.0,12.5443424,3.9976068933764317
1993-03-16,400.0,11.32672,3.6095773303624665
1993-03-17,358.0,10.137414399999999,3.230571710674407
1993-03-18,342.0,9.6843456,3.086188617459909
1993-03-19,307.0,8.693257599999999,2.7703506010531926
1993-03-20,268.0,7.5889024,2.4184168113428526
1993-03-21,230.0,6.5128639999999995,2.075506964958418
1993-03-22,196.0,5.5500928,1.7686928918776086
1993-03-23,167.0,4.7289056,1.5069985354263298
1993-03-24,144.0,4.0776192,1.299447838930488
1993-03-25,123.0,3.4829664,1.1099450290864585
1993-03-26,122.0,3.4546495999999998,1.1009210857605523
1993-03-27,146.0,4.1342528,1.3174957255823
1993-03-28,149.0,4.2192032,1.3445675555600187
1993-03-29,134.0,3.7944512,1.2092084056714263
1993-03-30,115.0,3.2564319999999998,1.037753482479209
1993-03-31,140.0,3.964352,1.2633520656268633
1993-04-01,231.0,6.5411808,2.0845309082843246
1993-04-02,235.0,6.6544479999999995,2.120626681587949
1993-04-03,215.0,6.088112,1.9401478150698257
1993-04-04,186.0,5.2669248,1.678453458618547
1993-04-05,165.0,4.6722719999999995,1.4889506487745172
1993-04-06,145.0,4.105936,1.308471782256394
1993-04-07,125.0,3.5396,1.1279929157382709
1993-04-08,107.0,3.0298976,0.9655619358719598
1993-04-09,90.0,2.548512,0.812154899331555
1993-04-10,76.0,2.1520768,0.6858196927688687
1993-04-11,63.0,1.7839584,0.5685084295320885
1993-04-12,51.0,1.4441568,0.4602211096212145
1993-04-13,42.0,1.1893056,0.37900561968805896
1993-04-14,35.0,0.991088,0.3158380164067158
1993-04-15,30.0,0.849504,0.270718299777185
1993-04-16,26.0,0.7362368,0.23462252647356033
1993-04-17,22.0,0.6229696,0.19852675316993568
1993-04-18,18.0,0.5097024,0.162430979866311
1993-04-19,15.0,0.424752,0.1353591498885925
1993-04-20,13.0,0.3681184,0.11731126323678016
1993-04-21,11.0,0.3114848,0.09926337658496784
1993-04-22,9.4,0.26617792,0.08482506726351796
1993-04-23,8.3,0.23502944,0.07489872960502118
1993-04-24,7.3,0.20671264,0.06587478627911501
1993-04-25,6.4,0.18122752,0.057753237285799466
1993-04-26,6.1,0.17273248,0.05504605428802761
1993-04-27,5.6,0.15857407999999998,0.05053408262507453
1993-04-28,5.0,0.141584,0.04511971662953083
1993-04-29,4.7,0.13308896,0.04241253363175898
1993-04-30,4.4,0.12459392000000001,0.039705350633987134
1993-05-01,4.1,0.11609887999999999,0.03699816763621528
1993-05-02,3.9,0.11043552,0.03519337897103405
1993-05-03,3.8,0.10760383999999999,0.03429098463844343
1993-05-04,3.8,0.10760383999999999,0.03429098463844343
1993-05-05,3.6,0.10194048,0.032486195973262195
1993-05-06,3.4,0.09627712,0.030681407308080964
1993-05-07,3.2,0.09061376,0.028876618642899733
1993-05-08,3.0,0.0849504,0.0270718299777185
1993-05-09,2.9,0.08211871999999999,0.02616943564512788
1993-05-10,2.7,0.07645536,0.02436464697994665
1993-05-11,2.6,0.07362368,0.023462252647356033
1993-05-12,2.5,0.070792,0.022559858314765414
1993-05-13,2.5,0.070792,0.022559858314765414
1993-05-14,2.4,0.06796031999999999,0.021657463982174795
1993-05-15,2.3,0.06512863999999999,0.02075506964958418
1993-05-16,2.2,0.062296960000000005,0.019852675316993567
1993-05-17,2.2,0.062296960000000005,0.019852675316993567
1993-05-18,2.1,0.05946528,0.01895028098440295
1993-05-19,2.1,0.05946528,0.01895028098440295
1993-05-20,2.2,0.062296960000000005,0.019852675316993567
1993-05-21,2.0,0.0566336,0.018047886651812332
1993-05-22,2.0,0.0566336,0.018047886651812332
1993-05-23,1.9,0.053801919999999996,0.017145492319221713
1993-05-24,2.0,0.0566336,0.018047886651812332
1993-05-25,2.0,0.0566336,0.018047886651812332
1993-05-26,2.0,0.0566336,0.018047886651812332
1993-05-27,2.0,0.0566336,0.018047886651812332
1993-05-28,2.0,0.0566336,0.018047886651812332
1993-05-29,2.2,0.062296960000000005,0.019852675316993567
1993-05-30,2.3,0.06512863999999999,0.02075506964958418
1993-05-31,2.2,0.062296960000000005,0.019852675316993567
1993-06-01,2.1,0.05946528,0.01895028098440295
1993-06-02,2.1,0.05946528,0.01895028098440295
1993-06-03,2.0,0.0566336,0.018047886651812332
1993-06-04,2.0,0.0566336,0.018047886651812332
1993-06-05,2.0,0.0566336,0.018047886651812332
1993-06-06,2.1,0.05946528,0.01895028098440295
1993-06-07,2.1,0.05946528,0.01895028098440295
1993-06-08,2.0,0.0566336,0.018047886651812332
1993-06-09,2.0,0.0566336,0.018047886651812332
1993-06-10,2.0,0.0566336,0.018047886651812332
1993-06-11,2.5,0.070792,0.022559858314765414
1993-06-12,2.7,0.07645536,0.02436464697994665
1993-06-13,2.3,0.06512863999999999,0.02075506964958418
1993-06-14,2.8,0.07928703999999999,0.025267041312537264
1993-06-15,3.0,0.0849504,0.0270718299777185
1993-06-16,2.3,0.06512863999999999,0.02075506964958418
1993-06-17,2.2,0.062296960000000005,0.019852675316993567
1993-06-18,2.2,0.062296960000000005,0.019852675316993567
1993-06-19,2.1,0.05946528,0.01895028098440295
1993-06-20,2.1,0.05946528,0.01895028098440295
1993-06-21,2.0,0.0566336,0.018047886651812332
1993-06-22,2.1,0.05946528,0.01895028098440295
1993-06-23,2.1,0.05946528,0.01895028098440295
1993-06-24,2.2,0.062296960000000005,0.019852675316993567
1993-06-25,2.6,0.07362368,0.023462252647356033
1993-06-26,3.0,0.0849504,0.0270718299777185
1993-06-27,2.9,0.08211871999999999,0.02616943564512788
1993-06-28,3.3,0.09344543999999999,0.029779012975490345
1993-06-29,4.0,0.1132672,0.036095773303624665
1993-06-30,4.6,0.13025727999999998,0.04151013929916836
1993-07-01,5.6,0.15857407999999998,0.05053408262507453
1993-07-02,6.5,0.1840592,0.05865563161839008
1993-07-03,5.4,0.15291072,0.0487292939598933
1993-07-04,4.8,0.13592063999999998,0.04331492796434959
1993-07-05,3.9,0.11043552,0.03519337897103405
1993-07-06,3.3,0.09344543999999999,0.029779012975490345
1993-07-07,3.4,0.09627712,0.030681407308080964
1993-07-08,3.3,0.09344543999999999,0.029779012975490345
1993-07-09,4.1,0.11609887999999999,0.03699816763621528
1993-07-10,7.5,0.212376,0.06767957494429624
1993-07-11,9.8,0.27750464,0.08843464459388044
1993-07-12,18.0,0.5097024,0.162430979866311
1993-07-13,20.0,0.566336,0.1804788665181233
1993-07-14,17.0,0.48138559999999997,0.15340703654040483
1993-07-15,18.0,0.5097024,0.162430979866311
1993-07-16,17.0,0.48138559999999997,0.15340703654040483
1993-07-17,13.0,0.3681184,0.11731126323678016
1993-07-18,11.0,0.3114848,0.09926337658496784
1993-07-19,10.0,0.283168,0.09023943325906165
1993-07-20,13.0,0.3681184,0.11731126323678016
1993-07-21,13.0,0.3681184,0.11731126323678016
1993-07-22,15.0,0.424752,0.1353591498885925
1993-07-23,32.0,0.9061376,0.2887661864289973
1993-07-24,69.0,1.9538592,0.6226520894875255
1993-07-25,107.0,3.0298976,0.9655619358719598
1993-07-26,123.0,3.4829664,1.1099450290864585
1993-07-27,110.0,3.114848,0.9926337658496782
1993-07-28,83.0,2.3502944,0.7489872960502119
1993-07-29,59.0,1.6706912,0.5324126562284638
1993-07-30,41.0,1.1609888,0.3699816763621528
1993-07-31,30.0,0.849504,0.270718299777185
1993-08-01,21.0,0.5946528,0.18950280984402948
1993-08-02,14.0,0.3964352,0.12633520656268632
1993-08-03,17.0,0.48138559999999997,0.15340703654040483
1993-08-04,89.0,2.5201952,0.8031309560056488
1993-08-05,72.0,2.0388096,0.649723919465244
1993-08-06,48.0,1.3592064,0.433149279643496
1993-08-07,38.0,1.0760384,0.34290984638443434
1993-08-08,26.0,0.7362368,0.23462252647356033
1993-08-09,19.0,0.5380192,0.17145492319221717
1993-08-10,14.0,0.3964352,0.12633520656268632
1993-08-11,11.0,0.3114848,0.09926337658496784
1993-08-12,9.4,0.26617792,0.08482506726351796
1993-08-13,7.8,0.22087104,0.0703867579420681
1993-08-14,6.8,0.19255424,0.06136281461616193
1993-08-15,5.9,0.16706912000000002,0.05324126562284639
1993-08-16,5.0,0.141584,0.04511971662953083
1993-08-17,4.4,0.12459392000000001,0.039705350633987134
1993-08-18,3.9,0.11043552,0.03519337897103405
1993-08-19,4.0,0.1132672,0.036095773303624665
1993-08-20,4.9,0.13875232,0.04421732229694022
1993-08-21,5.3,0.15007904,0.04782689962730268
1993-08-22,4.9,0.13875232,0.04421732229694022
1993-08-23,4.5,0.1274256,0.04060774496657775
1993-08-24,3.9,0.11043552,0.03519337897103405
1993-08-25,3.3,0.09344543999999999,0.029779012975490345
1993-08-26,2.9,0.08211871999999999,0.02616943564512788
1993-08-27,3.4,0.09627712,0.030681407308080964
1993-08-28,3.6,0.10194048,0.032486195973262195
1993-08-29,3.9,0.11043552,0.03519337897103405
1993-08-30,3.6,0.10194048,0.032486195973262195
1993-08-31,3.8,0.10760383999999999,0.03429098463844343
1993-09-01,5.5,0.1557424,0.04963168829248392
1993-09-02,10.0,0.283168,0.09023943325906165
1993-09-03,19.0,0.5380192,0.17145492319221717
1993-09-04,17.0,0.48138559999999997,0.15340703654040483
1993-09-05,15.0,0.424752,0.1353591498885925
1993-09-06,14.0,0.3964352,0.12633520656268632
1993-09-07,13.0,0.3681184,0.11731126323678016
1993-09-08,11.0,0.3114848,0.09926337658496784
1993-09-09,11.0,0.3114848,0.09926337658496784
1993-09-10,11.0,0.3114848,0.09926337658496784
1993-09-11,11.0,0.3114848,0.09926337658496784
1993-09-12,9.6,0.27184127999999996,0.08662985592869918
1993-09-13,8.1,0.22936608,0.07309394093983995
1993-09-14,6.8,0.19255424,0.06136281461616193
1993-09-15,6.0,0.1699008,0.054143659955437
1993-09-16,4.9,0.13875232,0.04421732229694022
1993-09-17,4.1,0.11609887999999999,0.03699816763621528
1993-09-18,3.7,0.10477216,0.03338859030585282
1993-09-19,3.3,0.09344543999999999,0.029779012975490345
1993-09-20,2.9,0.08211871999999999,0.02616943564512788
1993-09-21,2.6,0.07362368,0.023462252647356033
1993-09-22,4.1,0.11609887999999999,0.03699816763621528
1993-09-23,6.3,0.17839584,0.05685084295320885
1993-09-24,5.5,0.1557424,0.04963168829248392
1993-09-25,4.7,0.13308896,0.04241253363175898
1993-09-26,3.9,0.11043552,0.03519337897103405
1993-09-27,3.2,0.09061376,0.028876618642899733
1993-09-28,2.7,0.07645536,0.02436464697994665
1993-09-29,2.3,0.06512863999999999,0.02075506964958418
1993-09-30,2.0,0.0566336,0.018047886651812332
1993-10-01,1.7,0.04813856,0.015340703654040482
1993-10-02,1.5,0.0424752,0.01353591498885925
1993-10-03,1.3,0.03681184,0.011731126323678016
1993-10-04,1.1,0.031148480000000003,0.009926337658496783
1993-10-05,1.1,0.031148480000000003,0.009926337658496783
1993-10-06,1.0,0.0283168,0.009023943325906166
1993-10-07,1.3,0.03681184,0.011731126323678016
1993-10-08,1.5,0.0424752,0.01353591498885925
1993-10-09,1.2,0.033980159999999995,0.010828731991087397
1993-10-10,1.2,0.033980159999999995,0.010828731991087397
1993-10-11,1.1,0.031148480000000003,0.009926337658496783
1993-10-12,1.0,0.0283168,0.009023943325906166
1993-10-13,0.94,0.026617791999999998,0.008482506726351795
1993-10-14,0.94,0.026617791999999998,0.008482506726351795
1993-10-15,1.1,0.031148480000000003,0.009926337658496783
1993-10-16,3.0,0.0849504,0.0270718299777185
1993-10-17,2.5,0.070792,0.022559858314765414
1993-10-18,1.8,0.05097024,0.016243097986631098
1993-10-19,1.5,0.0424752,0.01353591498885925
1993-10-20,1.6,0.04530688,0.014438309321449867
1993-10-21,1.6,0.04530688,0.014438309321449867
1993-10-22,1.5,0.0424752,0.01353591498885925
1993-10-23,1.4,0.039643519999999995,0.012633520656268632
1993-10-24,1.3,0.03681184,0.011731126323678016
1993-10-25,1.2,0.033980159999999995,0.010828731991087397
1993-10-26,1.2,0.033980159999999995,0.010828731991087397
1993-10-27,1.2,0.033980159999999995,0.010828731991087397
1993-10-28,1.2,0.033980159999999995,0.010828731991087397
1993-10-29,1.2,0.033980159999999995,0.010828731991087397
1993-10-30,6.5,0.1840592,0.05865563161839008
1993-10-31,11.0,0.3114848,0.09926337658496784
1993-11-01,11.0,0.3114848,0.09926337658496784
1993-11-02,7.0,0.1982176,0.06316760328134316
1993-11-03,5.1,0.14441568,0.04602211096212144
1993-11-04,4.6,0.13025727999999998,0.04151013929916836
1993-11-05,5.1,0.14441568,0.04602211096212144
1993-11-06,14.0,0.3964352,0.12633520656268632
1993-11-07,18.0,0.5097024,0.162430979866311
1993-11-08,19.0,0.5380192,0.17145492319221717
1993-11-09,19.0,0.5380192,0.17145492319221717
1993-11-10,21.0,0.5946528,0.18950280984402948
1993-11-11,24.0,0.6796032,0.216574639821748
1993-11-12,25.0,0.70792,0.22559858314765416
1993-11-13,23.0,0.6512864,0.20755069649584185
1993-11-14,20.0,0.566336,0.1804788665181233
1993-11-15,17.0,0.48138559999999997,0.15340703654040483
1993-11-16,15.0,0.424752,0.1353591498885925
1993-11-17,14.0,0.3964352,0.12633520656268632
1993-11-18,12.0,0.3398016,0.108287319910874
1993-11-19,11.0,0.3114848,0.09926337658496784
1993-11-20,9.5,0.2690096,0.08572746159610858
1993-11-21,8.5,0.24069279999999998,0.07670351827020241
1993-11-22,7.6,0.21520767999999998,0.06858196927688685
1993-11-23,6.7,0.18972256,0.06046042028357132
1993-11-24,5.8,0.16423743999999998,0.05233887129025576
1993-11-25,5.0,0.141584,0.04511971662953083
1993-11-26,4.5,0.1274256,0.04060774496657775
1993-11-27,4.3,0.12176224,0.03880295630139651
1993-11-28,3.9,0.11043552,0.03519337897103405
1993-11-29,3.5,0.0991088,0.03158380164067158
1993-11-30,3.6,0.10194048,0.032486195973262195
1993-12-01,3.5,0.0991088,0.03158380164067158
1993-12-02,3.3,0.09344543999999999,0.029779012975490345
1993-12-03,3.1,0.08778208,0.027974224310309114
1993-12-04,2.8,0.07928703999999999,0.025267041312537264
1993-12-05,2.8,0.07928703999999999,0.025267041312537264
1993-12-06,2.7,0.07645536,0.02436464697994665
1993-12-07,2.5,0.070792,0.022559858314765414
1993-12-08,2.5,0.070792,0.022559858314765414
1993-12-09,2.2,0.062296960000000005,0.019852675316993567
1993-12-10,2.1,0.05946528,0.01895028098440295
1993-12-11,2.1,0.05946528,0.01895028098440295
1993-12-12,2.0,0.0566336,0.018047886651812332
1993-12-13,1.8,0.05097024,0.016243097986631098
1993-12-14,4.5,0.1274256,0.04060774496657775
1993-12-15,5.2,0.14724736,0.046924505294712066
1993-12-16,5.3,0.15007904,0.04782689962730268
1993-12-17,5.2,0.14724736,0.046924505294712066
1993-12-18,4.4,0.12459392000000001,0.039705350633987134
1993-12-19,4.0,0.1132672,0.036095773303624665
1993-12-20,6.8,0.19255424,0.06136281461616193
1993-12-21,48.0,1.3592064,0.433149279643496
1993-12-22,78.0,2.2087104,0.703867579420681
1993-12-23,97.0,2.7467296,0.8753225026128981
1993-12-24,110.0,3.114848,0.9926337658496782
1993-12-25,127.0,3.5962336,1.1460408023900832
1993-12-26,133.0,3.7661344,1.20018446234552
1993-12-27,127.0,3.5962336,1.1460408023900832
1993-12-28,116.0,3.2847488,1.0467774258051152
1993-12-29,102.0,2.8883136,0.920442219242429
1993-12-30,88.0,2.4918784,0.7941070126797427
1993-12-31,76.0,2.1520768,0.6858196927688687
1994-01-01,71.0,2.0104928,0.6406999761393378
1994-01-02,157.0,4.4457376,1.416759102167268
1994-01-03,217.0,6.1447456,1.9581957017216383
1994-01-04,308.0,8.7215744,2.7793745443790994
1994-01-05,308.0,8.7215744,2.7793745443790994
1994-01-06,260.0,7.362368,2.346225264735603
1994-01-07,219.0,6.2013792,1.9762435883734504
1994-01-08,189.0,5.3518752,1.7055252885962655
1994-01-09,162.0,4.5873216,1.461878818796799
1994-01-10,137.0,3.8794016,1.2362802356491447
1994-01-11,117.0,3.3130656,1.0558013691310215
1994-01-12,108.0,3.0582143999999998,0.9745858791978659
1994-01-13,117.0,3.3130656,1.0558013691310215
1994-01-14,183.0,5.1819744,1.6513816286408283
1994-01-15,200.0,5.66336,1.8047886651812333
1994-01-16,189.0,5.3518752,1.7055252885962655
1994-01-17,183.0,5.1819744,1.6513816286408283
1994-01-18,333.0,9.4294944,3.0049731275267533
1994-01-19,401.0,11.3550368,3.618601273688373
1994-01-20,405.0,11.468304,3.6546970469919975
1994-01-21,361.0,10.2223648,3.257643540652126
1994-01-22,310.0,8.778208,2.7974224310309115
1994-01-23,266.0,7.5322688,2.40036892469104
1994-01-24,228.0,6.4562304,2.057459078306606
1994-01-25,196.0,5.5500928,1.7686928918776086
1994-01-26,169.0,4.7855392,1.5250464220781421
1994-01-27,147.0,4.1625696,1.3265196689082066
1994-01-28,169.0,4.7855392,1.5250464220781421
1994-01-29,271.0,7.6738528,2.445488641320571
1994-01-30,389.0,11.0152352,3.5103139537774983
1994-01-31,484.0,13.7053312,4.367588569738585
1994-02-01,467.0,13.2239456,4.21418153319818
1994-02-02,410.0,11.609888,3.699816763621528
1994-02-03,344.0,9.7409792,3.104236504111721
1994-02-04,289.0,8.1835552,2.6079196211868823
1994-02-05,246.0,6.9659328,2.219890058172917
1994-02-06,223.0,6.3146464,2.0123393616770753
1994-02-07,252.0,7.1358336,2.274033718128354
1994-02-08,254.0,7.1924672,2.2920816047801664
1994-02-09,236.0,6.6827648,2.129650624913855
1994-02-10,212.0,6.0031616,1.9130759850921073
1994-02-11,209.0,5.9182112,1.8860041551143887
1994-02-12,250.0,7.0792,2.2559858314765417
1994-02-13,264.0,7.4756352,2.382321038039228
1994-02-14,244.0,6.9092991999999995,2.2018421715211045
1994-02-15,210.0,5.946528,1.895028098440295
1994-02-16,179.0,5.0687071999999995,1.6152858553372036
1994-02-17,152.0,4.3041536,1.3716393855377373
1994-02-18,131.0,3.7095008,1.1821365756937077
1994-02-19,112.0,3.1714816,1.0106816525014906
1994-02-20,95.0,2.690096,0.8572746159610858
1994-02-21,82.0,2.3219776,0.7399633527243056
1994-02-22,70.0,1.982176,0.6316760328134317
1994-02-23,67.0,1.8972256,0.6046042028357131
1994-02-24,205.0,5.804944,1.849908381810764
1994-02-25,250.0,7.0792,2.2559858314765417
1994-02-26,246.0,6.9659328,2.219890058172917
1994-02-27,215.0,6.088112,1.9401478150698257
1994-02-28,180.0,5.097024,1.62430979866311
1994-03-01,159.0,4.5023712,1.4348069888190804
1994-03-02,863.0,24.4373984,7.787663090257022
1994-03-03,2370.0,67.110816,21.386745682397613
1994-03-04,3060.0,86.649408,27.613266577272867
1994-03-05,2240.0,63.429632,20.213633050029813
1994-03-06,1460.0,41.342528,13.174957255823003
1994-03-07,884.0,25.032051199999998,7.977165900101051
1994-03-08,607.0,17.1882976,5.477533598825042
1994-03-09,457.0,12.9407776,4.123942099939118
1994-03-10,359.0,10.1657312,3.2395956540003135
1994-03-11,290.0,8.211872,2.616943564512788
1994-03-12,237.0,6.7110816,2.1386745682397614
1994-03-13,196.0,5.5500928,1.7686928918776086
1994-03-14,163.0,4.6156384,1.470902762122705
1994-03-15,134.0,3.7944512,1.2092084056714263
1994-03-16,111.0,3.1431648,1.0016577091755845
1994-03-17,90.0,2.548512,0.812154899331555
1994-03-18,73.0,2.0671264,0.65874786279115
1994-03-19,60.0,1.699008,0.54143659955437
1994-03-20,50.0,1.41584,0.4511971662953083
1994-03-21,42.0,1.1893056,0.37900561968805896
1994-03-22,36.0,1.0194048,0.324861959732622
1994-03-23,31.0,0.8778208,0.27974224310309115
1994-03-24,27.0,0.7645535999999999,0.24364646979946647
1994-03-25,40.0,1.132672,0.3609577330362466
1994-03-26,90.0,2.548512,0.812154899331555
1994-03-27,101.0,2.8599968,0.9114182759165227
1994-03-28,110.0,3.114848,0.9926337658496782
1994-03-29,294.0,8.3251392,2.653039337816413
1994-03-30,348.0,9.8542464,3.1403322774153457
1994-03-31,339.0,9.5993952,3.0591167874821905
1994-04-01,294.0,8.3251392,2.653039337816413
1994-04-02,241.0,6.8243488,2.174770341543386
1994-04-03,197.0,5.5784096,1.7777168352035146
1994-04-04,168.0,4.7572224,1.5160224787522358
1994-04-05,147.0,4.1625696,1.3265196689082066
1994-04-06,126.0,3.5679168,1.137016859064177
1994-04-07,108.0,3.0582143999999998,0.9745858791978659
1994-04-08,89.0,2.5201952,0.8031309560056488
1994-04-09,71.0,2.0104928,0.6406999761393378
1994-04-10,58.0,1.6423744,0.5233887129025576
1994-04-11,46.0,1.3025728,0.4151013929916837
1994-04-12,41.0,1.1609888,0.3699816763621528
1994-04-13,81.0,2.2936608,0.7309394093983995
1994-04-14,182.0,5.1536576,1.6423576853149222
1994-04-15,232.0,6.5694976,2.0935548516102305
1994-04-16,249.0,7.0508831999999995,2.2469618881506355
1994-04-17,240.0,6.796032,2.16574639821748
1994-04-18,201.0,5.6916768,1.8138126085071393
1994-04-19,162.0,4.5873216,1.461878818796799
1994-04-20,133.0,3.7661344,1.20018446234552
1994-04-21,114.0,3.2281152,1.028729539153303
1994-04-22,112.0,3.1714816,1.0106816525014906
1994-04-23,97.0,2.7467296,0.8753225026128981
1994-04-24,83.0,2.3502944,0.7489872960502119
1994-04-25,68.0,1.9255423999999999,0.6136281461616193
1994-04-26,55.0,1.557424,0.4963168829248391
1994-04-27,43.0,1.2176224,0.38802956301396513
1994-04-28,33.0,0.9344544,0.2977901297549035
1994-04-29,26.0,0.7362368,0.23462252647356033
1994-04-30,20.0,0.566336,0.1804788665181233
1994-05-01,15.0,0.424752,0.1353591498885925
1994-05-02,14.0,0.3964352,0.12633520656268632
1994-05-03,15.0,0.424752,0.1353591498885925
1994-05-04,19.0,0.5380192,0.17145492319221717
1994-05-05,22.0,0.6229696,0.19852675316993568
1994-05-06,24.0,0.6796032,0.216574639821748
1994-05-07,26.0,0.7362368,0.23462252647356033
1994-05-08,32.0,0.9061376,0.2887661864289973
1994-05-09,30.0,0.849504,0.270718299777185
1994-05-10,25.0,0.70792,0.22559858314765416
1994-05-11,21.0,0.5946528,0.18950280984402948
1994-05-12,17.0,0.48138559999999997,0.15340703654040483
1994-05-13,13.0,0.3681184,0.11731126323678016
1994-05-14,11.0,0.3114848,0.09926337658496784
1994-05-15,9.0,0.2548512,0.0812154899331555
1994-05-16,7.6,0.21520767999999998,0.06858196927688685
1994-05-17,6.6,0.18689087999999998,0.05955802595098069
1994-05-18,5.6,0.15857407999999998,0.05053408262507453
1994-05-19,7.0,0.1982176,0.06316760328134316
1994-05-20,9.5,0.2690096,0.08572746159610858
1994-05-21,11.0,0.3114848,0.09926337658496784
1994-05-22,9.8,0.27750464,0.08843464459388044
1994-05-23,8.5,0.24069279999999998,0.07670351827020241
1994-05-24,6.9,0.19538592000000002,0.06226520894875255
1994-05-25,5.6,0.15857407999999998,0.05053408262507453
1994-05-26,4.6,0.13025727999999998,0.04151013929916836
1994-05-27,4.0,0.1132672,0.036095773303624665
1994-05-28,3.8,0.10760383999999999,0.03429098463844343
1994-05-29,3.3,0.09344543999999999,0.029779012975490345
1994-05-30,3.6,0.10194048,0.032486195973262195
1994-05-31,4.4,0.12459392000000001,0.039705350633987134
1994-06-01,3.5,0.0991088,0.03158380164067158
1994-06-02,3.0,0.0849504,0.0270718299777185
1994-06-03,2.8,0.07928703999999999,0.025267041312537264
1994-06-04,8.7,0.24635615999999996,0.07850830693538363
1994-06-05,29.0,0.8211872,0.2616943564512788
1994-06-06,34.0,0.9627711999999999,0.30681407308080966
1994-06-07,178.0,5.0403904,1.6062619120112975
1994-06-08,515.0,14.583152,4.647330812841676
1994-06-09,778.0,22.0304704,7.020627907554997
1994-06-10,703.0,19.9067104,6.343832158112035
1994-06-11,585.0,16.565328,5.279006845655108
1994-06-12,501.0,14.1867168,4.520995606278989
1994-06-13,547.0,15.4892896,4.9360969992706725
1994-06-14,567.0,16.0556256,5.116575865788796
1994-06-15,400.0,11.32672,3.6095773303624665
1994-06-16,520.0,14.724736,4.692450529471206
1994-06-17,645.0,18.264336,5.820443445209477
1994-06-18,599.0,16.9617632,5.405342052217794
1994-06-19,470.0,13.308895999999999,4.241253363175898
1994-06-20,367.0,10.3922656,3.3117872006075633
1994-06-21,320.0,9.061376,2.887661864289973
1994-06-22,299.0,8.4667232,2.6981590544459437
1994-06-23,476.0,13.4787968,4.295397023131335
1994-06-24,907.0,25.683337599999998,8.184716596596893
1994-06-25,1140.0,32.281152,10.287295391533029
1994-06-26,1230.0,34.829664,11.099450290864585
1994-06-27,1200.0,33.98016,10.828731991087398
1994-06-28,979.0,27.7221472,8.834440516062136
1994-06-29,697.0,19.7368096,6.289688498156599
1994-06-30,512.0,14.4982016,4.620258982863957
1994-07-01,380.0,10.760384,3.429098463844343
1994-07-02,283.0,8.0136544,2.553775961231445
1994-07-03,244.0,6.9092991999999995,2.2018421715211045
1994-07-04,440.0,12.459392,3.970535063398713
1994-07-05,757.0,21.4358176,6.831125097710968
1994-07-06,945.0,26.759376,8.527626442981328
1994-07-07,970.0,27.467296,8.753225026128982
1994-07-08,935.0,26.476208,8.437387009722265
1994-07-09,831.0,23.5312608,7.498896903828023
1994-07-10,669.0,18.9439392,6.037018085031225
1994-07-11,519.0,14.6964192,4.6834265861453
1994-07-12,395.0,11.185136,3.5644576137329356
1994-07-13,304.0,8.6083072,2.7432787710754747
1994-07-14,253.0,7.1641504,2.28305766145426
1994-07-15,206.0,5.8332608,1.8589323251366703
1994-07-16,172.0,4.8704896,1.5521182520558605
1994-07-17,140.0,3.964352,1.2633520656268633
1994-07-18,113.0,3.1997984,1.0197055958273968
1994-07-19,98.0,2.7750464,0.8843464459388043
1994-07-20,96.0,2.7184128,0.866298559286992
1994-07-21,193.0,5.4651423999999995,1.74162106189989
1994-07-22,340.0,9.627712,3.068140730808097
1994-07-23,566.0,16.0273088,5.10755192246289
1994-07-24,682.0,19.3120576,6.154329348268005
1994-07-25,596.0,16.8768128,5.378270222240075
1994-07-26,566.0,16.0273088,5.10755192246289
1994-07-27,552.0,15.6308736,4.981216715900204
1994-07-28,628.0,17.7829504,5.667036408669072
1994-07-29,653.0,18.4908704,5.892634991816726
1994-07-30,647.0,18.3209696,5.83849133186129
1994-07-31,771.0,21.8322528,6.957460304273654
1994-08-01,873.0,24.7205664,7.877902523516083
1994-08-02,740.0,20.954432,6.677718061170563
1994-08-03,554.0,15.6875072,4.999264602552016
1994-08-04,402.0,11.3833536,3.6276252170142786
1994-08-05,299.0,8.4667232,2.6981590544459437
1994-08-06,232.0,6.5694976,2.0935548516102305
1994-08-07,195.0,5.521776,1.7596689485517025
1994-08-08,298.0,8.4384064,2.6891351111200374
1994-08-09,267.0,7.5605856,2.4093928680169463
1994-08-10,229.0,6.4845472,2.066483021632512
1994-08-11,189.0,5.3518752,1.7055252885962655
1994-08-12,163.0,4.6156384,1.470902762122705
1994-08-13,159.0,4.5023712,1.4348069888190804
1994-08-14,172.0,4.8704896,1.5521182520558605
1994-08-15,579.0,16.3954272,5.224863185699671
1994-08-16,3270.0,92.595936,29.508294675713163
1994-08-17,4270.0,120.912736,38.532238001619326
1994-08-18,3920.0,111.001856,35.37385783755217
1994-08-19,3540.0,100.241472,31.94475937370783
1994-08-20,3010.0,85.233568,27.162069410977562
1994-08-21,2150.0,60.881119999999996,19.401478150698257
1994-08-22,1540.0,43.607872,13.896872721895496
1994-08-23,1120.0,31.714816,10.106816525014906
1994-08-24,789.0,22.3419552,7.119891284139966
1994-08-25,580.0,16.423744,5.233887129025576
1994-08-26,429.0,12.1479072,3.8712716868137456
1994-08-27,328.0,9.2879104,2.9598534108972223
1994-08-28,273.0,7.7304864,2.4635365279723835
1994-08-29,236.0,6.6827648,2.129650624913855
1994-08-30,194.0,5.4934592,1.7506450052257962
1994-08-31,147.0,4.1625696,1.3265196689082066
1994-09-01,115.0,3.2564319999999998,1.037753482479209
1994-09-02,93.0,2.6334624,0.8392267293092734
1994-09-03,77.0,2.1803936,0.6948436360947748
1994-09-04,109.0,3.0865312,0.9836098225237722
1994-09-05,139.0,3.9360352,1.2543281223009572
1994-09-06,123.0,3.4829664,1.1099450290864585
1994-09-07,97.0,2.7467296,0.8753225026128981
1994-09-08,79.0,2.2370272,0.7128915227465872
1994-09-09,65.0,1.840592,0.5865563161839008
1994-09-10,67.0,1.8972256,0.6046042028357131
1994-09-11,130.0,3.681184,1.1731126323678016
1994-09-12,143.0,4.0493024,1.290423895604582
1994-09-13,142.0,4.0209856,1.2813999522786756
1994-09-14,131.0,3.7095008,1.1821365756937077
1994-09-15,107.0,3.0298976,0.9655619358719598
1994-09-16,885.0,25.060368,7.986189843426957
1994-09-17,2860.0,80.986048,25.808477912091636
1994-09-18,2860.0,80.986048,25.808477912091636
1994-09-19,2160.0,61.164288,19.491717583957318
1994-09-20,1480.0,41.908864,13.355436122341127
1994-09-21,903.0,25.5700704,8.148620823293268
1994-09-22,602.0,17.0467136,5.432413882195513
1994-09-23,640.0,18.122752,5.775323728579946
1994-09-24,1130.0,31.997984,10.197055958273967
1994-09-25,1050.0,29.73264,9.475140492201474
1994-09-26,841.0,23.814428799999998,7.589136337087085
1994-09-27,639.0,18.0944352,5.7662997852540405
1994-09-28,493.0,13.960182399999999,4.4488040596717395
1994-09-29,381.0,10.788700799999999,3.438122407170249
1994-09-30,296.0,8.3817728,2.6710872244682253
1994-10-01,233.0,6.5978144,2.1025787949361368
1994-10-02,915.0,25.909872,8.256908143204143
1994-10-03,2890.0,81.83555199999999,26.07919621186882
1994-10-04,3510.0,99.391968,31.674041073930645
1994-10-05,2910.0,82.401888,26.259675078386945
1994-10-06,2010.0,56.916768,18.138126085071395
1994-10-07,1290.0,36.528672,11.640886890418955
1994-10-08,770.0,21.803936,6.948436360947748
1994-10-09,547.0,15.4892896,4.9360969992706725
1994-10-10,430.0,12.176224,3.8802956301396514
1994-10-11,482.0,13.6486976,4.349540683086772
1994-10-12,756.0,21.4075008,6.822101154385062
1994-10-13,1220.0,34.546496,11.009210857605522
1994-10-14,1330.0,37.661344,12.0018446234552
1994-10-15,1160.0,32.847488,10.467774258051152
1994-10-16,859.0,24.3241312,7.7515673169533965
1994-10-17,640.0,18.122752,5.775323728579946
1994-10-18,495.0,14.016816,4.466851946323552
1994-10-19,384.0,10.8736512,3.465194237147968
1994-10-20,304.0,8.6083072,2.7432787710754747
1994-10-21,243.0,6.8809824,2.1928182281951982
1994-10-22,191.0,5.4085088,1.7235731752480778
1994-10-23,150.0,4.24752,1.3535914988859248
1994-10-24,119.0,3.3696992,1.0738492557828339
1994-10-25,93.0,2.6334624,0.8392267293092734
1994-10-26,72.0,2.0388096,0.649723919465244
1994-10-27,54.0,1.5291071999999999,0.48729293959893294
1994-10-28,42.0,1.1893056,0.37900561968805896
1994-10-29,33.0,0.9344544,0.2977901297549035
1994-10-30,54.0,1.5291071999999999,0.48729293959893294
1994-10-31,72.0,2.0388096,0.649723919465244
1994-11-01,73.0,2.0671264,0.65874786279115
1994-11-02,67.0,1.8972256,0.6046042028357131
1994-11-03,58.0,1.6423744,0.5233887129025576
1994-11-04,46.0,1.3025728,0.4151013929916837
1994-11-05,36.0,1.0194048,0.324861959732622
1994-11-06,30.0,0.849504,0.270718299777185
1994-11-07,25.0,0.70792,0.22559858314765416
1994-11-08,21.0,0.5946528,0.18950280984402948
1994-11-09,18.0,0.5097024,0.162430979866311
1994-11-10,15.0,0.424752,0.1353591498885925
1994-11-11,15.0,0.424752,0.1353591498885925
1994-11-12,19.0,0.5380192,0.17145492319221717
1994-11-13,22.0,0.6229696,0.19852675316993568
1994-11-14,21.0,0.5946528,0.18950280984402948
1994-11-15,18.0,0.5097024,0.162430979866311
1994-11-16,15.0,0.424752,0.1353591498885925
1994-11-17,13.0,0.3681184,0.11731126323678016
1994-11-18,11.0,0.3114848,0.09926337658496784
1994-11-19,9.8,0.27750464,0.08843464459388044
1994-11-20,8.4,0.23786112,0.0758011239376118
1994-11-21,7.2,0.20388096,0.06497239194652439
1994-11-22,6.3,0.17839584,0.05685084295320885
1994-11-23,5.3,0.15007904,0.04782689962730268
1994-11-24,4.5,0.1274256,0.04060774496657775
1994-11-25,3.9,0.11043552,0.03519337897103405
1994-11-26,3.3,0.09344543999999999,0.029779012975490345
1994-11-27,3.0,0.0849504,0.0270718299777185
1994-11-28,2.8,0.07928703999999999,0.025267041312537264
1994-11-29,2.7,0.07645536,0.02436464697994665
1994-11-30,6.3,0.17839584,0.05685084295320885
1994-12-01,38.0,1.0760384,0.34290984638443434
1994-12-02,60.0,1.699008,0.54143659955437
1994-12-03,63.0,1.7839584,0.5685084295320885
1994-12-04,62.0,1.7556416,0.5594844862061823
1994-12-05,82.0,2.3219776,0.7399633527243056
1994-12-06,115.0,3.2564319999999998,1.037753482479209
1994-12-07,128.0,3.6245504,1.1550647457159893
1994-12-08,122.0,3.4546495999999998,1.1009210857605523
1994-12-09,112.0,3.1714816,1.0106816525014906
1994-12-10,101.0,2.8599968,0.9114182759165227
1994-12-11,107.0,3.0298976,0.9655619358719598
1994-12-12,138.0,3.9077184,1.245304178975051
1994-12-13,155.0,4.389104,1.3987112155154557
1994-12-14,149.0,4.2192032,1.3445675555600187
1994-12-15,134.0,3.7944512,1.2092084056714263
1994-12-16,117.0,3.3130656,1.0558013691310215
1994-12-17,102.0,2.8883136,0.920442219242429
1994-12-18,87.0,2.4635616,0.7850830693538364
1994-12-19,74.0,2.0954432,0.6677718061170563
1994-12-20,62.0,1.7556416,0.5594844862061823
1994-12-21,51.0,1.4441568,0.4602211096212145
1994-12-22,40.0,1.132672,0.3609577330362466
1994-12-23,31.0,0.8778208,0.27974224310309115
1994-12-24,58.0,1.6423744,0.5233887129025576
1994-12-25,87.0,2.4635616,0.7850830693538364
1994-12-26,87.0,2.4635616,0.7850830693538364
1994-12-27,74.0,2.0954432,0.6677718061170563
1994-12-28,62.0,1.7556416,0.5594844862061823
1994-12-29,78.0,2.2087104,0.703867579420681
1994-12-30,93.0,2.6334624,0.8392267293092734
1994-12-31,80.0,2.265344,0.7219154660724932
1995-01-01,68.0,1.9255423999999999,0.6136281461616193
1995-01-02,90.0,2.548512,0.812154899331555
1995-01-03,140.0,3.964352,1.2633520656268633
1995-01-04,169.0,4.7855392,1.5250464220781421
1995-01-05,176.0,4.9837568,1.5882140253594854
1995-01-06,166.0,4.7005888,1.4979745921004237
1995-01-07,178.0,5.0403904,1.6062619120112975
1995-01-08,163.0,4.6156384,1.470902762122705
1995-01-09,145.0,4.105936,1.308471782256394
1995-01-10,266.0,7.5322688,2.40036892469104
1995-01-11,385.0,10.901968,3.474218180473874
1995-01-12,408.0,11.5532544,3.681768876969716
1995-01-13,368.0,10.4205824,3.3208111439334695
1995-01-14,317.0,8.9764256,2.860590034312255
1995-01-15,274.0,7.7588032,2.4725604712982894
1995-01-16,234.0,6.6261312,2.111602738262043
1995-01-17,200.0,5.66336,1.8047886651812333
1995-01-18,167.0,4.7289056,1.5069985354263298
1995-01-19,142.0,4.0209856,1.2813999522786756
1995-01-20,143.0,4.0493024,1.290423895604582
1995-01-21,145.0,4.105936,1.308471782256394
1995-01-22,115.0,3.2564319999999998,1.037753482479209
1995-01-23,160.0,4.530688,1.4438309321449865
1995-01-24,300.0,8.49504,2.7071829977718496
1995-01-25,280.0,7.928704,2.5267041312537266
1995-01-26,180.0,5.097024,1.62430979866311
1995-01-27,120.0,3.398016,1.08287319910874
1995-01-28,110.0,3.114848,0.9926337658496782
1995-01-29,115.0,3.2564319999999998,1.037753482479209
1995-01-30,110.0,3.114848,0.9926337658496782
1995-01-31,105.0,2.973264,0.9475140492201475
1995-02-01,95.0,2.690096,0.8572746159610858
1995-02-02,90.0,2.548512,0.812154899331555
1995-02-03,85.0,2.406928,0.7670351827020242
1995-02-04,100.0,2.83168,0.9023943325906166
1995-02-05,125.0,3.5396,1.1279929157382709
1995-02-06,110.0,3.114848,0.9926337658496782
1995-02-07,100.0,2.83168,0.9023943325906166
1995-02-08,95.0,2.690096,0.8572746159610858
1995-02-09,90.0,2.548512,0.812154899331555
1995-02-10,100.0,2.83168,0.9023943325906166
1995-02-11,240.0,6.796032,2.16574639821748
1995-02-12,420.0,11.893056,3.79005619688059
1995-02-13,380.0,10.760384,3.429098463844343
1995-02-14,190.0,5.380192,1.7145492319221716
1995-02-15,120.0,3.398016,1.08287319910874
1995-02-16,95.0,2.690096,0.8572746159610858
1995-02-17,100.0,2.83168,0.9023943325906166
1995-02-18,121.0,3.4263328,1.0918971424346462
1995-02-19,222.0,6.2863296,2.003315418351169
1995-02-20,309.0,8.7498912,2.7883984877050056
1995-02-21,364.0,10.3073152,3.2847153706298444
1995-02-22,354.0,10.0241472,3.194475937370783
1995-02-23,318.0,9.0047424,2.869613977638161
1995-02-24,278.0,7.8720704,2.5086562446019145
1995-02-25,237.0,6.7110816,2.1386745682397614
1995-02-26,209.0,5.9182112,1.8860041551143887
1995-02-27,173.0,4.8988064,1.5611421953817668
1995-02-28,144.0,4.0776192,1.299447838930488
1995-03-01,123.0,3.4829664,1.1099450290864585
1995-03-02,111.0,3.1431648,1.0016577091755845
1995-03-03,96.0,2.7184128,0.866298559286992
1995-03-04,81.0,2.2936608,0.7309394093983995
1995-03-05,69.0,1.9538592,0.6226520894875255
1995-03-06,58.0,1.6423744,0.5233887129025576
1995-03-07,56.0,1.5857408,0.5053408262507453
1995-03-08,102.0,2.8883136,0.920442219242429
1995-03-09,106.0,3.0015808,0.9565379925460537
1995-03-10,98.0,2.7750464,0.8843464459388043
1995-03-11,84.0,2.3786112,0.7580112393761179
1995-03-12,70.0,1.982176,0.6316760328134317
1995-03-13,58.0,1.6423744,0.5233887129025576
1995-03-14,49.0,1.3875232,0.44217322296940215
1995-03-15,42.0,1.1893056,0.37900561968805896
1995-03-16,80.0,2.265344,0.7219154660724932
1995-03-17,127.0,3.5962336,1.1460408023900832
1995-03-18,171.0,4.8421728,1.5430943087299545
1995-03-19,211.0,5.9748448,1.904052041766201
1995-03-20,188.0,5.3235584,1.6965013452703592
1995-03-21,161.0,4.5590048,1.452854875470893
1995-03-22,136.0,3.8510847999999998,1.2272562923232386
1995-03-23,114.0,3.2281152,1.028729539153303
1995-03-24,93.0,2.6334624,0.8392267293092734
1995-03-25,73.0,2.0671264,0.65874786279115
1995-03-26,57.0,1.6140576,0.5143647695766514
1995-03-27,45.0,1.274256,0.4060774496657775
1995-03-28,34.0,0.9627711999999999,0.30681407308080966
1995-03-29,26.0,0.7362368,0.23462252647356033
1995-03-30,21.0,0.5946528,0.18950280984402948
1995-03-31,314.0,8.8914752,2.833518204334536
1995-04-01,659.0,18.6607712,5.9467786517721635
1995-04-02,793.0,22.4552224,7.15598705744359
1995-04-03,745.0,21.096016,6.722837777800094
1995-04-04,605.0,17.131664,5.4594857121732305
1995-04-05,479.0,13.5637472,4.322468853109053
1995-04-06,395.0,11.185136,3.5644576137329356
1995-04-07,328.0,9.2879104,2.9598534108972223
1995-04-08,265.0,7.503952,2.391344981365134
1995-04-09,211.0,5.9748448,1.904052041766201
1995-04-10,168.0,4.7572224,1.5160224787522358
1995-04-11,137.0,3.8794016,1.2362802356491447
1995-04-12,253.0,7.1641504,2.28305766145426
1995-04-13,361.0,10.2223648,3.257643540652126
1995-04-14,366.0,10.3639488,3.3027632572816565
1995-04-15,313.0,8.8631584,2.82449426100863
1995-04-16,249.0,7.0508831999999995,2.2469618881506355
1995-04-17,198.0,5.6067264,1.7867407785294211
1995-04-18,161.0,4.5590048,1.452854875470893
1995-04-19,130.0,3.681184,1.1731126323678016
1995-04-20,103.0,2.9166304,0.9294661625683351
1995-04-21,81.0,2.2936608,0.7309394093983995
1995-04-22,69.0,1.9538592,0.6226520894875255
1995-04-23,59.0,1.6706912,0.5324126562284638
1995-04-24,59.0,1.6706912,0.5324126562284638
1995-04-25,79.0,2.2370272,0.7128915227465872
1995-04-26,74.0,2.0954432,0.6677718061170563
1995-04-27,60.0,1.699008,0.54143659955437
1995-04-28,47.0,1.3308896,0.4241253363175898
1995-04-29,36.0,1.0194048,0.324861959732622
1995-04-30,27.0,0.7645535999999999,0.24364646979946647
1995-05-01,21.0,0.5946528,0.18950280984402948
1995-05-02,16.0,0.4530688,0.14438309321449866
1995-05-03,12.0,0.3398016,0.108287319910874
1995-05-04,9.8,0.27750464,0.08843464459388044
1995-05-05,8.1,0.22936608,0.07309394093983995
1995-05-06,6.7,0.18972256,0.06046042028357132
1995-05-07,6.0,0.1699008,0.054143659955437
1995-05-08,5.6,0.15857407999999998,0.05053408262507453
1995-05-09,5.4,0.15291072,0.0487292939598933
1995-05-10,5.5,0.1557424,0.04963168829248392
1995-05-11,12.0,0.3398016,0.108287319910874
1995-05-12,339.0,9.5993952,3.0591167874821905
1995-05-13,737.0,20.8694816,6.6506462311928445
1995-05-14,873.0,24.7205664,7.877902523516083
1995-05-15,766.0,21.6906688,6.912340587644124
1995-05-16,597.0,16.9051296,5.387294165565981
1995-05-17,445.0,12.600976,4.015654780028243
1995-05-18,329.0,9.3162272,2.9688773542231286
1995-05-19,247.0,6.9942496,2.228914001498823
1995-05-20,199.0,5.6350432,1.7957647218553272
1995-05-21,155.0,4.389104,1.3987112155154557
1995-05-22,113.0,3.1997984,1.0197055958273968
1995-05-23,79.0,2.2370272,0.7128915227465872
1995-05-24,54.0,1.5291071999999999,0.48729293959893294
1995-05-25,37.0,1.0477216,0.33388590305852817
1995-05-26,25.0,0.70792,0.22559858314765416
1995-05-27,17.0,0.48138559999999997,0.15340703654040483
1995-05-28,12.0,0.3398016,0.108287319910874
1995-05-29,9.4,0.26617792,0.08482506726351796
1995-05-30,7.4,0.20954432,0.06677718061170564
1995-05-31,6.3,0.17839584,0.05685084295320885
1995-06-01,5.8,0.16423743999999998,0.05233887129025576
1995-06-02,5.5,0.1557424,0.04963168829248392
1995-06-03,5.4,0.15291072,0.0487292939598933
1995-06-04,5.3,0.15007904,0.04782689962730268
1995-06-05,299.0,8.4667232,2.6981590544459437
1995-06-06,1050.0,29.73264,9.475140492201474
1995-06-07,1290.0,36.528672,11.640886890418955
1995-06-08,1170.0,33.130656,10.558013691310215
1995-06-09,850.0,24.06928,7.670351827020241
1995-06-10,619.0,17.5280992,5.585820918735917
1995-06-11,549.0,15.545923199999999,4.954144885922485
1995-06-12,482.0,13.6486976,4.349540683086772
1995-06-13,391.0,11.0718688,3.5283618404293113
1995-06-14,302.0,8.551673599999999,2.725230884423662
1995-06-15,225.0,6.37128,2.0303872483288874
1995-06-16,168.0,4.7572224,1.5160224787522358
1995-06-17,123.0,3.4829664,1.1099450290864585
1995-06-18,88.0,2.4918784,0.7941070126797427
1995-06-19,63.0,1.7839584,0.5685084295320885
1995-06-20,46.0,1.3025728,0.4151013929916837
1995-06-21,36.0,1.0194048,0.324861959732622
1995-06-22,33.0,0.9344544,0.2977901297549035
1995-06-23,28.0,0.7928704,0.25267041312537264
1995-06-24,27.0,0.7645535999999999,0.24364646979946647
1995-06-25,23.0,0.6512864,0.20755069649584185
1995-06-26,18.0,0.5097024,0.162430979866311
1995-06-27,14.0,0.3964352,0.12633520656268632
1995-06-28,11.0,0.3114848,0.09926337658496784
1995-06-29,8.7,0.24635615999999996,0.07850830693538363
1995-06-30,7.4,0.20954432,0.06677718061170564
1995-07-01,6.9,0.19538592000000002,0.06226520894875255
1995-07-02,6.1,0.17273248,0.05504605428802761
1995-07-03,5.4,0.15291072,0.0487292939598933
1995-07-04,4.8,0.13592063999999998,0.04331492796434959
1995-07-05,4.3,0.12176224,0.03880295630139651
1995-07-06,4.0,0.1132672,0.036095773303624665
1995-07-07,3.6,0.10194048,0.032486195973262195
1995-07-08,3.5,0.0991088,0.03158380164067158
1995-07-09,3.3,0.09344543999999999,0.029779012975490345
1995-07-10,3.4,0.09627712,0.030681407308080964
1995-07-11,3.3,0.09344543999999999,0.029779012975490345
1995-07-12,3.2,0.09061376,0.028876618642899733
1995-07-13,3.8,0.10760383999999999,0.03429098463844343
1995-07-14,3.7,0.10477216,0.03338859030585282
1995-07-15,3.9,0.11043552,0.03519337897103405
1995-07-16,3.5,0.0991088,0.03158380164067158
1995-07-17,4.4,0.12459392000000001,0.039705350633987134
1995-07-18,9.8,0.27750464,0.08843464459388044
1995-07-19,13.0,0.3681184,0.11731126323678016
1995-07-20,11.0,0.3114848,0.09926337658496784
1995-07-21,9.3,0.26334624,0.08392267293092735
1995-07-22,14.0,0.3964352,0.12633520656268632
1995-07-23,15.0,0.424752,0.1353591498885925
1995-07-24,32.0,0.9061376,0.2887661864289973
1995-07-25,47.0,1.3308896,0.4241253363175898
1995-07-26,65.0,1.840592,0.5865563161839008
1995-07-27,70.0,1.982176,0.6316760328134317
1995-07-28,143.0,4.0493024,1.290423895604582
1995-07-29,221.0,6.2580127999999995,1.9942914750252627
1995-07-30,221.0,6.2580127999999995,1.9942914750252627
1995-07-31,235.0,6.6544479999999995,2.120626681587949
1995-08-01,222.0,6.2863296,2.003315418351169
1995-08-02,174.0,4.9271232,1.5701661387076729
1995-08-03,490.0,13.875232,4.421732229694022
1995-08-04,1300.0,36.81184,11.731126323678016
1995-08-05,1750.0,49.5544,15.791900820335792
1995-08-06,1680.0,47.572224,15.16022478752236
1995-08-07,1270.0,35.962336,11.46040802390083
1995-08-08,807.0,22.8516576,7.282322264006276
1995-08-09,552.0,15.6308736,4.981216715900204
1995-08-10,399.0,11.2984032,3.6005533870365602
1995-08-11,309.0,8.7498912,2.7883984877050056
1995-08-12,238.0,6.7393984,2.1476985115656677
1995-08-13,257.0,7.2774176,2.319153434757885
1995-08-14,277.0,7.8437536,2.499632301276008
1995-08-15,241.0,6.8243488,2.174770341543386
1995-08-16,189.0,5.3518752,1.7055252885962655
1995-08-17,141.0,3.9926688,1.2723760089527696
1995-08-18,150.0,4.24752,1.3535914988859248
1995-08-19,200.0,5.66336,1.8047886651812333
1995-08-20,229.0,6.4845472,2.066483021632512
1995-08-21,217.0,6.1447456,1.9581957017216383
1995-08-22,183.0,5.1819744,1.6513816286408283
1995-08-23,148.0,4.1908864,1.3355436122341127
1995-08-24,121.0,3.4263328,1.0918971424346462
1995-08-25,98.0,2.7750464,0.8843464459388043
1995-08-26,82.0,2.3219776,0.7399633527243056
1995-08-27,69.0,1.9538592,0.6226520894875255
1995-08-28,53.0,1.5007904,0.4782689962730268
1995-08-29,47.0,1.3308896,0.4241253363175898
1995-08-30,41.0,1.1609888,0.3699816763621528
1995-08-31,30.0,0.849504,0.270718299777185
1995-09-01,21.0,0.5946528,0.18950280984402948
1995-09-02,15.0,0.424752,0.1353591498885925
1995-09-03,11.0,0.3114848,0.09926337658496784
1995-09-04,8.0,0.2265344,0.07219154660724933
1995-09-05,5.9,0.16706912000000002,0.05324126562284639
1995-09-06,4.6,0.13025727999999998,0.04151013929916836
1995-09-07,3.6,0.10194048,0.032486195973262195
1995-09-08,2.9,0.08211871999999999,0.02616943564512788
1995-09-09,11.0,0.3114848,0.09926337658496784
1995-09-10,27.0,0.7645535999999999,0.24364646979946647
1995-09-11,12.0,0.3398016,0.108287319910874
1995-09-12,6.8,0.19255424,0.06136281461616193
1995-09-13,5.3,0.15007904,0.04782689962730268
1995-09-14,5.6,0.15857407999999998,0.05053408262507453
1995-09-15,5.4,0.15291072,0.0487292939598933
1995-09-16,4.6,0.13025727999999998,0.04151013929916836
1995-09-17,6.7,0.18972256,0.06046042028357132
1995-09-18,18.0,0.5097024,0.162430979866311
1995-09-19,21.0,0.5946528,0.18950280984402948
1995-09-20,19.0,0.5380192,0.17145492319221717
1995-09-21,14.0,0.3964352,0.12633520656268632
1995-09-22,9.7,0.27467295999999997,0.0875322502612898
1995-09-23,6.9,0.19538592000000002,0.06226520894875255
1995-09-24,9.0,0.2548512,0.0812154899331555
1995-09-25,38.0,1.0760384,0.34290984638443434
1995-09-26,42.0,1.1893056,0.37900561968805896
1995-09-27,57.0,1.6140576,0.5143647695766514
1995-09-28,45.0,1.274256,0.4060774496657775
1995-09-29,37.0,1.0477216,0.33388590305852817
1995-09-30,27.0,0.7645535999999999,0.24364646979946647
1995-10-01,20.0,0.566336,0.1804788665181233
1995-10-02,16.0,0.4530688,0.14438309321449866
1995-10-03,13.0,0.3681184,0.11731126323678016
1995-10-04,37.0,1.0477216,0.33388590305852817
1995-10-05,150.0,4.24752,1.3535914988859248
1995-10-06,250.0,7.0792,2.2559858314765417
1995-10-07,290.0,8.211872,2.616943564512788
1995-10-08,120.0,3.398016,1.08287319910874
1995-10-09,50.0,1.41584,0.4511971662953083
1995-10-10,40.0,1.132672,0.3609577330362466
1995-10-11,110.0,3.114848,0.9926337658496782
1995-10-12,670.0,18.972255999999998,6.046042028357131
1995-10-13,850.0,24.06928,7.670351827020241
1995-10-14,300.0,8.49504,2.7071829977718496
1995-10-15,170.0,4.813856,1.5340703654040484
1995-10-16,120.0,3.398016,1.08287319910874
1995-10-17,90.0,2.548512,0.812154899331555
1995-10-18,60.0,1.699008,0.54143659955437
1995-10-19,50.0,1.41584,0.4511971662953083
1995-10-20,45.0,1.274256,0.4060774496657775
1995-10-21,40.0,1.132672,0.3609577330362466
1995-10-22,35.0,0.991088,0.3158380164067158
1995-10-23,30.0,0.849504,0.270718299777185
1995-10-24,29.0,0.8211872,0.2616943564512788
1995-10-25,28.0,0.7928704,0.25267041312537264
1995-10-26,27.0,0.7645535999999999,0.24364646979946647
1995-10-27,26.0,0.7362368,0.23462252647356033
1995-10-28,25.0,0.70792,0.22559858314765416
1995-10-29,40.0,1.132672,0.3609577330362466
1995-10-30,50.0,1.41584,0.4511971662953083
1995-10-31,40.0,1.132672,0.3609577330362466
1995-11-01,30.0,0.849504,0.270718299777185
1995-11-02,70.0,1.982176,0.6316760328134317
1995-11-03,200.0,5.66336,1.8047886651812333
1995-11-04,310.0,8.778208,2.7974224310309115
1995-11-05,370.0,10.477216,3.3388590305852817
1995-11-06,190.0,5.380192,1.7145492319221716
1995-11-07,90.0,2.548512,0.812154899331555
1995-11-08,95.0,2.690096,0.8572746159610858
1995-11-09,140.0,3.964352,1.2633520656268633
1995-11-10,100.0,2.83168,0.9023943325906166
1995-11-11,75.0,2.12376,0.6767957494429624
1995-11-12,90.0,2.548512,0.812154899331555
1995-11-13,100.0,2.83168,0.9023943325906166
1995-11-14,80.0,2.265344,0.7219154660724932
1995-11-15,60.0,1.699008,0.54143659955437
1995-11-16,55.0,1.557424,0.4963168829248391
1995-11-17,50.0,1.41584,0.4511971662953083
1995-11-18,48.0,1.3592064,0.433149279643496
1995-11-19,46.0,1.3025728,0.4151013929916837
1995-11-20,45.0,1.274256,0.4060774496657775
1995-11-21,44.0,1.2459392,0.39705350633987135
1995-11-22,42.0,1.1893056,0.37900561968805896
1995-11-23,40.0,1.132672,0.3609577330362466
1995-11-24,45.0,1.274256,0.4060774496657775
1995-11-25,50.0,1.41584,0.4511971662953083
1995-11-26,60.0,1.699008,0.54143659955437
1995-11-27,50.0,1.41584,0.4511971662953083
1995-11-28,45.0,1.274256,0.4060774496657775
1995-11-29,60.0,1.699008,0.54143659955437
1995-11-30,80.0,2.265344,0.7219154660724932
1995-12-01,70.0,1.982176,0.6316760328134317
1995-12-02,55.0,1.557424,0.4963168829248391
1995-12-03,45.0,1.274256,0.4060774496657775
1995-12-04,40.0,1.132672,0.3609577330362466
1995-12-05,35.0,0.991088,0.3158380164067158
1995-12-06,70.0,1.982176,0.6316760328134317
1995-12-07,173.0,4.8988064,1.5611421953817668
1995-12-08,240.0,6.796032,2.16574639821748
1995-12-09,263.0,7.4473184,2.373297094713322
1995-12-10,315.0,8.919792,2.842542147660442
1995-12-11,332.0,9.4011776,2.9959491842008474
1995-12-12,311.0,8.8065248,2.8064463743568178
1995-12-13,270.0,7.645536,2.4364646979946647
1995-12-14,232.0,6.5694976,2.0935548516102305
1995-12-15,201.0,5.6916768,1.8138126085071393
1995-12-16,176.0,4.9837568,1.5882140253594854
1995-12-17,154.0,4.3607872,1.3896872721895497
1995-12-18,134.0,3.7944512,1.2092084056714263
1995-12-19,166.0,4.7005888,1.4979745921004237
1995-12-20,253.0,7.1641504,2.28305766145426
1995-12-21,273.0,7.7304864,2.4635365279723835
1995-12-22,249.0,7.0508831999999995,2.2469618881506355
1995-12-23,216.0,6.1164287999999996,1.9491717583957318
1995-12-24,186.0,5.2669248,1.678453458618547
1995-12-25,160.0,4.530688,1.4438309321449865
1995-12-26,140.0,3.964352,1.2633520656268633
1995-12-27,122.0,3.4546495999999998,1.1009210857605523
1995-12-28,107.0,3.0298976,0.9655619358719598
1995-12-29,93.0,2.6334624,0.8392267293092734
1995-12-30,81.0,2.2936608,0.7309394093983995
1995-12-31,74.0,2.0954432,0.6677718061170563
1996-01-01,71.0,2.0104928,0.6406999761393378
1996-01-02,194.0,5.4934592,1.7506450052257962
1996-01-03,252.0,7.1358336,2.274033718128354
1996-01-04,245.0,6.937616,2.210866114847011
1996-01-05,220.0,6.229696,1.9852675316993564
1996-01-06,191.0,5.4085088,1.7235731752480778
1996-01-07,214.0,6.0597952,1.9311238717439196
1996-01-08,237.0,6.7110816,2.1386745682397614
1996-01-09,225.0,6.37128,2.0303872483288874
1996-01-10,203.0,5.7483104,1.8318604951589519
1996-01-11,179.0,5.0687071999999995,1.6152858553372036
1996-01-12,167.0,4.7289056,1.5069985354263298
1996-01-13,160.0,4.530688,1.4438309321449865
1996-01-14,147.0,4.1625696,1.3265196689082066
1996-01-15,132.0,3.7378176,1.191160519019614
1996-01-16,119.0,3.3696992,1.0738492557828339
1996-01-17,106.0,3.0015808,0.9565379925460537
1996-01-18,94.0,2.6617792,0.8482506726351796
1996-01-19,86.0,2.4352448,0.7760591260279303
1996-01-20,78.0,2.2087104,0.703867579420681
1996-01-21,70.0,1.982176,0.6316760328134317
1996-01-22,61.0,1.7273247999999999,0.5504605428802761
1996-01-23,54.0,1.5291071999999999,0.48729293959893294
1996-01-24,51.0,1.4441568,0.4602211096212145
1996-01-25,69.0,1.9538592,0.6226520894875255
1996-01-26,76.0,2.1520768,0.6858196927688687
1996-01-27,76.0,2.1520768,0.6858196927688687
1996-01-28,74.0,2.0954432,0.6677718061170563
1996-01-29,73.0,2.0671264,0.65874786279115
1996-01-30,70.0,1.982176,0.6316760328134317
1996-01-31,65.0,1.840592,0.5865563161839008
1996-02-01,59.0,1.6706912,0.5324126562284638
1996-02-02,60.0,1.699008,0.54143659955437
1996-02-03,134.0,3.7944512,1.2092084056714263
1996-02-04,171.0,4.8421728,1.5430943087299545
1996-02-05,177.0,5.0120736,1.5972379686853915
1996-02-06,163.0,4.6156384,1.470902762122705
1996-02-07,146.0,4.1342528,1.3174957255823
1996-02-08,130.0,3.681184,1.1731126323678016
1996-02-09,116.0,3.2847488,1.0467774258051152
1996-02-10,102.0,2.8883136,0.920442219242429
1996-02-11,90.0,2.548512,0.812154899331555
1996-02-12,78.0,2.2087104,0.703867579420681
1996-02-13,65.0,1.840592,0.5865563161839008
1996-02-14,54.0,1.5291071999999999,0.48729293959893294
1996-02-15,46.0,1.3025728,0.4151013929916837
1996-02-16,43.0,1.2176224,0.38802956301396513
1996-02-17,40.0,1.132672,0.3609577330362466
1996-02-18,35.0,0.991088,0.3158380164067158
1996-02-19,30.0,0.849504,0.270718299777185
1996-02-20,133.0,3.7661344,1.20018446234552
1996-02-21,264.0,7.4756352,2.382321038039228
1996-02-22,310.0,8.778208,2.7974224310309115
1996-02-23,301.0,8.5233568,2.7162069410977563
1996-02-24,266.0,7.5322688,2.40036892469104
1996-02-25,229.0,6.4845472,2.066483021632512
1996-02-26,194.0,5.4934592,1.7506450052257962
1996-02-27,165.0,4.6722719999999995,1.4889506487745172
1996-02-28,140.0,3.964352,1.2633520656268633
1996-02-29,127.0,3.5962336,1.1460408023900832
1996-03-01,166.0,4.7005888,1.4979745921004237
1996-03-02,268.0,7.5889024,2.4184168113428526
1996-03-03,295.0,8.353456,2.662063281142319
1996-03-04,276.0,7.8154368,2.490608357950102
1996-03-05,236.0,6.6827648,2.129650624913855
1996-03-06,199.0,5.6350432,1.7957647218553272
1996-03-07,191.0,5.4085088,1.7235731752480778
1996-03-08,307.0,8.693257599999999,2.7703506010531926
1996-03-09,350.0,9.91088,3.1583801640671583
1996-03-10,338.0,9.5710784,3.0500928441562842
1996-03-11,306.0,8.6649408,2.761326657727287
1996-03-12,280.0,7.928704,2.5267041312537266
1996-03-13,243.0,6.8809824,2.1928182281951982
1996-03-14,207.0,5.8615775999999995,1.8679562684625763
1996-03-15,175.0,4.95544,1.5791900820335791
1996-03-16,147.0,4.1625696,1.3265196689082066
1996-03-17,128.0,3.6245504,1.1550647457159893
1996-03-18,238.0,6.7393984,2.1476985115656677
1996-03-19,363.0,10.278998399999999,3.275691427303938
1996-03-20,412.0,11.6665216,3.7178646502733406
1996-03-21,374.0,10.5904832,3.374954803888906
1996-03-22,307.0,8.693257599999999,2.7703506010531926
1996-03-23,251.0,7.1075168,2.2650097748024476
1996-03-24,206.0,5.8332608,1.8589323251366703
1996-03-25,197.0,5.5784096,1.7777168352035146
1996-03-26,393.0,11.1285024,3.5464097270811235
1996-03-27,473.0,13.3938464,4.268325193153617
1996-03-28,555.0,15.715824,5.008288545877922
1996-03-29,543.0,15.3760224,4.900001225967048
1996-03-30,555.0,15.715824,5.008288545877922
1996-03-31,876.0,24.8055168,7.9049743534938015
1996-04-01,1060.0,30.015808,9.565379925460537
1996-04-02,1010.0,28.599968,9.114182759165228
1996-04-03,787.0,22.2853216,7.101843397488153
1996-04-04,598.0,16.9334464,5.3963181088918875
1996-04-05,467.0,13.2239456,4.21418153319818
1996-04-06,379.0,10.7320672,3.420074520518437
1996-04-07,341.0,9.6560288,3.0771646741340026
1996-04-08,295.0,8.353456,2.662063281142319
1996-04-09,247.0,6.9942496,2.228914001498823
1996-04-10,202.0,5.7199936,1.8228365518330454
1996-04-11,162.0,4.5873216,1.461878818796799
1996-04-12,130.0,3.681184,1.1731126323678016
1996-04-13,104.0,2.9449472,0.9384901058942413
1996-04-14,90.0,2.548512,0.812154899331555
1996-04-15,151.0,4.2758367999999995,1.362615442211831
1996-04-16,304.0,8.6083072,2.7432787710754747
1996-04-17,326.0,9.2312768,2.94180552424541
1996-04-18,297.0,8.4100896,2.680111167794131
1996-04-19,246.0,6.9659328,2.219890058172917
1996-04-20,199.0,5.6350432,1.7957647218553272
1996-04-21,161.0,4.5590048,1.452854875470893
1996-04-22,128.0,3.6245504,1.1550647457159893
1996-04-23,100.0,2.83168,0.9023943325906166
1996-04-24,76.0,2.1520768,0.6858196927688687
1996-04-25,57.0,1.6140576,0.5143647695766514
1996-04-26,43.0,1.2176224,0.38802956301396513
1996-04-27,32.0,0.9061376,0.2887661864289973
1996-04-28,23.0,0.6512864,0.20755069649584185
1996-04-29,18.0,0.5097024,0.162430979866311
1996-04-30,164.0,4.6439552,1.4799267054486112
1996-05-01,236.0,6.6827648,2.129650624913855
1996-05-02,228.0,6.4562304,2.057459078306606
1996-05-03,187.0,5.2952416,1.687477401944453
1996-05-04,146.0,4.1342528,1.3174957255823
1996-05-05,113.0,3.1997984,1.0197055958273968
1996-05-06,85.0,2.406928,0.7670351827020242
1996-05-07,61.0,1.7273247999999999,0.5504605428802761
1996-05-08,43.0,1.2176224,0.38802956301396513
1996-05-09,33.0,0.9344544,0.2977901297549035
1996-05-10,25.0,0.70792,0.22559858314765416
1996-05-11,19.0,0.5380192,0.17145492319221717
1996-05-12,15.0,0.424752,0.1353591498885925
1996-05-13,12.0,0.3398016,0.108287319910874
1996-05-14,10.0,0.283168,0.09023943325906165
1996-05-15,8.5,0.24069279999999998,0.07670351827020241
1996-05-16,7.4,0.20954432,0.06677718061170564
1996-05-17,6.7,0.18972256,0.06046042028357132
1996-05-18,6.0,0.1699008,0.054143659955437
1996-05-19,5.2,0.14724736,0.046924505294712066
1996-05-20,4.7,0.13308896,0.04241253363175898
1996-05-21,4.2,0.11893056,0.0379005619688059
1996-05-22,3.8,0.10760383999999999,0.03429098463844343
1996-05-23,3.6,0.10194048,0.032486195973262195
1996-05-24,3.2,0.09061376,0.028876618642899733
1996-05-25,2.9,0.08211871999999999,0.02616943564512788
1996-05-26,2.7,0.07645536,0.02436464697994665
1996-05-27,2.6,0.07362368,0.023462252647356033
1996-05-28,3.0,0.0849504,0.0270718299777185
1996-05-29,3.6,0.10194048,0.032486195973262195
1996-05-30,3.1,0.08778208,0.027974224310309114
1996-05-31,2.5,0.070792,0.022559858314765414
1996-06-01,2.3,0.06512863999999999,0.02075506964958418
1996-06-02,2.1,0.05946528,0.01895028098440295
1996-06-03,2.0,0.0566336,0.018047886651812332
1996-06-04,2.4,0.06796031999999999,0.021657463982174795
1996-06-05,5.2,0.14724736,0.046924505294712066
1996-06-06,3.8,0.10760383999999999,0.03429098463844343
1996-06-07,2.6,0.07362368,0.023462252647356033
1996-06-08,2.3,0.06512863999999999,0.02075506964958418
1996-06-09,3.1,0.08778208,0.027974224310309114
1996-06-10,3.1,0.08778208,0.027974224310309114
1996-06-11,2.3,0.06512863999999999,0.02075506964958418
1996-06-12,2.0,0.0566336,0.018047886651812332
1996-06-13,1.9,0.053801919999999996,0.017145492319221713
1996-06-14,1.7,0.04813856,0.015340703654040482
1996-06-15,1.9,0.053801919999999996,0.017145492319221713
1996-06-16,3.9,0.11043552,0.03519337897103405
1996-06-17,4.5,0.1274256,0.04060774496657775
1996-06-18,3.1,0.08778208,0.027974224310309114
1996-06-19,2.5,0.070792,0.022559858314765414
1996-06-20,2.8,0.07928703999999999,0.025267041312537264
1996-06-21,3.9,0.11043552,0.03519337897103405
1996-06-22,10.0,0.283168,0.09023943325906165
1996-06-23,74.0,2.0954432,0.6677718061170563
1996-06-24,33.0,0.9344544,0.2977901297549035
1996-06-25,26.0,0.7362368,0.23462252647356033
1996-06-26,20.0,0.566336,0.1804788665181233
1996-06-27,17.0,0.48138559999999997,0.15340703654040483
1996-06-28,18.0,0.5097024,0.162430979866311
1996-06-29,15.0,0.424752,0.1353591498885925
1996-06-30,12.0,0.3398016,0.108287319910874
1996-07-01,10.0,0.283168,0.09023943325906165
1996-07-02,8.0,0.2265344,0.07219154660724933
1996-07-03,15.0,0.424752,0.1353591498885925
1996-07-04,20.0,0.566336,0.1804788665181233
1996-07-05,30.0,0.849504,0.270718299777185
1996-07-06,50.0,1.41584,0.4511971662953083
1996-07-07,80.0,2.265344,0.7219154660724932
1996-07-08,40.0,1.132672,0.3609577330362466
1996-07-09,20.0,0.566336,0.1804788665181233
1996-07-10,12.0,0.3398016,0.108287319910874
1996-07-11,9.9,0.28033632,0.08933703892647106
1996-07-12,8.1,0.22936608,0.07309394093983995
1996-07-13,7.5,0.212376,0.06767957494429624
1996-07-14,27.0,0.7645535999999999,0.24364646979946647
1996-07-15,27.0,0.7645535999999999,0.24364646979946647
1996-07-16,23.0,0.6512864,0.20755069649584185
1996-07-17,27.0,0.7645535999999999,0.24364646979946647
1996-07-18,29.0,0.8211872,0.2616943564512788
1996-07-19,24.0,0.6796032,0.216574639821748
1996-07-20,19.0,0.5380192,0.17145492319221717
1996-07-21,14.0,0.3964352,0.12633520656268632
1996-07-22,11.0,0.3114848,0.09926337658496784
1996-07-23,8.6,0.24352448,0.07760591260279302
1996-07-24,8.2,0.23219775999999998,0.07399633527243056
1996-07-25,7.5,0.212376,0.06767957494429624
1996-07-26,10.0,0.283168,0.09023943325906165
1996-07-27,10.0,0.283168,0.09023943325906165
1996-07-28,8.5,0.24069279999999998,0.07670351827020241
1996-07-29,6.9,0.19538592000000002,0.06226520894875255
1996-07-30,5.3,0.15007904,0.04782689962730268
1996-07-31,5.2,0.14724736,0.046924505294712066
1996-08-01,4.3,0.12176224,0.03880295630139651
1996-08-02,3.2,0.09061376,0.028876618642899733
1996-08-03,3.2,0.09061376,0.028876618642899733
1996-08-04,4.6,0.13025727999999998,0.04151013929916836
1996-08-05,6.9,0.19538592000000002,0.06226520894875255
1996-08-06,8.0,0.2265344,0.07219154660724933
1996-08-07,8.8,0.24918784000000002,0.07941070126797427
1996-08-08,11.0,0.3114848,0.09926337658496784
1996-08-09,47.0,1.3308896,0.4241253363175898
1996-08-10,45.0,1.274256,0.4060774496657775
1996-08-11,97.0,2.7467296,0.8753225026128981
1996-08-12,105.0,2.973264,0.9475140492201475
1996-08-13,111.0,3.1431648,1.0016577091755845
1996-08-14,98.0,2.7750464,0.8843464459388043
1996-08-15,76.0,2.1520768,0.6858196927688687
1996-08-16,57.0,1.6140576,0.5143647695766514
1996-08-17,43.0,1.2176224,0.38802956301396513
1996-08-18,34.0,0.9627711999999999,0.30681407308080966
1996-08-19,27.0,0.7645535999999999,0.24364646979946647
1996-08-20,21.0,0.5946528,0.18950280984402948
1996-08-21,16.0,0.4530688,0.14438309321449866
1996-08-22,13.0,0.3681184,0.11731126323678016
1996-08-23,11.0,0.3114848,0.09926337658496784
1996-08-24,8.7,0.24635615999999996,0.07850830693538363
1996-08-25,7.5,0.212376,0.06767957494429624
1996-08-26,6.7,0.18972256,0.06046042028357132
1996-08-27,5.7,0.16140576,0.05143647695766515
1996-08-28,5.6,0.15857407999999998,0.05053408262507453
1996-08-29,10.0,0.283168,0.09023943325906165
1996-08-30,20.0,0.566336,0.1804788665181233
1996-08-31,75.0,2.12376,0.6767957494429624
1996-09-01,100.0,2.83168,0.9023943325906166
1996-09-02,300.0,8.49504,2.7071829977718496
1996-09-03,450.0,12.74256,4.060774496657775
1996-09-04,650.0,18.40592,5.865563161839008
1996-09-05,500.0,14.1584,4.5119716629530835
1996-09-06,350.0,9.91088,3.1583801640671583
1996-09-07,250.0,7.0792,2.2559858314765417
1996-09-08,200.0,5.66336,1.8047886651812333
1996-09-09,150.0,4.24752,1.3535914988859248
1996-09-10,100.0,2.83168,0.9023943325906166
1996-09-11,80.0,2.265344,0.7219154660724932
1996-09-12,70.0,1.982176,0.6316760328134317
1996-09-13,50.0,1.41584,0.4511971662953083
1996-09-14,40.0,1.132672,0.3609577330362466
1996-09-15,30.0,0.849504,0.270718299777185
1996-09-16,25.0,0.70792,0.22559858314765416
1996-09-17,30.0,0.849504,0.270718299777185
1996-09-18,40.0,1.132672,0.3609577330362466
1996-09-19,50.0,1.41584,0.4511971662953083
1996-09-20,60.0,1.699008,0.54143659955437
1996-09-21,70.0,1.982176,0.6316760328134317
1996-09-22,80.0,2.265344,0.7219154660724932
1996-09-23,100.0,2.83168,0.9023943325906166
1996-09-24,118.0,3.3413824,1.0648253124569276
1996-09-25,144.0,4.0776192,1.299447838930488
1996-09-26,205.0,5.804944,1.849908381810764
1996-09-27,217.0,6.1447456,1.9581957017216383
1996-09-28,215.0,6.088112,1.9401478150698257
1996-09-29,211.0,5.9748448,1.904052041766201
1996-09-30,218.0,6.1730624,1.9672196450475443
1996-10-01,216.0,6.1164287999999996,1.9491717583957318
1996-10-02,202.0,5.7199936,1.8228365518330454
1996-10-03,258.0,7.3057343999999995,2.3281773780837907
1996-10-04,280.0,7.928704,2.5267041312537266
1996-10-05,253.0,7.1641504,2.28305766145426
1996-10-06,221.0,6.2580127999999995,1.9942914750252627
1996-10-07,180.0,5.097024,1.62430979866311
1996-10-08,145.0,4.105936,1.308471782256394
1996-10-09,119.0,3.3696992,1.0738492557828339
1996-10-10,109.0,3.0865312,0.9836098225237722
1996-10-11,117.0,3.3130656,1.0558013691310215
1996-10-12,142.0,4.0209856,1.2813999522786756
1996-10-13,142.0,4.0209856,1.2813999522786756
1996-10-14,126.0,3.5679168,1.137016859064177
1996-10-15,111.0,3.1431648,1.0016577091755845
1996-10-16,100.0,2.83168,0.9023943325906166
1996-10-17,89.0,2.5201952,0.8031309560056488
1996-10-18,77.0,2.1803936,0.6948436360947748
1996-10-19,67.0,1.8972256,0.6046042028357131
1996-10-20,60.0,1.699008,0.54143659955437
1996-10-21,55.0,1.557424,0.4963168829248391
1996-10-22,57.0,1.6140576,0.5143647695766514
1996-10-23,50.0,1.41584,0.4511971662953083
1996-10-24,42.0,1.1893056,0.37900561968805896
1996-10-25,34.0,0.9627711999999999,0.30681407308080966
1996-10-26,28.0,0.7928704,0.25267041312537264
1996-10-27,23.0,0.6512864,0.20755069649584185
1996-10-28,19.0,0.5380192,0.17145492319221717
1996-10-29,16.0,0.4530688,0.14438309321449866
1996-10-30,14.0,0.3964352,0.12633520656268632
1996-10-31,12.0,0.3398016,0.108287319910874
1996-11-01,9.9,0.28033632,0.08933703892647106
1996-11-02,8.7,0.24635615999999996,0.07850830693538363
1996-11-03,7.8,0.22087104,0.0703867579420681
1996-11-04,7.0,0.1982176,0.06316760328134316
1996-11-05,6.5,0.1840592,0.05865563161839008
1996-11-06,6.0,0.1699008,0.054143659955437
1996-11-07,5.6,0.15857407999999998,0.05053408262507453
1996-11-08,6.4,0.18122752,0.057753237285799466
1996-11-09,8.4,0.23786112,0.0758011239376118
1996-11-10,8.4,0.23786112,0.0758011239376118
1996-11-11,7.5,0.212376,0.06767957494429624
1996-11-12,7.5,0.212376,0.06767957494429624
1996-11-13,8.0,0.2265344,0.07219154660724933
1996-11-14,7.2,0.20388096,0.06497239194652439
1996-11-15,6.5,0.1840592,0.05865563161839008
1996-11-16,5.9,0.16706912000000002,0.05324126562284639
1996-11-17,5.5,0.1557424,0.04963168829248392
1996-11-18,5.2,0.14724736,0.046924505294712066
1996-11-19,5.1,0.14441568,0.04602211096212144
1996-11-20,6.5,0.1840592,0.05865563161839008
1996-11-21,14.0,0.3964352,0.12633520656268632
1996-11-22,15.0,0.424752,0.1353591498885925
1996-11-23,14.0,0.3964352,0.12633520656268632
1996-11-24,12.0,0.3398016,0.108287319910874
1996-11-25,11.0,0.3114848,0.09926337658496784
1996-11-26,11.0,0.3114848,0.09926337658496784
1996-11-27,11.0,0.3114848,0.09926337658496784
1996-11-28,12.0,0.3398016,0.108287319910874
1996-11-29,11.0,0.3114848,0.09926337658496784
1996-11-30,11.0,0.3114848,0.09926337658496784
1996-12-01,22.0,0.6229696,0.19852675316993568
1996-12-02,86.0,2.4352448,0.7760591260279303
1996-12-03,127.0,3.5962336,1.1460408023900832
1996-12-04,121.0,3.4263328,1.0918971424346462
1996-12-05,103.0,2.9166304,0.9294661625683351
1996-12-06,89.0,2.5201952,0.8031309560056488
1996-12-07,227.0,6.4279136,2.0484351349807
1996-12-08,576.0,16.3104768,5.197791355721952
1996-12-09,770.0,21.803936,6.948436360947748
1996-12-10,683.0,19.340374399999998,6.163353291593911
1996-12-11,560.0,15.857408,5.053408262507453
1996-12-12,458.0,12.9690944,4.132966043265024
1996-12-13,411.0,11.6382048,3.7088407069474347
1996-12-14,366.0,10.3639488,3.3027632572816565
1996-12-15,313.0,8.8631584,2.82449426100863
1996-12-16,267.0,7.5605856,2.4093928680169463
1996-12-17,247.0,6.9942496,2.228914001498823
1996-12-18,251.0,7.1075168,2.2650097748024476
1996-12-19,359.0,10.1657312,3.2395956540003135
1996-12-20,422.0,11.9496896,3.808104083532402
1996-12-21,414.0,11.723155199999999,3.7359125369251527
1996-12-22,369.0,10.4488992,3.3298350872593754
1996-12-23,321.0,9.0896928,2.8966858076158792
1996-12-24,279.0,7.9003872,2.5176801879278203
1996-12-25,255.0,7.220784,2.3011055481060723
1996-12-26,227.0,6.4279136,2.0484351349807
1996-12-27,201.0,5.6916768,1.8138126085071393
1996-12-28,178.0,5.0403904,1.6062619120112975
1996-12-29,160.0,4.530688,1.4438309321449865
1996-12-30,143.0,4.0493024,1.290423895604582
1996-12-31,128.0,3.6245504,1.1550647457159893
1997-01-01,115.0,3.2564319999999998,1.037753482479209
1997-01-02,103.0,2.9166304,0.9294661625683351
1997-01-03,92.0,2.6051456,0.8302027859833674
1997-01-04,83.0,2.3502944,0.7489872960502119
1997-01-05,75.0,2.12376,0.6767957494429624
1997-01-06,67.0,1.8972256,0.6046042028357131
1997-01-07,62.0,1.7556416,0.5594844862061823
1997-01-08,72.0,2.0388096,0.649723919465244
1997-01-09,269.0,7.6172192,2.427440754668759
1997-01-10,371.0,10.5055328,3.3478829739111875
1997-01-11,385.0,10.901968,3.474218180473874
1997-01-12,350.0,9.91088,3.1583801640671583
1997-01-13,301.0,8.5233568,2.7162069410977563
1997-01-14,257.0,7.2774176,2.319153434757885
1997-01-15,220.0,6.229696,1.9852675316993564
1997-01-16,260.0,7.362368,2.346225264735603
1997-01-17,350.0,9.91088,3.1583801640671583
1997-01-18,370.0,10.477216,3.3388590305852817
1997-01-19,337.0,9.5427616,3.0410689008303784
1997-01-20,292.0,8.2685056,2.6349914511646
1997-01-21,253.0,7.1641504,2.28305766145426
1997-01-22,219.0,6.2013792,1.9762435883734504
1997-01-23,191.0,5.4085088,1.7235731752480778
1997-01-24,168.0,4.7572224,1.5160224787522358
1997-01-25,240.0,6.796032,2.16574639821748
1997-01-26,340.0,9.627712,3.068140730808097
1997-01-27,345.0,9.769296,3.1132604474376278
1997-01-28,321.0,9.0896928,2.8966858076158792
1997-01-29,292.0,8.2685056,2.6349914511646
1997-01-30,295.0,8.353456,2.662063281142319
1997-01-31,288.0,8.1552384,2.598895677860976
1997-02-01,265.0,7.503952,2.391344981365134
1997-02-02,240.0,6.796032,2.16574639821748
1997-02-03,214.0,6.0597952,1.9311238717439196
1997-02-04,188.0,5.3235584,1.6965013452703592
1997-02-05,164.0,4.6439552,1.4799267054486112
1997-02-06,143.0,4.0493024,1.290423895604582
1997-02-07,123.0,3.4829664,1.1099450290864585
1997-02-08,106.0,3.0015808,0.9565379925460537
1997-02-09,91.0,2.5768288,0.8211788426574611
1997-02-10,78.0,2.2087104,0.703867579420681
1997-02-11,68.0,1.9255423999999999,0.6136281461616193
1997-02-12,59.0,1.6706912,0.5324126562284638
1997-02-13,81.0,2.2936608,0.7309394093983995
1997-02-14,427.0,12.0912736,3.853223800161933
1997-02-15,1080.0,30.582144,9.745858791978659
1997-02-16,1500.0,42.4752,13.53591498885925
1997-02-17,1440.0,40.776192,12.99447838930488
1997-02-18,1090.0,30.865312,9.836098225237722
1997-02-19,778.0,22.0304704,7.020627907554997
1997-02-20,591.0,16.735228799999998,5.3331505056105435
1997-02-21,465.0,13.167311999999999,4.196133646546367
1997-02-22,394.0,11.1568192,3.5554336704070293
1997-02-23,369.0,10.4488992,3.3298350872593754
1997-02-24,321.0,9.0896928,2.8966858076158792
1997-02-25,276.0,7.8154368,2.490608357950102
1997-02-26,244.0,6.9092991999999995,2.2018421715211045
1997-02-27,213.0,6.0314784,1.9220999284180136
1997-02-28,186.0,5.2669248,1.678453458618547
1997-03-01,163.0,4.6156384,1.470902762122705
1997-03-02,141.0,3.9926688,1.2723760089527696
1997-03-03,122.0,3.4546495999999998,1.1009210857605523
1997-03-04,105.0,2.973264,0.9475140492201475
1997-03-05,92.0,2.6051456,0.8302027859833674
1997-03-06,79.0,2.2370272,0.7128915227465872
1997-03-07,65.0,1.840592,0.5865563161839008
1997-03-08,53.0,1.5007904,0.4782689962730268
1997-03-09,44.0,1.2459392,0.39705350633987135
1997-03-10,36.0,1.0194048,0.324861959732622
1997-03-11,30.0,0.849504,0.270718299777185
1997-03-12,25.0,0.70792,0.22559858314765416
1997-03-13,20.0,0.566336,0.1804788665181233
1997-03-14,17.0,0.48138559999999997,0.15340703654040483
1997-03-15,15.0,0.424752,0.1353591498885925
1997-03-16,12.0,0.3398016,0.108287319910874
1997-03-17,9.9,0.28033632,0.08933703892647106
1997-03-18,8.6,0.24352448,0.07760591260279302
1997-03-19,7.3,0.20671264,0.06587478627911501
1997-03-20,6.3,0.17839584,0.05685084295320885
1997-03-21,7.1,0.20104928,0.06406999761393378
1997-03-22,9.1,0.25768288,0.08211788426574612
1997-03-23,9.7,0.27467295999999997,0.0875322502612898
1997-03-24,12.0,0.3398016,0.108287319910874
1997-03-25,10.0,0.283168,0.09023943325906165
1997-03-26,32.0,0.9061376,0.2887661864289973
1997-03-27,76.0,2.1520768,0.6858196927688687
1997-03-28,73.0,2.0671264,0.65874786279115
1997-03-29,63.0,1.7839584,0.5685084295320885
1997-03-30,53.0,1.5007904,0.4782689962730268
1997-03-31,42.0,1.1893056,0.37900561968805896
1997-04-01,32.0,0.9061376,0.2887661864289973
1997-04-02,23.0,0.6512864,0.20755069649584185
1997-04-03,17.0,0.48138559999999997,0.15340703654040483
1997-04-04,12.0,0.3398016,0.108287319910874
1997-04-05,8.5,0.24069279999999998,0.07670351827020241
1997-04-06,6.7,0.18972256,0.06046042028357132
1997-04-07,5.8,0.16423743999999998,0.05233887129025576
1997-04-08,4.6,0.13025727999999998,0.04151013929916836
1997-04-09,3.5,0.0991088,0.03158380164067158
1997-04-10,2.5,0.070792,0.022559858314765414
1997-04-11,2.0,0.0566336,0.018047886651812332
1997-04-12,3.1,0.08778208,0.027974224310309114
1997-04-13,3.3,0.09344543999999999,0.029779012975490345
1997-04-14,3.2,0.09061376,0.028876618642899733
1997-04-15,2.9,0.08211871999999999,0.02616943564512788
1997-04-16,2.2,0.062296960000000005,0.019852675316993567
1997-04-17,1.7,0.04813856,0.015340703654040482
1997-04-18,1.2,0.033980159999999995,0.010828731991087397
1997-04-19,0.99,0.028033632,0.008933703892647105
1997-04-20,0.9,0.02548512,0.008121548993315549
1997-04-21,0.92,0.026051456,0.008302027859833673
1997-04-22,1.1,0.031148480000000003,0.009926337658496783
1997-04-23,6.6,0.18689087999999998,0.05955802595098069
1997-04-24,28.0,0.7928704,0.25267041312537264
1997-04-25,46.0,1.3025728,0.4151013929916837
1997-04-26,48.0,1.3592064,0.433149279643496
1997-04-27,216.0,6.1164287999999996,1.9491717583957318
1997-04-28,407.0,11.5249376,3.6727449336438096
1997-04-29,729.0,20.6429472,6.578454684585595
1997-04-30,834.0,23.6162112,7.525968733805742
1997-05-01,693.0,19.623542399999998,6.253592724852973
1997-05-02,534.0,15.1211712,4.818785736033893
1997-05-03,410.0,11.609888,3.699816763621528
1997-05-04,321.0,9.0896928,2.8966858076158792
1997-05-05,252.0,7.1358336,2.274033718128354
1997-05-06,194.0,5.4934592,1.7506450052257962
1997-05-07,148.0,4.1908864,1.3355436122341127
1997-05-08,111.0,3.1431648,1.0016577091755845
1997-05-09,81.0,2.2936608,0.7309394093983995
1997-05-10,58.0,1.6423744,0.5233887129025576
1997-05-11,45.0,1.274256,0.4060774496657775
1997-05-12,35.0,0.991088,0.3158380164067158
1997-05-13,28.0,0.7928704,0.25267041312537264
1997-05-14,22.0,0.6229696,0.19852675316993568
1997-05-15,18.0,0.5097024,0.162430979866311
1997-05-16,14.0,0.3964352,0.12633520656268632
1997-05-17,10.0,0.283168,0.09023943325906165
1997-05-18,6.1,0.17273248,0.05504605428802761
1997-05-19,4.7,0.13308896,0.04241253363175898
1997-05-20,3.8,0.10760383999999999,0.03429098463844343
1997-05-21,2.3,0.06512863999999999,0.02075506964958418
1997-05-22,11.0,0.3114848,0.09926337658496784
1997-05-23,28.0,0.7928704,0.25267041312537264
1997-05-24,68.0,1.9255423999999999,0.6136281461616193
1997-05-25,132.0,3.7378176,1.191160519019614
1997-05-26,212.0,6.0031616,1.9130759850921073
1997-05-27,259.0,7.3340512,2.337201321409697
1997-05-28,245.0,6.937616,2.210866114847011
1997-05-29,202.0,5.7199936,1.8228365518330454
1997-05-30,164.0,4.6439552,1.4799267054486112
1997-05-31,136.0,3.8510847999999998,1.2272562923232386
1997-06-01,115.0,3.2564319999999998,1.037753482479209
1997-06-02,107.0,3.0298976,0.9655619358719598
1997-06-03,95.0,2.690096,0.8572746159610858
1997-06-04,73.0,2.0671264,0.65874786279115
1997-06-05,54.0,1.5291071999999999,0.48729293959893294
1997-06-06,42.0,1.1893056,0.37900561968805896
1997-06-07,34.0,0.9627711999999999,0.30681407308080966
1997-06-08,26.0,0.7362368,0.23462252647356033
1997-06-09,20.0,0.566336,0.1804788665181233
1997-06-10,15.0,0.424752,0.1353591498885925
1997-06-11,11.0,0.3114848,0.09926337658496784
1997-06-12,17.0,0.48138559999999997,0.15340703654040483
1997-06-13,25.0,0.70792,0.22559858314765416
1997-06-14,17.0,0.48138559999999997,0.15340703654040483
1997-06-15,11.0,0.3114848,0.09926337658496784
1997-06-16,7.5,0.212376,0.06767957494429624
1997-06-17,5.0,0.141584,0.04511971662953083
1997-06-18,4.1,0.11609887999999999,0.03699816763621528
1997-06-19,13.0,0.3681184,0.11731126323678016
1997-06-20,45.0,1.274256,0.4060774496657775
1997-06-21,81.0,2.2936608,0.7309394093983995
1997-06-22,93.0,2.6334624,0.8392267293092734
1997-06-23,119.0,3.3696992,1.0738492557828339
1997-06-24,138.0,3.9077184,1.245304178975051
1997-06-25,190.0,5.380192,1.7145492319221716
1997-06-26,352.0,9.9675136,3.176428050718971
1997-06-27,442.0,12.516025599999999,3.9885829500505254
1997-06-28,555.0,15.715824,5.008288545877922
1997-06-29,509.0,14.4132512,4.593187152886238
1997-06-30,529.0,14.9795872,4.773666019404362
1997-07-01,466.0,13.1956288,4.2051575898722735
1997-07-02,416.0,11.7797888,3.7539604235769652
1997-07-03,386.0,10.930284799999999,3.48324212379978
1997-07-04,331.0,9.3728608,2.986925240874941
1997-07-05,261.0,7.3906848,2.3552492080615095
1997-07-06,201.0,5.6916768,1.8138126085071393
1997-07-07,158.0,4.4740544,1.4257830454931744
1997-07-08,176.0,4.9837568,1.5882140253594854
1997-07-09,541.0,15.3193888,4.881953339315237
1997-07-10,433.0,12.2611744,3.90736746011737
1997-07-11,304.0,8.6083072,2.7432787710754747
1997-07-12,219.0,6.2013792,1.9762435883734504
1997-07-13,200.0,5.66336,1.8047886651812333
1997-07-14,177.0,5.0120736,1.5972379686853915
1997-07-15,125.0,3.5396,1.1279929157382709
1997-07-16,88.0,2.4918784,0.7941070126797427
1997-07-17,67.0,1.8972256,0.6046042028357131
1997-07-18,116.0,3.2847488,1.0467774258051152
1997-07-19,241.0,6.8243488,2.174770341543386
1997-07-20,440.0,12.459392,3.970535063398713
1997-07-21,490.0,13.875232,4.421732229694022
1997-07-22,469.0,13.2805792,4.232229419849992
1997-07-23,353.0,9.9958304,3.1854519940448767
1997-07-24,246.0,6.9659328,2.219890058172917
1997-07-25,191.0,5.4085088,1.7235731752480778
1997-07-26,169.0,4.7855392,1.5250464220781421
1997-07-27,157.0,4.4457376,1.416759102167268
1997-07-28,147.0,4.1625696,1.3265196689082066
1997-07-29,147.0,4.1625696,1.3265196689082066
1997-07-30,163.0,4.6156384,1.470902762122705
1997-07-31,231.0,6.5411808,2.0845309082843246
1997-08-01,558.0,15.8007744,5.035360375855641
1997-08-02,928.0,26.2779904,8.374219406440922
1997-08-03,1350.0,38.22768,12.182323489973324
1997-08-04,2030.0,57.483104,18.318604951589517
1997-08-05,2110.0,59.748447999999996,19.04052041766201
1997-08-06,1560.0,44.174208,14.07735158841362
1997-08-07,1020.0,28.883136,9.204422192424289
1997-08-08,666.0,18.8589888,6.0099462550535065
1997-08-09,496.0,14.0451328,4.475875889649458
1997-08-10,383.0,10.8453344,3.456170293822062
1997-08-11,379.0,10.7320672,3.420074520518437
1997-08-12,388.0,10.9869184,3.5012900104515925
1997-08-13,274.0,7.7588032,2.4725604712982894
1997-08-14,194.0,5.4934592,1.7506450052257962
1997-08-15,163.0,4.6156384,1.470902762122705
1997-08-16,153.0,4.3324704,1.3806633288636434
1997-08-17,140.0,3.964352,1.2633520656268633
1997-08-18,122.0,3.4546495999999998,1.1009210857605523
1997-08-19,106.0,3.0015808,0.9565379925460537
1997-08-20,90.0,2.548512,0.812154899331555
1997-08-21,77.0,2.1803936,0.6948436360947748
1997-08-22,64.0,1.8122752,0.5775323728579946
1997-08-23,49.0,1.3875232,0.44217322296940215
1997-08-24,38.0,1.0760384,0.34290984638443434
1997-08-25,34.0,0.9627711999999999,0.30681407308080966
1997-08-26,25.0,0.70792,0.22559858314765416
1997-08-27,19.0,0.5380192,0.17145492319221717
1997-08-28,17.0,0.48138559999999997,0.15340703654040483
1997-08-29,12.0,0.3398016,0.108287319910874
1997-08-30,15.0,0.424752,0.1353591498885925
1997-08-31,15.0,0.424752,0.1353591498885925
1997-09-01,14.0,0.3964352,0.12633520656268632
1997-09-02,14.0,0.3964352,0.12633520656268632
1997-09-03,13.0,0.3681184,0.11731126323678016
1997-09-04,13.0,0.3681184,0.11731126323678016
1997-09-05,12.0,0.3398016,0.108287319910874
1997-09-06,12.0,0.3398016,0.108287319910874
1997-09-07,12.0,0.3398016,0.108287319910874
1997-09-08,11.0,0.3114848,0.09926337658496784
1997-09-09,10.0,0.283168,0.09023943325906165
1997-09-10,8.9,0.25201952,0.08031309560056488
1997-09-11,7.6,0.21520767999999998,0.06858196927688685
1997-09-12,6.9,0.19538592000000002,0.06226520894875255
1997-09-13,6.2,0.17556416,0.05594844862061823
1997-09-14,4.6,0.13025727999999998,0.04151013929916836
1997-09-15,2.8,0.07928703999999999,0.025267041312537264
1997-09-16,1.9,0.053801919999999996,0.017145492319221713
1997-09-17,1.4,0.039643519999999995,0.012633520656268632
1997-09-18,1.2,0.033980159999999995,0.010828731991087397
1997-09-19,1.0,0.0283168,0.009023943325906166
1997-09-20,0.95,0.026900959999999998,0.008572746159610857
1997-09-21,0.9,0.02548512,0.008121548993315549
1997-09-22,0.85,0.02406928,0.007670351827020241
1997-09-23,0.8,0.02265344,0.007219154660724933
1997-09-24,0.75,0.0212376,0.006767957494429625
1997-09-25,3.0,0.0849504,0.0270718299777185
1997-09-26,25.0,0.70792,0.22559858314765416
1997-09-27,100.0,2.83168,0.9023943325906166
1997-09-28,200.0,5.66336,1.8047886651812333
1997-09-29,150.0,4.24752,1.3535914988859248
1997-09-30,100.0,2.83168,0.9023943325906166
1997-10-01,80.0,2.265344,0.7219154660724932
1997-10-02,65.0,1.840592,0.5865563161839008
1997-10-03,40.0,1.132672,0.3609577330362466
1997-10-04,30.0,0.849504,0.270718299777185
1997-10-05,25.0,0.70792,0.22559858314765416
1997-10-06,20.0,0.566336,0.1804788665181233
1997-10-07,15.0,0.424752,0.1353591498885925
1997-10-08,10.0,0.283168,0.09023943325906165
1997-10-09,9.0,0.2548512,0.0812154899331555
1997-10-10,8.0,0.2265344,0.07219154660724933
1997-10-11,7.0,0.1982176,0.06316760328134316
1997-10-12,6.0,0.1699008,0.054143659955437
1997-10-13,5.0,0.141584,0.04511971662953083
1997-10-14,4.0,0.1132672,0.036095773303624665
1997-10-15,3.5,0.0991088,0.03158380164067158
1997-10-16,3.0,0.0849504,0.0270718299777185
1997-10-17,2.5,0.070792,0.022559858314765414
1997-10-18,2.0,0.0566336,0.018047886651812332
1997-10-19,1.7,0.04813856,0.015340703654040482
1997-10-20,1.4,0.039643519999999995,0.012633520656268632
1997-10-21,1.1,0.031148480000000003,0.009926337658496783
1997-10-22,0.9,0.02548512,0.008121548993315549
1997-10-23,0.7,0.019821759999999997,0.006316760328134316
1997-10-24,1.0,0.0283168,0.009023943325906166
1997-10-25,5.0,0.141584,0.04511971662953083
1997-10-26,10.0,0.283168,0.09023943325906165
1997-10-27,30.0,0.849504,0.270718299777185
1997-10-28,40.0,1.132672,0.3609577330362466
1997-10-29,30.0,0.849504,0.270718299777185
1997-10-30,20.0,0.566336,0.1804788665181233
1997-10-31,10.0,0.283168,0.09023943325906165
1997-11-01,30.0,0.849504,0.270718299777185
1997-11-02,50.0,1.41584,0.4511971662953083
1997-11-03,77.0,2.1803936,0.6948436360947748
1997-11-04,70.0,1.982176,0.6316760328134317
1997-11-05,60.0,1.699008,0.54143659955437
1997-11-06,50.0,1.41584,0.4511971662953083
1997-11-07,40.0,1.132672,0.3609577330362466
1997-11-08,30.0,0.849504,0.270718299777185
1997-11-09,25.0,0.70792,0.22559858314765416
1997-11-10,20.0,0.566336,0.1804788665181233
1997-11-11,15.0,0.424752,0.1353591498885925
1997-11-12,30.0,0.849504,0.270718299777185
1997-11-13,100.0,2.83168,0.9023943325906166
1997-11-14,300.0,8.49504,2.7071829977718496
1997-11-15,200.0,5.66336,1.8047886651812333
1997-11-16,150.0,4.24752,1.3535914988859248
1997-11-17,100.0,2.83168,0.9023943325906166
1997-11-18,90.0,2.548512,0.812154899331555
1997-11-19,80.0,2.265344,0.7219154660724932
1997-11-20,70.0,1.982176,0.6316760328134317
1997-11-21,60.0,1.699008,0.54143659955437
1997-11-22,65.0,1.840592,0.5865563161839008
1997-11-23,70.0,1.982176,0.6316760328134317
1997-11-24,60.0,1.699008,0.54143659955437
1997-11-25,55.0,1.557424,0.4963168829248391
1997-11-26,50.0,1.41584,0.4511971662953083
1997-11-27,45.0,1.274256,0.4060774496657775
1997-11-28,50.0,1.41584,0.4511971662953083
1997-11-29,70.0,1.982176,0.6316760328134317
1997-11-30,85.0,2.406928,0.7670351827020242
1997-12-01,99.0,2.8033632,0.8933703892647106
1997-12-02,98.0,2.7750464,0.8843464459388043
1997-12-03,91.0,2.5768288,0.8211788426574611
1997-12-04,99.0,2.8033632,0.8933703892647106
1997-12-05,104.0,2.9449472,0.9384901058942413
1997-12-06,95.0,2.690096,0.8572746159610858
1997-12-07,84.0,2.3786112,0.7580112393761179
1997-12-08,75.0,2.12376,0.6767957494429624
1997-12-09,77.0,2.1803936,0.6948436360947748
1997-12-10,82.0,2.3219776,0.7399633527243056
1997-12-11,80.0,2.265344,0.7219154660724932
1997-12-12,75.0,2.12376,0.6767957494429624
1997-12-13,72.0,2.0388096,0.649723919465244
1997-12-14,79.0,2.2370272,0.7128915227465872
1997-12-15,92.0,2.6051456,0.8302027859833674
1997-12-16,97.0,2.7467296,0.8753225026128981
1997-12-17,92.0,2.6051456,0.8302027859833674
1997-12-18,85.0,2.406928,0.7670351827020242
1997-12-19,78.0,2.2087104,0.703867579420681
1997-12-20,70.0,1.982176,0.6316760328134317
1997-12-21,63.0,1.7839584,0.5685084295320885
1997-12-22,104.0,2.9449472,0.9384901058942413
1997-12-23,184.0,5.2102912,1.6604055719667348
1997-12-24,239.0,6.7677152,2.1567224548915735
1997-12-25,389.0,11.0152352,3.5103139537774983
1997-12-26,419.0,11.8647392,3.781032253554684
1997-12-27,433.0,12.2611744,3.90736746011737
1997-12-28,421.0,11.9213728,3.799080140206496
1997-12-29,376.0,10.6471168,3.3930026905407185
1997-12-30,336.0,9.5144448,3.0320449575044717
1997-12-31,292.0,8.2685056,2.6349914511646
1998-01-01,248.0,7.0225664,2.237937944824729
1998-01-02,210.0,5.946528,1.895028098440295
1998-01-03,179.0,5.0687071999999995,1.6152858553372036
1998-01-04,154.0,4.3607872,1.3896872721895497
1998-01-05,134.0,3.7944512,1.2092084056714263
1998-01-06,118.0,3.3413824,1.0648253124569276
1998-01-07,120.0,3.398016,1.08287319910874
1998-01-08,419.0,11.8647392,3.781032253554684
1998-01-09,600.0,16.99008,5.414365995543699
1998-01-10,635.0,17.981168,5.730204011950415
1998-01-11,550.0,15.57424,4.963168829248391
1998-01-12,464.0,13.1389952,4.187109703220461
1998-01-13,410.0,11.609888,3.699816763621528
1998-01-14,403.0,11.4116704,3.636649160340185
1998-01-15,436.0,12.3461248,3.9344392900950886
1998-01-16,511.0,14.469884799999999,4.611235039538051
1998-01-17,494.0,13.9884992,4.457828002997646
1998-01-18,445.0,12.600976,4.015654780028243
1998-01-19,393.0,11.1285024,3.5464097270811235
1998-01-20,348.0,9.8542464,3.1403322774153457
1998-01-21,299.0,8.4667232,2.6981590544459437
1998-01-22,257.0,7.2774176,2.319153434757885
1998-01-23,325.0,9.20296,2.932781580919504
1998-01-24,372.0,10.5338496,3.356906917237094
1998-01-25,364.0,10.3073152,3.2847153706298444
1998-01-26,333.0,9.4294944,3.0049731275267533
1998-01-27,294.0,8.3251392,2.653039337816413
1998-01-28,261.0,7.3906848,2.3552492080615095
1998-01-29,227.0,6.4279136,2.0484351349807
1998-01-30,195.0,5.521776,1.7596689485517025
1998-01-31,167.0,4.7289056,1.5069985354263298
1998-02-01,142.0,4.0209856,1.2813999522786756
1998-02-02,218.0,6.1730624,1.9672196450475443
1998-02-03,792.0,22.4269056,7.146963114117685
1998-02-04,1110.0,31.431648,10.016577091755844
1998-02-05,1130.0,31.997984,10.197055958273967
1998-02-06,924.0,26.1647232,8.338123633137299
1998-02-07,708.0,20.0482944,6.388951874741566
1998-02-08,559.0,15.8290912,5.044384319181547
1998-02-09,458.0,12.9690944,4.132966043265024
1998-02-10,385.0,10.901968,3.474218180473874
1998-02-11,329.0,9.3162272,2.9688773542231286
1998-02-12,287.0,8.1269216,2.5898717345350697
1998-02-13,255.0,7.220784,2.3011055481060723
1998-02-14,225.0,6.37128,2.0303872483288874
1998-02-15,196.0,5.5500928,1.7686928918776086
1998-02-16,229.0,6.4845472,2.066483021632512
1998-02-17,494.0,13.9884992,4.457828002997646
1998-02-18,596.0,16.8768128,5.378270222240075
1998-02-19,595.0,16.848496,5.3692462789141695
1998-02-20,538.0,15.2344384,4.854881509337518
1998-02-21,464.0,13.1389952,4.187109703220461
1998-02-22,544.0,15.404339199999999,4.9090251692929545
1998-02-23,936.0,26.5045248,8.446410953048172
1998-02-24,968.0,27.4106624,8.73517713947717
1998-02-25,844.0,23.8993792,7.616208167064804
1998-02-26,673.0,19.0572064,6.07311385833485
1998-02-27,547.0,15.4892896,4.9360969992706725
1998-02-28,459.0,12.9974112,4.14198998659093
1998-03-01,389.0,11.0152352,3.5103139537774983
1998-03-02,327.0,9.2595936,2.9508294675713165
1998-03-03,263.0,7.4473184,2.373297094713322
1998-03-04,211.0,5.9748448,1.904052041766201
1998-03-05,172.0,4.8704896,1.5521182520558605
1998-03-06,150.0,4.24752,1.3535914988859248
1998-03-07,334.0,9.4578112,3.0139970708526596
1998-03-08,1060.0,30.015808,9.565379925460537
1998-03-09,2160.0,61.164288,19.491717583957318
1998-03-10,3010.0,85.233568,27.162069410977562
1998-03-11,2580.0,73.057344,23.28177378083791
1998-03-12,1780.0,50.403904,16.062619120112974
1998-03-13,1150.0,32.56432,10.377534824792091
1998-03-14,748.0,21.1809664,6.749909607777812
1998-03-15,560.0,15.857408,5.053408262507453
1998-03-16,433.0,12.2611744,3.90736746011737
1998-03-17,343.0,9.7126624,3.0952125607858147
1998-03-18,283.0,8.0136544,2.553775961231445
1998-03-19,301.0,8.5233568,2.7162069410977563
1998-03-20,373.0,10.5621664,3.365930860563
1998-03-21,387.0,10.9586016,3.492266067125686
1998-03-22,349.0,9.8825632,3.149356220741252
1998-03-23,297.0,8.4100896,2.680111167794131
1998-03-24,249.0,7.0508831999999995,2.2469618881506355
1998-03-25,208.0,5.8898944,1.8769802117884826
1998-03-26,173.0,4.8988064,1.5611421953817668
1998-03-27,143.0,4.0493024,1.290423895604582
1998-03-28,119.0,3.3696992,1.0738492557828339
1998-03-29,97.0,2.7467296,0.8753225026128981
1998-03-30,80.0,2.265344,0.7219154660724932
1998-03-31,66.0,1.8689088,0.595580259509807
1998-04-01,55.0,1.557424,0.4963168829248391
1998-04-02,46.0,1.3025728,0.4151013929916837
1998-04-03,39.0,1.1043552,0.3519337897103405
1998-04-04,33.0,0.9344544,0.2977901297549035
1998-04-05,27.0,0.7645535999999999,0.24364646979946647
1998-04-06,22.0,0.6229696,0.19852675316993568
1998-04-07,18.0,0.5097024,0.162430979866311
1998-04-08,16.0,0.4530688,0.14438309321449866
1998-04-09,15.0,0.424752,0.1353591498885925
1998-04-10,15.0,0.424752,0.1353591498885925
1998-04-11,13.0,0.3681184,0.11731126323678016
1998-04-12,12.0,0.3398016,0.108287319910874
1998-04-13,10.0,0.283168,0.09023943325906165
1998-04-14,8.9,0.25201952,0.08031309560056488
1998-04-15,8.0,0.2265344,0.07219154660724933
1998-04-16,7.2,0.20388096,0.06497239194652439
1998-04-17,6.7,0.18972256,0.06046042028357132
1998-04-18,6.3,0.17839584,0.05685084295320885
1998-04-19,7.5,0.212376,0.06767957494429624
1998-04-20,11.0,0.3114848,0.09926337658496784
1998-04-21,12.0,0.3398016,0.108287319910874
1998-04-22,11.0,0.3114848,0.09926337658496784
1998-04-23,10.0,0.283168,0.09023943325906165
1998-04-24,8.8,0.24918784000000002,0.07941070126797427
1998-04-25,7.3,0.20671264,0.06587478627911501
1998-04-26,6.1,0.17273248,0.05504605428802761
1998-04-27,5.3,0.15007904,0.04782689962730268
1998-04-28,4.6,0.13025727999999998,0.04151013929916836
1998-04-29,4.2,0.11893056,0.0379005619688059
1998-04-30,4.0,0.1132672,0.036095773303624665
1998-05-01,3.8,0.10760383999999999,0.03429098463844343
1998-05-02,3.4,0.09627712,0.030681407308080964
1998-05-03,3.3,0.09344543999999999,0.029779012975490345
1998-05-04,3.1,0.08778208,0.027974224310309114
1998-05-05,2.9,0.08211871999999999,0.02616943564512788
1998-05-06,2.8,0.07928703999999999,0.025267041312537264
1998-05-07,2.7,0.07645536,0.02436464697994665
1998-05-08,2.7,0.07645536,0.02436464697994665
1998-05-09,2.5,0.070792,0.022559858314765414
1998-05-10,2.4,0.06796031999999999,0.021657463982174795
1998-05-11,2.2,0.062296960000000005,0.019852675316993567
1998-05-12,2.1,0.05946528,0.01895028098440295
1998-05-13,2.1,0.05946528,0.01895028098440295
1998-05-14,2.2,0.062296960000000005,0.019852675316993567
1998-05-15,2.2,0.062296960000000005,0.019852675316993567
1998-05-16,2.1,0.05946528,0.01895028098440295
1998-05-17,2.1,0.05946528,0.01895028098440295
1998-05-18,2.0,0.0566336,0.018047886651812332
1998-05-19,2.0,0.0566336,0.018047886651812332
1998-05-20,1.9,0.053801919999999996,0.017145492319221713
1998-05-21,1.9,0.053801919999999996,0.017145492319221713
1998-05-22,1.8,0.05097024,0.016243097986631098
1998-05-23,1.8,0.05097024,0.016243097986631098
1998-05-24,1.7,0.04813856,0.015340703654040482
1998-05-25,1.7,0.04813856,0.015340703654040482
1998-05-26,1.7,0.04813856,0.015340703654040482
1998-05-27,1.7,0.04813856,0.015340703654040482
1998-05-28,1.7,0.04813856,0.015340703654040482
1998-05-29,1.7,0.04813856,0.015340703654040482
1998-05-30,1.7,0.04813856,0.015340703654040482
1998-05-31,1.8,0.05097024,0.016243097986631098
1998-06-01,1.9,0.053801919999999996,0.017145492319221713
1998-06-02,1.7,0.04813856,0.015340703654040482
1998-06-03,1.6,0.04530688,0.014438309321449867
1998-06-04,1.5,0.0424752,0.01353591498885925
1998-06-05,1.5,0.0424752,0.01353591498885925
1998-06-06,1.6,0.04530688,0.014438309321449867
1998-06-07,1.6,0.04530688,0.014438309321449867
1998-06-08,1.5,0.0424752,0.01353591498885925
1998-06-09,1.5,0.0424752,0.01353591498885925
1998-06-10,1.5,0.0424752,0.01353591498885925
1998-06-11,1.5,0.0424752,0.01353591498885925
1998-06-12,1.4,0.039643519999999995,0.012633520656268632
1998-06-13,1.4,0.039643519999999995,0.012633520656268632
1998-06-14,1.4,0.039643519999999995,0.012633520656268632
1998-06-15,1.3,0.03681184,0.011731126323678016
1998-06-16,1.3,0.03681184,0.011731126323678016
1998-06-17,1.2,0.033980159999999995,0.010828731991087397
1998-06-18,1.2,0.033980159999999995,0.010828731991087397
1998-06-19,1.3,0.03681184,0.011731126323678016
1998-06-20,1.5,0.0424752,0.01353591498885925
1998-06-21,1.3,0.03681184,0.011731126323678016
1998-06-22,1.3,0.03681184,0.011731126323678016
1998-06-23,1.2,0.033980159999999995,0.010828731991087397
1998-06-24,1.1,0.031148480000000003,0.009926337658496783
1998-06-25,1.1,0.031148480000000003,0.009926337658496783
1998-06-26,1.2,0.033980159999999995,0.010828731991087397
1998-06-27,1.1,0.031148480000000003,0.009926337658496783
1998-06-28,1.1,0.031148480000000003,0.009926337658496783
1998-06-29,1.1,0.031148480000000003,0.009926337658496783
1998-06-30,1.1,0.031148480000000003,0.009926337658496783
1998-07-01,1.1,0.031148480000000003,0.009926337658496783
1998-07-02,1.1,0.031148480000000003,0.009926337658496783
1998-07-03,1.1,0.031148480000000003,0.009926337658496783
1998-07-04,1.2,0.033980159999999995,0.010828731991087397
1998-07-05,1.2,0.033980159999999995,0.010828731991087397
1998-07-06,1.1,0.031148480000000003,0.009926337658496783
1998-07-07,1.2,0.033980159999999995,0.010828731991087397
1998-07-08,1.6,0.04530688,0.014438309321449867
1998-07-09,2.1,0.05946528,0.01895028098440295
1998-07-10,1.9,0.053801919999999996,0.017145492319221713
1998-07-11,1.5,0.0424752,0.01353591498885925
1998-07-12,1.3,0.03681184,0.011731126323678016
1998-07-13,2.1,0.05946528,0.01895028098440295
1998-07-14,3.1,0.08778208,0.027974224310309114
1998-07-15,11.0,0.3114848,0.09926337658496784
1998-07-16,9.8,0.27750464,0.08843464459388044
1998-07-17,5.9,0.16706912000000002,0.05324126562284639
1998-07-18,12.0,0.3398016,0.108287319910874
1998-07-19,19.0,0.5380192,0.17145492319221717
1998-07-20,18.0,0.5097024,0.162430979866311
1998-07-21,22.0,0.6229696,0.19852675316993568
1998-07-22,21.0,0.5946528,0.18950280984402948
1998-07-23,34.0,0.9627711999999999,0.30681407308080966
1998-07-24,35.0,0.991088,0.3158380164067158
1998-07-25,41.0,1.1609888,0.3699816763621528
1998-07-26,50.0,1.41584,0.4511971662953083
1998-07-27,47.0,1.3308896,0.4241253363175898
1998-07-28,39.0,1.1043552,0.3519337897103405
1998-07-29,39.0,1.1043552,0.3519337897103405
1998-07-30,146.0,4.1342528,1.3174957255823
1998-07-31,238.0,6.7393984,2.1476985115656677
1998-08-01,338.0,9.5710784,3.0500928441562842
1998-08-02,561.0,15.8857248,5.0624322058333595
1998-08-03,428.0,12.1195904,3.8622477434878393
1998-08-04,339.0,9.5993952,3.0591167874821905
1998-08-05,247.0,6.9942496,2.228914001498823
1998-08-06,173.0,4.8988064,1.5611421953817668
1998-08-07,125.0,3.5396,1.1279929157382709
1998-08-08,132.0,3.7378176,1.191160519019614
1998-08-09,238.0,6.7393984,2.1476985115656677
1998-08-10,323.0,9.1463264,2.914733694267692
1998-08-11,387.0,10.9586016,3.492266067125686
1998-08-12,306.0,8.6649408,2.761326657727287
1998-08-13,213.0,6.0314784,1.9220999284180136
1998-08-14,166.0,4.7005888,1.4979745921004237
1998-08-15,131.0,3.7095008,1.1821365756937077
1998-08-16,104.0,2.9449472,0.9384901058942413
1998-08-17,83.0,2.3502944,0.7489872960502119
1998-08-18,70.0,1.982176,0.6316760328134317
1998-08-19,84.0,2.3786112,0.7580112393761179
1998-08-20,148.0,4.1908864,1.3355436122341127
1998-08-21,136.0,3.8510847999999998,1.2272562923232386
1998-08-22,149.0,4.2192032,1.3445675555600187
1998-08-23,182.0,5.1536576,1.6423576853149222
1998-08-24,189.0,5.3518752,1.7055252885962655
1998-08-25,159.0,4.5023712,1.4348069888190804
1998-08-26,124.0,3.5112832,1.1189689724123646
1998-08-27,94.0,2.6617792,0.8482506726351796
1998-08-28,70.0,1.982176,0.6316760328134317
1998-08-29,51.0,1.4441568,0.4602211096212145
1998-08-30,48.0,1.3592064,0.433149279643496
1998-08-31,64.0,1.8122752,0.5775323728579946
1998-09-01,53.0,1.5007904,0.4782689962730268
1998-09-02,117.0,3.3130656,1.0558013691310215
1998-09-03,2610.0,73.906848,23.552492080615092
1998-09-04,3700.0,104.77216,33.388590305852816
1998-09-05,3190.0,90.330592,28.786379209640668
1998-09-06,2200.0,62.29696,19.852675316993565
1998-09-07,1390.0,39.360352,12.54328122300957
1998-09-08,853.0,24.1542304,7.69742365699796
1998-09-09,620.0,17.556416,5.594844862061823
1998-09-10,481.0,13.6203808,4.340516739760866
1998-09-11,367.0,10.3922656,3.3117872006075633
1998-09-12,283.0,8.0136544,2.553775961231445
1998-09-13,220.0,6.229696,1.9852675316993564
1998-09-14,170.0,4.813856,1.5340703654040484
1998-09-15,130.0,3.681184,1.1731126323678016
1998-09-16,103.0,2.9166304,0.9294661625683351
1998-09-17,100.0,2.83168,0.9023943325906166
1998-09-18,107.0,3.0298976,0.9655619358719598
1998-09-19,120.0,3.398016,1.08287319910874
1998-09-20,195.0,5.521776,1.7596689485517025
1998-09-21,486.0,13.7619648,4.3856364563903965
1998-09-22,834.0,23.6162112,7.525968733805742
1998-09-23,942.0,26.6744256,8.500554613003608
1998-09-24,811.0,22.9649248,7.3184180373099
1998-09-25,630.0,17.839584,5.685084295320884
1998-09-26,492.0,13.9318656,4.439780116345834
1998-09-27,447.0,12.6576096,4.033702666680057
1998-09-28,397.0,11.2417696,3.582505500384748
1998-09-29,639.0,18.0944352,5.7662997852540405
1998-09-30,3200.0,90.61376,28.876618642899732
1998-10-01,3930.0,111.28502399999999,35.46409727081123
1998-10-02,3420.0,96.843456,30.86188617459909
1998-10-03,2500.0,70.792,22.559858314765417
1998-10-04,1670.0,47.289056,15.069985354263299
1998-10-05,1330.0,37.661344,12.0018446234552
1998-10-06,988.0,27.9769984,8.915656005995292
1998-10-07,700.0,19.82176,6.3167603281343165
1998-10-08,564.0,15.9706752,5.089504035811078
1998-10-09,462.0,13.0823616,4.169061816568649
1998-10-10,372.0,10.5338496,3.356906917237094
1998-10-11,300.0,8.49504,2.7071829977718496
1998-10-12,243.0,6.8809824,2.1928182281951982
1998-10-13,198.0,5.6067264,1.7867407785294211
1998-10-14,160.0,4.530688,1.4438309321449865
1998-10-15,130.0,3.681184,1.1731126323678016
1998-10-16,104.0,2.9449472,0.9384901058942413
1998-10-17,82.0,2.3219776,0.7399633527243056
1998-10-18,65.0,1.840592,0.5865563161839008
1998-10-19,52.0,1.4724736,0.46924505294712066
1998-10-20,43.0,1.2176224,0.38802956301396513
1998-10-21,35.0,0.991088,0.3158380164067158
1998-10-22,28.0,0.7928704,0.25267041312537264
1998-10-23,23.0,0.6512864,0.20755069649584185
1998-10-24,18.0,0.5097024,0.162430979866311
1998-10-25,15.0,0.424752,0.1353591498885925
1998-10-26,13.0,0.3681184,0.11731126323678016
1998-10-27,11.0,0.3114848,0.09926337658496784
1998-10-28,9.5,0.2690096,0.08572746159610858
1998-10-29,8.4,0.23786112,0.0758011239376118
1998-10-30,7.3,0.20671264,0.06587478627911501
1998-10-31,6.6,0.18689087999999998,0.05955802595098069
1998-11-01,6.1,0.17273248,0.05504605428802761
1998-11-02,5.5,0.1557424,0.04963168829248392
1998-11-03,6.1,0.17273248,0.05504605428802761
1998-11-04,5.5,0.1557424,0.04963168829248392
1998-11-05,5.1,0.14441568,0.04602211096212144
1998-11-06,4.8,0.13592063999999998,0.04331492796434959
1998-11-07,4.6,0.13025727999999998,0.04151013929916836
1998-11-08,4.4,0.12459392000000001,0.039705350633987134
1998-11-09,4.3,0.12176224,0.03880295630139651
1998-11-10,4.2,0.11893056,0.0379005619688059
1998-11-11,4.6,0.13025727999999998,0.04151013929916836
1998-11-12,4.9,0.13875232,0.04421732229694022
1998-11-13,4.7,0.13308896,0.04241253363175898
1998-11-14,4.6,0.13025727999999998,0.04151013929916836
1998-11-15,4.5,0.1274256,0.04060774496657775
1998-11-16,4.8,0.13592063999999998,0.04331492796434959
1998-11-17,5.3,0.15007904,0.04782689962730268
1998-11-18,5.4,0.15291072,0.0487292939598933
1998-11-19,5.1,0.14441568,0.04602211096212144
1998-11-20,4.9,0.13875232,0.04421732229694022
1998-11-21,4.6,0.13025727999999998,0.04151013929916836
1998-11-22,4.4,0.12459392000000001,0.039705350633987134
1998-11-23,4.4,0.12459392000000001,0.039705350633987134
1998-11-24,4.7,0.13308896,0.04241253363175898
1998-11-25,4.6,0.13025727999999998,0.04151013929916836
1998-11-26,4.5,0.1274256,0.04060774496657775
1998-11-27,4.4,0.12459392000000001,0.039705350633987134
1998-11-28,4.1,0.11609887999999999,0.03699816763621528
1998-11-29,3.9,0.11043552,0.03519337897103405
1998-11-30,3.9,0.11043552,0.03519337897103405
1998-12-01,3.8,0.10760383999999999,0.03429098463844343
1998-12-02,3.7,0.10477216,0.03338859030585282
1998-12-03,3.6,0.10194048,0.032486195973262195
1998-12-04,3.5,0.0991088,0.03158380164067158
1998-12-05,3.5,0.0991088,0.03158380164067158
1998-12-06,3.5,0.0991088,0.03158380164067158
1998-12-07,3.5,0.0991088,0.03158380164067158
1998-12-08,3.5,0.0991088,0.03158380164067158
1998-12-09,3.8,0.10760383999999999,0.03429098463844343
1998-12-10,3.9,0.11043552,0.03519337897103405
1998-12-11,3.7,0.10477216,0.03338859030585282
1998-12-12,3.7,0.10477216,0.03338859030585282
1998-12-13,5.6,0.15857407999999998,0.05053408262507453
1998-12-14,6.4,0.18122752,0.057753237285799466
1998-12-15,5.5,0.1557424,0.04963168829248392
1998-12-16,5.1,0.14441568,0.04602211096212144
1998-12-17,4.6,0.13025727999999998,0.04151013929916836
1998-12-18,4.2,0.11893056,0.0379005619688059
1998-12-19,4.0,0.1132672,0.036095773303624665
1998-12-20,3.8,0.10760383999999999,0.03429098463844343
1998-12-21,3.7,0.10477216,0.03338859030585282
1998-12-22,3.9,0.11043552,0.03519337897103405
1998-12-23,4.0,0.1132672,0.036095773303624665
1998-12-24,4.3,0.12176224,0.03880295630139651
1998-12-25,5.2,0.14724736,0.046924505294712066
1998-12-26,6.0,0.1699008,0.054143659955437
1998-12-27,6.9,0.19538592000000002,0.06226520894875255
1998-12-28,7.7,0.21803936000000002,0.06948436360947749
1998-12-29,9.0,0.2548512,0.0812154899331555
1998-12-30,14.0,0.3964352,0.12633520656268632
1998-12-31,11.0,0.3114848,0.09926337658496784
1999-01-01,8.7,0.24635615999999996,0.07850830693538363
1999-01-02,8.2,0.23219775999999998,0.07399633527243056
1999-01-03,20.0,0.566336,0.1804788665181233
1999-01-04,22.0,0.6229696,0.19852675316993568
1999-01-05,17.0,0.48138559999999997,0.15340703654040483
1999-01-06,14.0,0.3964352,0.12633520656268632
1999-01-07,13.0,0.3681184,0.11731126323678016
1999-01-08,12.0,0.3398016,0.108287319910874
1999-01-09,15.0,0.424752,0.1353591498885925
1999-01-10,32.0,0.9061376,0.2887661864289973
1999-01-11,32.0,0.9061376,0.2887661864289973
1999-01-12,29.0,0.8211872,0.2616943564512788
1999-01-13,27.0,0.7645535999999999,0.24364646979946647
1999-01-14,25.0,0.70792,0.22559858314765416
1999-01-15,24.0,0.6796032,0.216574639821748
1999-01-16,22.0,0.6229696,0.19852675316993568
1999-01-17,20.0,0.566336,0.1804788665181233
1999-01-18,19.0,0.5380192,0.17145492319221717
1999-01-19,20.0,0.566336,0.1804788665181233
1999-01-20,19.0,0.5380192,0.17145492319221717
1999-01-21,18.0,0.5097024,0.162430979866311
1999-01-22,18.0,0.5097024,0.162430979866311
1999-01-23,71.0,2.0104928,0.6406999761393378
1999-01-24,354.0,10.0241472,3.194475937370783
1999-01-25,349.0,9.8825632,3.149356220741252
1999-01-26,345.0,9.769296,3.1132604474376278
1999-01-27,312.0,8.8348416,2.815470317682724
1999-01-28,267.0,7.5605856,2.4093928680169463
1999-01-29,226.0,6.3995968,2.0394111916547937
1999-01-30,188.0,5.3235584,1.6965013452703592
1999-01-31,158.0,4.4740544,1.4257830454931744
1999-02-01,144.0,4.0776192,1.299447838930488
1999-02-02,131.0,3.7095008,1.1821365756937077
1999-02-03,118.0,3.3413824,1.0648253124569276
1999-02-04,117.0,3.3130656,1.0558013691310215
1999-02-05,114.0,3.2281152,1.028729539153303
1999-02-06,101.0,2.8599968,0.9114182759165227
1999-02-07,88.0,2.4918784,0.7941070126797427
1999-02-08,76.0,2.1520768,0.6858196927688687
1999-02-09,66.0,1.8689088,0.595580259509807
1999-02-10,58.0,1.6423744,0.5233887129025576
1999-02-11,50.0,1.41584,0.4511971662953083
1999-02-12,44.0,1.2459392,0.39705350633987135
1999-02-13,38.0,1.0760384,0.34290984638443434
1999-02-14,32.0,0.9061376,0.2887661864289973
1999-02-15,27.0,0.7645535999999999,0.24364646979946647
1999-02-16,23.0,0.6512864,0.20755069649584185
1999-02-17,21.0,0.5946528,0.18950280984402948
1999-02-18,35.0,0.991088,0.3158380164067158
1999-02-19,45.0,1.274256,0.4060774496657775
1999-02-20,42.0,1.1893056,0.37900561968805896
1999-02-21,38.0,1.0760384,0.34290984638443434
1999-02-22,34.0,0.9627711999999999,0.30681407308080966
1999-02-23,29.0,0.8211872,0.2616943564512788
1999-02-24,27.0,0.7645535999999999,0.24364646979946647
1999-02-25,26.0,0.7362368,0.23462252647356033
1999-02-26,25.0,0.70792,0.22559858314765416
1999-02-27,25.0,0.70792,0.22559858314765416
1999-02-28,24.0,0.6796032,0.216574639821748
1999-03-01,30.0,0.849504,0.270718299777185
1999-03-02,28.0,0.7928704,0.25267041312537264
1999-03-03,30.0,0.849504,0.270718299777185
1999-03-04,39.0,1.1043552,0.3519337897103405
1999-03-05,37.0,1.0477216,0.33388590305852817
1999-03-06,33.0,0.9344544,0.2977901297549035
1999-03-07,34.0,0.9627711999999999,0.30681407308080966
1999-03-08,32.0,0.9061376,0.2887661864289973
1999-03-09,39.0,1.1043552,0.3519337897103405
1999-03-10,90.0,2.548512,0.812154899331555
1999-03-11,98.0,2.7750464,0.8843464459388043
1999-03-12,91.0,2.5768288,0.8211788426574611
1999-03-13,80.0,2.265344,0.7219154660724932
1999-03-14,160.0,4.530688,1.4438309321449865
1999-03-15,282.0,7.9853376,2.544752017905539
1999-03-16,311.0,8.8065248,2.8064463743568178
1999-03-17,289.0,8.1835552,2.6079196211868823
1999-03-18,248.0,7.0225664,2.237937944824729
1999-03-19,207.0,5.8615775999999995,1.8679562684625763
1999-03-20,168.0,4.7572224,1.5160224787522358
1999-03-21,133.0,3.7661344,1.20018446234552
1999-03-22,112.0,3.1714816,1.0106816525014906
1999-03-23,92.0,2.6051456,0.8302027859833674
1999-03-24,75.0,2.12376,0.6767957494429624
1999-03-25,61.0,1.7273247999999999,0.5504605428802761
1999-03-26,50.0,1.41584,0.4511971662953083
1999-03-27,41.0,1.1609888,0.3699816763621528
1999-03-28,34.0,0.9627711999999999,0.30681407308080966
1999-03-29,28.0,0.7928704,0.25267041312537264
1999-03-30,23.0,0.6512864,0.20755069649584185
1999-03-31,20.0,0.566336,0.1804788665181233
1999-04-01,20.0,0.566336,0.1804788665181233
1999-04-02,22.0,0.6229696,0.19852675316993568
1999-04-03,21.0,0.5946528,0.18950280984402948
1999-04-04,19.0,0.5380192,0.17145492319221717
1999-04-05,17.0,0.48138559999999997,0.15340703654040483
1999-04-06,15.0,0.424752,0.1353591498885925
1999-04-07,13.0,0.3681184,0.11731126323678016
1999-04-08,11.0,0.3114848,0.09926337658496784
1999-04-09,9.4,0.26617792,0.08482506726351796
1999-04-10,8.2,0.23219775999999998,0.07399633527243056
1999-04-11,7.2,0.20388096,0.06497239194652439
1999-04-12,6.4,0.18122752,0.057753237285799466
1999-04-13,5.7,0.16140576,0.05143647695766515
1999-04-14,5.3,0.15007904,0.04782689962730268
1999-04-15,5.0,0.141584,0.04511971662953083
1999-04-16,4.7,0.13308896,0.04241253363175898
1999-04-17,4.5,0.1274256,0.04060774496657775
1999-04-18,4.3,0.12176224,0.03880295630139651
1999-04-19,4.2,0.11893056,0.0379005619688059
1999-04-20,4.2,0.11893056,0.0379005619688059
1999-04-21,4.0,0.1132672,0.036095773303624665
1999-04-22,3.9,0.11043552,0.03519337897103405
1999-04-23,4.0,0.1132672,0.036095773303624665
1999-04-24,4.0,0.1132672,0.036095773303624665
1999-04-25,4.2,0.11893056,0.0379005619688059
1999-04-26,4.7,0.13308896,0.04241253363175898
1999-04-27,4.4,0.12459392000000001,0.039705350633987134
1999-04-28,4.5,0.1274256,0.04060774496657775
1999-04-29,7.1,0.20104928,0.06406999761393378
1999-04-30,36.0,1.0194048,0.324861959732622
1999-05-01,34.0,0.9627711999999999,0.30681407308080966
1999-05-02,34.0,0.9627711999999999,0.30681407308080966
1999-05-03,29.0,0.8211872,0.2616943564512788
1999-05-04,23.0,0.6512864,0.20755069649584185
1999-05-05,20.0,0.566336,0.1804788665181233
1999-05-06,18.0,0.5097024,0.162430979866311
1999-05-07,41.0,1.1609888,0.3699816763621528
1999-05-08,101.0,2.8599968,0.9114182759165227
1999-05-09,87.0,2.4635616,0.7850830693538364
1999-05-10,76.0,2.1520768,0.6858196927688687
1999-05-11,65.0,1.840592,0.5865563161839008
1999-05-12,56.0,1.5857408,0.5053408262507453
1999-05-13,67.0,1.8972256,0.6046042028357131
1999-05-14,62.0,1.7556416,0.5594844862061823
1999-05-15,58.0,1.6423744,0.5233887129025576
1999-05-16,50.0,1.41584,0.4511971662953083
1999-05-17,40.0,1.132672,0.3609577330362466
1999-05-18,30.0,0.849504,0.270718299777185
1999-05-19,22.0,0.6229696,0.19852675316993568
1999-05-20,16.0,0.4530688,0.14438309321449866
1999-05-21,12.0,0.3398016,0.108287319910874
1999-05-22,9.3,0.26334624,0.08392267293092735
1999-05-23,7.6,0.21520767999999998,0.06858196927688685
1999-05-24,6.5,0.1840592,0.05865563161839008
1999-05-25,5.6,0.15857407999999998,0.05053408262507453
1999-05-26,5.0,0.141584,0.04511971662953083
1999-05-27,4.9,0.13875232,0.04421732229694022
1999-05-28,7.3,0.20671264,0.06587478627911501
1999-05-29,9.8,0.27750464,0.08843464459388044
1999-05-30,10.0,0.283168,0.09023943325906165
1999-05-31,10.0,0.283168,0.09023943325906165
1999-06-01,16.0,0.4530688,0.14438309321449866
1999-06-02,16.0,0.4530688,0.14438309321449866
1999-06-03,12.0,0.3398016,0.108287319910874
1999-06-04,9.7,0.27467295999999997,0.0875322502612898
1999-06-05,8.2,0.23219775999999998,0.07399633527243056
1999-06-06,7.1,0.20104928,0.06406999761393378
1999-06-07,6.3,0.17839584,0.05685084295320885
1999-06-08,5.5,0.1557424,0.04963168829248392
1999-06-09,4.8,0.13592063999999998,0.04331492796434959
1999-06-10,4.5,0.1274256,0.04060774496657775
1999-06-11,4.7,0.13308896,0.04241253363175898
1999-06-12,10.0,0.283168,0.09023943325906165
1999-06-13,11.0,0.3114848,0.09926337658496784
1999-06-14,11.0,0.3114848,0.09926337658496784
1999-06-15,13.0,0.3681184,0.11731126323678016
1999-06-16,14.0,0.3964352,0.12633520656268632
1999-06-17,17.0,0.48138559999999997,0.15340703654040483
1999-06-18,19.0,0.5380192,0.17145492319221717
1999-06-19,17.0,0.48138559999999997,0.15340703654040483
1999-06-20,14.0,0.3964352,0.12633520656268632
1999-06-21,12.0,0.3398016,0.108287319910874
1999-06-22,10.0,0.283168,0.09023943325906165
1999-06-23,15.0,0.424752,0.1353591498885925
1999-06-24,57.0,1.6140576,0.5143647695766514
1999-06-25,51.0,1.4441568,0.4602211096212145
1999-06-26,51.0,1.4441568,0.4602211096212145
1999-06-27,54.0,1.5291071999999999,0.48729293959893294
1999-06-28,74.0,2.0954432,0.6677718061170563
1999-06-29,99.0,2.8033632,0.8933703892647106
1999-06-30,95.0,2.690096,0.8572746159610858
1999-07-01,80.0,2.265344,0.7219154660724932
1999-07-02,75.0,2.12376,0.6767957494429624
1999-07-03,66.0,1.8689088,0.595580259509807
1999-07-04,56.0,1.5857408,0.5053408262507453
1999-07-05,49.0,1.3875232,0.44217322296940215
1999-07-06,42.0,1.1893056,0.37900561968805896
1999-07-07,69.0,1.9538592,0.6226520894875255
1999-07-08,93.0,2.6334624,0.8392267293092734
1999-07-09,95.0,2.690096,0.8572746159610858
1999-07-10,152.0,4.3041536,1.3716393855377373
1999-07-11,248.0,7.0225664,2.237937944824729
1999-07-12,243.0,6.8809824,2.1928182281951982
1999-07-13,231.0,6.5411808,2.0845309082843246
1999-07-14,304.0,8.6083072,2.7432787710754747
1999-07-15,328.0,9.2879104,2.9598534108972223
1999-07-16,284.0,8.0419712,2.5627999045573513
1999-07-17,232.0,6.5694976,2.0935548516102305
1999-07-18,380.0,10.760384,3.429098463844343
1999-07-19,409.0,11.581571199999999,3.6907928202956217
1999-07-20,464.0,13.1389952,4.187109703220461
1999-07-21,471.0,13.3372128,4.250277306501804
1999-07-22,392.0,11.1001856,3.537385783755217
1999-07-23,314.0,8.8914752,2.833518204334536
1999-07-24,312.0,8.8348416,2.815470317682724
1999-07-25,308.0,8.7215744,2.7793745443790994
1999-07-26,311.0,8.8065248,2.8064463743568178
1999-07-27,307.0,8.693257599999999,2.7703506010531926
1999-07-28,250.0,7.0792,2.2559858314765417
1999-07-29,195.0,5.521776,1.7596689485517025
1999-07-30,151.0,4.2758367999999995,1.362615442211831
1999-07-31,114.0,3.2281152,1.028729539153303
1999-08-01,87.0,2.4635616,0.7850830693538364
1999-08-02,127.0,3.5962336,1.1460408023900832
1999-08-03,122.0,3.4546495999999998,1.1009210857605523
1999-08-04,124.0,3.5112832,1.1189689724123646
1999-08-05,139.0,3.9360352,1.2543281223009572
1999-08-06,125.0,3.5396,1.1279929157382709
1999-08-07,101.0,2.8599968,0.9114182759165227
1999-08-08,120.0,3.398016,1.08287319910874
1999-08-09,216.0,6.1164287999999996,1.9491717583957318
1999-08-10,189.0,5.3518752,1.7055252885962655
1999-08-11,186.0,5.2669248,1.678453458618547
1999-08-12,186.0,5.2669248,1.678453458618547
1999-08-13,161.0,4.5590048,1.452854875470893
1999-08-14,144.0,4.0776192,1.299447838930488
1999-08-15,136.0,3.8510847999999998,1.2272562923232386
1999-08-16,180.0,5.097024,1.62430979866311
1999-08-17,171.0,4.8421728,1.5430943087299545
1999-08-18,136.0,3.8510847999999998,1.2272562923232386
1999-08-19,106.0,3.0015808,0.9565379925460537
1999-08-20,153.0,4.3324704,1.3806633288636434
1999-08-21,181.0,5.1253408,1.6333337419890162
1999-08-22,140.0,3.964352,1.2633520656268633
1999-08-23,106.0,3.0015808,0.9565379925460537
1999-08-24,95.0,2.690096,0.8572746159610858
1999-08-25,105.0,2.973264,0.9475140492201475
1999-08-26,120.0,3.398016,1.08287319910874
1999-08-27,137.0,3.8794016,1.2362802356491447
1999-08-28,148.0,4.1908864,1.3355436122341127
1999-08-29,122.0,3.4546495999999998,1.1009210857605523
1999-08-30,98.0,2.7750464,0.8843464459388043
1999-08-31,74.0,2.0954432,0.6677718061170563
1999-09-01,56.0,1.5857408,0.5053408262507453
1999-09-02,42.0,1.1893056,0.37900561968805896
1999-09-03,31.0,0.8778208,0.27974224310309115
1999-09-04,23.0,0.6512864,0.20755069649584185
1999-09-05,16.0,0.4530688,0.14438309321449866
1999-09-06,12.0,0.3398016,0.108287319910874
1999-09-07,8.9,0.25201952,0.08031309560056488
1999-09-08,6.9,0.19538592000000002,0.06226520894875255
1999-09-09,8.1,0.22936608,0.07309394093983995
1999-09-10,28.0,0.7928704,0.25267041312537264
1999-09-11,72.0,2.0388096,0.649723919465244
1999-09-12,88.0,2.4918784,0.7941070126797427
1999-09-13,74.0,2.0954432,0.6677718061170563
1999-09-14,57.0,1.6140576,0.5143647695766514
1999-09-15,43.0,1.2176224,0.38802956301396513
1999-09-16,31.0,0.8778208,0.27974224310309115
1999-09-17,22.0,0.6229696,0.19852675316993568
1999-09-18,15.0,0.424752,0.1353591498885925
1999-09-19,12.0,0.3398016,0.108287319910874
1999-09-20,11.0,0.3114848,0.09926337658496784
1999-09-21,12.0,0.3398016,0.108287319910874
1999-09-22,11.0,0.3114848,0.09926337658496784
1999-09-23,11.0,0.3114848,0.09926337658496784
1999-09-24,9.8,0.27750464,0.08843464459388044
1999-09-25,8.0,0.2265344,0.07219154660724933
1999-09-26,6.8,0.19255424,0.06136281461616193
1999-09-27,337.0,9.5427616,3.0410689008303784
1999-09-28,1180.0,33.413824,10.648253124569276
1999-09-29,985.0,27.892048,8.888584176017574
1999-09-30,720.0,20.388096,6.49723919465244
1999-10-01,480.0,13.592064,4.33149279643496
1999-10-02,340.0,9.627712,3.068140730808097
1999-10-03,251.0,7.1075168,2.2650097748024476
1999-10-04,189.0,5.3518752,1.7055252885962655
1999-10-05,148.0,4.1908864,1.3355436122341127
1999-10-06,117.0,3.3130656,1.0558013691310215
1999-10-07,92.0,2.6051456,0.8302027859833674
1999-10-08,74.0,2.0954432,0.6677718061170563
1999-10-09,70.0,1.982176,0.6316760328134317
1999-10-10,84.0,2.3786112,0.7580112393761179
1999-10-11,121.0,3.4263328,1.0918971424346462
1999-10-12,348.0,9.8542464,3.1403322774153457
1999-10-13,366.0,10.3639488,3.3027632572816565
1999-10-14,323.0,9.1463264,2.914733694267692
1999-10-15,256.0,7.2491008,2.3101294914319785
1999-10-16,204.0,5.7766272,1.840884438484858
1999-10-17,160.0,4.530688,1.4438309321449865
1999-10-18,123.0,3.4829664,1.1099450290864585
1999-10-19,94.0,2.6617792,0.8482506726351796
1999-10-20,73.0,2.0671264,0.65874786279115
1999-10-21,58.0,1.6423744,0.5233887129025576
1999-10-22,47.0,1.3308896,0.4241253363175898
1999-10-23,37.0,1.0477216,0.33388590305852817
1999-10-24,29.0,0.8211872,0.2616943564512788
1999-10-25,23.0,0.6512864,0.20755069649584185
1999-10-26,19.0,0.5380192,0.17145492319221717
1999-10-27,16.0,0.4530688,0.14438309321449866
1999-10-28,14.0,0.3964352,0.12633520656268632
1999-10-29,12.0,0.3398016,0.108287319910874
1999-10-30,11.0,0.3114848,0.09926337658496784
1999-10-31,9.9,0.28033632,0.08933703892647106
1999-11-01,17.0,0.48138559999999997,0.15340703654040483
1999-11-02,142.0,4.0209856,1.2813999522786756
1999-11-03,209.0,5.9182112,1.8860041551143887
1999-11-04,223.0,6.3146464,2.0123393616770753
1999-11-05,196.0,5.5500928,1.7686928918776086
1999-11-06,163.0,4.6156384,1.470902762122705
1999-11-07,132.0,3.7378176,1.191160519019614
1999-11-08,107.0,3.0298976,0.9655619358719598
1999-11-09,86.0,2.4352448,0.7760591260279303
1999-11-10,70.0,1.982176,0.6316760328134317
1999-11-11,57.0,1.6140576,0.5143647695766514
1999-11-12,47.0,1.3308896,0.4241253363175898
1999-11-13,38.0,1.0760384,0.34290984638443434
1999-11-14,30.0,0.849504,0.270718299777185
1999-11-15,25.0,0.70792,0.22559858314765416
1999-11-16,20.0,0.566336,0.1804788665181233
1999-11-17,16.0,0.4530688,0.14438309321449866
1999-11-18,14.0,0.3964352,0.12633520656268632
1999-11-19,12.0,0.3398016,0.108287319910874
1999-11-20,10.0,0.283168,0.09023943325906165
1999-11-21,9.5,0.2690096,0.08572746159610858
1999-11-22,8.6,0.24352448,0.07760591260279302
1999-11-23,7.9,0.22370272,0.07128915227465871
1999-11-24,7.5,0.212376,0.06767957494429624
1999-11-25,7.2,0.20388096,0.06497239194652439
1999-11-26,7.0,0.1982176,0.06316760328134316
1999-11-27,6.6,0.18689087999999998,0.05955802595098069
1999-11-28,6.2,0.17556416,0.05594844862061823
1999-11-29,5.8,0.16423743999999998,0.05233887129025576
1999-11-30,5.4,0.15291072,0.0487292939598933
1999-12-01,5.0,0.141584,0.04511971662953083
1999-12-02,4.8,0.13592063999999998,0.04331492796434959
1999-12-03,4.7,0.13308896,0.04241253363175898
1999-12-04,4.6,0.13025727999999998,0.04151013929916836
1999-12-05,4.4,0.12459392000000001,0.039705350633987134
1999-12-06,4.4,0.12459392000000001,0.039705350633987134
1999-12-07,4.4,0.12459392000000001,0.039705350633987134
1999-12-08,4.4,0.12459392000000001,0.039705350633987134
1999-12-09,4.4,0.12459392000000001,0.039705350633987134
1999-12-10,4.4,0.12459392000000001,0.039705350633987134
1999-12-11,4.4,0.12459392000000001,0.039705350633987134
1999-12-12,4.3,0.12176224,0.03880295630139651
1999-12-13,4.5,0.1274256,0.04060774496657775
1999-12-14,4.8,0.13592063999999998,0.04331492796434959
1999-12-15,4.9,0.13875232,0.04421732229694022
1999-12-16,5.5,0.1557424,0.04963168829248392
1999-12-17,5.8,0.16423743999999998,0.05233887129025576
1999-12-18,6.1,0.17273248,0.05504605428802761
1999-12-19,10.0,0.283168,0.09023943325906165
1999-12-20,18.0,0.5097024,0.162430979866311
1999-12-21,20.0,0.566336,0.1804788665181233
1999-12-22,52.0,1.4724736,0.46924505294712066
1999-12-23,59.0,1.6706912,0.5324126562284638
1999-12-24,56.0,1.5857408,0.5053408262507453
1999-12-25,49.0,1.3875232,0.44217322296940215
1999-12-26,42.0,1.1893056,0.37900561968805896
1999-12-27,36.0,1.0194048,0.324861959732622
1999-12-28,31.0,0.8778208,0.27974224310309115
1999-12-29,26.0,0.7362368,0.23462252647356033
1999-12-30,22.0,0.6229696,0.19852675316993568
1999-12-31,20.0,0.566336,0.1804788665181233
2000-01-01,18.0,0.5097024,0.162430979866311
2000-01-02,18.0,0.5097024,0.162430979866311
2000-01-03,17.0,0.48138559999999997,0.15340703654040483
2000-01-04,15.0,0.424752,0.1353591498885925
2000-01-05,15.0,0.424752,0.1353591498885925
2000-01-06,15.0,0.424752,0.1353591498885925
2000-01-07,14.0,0.3964352,0.12633520656268632
2000-01-08,13.0,0.3681184,0.11731126323678016
2000-01-09,12.0,0.3398016,0.108287319910874
2000-01-10,13.0,0.3681184,0.11731126323678016
2000-01-11,23.0,0.6512864,0.20755069649584185
2000-01-12,30.0,0.849504,0.270718299777185
2000-01-13,27.0,0.7645535999999999,0.24364646979946647
2000-01-14,27.0,0.7645535999999999,0.24364646979946647
2000-01-15,29.0,0.8211872,0.2616943564512788
2000-01-16,26.0,0.7362368,0.23462252647356033
2000-01-17,23.0,0.6512864,0.20755069649584185
2000-01-18,20.0,0.566336,0.1804788665181233
2000-01-19,18.0,0.5097024,0.162430979866311
2000-01-20,16.0,0.4530688,0.14438309321449866
2000-01-21,14.0,0.3964352,0.12633520656268632
2000-01-22,13.0,0.3681184,0.11731126323678016
2000-01-23,13.0,0.3681184,0.11731126323678016
2000-01-24,76.0,2.1520768,0.6858196927688687
2000-01-25,158.0,4.4740544,1.4257830454931744
2000-01-26,164.0,4.6439552,1.4799267054486112
2000-01-27,153.0,4.3324704,1.3806633288636434
2000-01-28,136.0,3.8510847999999998,1.2272562923232386
2000-01-29,129.0,3.6528671999999998,1.1640886890418953
2000-01-30,131.0,3.7095008,1.1821365756937077
2000-01-31,156.0,4.4174208,1.407735158841362
2000-02-01,148.0,4.1908864,1.3355436122341127
2000-02-02,133.0,3.7661344,1.20018446234552
2000-02-03,116.0,3.2847488,1.0467774258051152
2000-02-04,98.0,2.7750464,0.8843464459388043
2000-02-05,84.0,2.3786112,0.7580112393761179
2000-02-06,71.0,2.0104928,0.6406999761393378
2000-02-07,60.0,1.699008,0.54143659955437
2000-02-08,51.0,1.4441568,0.4602211096212145
2000-02-09,44.0,1.2459392,0.39705350633987135
2000-02-10,37.0,1.0477216,0.33388590305852817
2000-02-11,31.0,0.8778208,0.27974224310309115
2000-02-12,27.0,0.7645535999999999,0.24364646979946647
2000-02-13,23.0,0.6512864,0.20755069649584185
2000-02-14,28.0,0.7928704,0.25267041312537264
2000-02-15,43.0,1.2176224,0.38802956301396513
2000-02-16,40.0,1.132672,0.3609577330362466
2000-02-17,34.0,0.9627711999999999,0.30681407308080966
2000-02-18,30.0,0.849504,0.270718299777185
2000-02-19,27.0,0.7645535999999999,0.24364646979946647
2000-02-20,23.0,0.6512864,0.20755069649584185
2000-02-21,19.0,0.5380192,0.17145492319221717
2000-02-22,16.0,0.4530688,0.14438309321449866
2000-02-23,13.0,0.3681184,0.11731126323678016
2000-02-24,11.0,0.3114848,0.09926337658496784
2000-02-25,9.9,0.28033632,0.08933703892647106
2000-02-26,8.6,0.24352448,0.07760591260279302
2000-02-27,8.9,0.25201952,0.08031309560056488
2000-02-28,11.0,0.3114848,0.09926337658496784
2000-02-29,15.0,0.424752,0.1353591498885925
2000-03-01,20.0,0.566336,0.1804788665181233
2000-03-02,19.0,0.5380192,0.17145492319221717
2000-03-03,16.0,0.4530688,0.14438309321449866
2000-03-04,13.0,0.3681184,0.11731126323678016
2000-03-05,11.0,0.3114848,0.09926337658496784
2000-03-06,9.3,0.26334624,0.08392267293092735
2000-03-07,7.9,0.22370272,0.07128915227465871
2000-03-08,6.7,0.18972256,0.06046042028357132
2000-03-09,5.9,0.16706912000000002,0.05324126562284639
2000-03-10,5.2,0.14724736,0.046924505294712066
2000-03-11,5.4,0.15291072,0.0487292939598933
2000-03-12,5.6,0.15857407999999998,0.05053408262507453
2000-03-13,4.7,0.13308896,0.04241253363175898
2000-03-14,4.2,0.11893056,0.0379005619688059
2000-03-15,3.8,0.10760383999999999,0.03429098463844343
2000-03-16,4.6,0.13025727999999998,0.04151013929916836
2000-03-17,11.0,0.3114848,0.09926337658496784
2000-03-18,15.0,0.424752,0.1353591498885925
2000-03-19,16.0,0.4530688,0.14438309321449866
2000-03-20,36.0,1.0194048,0.324861959732622
2000-03-21,46.0,1.3025728,0.4151013929916837
2000-03-22,45.0,1.274256,0.4060774496657775
2000-03-23,37.0,1.0477216,0.33388590305852817
2000-03-24,29.0,0.8211872,0.2616943564512788
2000-03-25,22.0,0.6229696,0.19852675316993568
2000-03-26,20.0,0.566336,0.1804788665181233
2000-03-27,38.0,1.0760384,0.34290984638443434
2000-03-28,49.0,1.3875232,0.44217322296940215
2000-03-29,69.0,1.9538592,0.6226520894875255
2000-03-30,129.0,3.6528671999999998,1.1640886890418953
2000-03-31,152.0,4.3041536,1.3716393855377373
2000-04-01,140.0,3.964352,1.2633520656268633
2000-04-02,119.0,3.3696992,1.0738492557828339
2000-04-03,99.0,2.8033632,0.8933703892647106
2000-04-04,85.0,2.406928,0.7670351827020242
2000-04-05,71.0,2.0104928,0.6406999761393378
2000-04-06,58.0,1.6423744,0.5233887129025576
2000-04-07,46.0,1.3025728,0.4151013929916837
2000-04-08,37.0,1.0477216,0.33388590305852817
2000-04-09,29.0,0.8211872,0.2616943564512788
2000-04-10,23.0,0.6512864,0.20755069649584185
2000-04-11,19.0,0.5380192,0.17145492319221717
2000-04-12,15.0,0.424752,0.1353591498885925
2000-04-13,12.0,0.3398016,0.108287319910874
2000-04-14,10.0,0.283168,0.09023943325906165
2000-04-15,8.8,0.24918784000000002,0.07941070126797427
2000-04-16,7.6,0.21520767999999998,0.06858196927688685
2000-04-17,6.6,0.18689087999999998,0.05955802595098069
2000-04-18,5.6,0.15857407999999998,0.05053408262507453
2000-04-19,4.8,0.13592063999999998,0.04331492796434959
2000-04-20,4.3,0.12176224,0.03880295630139651
2000-04-21,3.9,0.11043552,0.03519337897103405
2000-04-22,3.6,0.10194048,0.032486195973262195
2000-04-23,3.3,0.09344543999999999,0.029779012975490345
2000-04-24,3.3,0.09344543999999999,0.029779012975490345
2000-04-25,3.3,0.09344543999999999,0.029779012975490345
2000-04-26,3.1,0.08778208,0.027974224310309114
2000-04-27,2.9,0.08211871999999999,0.02616943564512788
2000-04-28,2.8,0.07928703999999999,0.025267041312537264
2000-04-29,2.7,0.07645536,0.02436464697994665
2000-04-30,2.6,0.07362368,0.023462252647356033
2000-05-01,2.4,0.06796031999999999,0.021657463982174795
2000-05-02,2.4,0.06796031999999999,0.021657463982174795
2000-05-03,2.3,0.06512863999999999,0.02075506964958418
2000-05-04,2.3,0.06512863999999999,0.02075506964958418
2000-05-05,2.1,0.05946528,0.01895028098440295
2000-05-06,2.1,0.05946528,0.01895028098440295
2000-05-07,2.0,0.0566336,0.018047886651812332
2000-05-08,1.9,0.053801919999999996,0.017145492319221713
2000-05-09,1.9,0.053801919999999996,0.017145492319221713
2000-05-10,1.8,0.05097024,0.016243097986631098
2000-05-11,1.7,0.04813856,0.015340703654040482
2000-05-12,1.7,0.04813856,0.015340703654040482
2000-05-13,1.7,0.04813856,0.015340703654040482
2000-05-14,1.7,0.04813856,0.015340703654040482
2000-05-15,1.7,0.04813856,0.015340703654040482
2000-05-16,1.7,0.04813856,0.015340703654040482
2000-05-17,1.7,0.04813856,0.015340703654040482
2000-05-18,1.7,0.04813856,0.015340703654040482
2000-05-19,1.7,0.04813856,0.015340703654040482
2000-05-20,1.7,0.04813856,0.015340703654040482
2000-05-21,1.6,0.04530688,0.014438309321449867
2000-05-22,1.7,0.04813856,0.015340703654040482
2000-05-23,1.6,0.04530688,0.014438309321449867
2000-05-24,1.6,0.04530688,0.014438309321449867
2000-05-25,1.6,0.04530688,0.014438309321449867
2000-05-26,1.6,0.04530688,0.014438309321449867
2000-05-27,1.7,0.04813856,0.015340703654040482
2000-05-28,1.6,0.04530688,0.014438309321449867
2000-05-29,1.5,0.0424752,0.01353591498885925
2000-05-30,1.3,0.03681184,0.011731126323678016
2000-05-31,1.3,0.03681184,0.011731126323678016
2000-06-01,1.3,0.03681184,0.011731126323678016
2000-06-02,1.2,0.033980159999999995,0.010828731991087397
2000-06-03,1.2,0.033980159999999995,0.010828731991087397
2000-06-04,1.2,0.033980159999999995,0.010828731991087397
2000-06-05,1.3,0.03681184,0.011731126323678016
2000-06-06,1.2,0.033980159999999995,0.010828731991087397
2000-06-07,1.2,0.033980159999999995,0.010828731991087397
2000-06-08,1.2,0.033980159999999995,0.010828731991087397
2000-06-09,1.2,0.033980159999999995,0.010828731991087397
2000-06-10,1.1,0.031148480000000003,0.009926337658496783
2000-06-11,1.1,0.031148480000000003,0.009926337658496783
2000-06-12,1.2,0.033980159999999995,0.010828731991087397
2000-06-13,1.2,0.033980159999999995,0.010828731991087397
2000-06-14,1.2,0.033980159999999995,0.010828731991087397
2000-06-15,1.1,0.031148480000000003,0.009926337658496783
2000-06-16,1.2,0.033980159999999995,0.010828731991087397
2000-06-17,1.7,0.04813856,0.015340703654040482
2000-06-18,1.5,0.0424752,0.01353591498885925
2000-06-19,1.4,0.039643519999999995,0.012633520656268632
2000-06-20,1.3,0.03681184,0.011731126323678016
2000-06-21,1.3,0.03681184,0.011731126323678016
2000-06-22,1.5,0.0424752,0.01353591498885925
2000-06-23,1.7,0.04813856,0.015340703654040482
2000-06-24,1.6,0.04530688,0.014438309321449867
2000-06-25,1.6,0.04530688,0.014438309321449867
2000-06-26,1.7,0.04813856,0.015340703654040482
2000-06-27,1.4,0.039643519999999995,0.012633520656268632
2000-06-28,1.5,0.0424752,0.01353591498885925
2000-06-29,1.0,0.0283168,0.009023943325906166
2000-06-30,1.0,0.0283168,0.009023943325906166
2000-07-01,1.2,0.033980159999999995,0.010828731991087397
2000-07-02,0.97,0.027467296,0.00875322502612898
2000-07-03,0.81,0.022936608,0.007309394093983995
2000-07-04,0.77,0.021803936,0.006948436360947748
2000-07-05,0.79,0.022370272,0.007128915227465871
2000-07-06,0.77,0.021803936,0.006948436360947748
2000-07-07,0.69,0.019538591999999997,0.006226520894875254
2000-07-08,0.73,0.020671263999999998,0.0065874786279115005
2000-07-09,1.0,0.0283168,0.009023943325906166
2000-07-10,1.3,0.03681184,0.011731126323678016
2000-07-11,1.1,0.031148480000000003,0.009926337658496783
2000-07-12,0.95,0.026900959999999998,0.008572746159610857
2000-07-13,1.1,0.031148480000000003,0.009926337658496783
2000-07-14,1.2,0.033980159999999995,0.010828731991087397
2000-07-15,1.2,0.033980159999999995,0.010828731991087397
2000-07-16,1.2,0.033980159999999995,0.010828731991087397
2000-07-17,1.1,0.031148480000000003,0.009926337658496783
2000-07-18,0.91,0.025768288,0.008211788426574612
2000-07-19,0.99,0.028033632,0.008933703892647105
2000-07-20,1.5,0.0424752,0.01353591498885925
2000-07-21,2.6,0.07362368,0.023462252647356033
2000-07-22,11.0,0.3114848,0.09926337658496784
2000-07-23,13.0,0.3681184,0.11731126323678016
2000-07-24,30.0,0.849504,0.270718299777185
2000-07-25,96.0,2.7184128,0.866298559286992
2000-07-26,183.0,5.1819744,1.6513816286408283
2000-07-27,150.0,4.24752,1.3535914988859248
2000-07-28,98.0,2.7750464,0.8843464459388043
2000-07-29,67.0,1.8972256,0.6046042028357131
2000-07-30,47.0,1.3308896,0.4241253363175898
2000-07-31,32.0,0.9061376,0.2887661864289973
2000-08-01,35.0,0.991088,0.3158380164067158
2000-08-02,59.0,1.6706912,0.5324126562284638
2000-08-03,71.0,2.0104928,0.6406999761393378
2000-08-04,126.0,3.5679168,1.137016859064177
2000-08-05,204.0,5.7766272,1.840884438484858
2000-08-06,168.0,4.7572224,1.5160224787522358
2000-08-07,126.0,3.5679168,1.137016859064177
2000-08-08,89.0,2.5201952,0.8031309560056488
2000-08-09,66.0,1.8689088,0.595580259509807
2000-08-10,88.0,2.4918784,0.7941070126797427
2000-08-11,102.0,2.8883136,0.920442219242429
2000-08-12,206.0,5.8332608,1.8589323251366703
2000-08-13,190.0,5.380192,1.7145492319221716
2000-08-14,158.0,4.4740544,1.4257830454931744
2000-08-15,130.0,3.681184,1.1731126323678016
2000-08-16,99.0,2.8033632,0.8933703892647106
2000-08-17,74.0,2.0954432,0.6677718061170563
2000-08-18,53.0,1.5007904,0.4782689962730268
2000-08-19,38.0,1.0760384,0.34290984638443434
2000-08-20,35.0,0.991088,0.3158380164067158
2000-08-21,30.0,0.849504,0.270718299777185
2000-08-22,29.0,0.8211872,0.2616943564512788
2000-08-23,29.0,0.8211872,0.2616943564512788
2000-08-24,23.0,0.6512864,0.20755069649584185
2000-08-25,16.0,0.4530688,0.14438309321449866
2000-08-26,12.0,0.3398016,0.108287319910874
2000-08-27,9.1,0.25768288,0.08211788426574612
2000-08-28,7.2,0.20388096,0.06497239194652439
2000-08-29,6.6,0.18689087999999998,0.05955802595098069
2000-08-30,5.4,0.15291072,0.0487292939598933
2000-08-31,4.4,0.12459392000000001,0.039705350633987134
2000-09-01,3.8,0.10760383999999999,0.03429098463844343
2000-09-02,3.5,0.0991088,0.03158380164067158
2000-09-03,5.0,0.141584,0.04511971662953083
2000-09-04,9.9,0.28033632,0.08933703892647106
2000-09-05,33.0,0.9344544,0.2977901297549035
2000-09-06,654.0,18.5191872,5.901658935142633
2000-09-07,2030.0,57.483104,18.318604951589517
2000-09-08,2220.0,62.863296,20.033154183511687
2000-09-09,1670.0,47.289056,15.069985354263299
2000-09-10,1080.0,30.582144,9.745858791978659
2000-09-11,697.0,19.7368096,6.289688498156599
2000-09-12,488.0,13.818598399999999,4.403684343042209
2000-09-13,345.0,9.769296,3.1132604474376278
2000-09-14,249.0,7.0508831999999995,2.2469618881506355
2000-09-15,181.0,5.1253408,1.6333337419890162
2000-09-16,134.0,3.7944512,1.2092084056714263
2000-09-17,100.0,2.83168,0.9023943325906166
2000-09-18,114.0,3.2281152,1.028729539153303
2000-09-19,115.0,3.2564319999999998,1.037753482479209
2000-09-20,100.0,2.83168,0.9023943325906166
2000-09-21,94.0,2.6617792,0.8482506726351796
2000-09-22,2430.0,68.809824,21.928182281951987
2000-09-23,6610.0,187.174048,59.64826538423976
2000-09-24,4620.0,130.823616,41.69061816568649
2000-09-25,3220.0,91.18009599999999,29.057097509417854
2000-09-26,2150.0,60.881119999999996,19.401478150698257
2000-09-27,1350.0,38.22768,12.182323489973324
2000-09-28,822.0,23.2764096,7.4176814138948695
2000-09-29,580.0,16.423744,5.233887129025576
2000-09-30,420.0,11.893056,3.79005619688059
2000-10-01,309.0,8.7498912,2.7883984877050056
2000-10-02,229.0,6.4845472,2.066483021632512
2000-10-03,168.0,4.7572224,1.5160224787522358
2000-10-04,125.0,3.5396,1.1279929157382709
2000-10-05,97.0,2.7467296,0.8753225026128981
2000-10-06,85.0,2.406928,0.7670351827020242
2000-10-07,162.0,4.5873216,1.461878818796799
2000-10-08,300.0,8.49504,2.7071829977718496
2000-10-09,280.0,7.928704,2.5267041312537266
2000-10-10,208.0,5.8898944,1.8769802117884826
2000-10-11,151.0,4.2758367999999995,1.362615442211831
2000-10-12,113.0,3.1997984,1.0197055958273968
2000-10-13,87.0,2.4635616,0.7850830693538364
2000-10-14,69.0,1.9538592,0.6226520894875255
2000-10-15,54.0,1.5291071999999999,0.48729293959893294
2000-10-16,43.0,1.2176224,0.38802956301396513
2000-10-17,34.0,0.9627711999999999,0.30681407308080966
2000-10-18,27.0,0.7645535999999999,0.24364646979946647
2000-10-19,22.0,0.6229696,0.19852675316993568
2000-10-20,18.0,0.5097024,0.162430979866311
2000-10-21,15.0,0.424752,0.1353591498885925
2000-10-22,13.0,0.3681184,0.11731126323678016
2000-10-23,11.0,0.3114848,0.09926337658496784
2000-10-24,9.5,0.2690096,0.08572746159610858
2000-10-25,8.4,0.23786112,0.0758011239376118
2000-10-26,7.4,0.20954432,0.06677718061170564
2000-10-27,6.7,0.18972256,0.06046042028357132
2000-10-28,6.1,0.17273248,0.05504605428802761
2000-10-29,5.5,0.1557424,0.04963168829248392
2000-10-30,5.1,0.14441568,0.04602211096212144
2000-10-31,4.7,0.13308896,0.04241253363175898
2000-11-01,4.5,0.1274256,0.04060774496657775
2000-11-02,4.3,0.12176224,0.03880295630139651
2000-11-03,4.1,0.11609887999999999,0.03699816763621528
2000-11-04,4.0,0.1132672,0.036095773303624665
2000-11-05,3.8,0.10760383999999999,0.03429098463844343
2000-11-06,3.7,0.10477216,0.03338859030585282
2000-11-07,3.7,0.10477216,0.03338859030585282
2000-11-08,3.7,0.10477216,0.03338859030585282
2000-11-09,4.0,0.1132672,0.036095773303624665
2000-11-10,4.3,0.12176224,0.03880295630139651
2000-11-11,4.2,0.11893056,0.0379005619688059
2000-11-12,4.2,0.11893056,0.0379005619688059
2000-11-13,4.4,0.12459392000000001,0.039705350633987134
2000-11-14,4.5,0.1274256,0.04060774496657775
2000-11-15,4.3,0.12176224,0.03880295630139651
2000-11-16,4.3,0.12176224,0.03880295630139651
2000-11-17,4.5,0.1274256,0.04060774496657775
2000-11-18,5.1,0.14441568,0.04602211096212144
2000-11-19,5.5,0.1557424,0.04963168829248392
2000-11-20,6.4,0.18122752,0.057753237285799466
2000-11-21,6.6,0.18689087999999998,0.05955802595098069
2000-11-22,6.4,0.18122752,0.057753237285799466
2000-11-23,5.7,0.16140576,0.05143647695766515
2000-11-24,5.8,0.16423743999999998,0.05233887129025576
2000-11-25,19.0,0.5380192,0.17145492319221717
2000-11-26,25.0,0.70792,0.22559858314765416
2000-11-27,22.0,0.6229696,0.19852675316993568
2000-11-28,21.0,0.5946528,0.18950280984402948
2000-11-29,17.0,0.48138559999999997,0.15340703654040483
2000-11-30,13.0,0.3681184,0.11731126323678016
2000-12-01,11.0,0.3114848,0.09926337658496784
2000-12-02,9.6,0.27184127999999996,0.08662985592869918
2000-12-03,8.4,0.23786112,0.0758011239376118
2000-12-04,7.5,0.212376,0.06767957494429624
2000-12-05,6.7,0.18972256,0.06046042028357132
2000-12-06,6.0,0.1699008,0.054143659955437
2000-12-07,5.5,0.1557424,0.04963168829248392
2000-12-08,5.0,0.141584,0.04511971662953083
2000-12-09,4.7,0.13308896,0.04241253363175898
2000-12-10,4.4,0.12459392000000001,0.039705350633987134
2000-12-11,4.2,0.11893056,0.0379005619688059
2000-12-12,4.0,0.1132672,0.036095773303624665
2000-12-13,3.9,0.11043552,0.03519337897103405
2000-12-14,4.0,0.1132672,0.036095773303624665
2000-12-15,7.2,0.20388096,0.06497239194652439
2000-12-16,12.0,0.3398016,0.108287319910874
2000-12-17,18.0,0.5097024,0.162430979866311
2000-12-18,21.0,0.5946528,0.18950280984402948
2000-12-19,17.0,0.48138559999999997,0.15340703654040483
2000-12-20,17.0,0.48138559999999997,0.15340703654040483
2000-12-21,15.0,0.424752,0.1353591498885925
2000-12-22,14.0,0.3964352,0.12633520656268632
2000-12-23,13.0,0.3681184,0.11731126323678016
2000-12-24,12.0,0.3398016,0.108287319910874
2000-12-25,11.0,0.3114848,0.09926337658496784
2000-12-26,9.8,0.27750464,0.08843464459388044
2000-12-27,8.7,0.24635615999999996,0.07850830693538363
2000-12-28,19.0,0.5380192,0.17145492319221717
2000-12-29,72.0,2.0388096,0.649723919465244
2000-12-30,88.0,2.4918784,0.7941070126797427
2000-12-31,92.0,2.6051456,0.8302027859833674
2001-01-01,85.0,2.406928,0.7670351827020242
2001-01-02,74.0,2.0954432,0.6677718061170563
2001-01-03,63.0,1.7839584,0.5685084295320885
2001-01-04,57.0,1.6140576,0.5143647695766514
2001-01-05,51.0,1.4441568,0.4602211096212145
2001-01-06,46.0,1.3025728,0.4151013929916837
2001-01-07,42.0,1.1893056,0.37900561968805896
2001-01-08,38.0,1.0760384,0.34290984638443434
2001-01-09,36.0,1.0194048,0.324861959732622
2001-01-10,32.0,0.9061376,0.2887661864289973
2001-01-11,30.0,0.849504,0.270718299777185
2001-01-12,43.0,1.2176224,0.38802956301396513
2001-01-13,59.0,1.6706912,0.5324126562284638
2001-01-14,63.0,1.7839584,0.5685084295320885
2001-01-15,61.0,1.7273247999999999,0.5504605428802761
2001-01-16,56.0,1.5857408,0.5053408262507453
2001-01-17,50.0,1.41584,0.4511971662953083
2001-01-18,45.0,1.274256,0.4060774496657775
2001-01-19,41.0,1.1609888,0.3699816763621528
2001-01-20,55.0,1.557424,0.4963168829248391
2001-01-21,72.0,2.0388096,0.649723919465244
2001-01-22,74.0,2.0954432,0.6677718061170563
2001-01-23,70.0,1.982176,0.6316760328134317
2001-01-24,63.0,1.7839584,0.5685084295320885
2001-01-25,56.0,1.5857408,0.5053408262507453
2001-01-26,49.0,1.3875232,0.44217322296940215
2001-01-27,44.0,1.2459392,0.39705350633987135
2001-01-28,39.0,1.1043552,0.3519337897103405
2001-01-29,35.0,0.991088,0.3158380164067158
2001-01-30,39.0,1.1043552,0.3519337897103405
2001-01-31,57.0,1.6140576,0.5143647695766514
2001-02-01,81.0,2.2936608,0.7309394093983995
2001-02-02,104.0,2.9449472,0.9384901058942413
2001-02-03,107.0,3.0298976,0.9655619358719598
2001-02-04,100.0,2.83168,0.9023943325906166
2001-02-05,92.0,2.6051456,0.8302027859833674
2001-02-06,82.0,2.3219776,0.7399633527243056
2001-02-07,71.0,2.0104928,0.6406999761393378
2001-02-08,61.0,1.7273247999999999,0.5504605428802761
2001-02-09,53.0,1.5007904,0.4782689962730268
2001-02-10,47.0,1.3308896,0.4241253363175898
2001-02-11,44.0,1.2459392,0.39705350633987135
2001-02-12,41.0,1.1609888,0.3699816763621528
2001-02-13,37.0,1.0477216,0.33388590305852817
2001-02-14,34.0,0.9627711999999999,0.30681407308080966
2001-02-15,31.0,0.8778208,0.27974224310309115
2001-02-16,29.0,0.8211872,0.2616943564512788
2001-02-17,26.0,0.7362368,0.23462252647356033
2001-02-18,23.0,0.6512864,0.20755069649584185
2001-02-19,20.0,0.566336,0.1804788665181233
2001-02-20,17.0,0.48138559999999997,0.15340703654040483
2001-02-21,15.0,0.424752,0.1353591498885925
2001-02-22,14.0,0.3964352,0.12633520656268632
2001-02-23,19.0,0.5380192,0.17145492319221717
2001-02-24,17.0,0.48138559999999997,0.15340703654040483
2001-02-25,16.0,0.4530688,0.14438309321449866
2001-02-26,15.0,0.424752,0.1353591498885925
2001-02-27,14.0,0.3964352,0.12633520656268632
2001-02-28,12.0,0.3398016,0.108287319910874
2001-03-01,15.0,0.424752,0.1353591498885925
2001-03-02,17.0,0.48138559999999997,0.15340703654040483
2001-03-03,16.0,0.4530688,0.14438309321449866
2001-03-04,30.0,0.849504,0.270718299777185
2001-03-05,41.0,1.1609888,0.3699816763621528
2001-03-06,39.0,1.1043552,0.3519337897103405
2001-03-07,34.0,0.9627711999999999,0.30681407308080966
2001-03-08,27.0,0.7645535999999999,0.24364646979946647
2001-03-09,29.0,0.8211872,0.2616943564512788
2001-03-10,99.0,2.8033632,0.8933703892647106
2001-03-11,136.0,3.8510847999999998,1.2272562923232386
2001-03-12,161.0,4.5590048,1.452854875470893
2001-03-13,612.0,17.3298816,5.522653315454574
2001-03-14,1000.0,28.3168,9.023943325906167
2001-03-15,1200.0,33.98016,10.828731991087398
2001-03-16,1450.0,41.05936,13.08471782256394
2001-03-17,1280.0,36.245504,11.550647457159892
2001-03-18,1070.0,30.298976,9.655619358719598
2001-03-19,989.0,28.0053152,8.924679949321199
2001-03-20,1080.0,30.582144,9.745858791978659
2001-03-21,1410.0,39.926688,12.723760089527694
2001-03-22,1510.0,42.758368,13.62615442211831
2001-03-23,1250.0,35.396,11.279929157382709
2001-03-24,923.0,26.1364064,8.329099689811391
2001-03-25,704.0,19.9350272,6.352856101437942
2001-03-26,586.0,16.5936448,5.288030788981014
2001-03-27,474.0,13.4221632,4.277349136479523
2001-03-28,369.0,10.4488992,3.3298350872593754
2001-03-29,453.0,12.8275104,4.087846326635494
2001-03-30,602.0,17.0467136,5.432413882195513
2001-03-31,587.0,16.6219616,5.297054732306919
2001-04-01,519.0,14.6964192,4.6834265861453
2001-04-02,417.0,11.8081056,3.762984366902871
2001-04-03,328.0,9.2879104,2.9598534108972223
2001-04-04,284.0,8.0419712,2.5627999045573513
2001-04-05,272.0,7.7021695999999995,2.4545125846464773
2001-04-06,242.0,6.8526656,2.1837942848692924
2001-04-07,207.0,5.8615775999999995,1.8679562684625763
2001-04-08,169.0,4.7855392,1.5250464220781421
2001-04-09,136.0,3.8510847999999998,1.2272562923232386
2001-04-10,110.0,3.114848,0.9926337658496782
2001-04-11,90.0,2.548512,0.812154899331555
2001-04-12,74.0,2.0954432,0.6677718061170563
2001-04-13,60.0,1.699008,0.54143659955437
2001-04-14,48.0,1.3592064,0.433149279643496
2001-04-15,47.0,1.3308896,0.4241253363175898
2001-04-16,57.0,1.6140576,0.5143647695766514
2001-04-17,64.0,1.8122752,0.5775323728579946
2001-04-18,55.0,1.557424,0.4963168829248391
2001-04-19,46.0,1.3025728,0.4151013929916837
2001-04-20,38.0,1.0760384,0.34290984638443434
2001-04-21,31.0,0.8778208,0.27974224310309115
2001-04-22,26.0,0.7362368,0.23462252647356033
2001-04-23,21.0,0.5946528,0.18950280984402948
2001-04-24,18.0,0.5097024,0.162430979866311
2001-04-25,15.0,0.424752,0.1353591498885925
2001-04-26,13.0,0.3681184,0.11731126323678016
2001-04-27,11.0,0.3114848,0.09926337658496784
2001-04-28,8.9,0.25201952,0.08031309560056488
2001-04-29,7.4,0.20954432,0.06677718061170564
2001-04-30,6.1,0.17273248,0.05504605428802761
2001-05-01,5.2,0.14724736,0.046924505294712066
2001-05-02,4.5,0.1274256,0.04060774496657775
2001-05-03,3.9,0.11043552,0.03519337897103405
2001-05-04,3.5,0.0991088,0.03158380164067158
2001-05-05,3.1,0.08778208,0.027974224310309114
2001-05-06,2.9,0.08211871999999999,0.02616943564512788
2001-05-07,2.7,0.07645536,0.02436464697994665
2001-05-08,2.6,0.07362368,0.023462252647356033
2001-05-09,2.5,0.070792,0.022559858314765414
2001-05-10,2.4,0.06796031999999999,0.021657463982174795
2001-05-11,2.4,0.06796031999999999,0.021657463982174795
2001-05-12,2.4,0.06796031999999999,0.021657463982174795
2001-05-13,2.5,0.070792,0.022559858314765414
2001-05-14,2.3,0.06512863999999999,0.02075506964958418
2001-05-15,2.3,0.06512863999999999,0.02075506964958418
2001-05-16,2.2,0.062296960000000005,0.019852675316993567
2001-05-17,2.2,0.062296960000000005,0.019852675316993567
2001-05-18,2.0,0.0566336,0.018047886651812332
2001-05-19,2.0,0.0566336,0.018047886651812332
2001-05-20,2.1,0.05946528,0.01895028098440295
2001-05-21,2.6,0.07362368,0.023462252647356033
2001-05-22,2.3,0.06512863999999999,0.02075506964958418
2001-05-23,2.2,0.062296960000000005,0.019852675316993567
2001-05-24,2.0,0.0566336,0.018047886651812332
2001-05-25,2.0,0.0566336,0.018047886651812332
2001-05-26,1.9,0.053801919999999996,0.017145492319221713
2001-05-27,1.8,0.05097024,0.016243097986631098
2001-05-28,1.9,0.053801919999999996,0.017145492319221713
2001-05-29,2.3,0.06512863999999999,0.02075506964958418
2001-05-30,2.7,0.07645536,0.02436464697994665
2001-05-31,2.4,0.06796031999999999,0.021657463982174795
2001-06-01,3.1,0.08778208,0.027974224310309114
2001-06-02,3.6,0.10194048,0.032486195973262195
2001-06-03,2.8,0.07928703999999999,0.025267041312537264
2001-06-04,2.4,0.06796031999999999,0.021657463982174795
2001-06-05,2.3,0.06512863999999999,0.02075506964958418
2001-06-06,2.2,0.062296960000000005,0.019852675316993567
2001-06-07,2.1,0.05946528,0.01895028098440295
2001-06-08,2.5,0.070792,0.022559858314765414
2001-06-09,3.0,0.0849504,0.0270718299777185
2001-06-10,2.9,0.08211871999999999,0.02616943564512788
2001-06-11,4.8,0.13592063999999998,0.04331492796434959
2001-06-12,87.0,2.4635616,0.7850830693538364
2001-06-13,447.0,12.6576096,4.033702666680057
2001-06-14,781.0,22.1154208,7.0476997375327155
2001-06-15,634.0,17.9528512,5.72118006862451
2001-06-16,413.0,11.6948384,3.726888593599247
2001-06-17,292.0,8.2685056,2.6349914511646
2001-06-18,221.0,6.2580127999999995,1.9942914750252627
2001-06-19,172.0,4.8704896,1.5521182520558605
2001-06-20,132.0,3.7378176,1.191160519019614
2001-06-21,133.0,3.7661344,1.20018446234552
2001-06-22,135.0,3.822768,1.2182323489973323
2001-06-23,489.0,13.8469152,4.412708286368115
2001-06-24,544.0,15.404339199999999,4.9090251692929545
2001-06-25,523.0,14.8096864,4.719522359448925
2001-06-26,424.0,12.0063232,3.8261519701842146
2001-06-27,329.0,9.3162272,2.9688773542231286
2001-06-28,253.0,7.1641504,2.28305766145426
2001-06-29,199.0,5.6350432,1.7957647218553272
2001-06-30,301.0,8.5233568,2.7162069410977563
2001-07-01,422.0,11.9496896,3.808104083532402
2001-07-02,341.0,9.6560288,3.0771646741340026
2001-07-03,256.0,7.2491008,2.3101294914319785
2001-07-04,209.0,5.9182112,1.8860041551143887
2001-07-05,203.0,5.7483104,1.8318604951589519
2001-07-06,249.0,7.0508831999999995,2.2469618881506355
2001-07-07,320.0,9.061376,2.887661864289973
2001-07-08,276.0,7.8154368,2.490608357950102
2001-07-09,212.0,6.0031616,1.9130759850921073
2001-07-10,250.0,7.0792,2.2559858314765417
2001-07-11,676.0,19.1421568,6.1001856883125685
2001-07-12,693.0,19.623542399999998,6.253592724852973
2001-07-13,723.0,20.4730464,6.524311024630158
2001-07-14,605.0,17.131664,5.4594857121732305
2001-07-15,480.0,13.592064,4.33149279643496
2001-07-16,365.0,10.335632,3.2937393139557507
2001-07-17,273.0,7.7304864,2.4635365279723835
2001-07-18,204.0,5.7766272,1.840884438484858
2001-07-19,165.0,4.6722719999999995,1.4889506487745172
2001-07-20,150.0,4.24752,1.3535914988859248
2001-07-21,133.0,3.7661344,1.20018446234552
2001-07-22,111.0,3.1431648,1.0016577091755845
2001-07-23,86.0,2.4352448,0.7760591260279303
2001-07-24,130.0,3.681184,1.1731126323678016
2001-07-25,324.0,9.1746432,2.923757637593598
2001-07-26,361.0,10.2223648,3.257643540652126
2001-07-27,359.0,10.1657312,3.2395956540003135
2001-07-28,319.0,9.0330592,2.878637920964067
2001-07-29,336.0,9.5144448,3.0320449575044717
2001-07-30,312.0,8.8348416,2.815470317682724
2001-07-31,391.0,11.0718688,3.5283618404293113
2001-08-01,1190.0,33.696992,10.738492557828339
2001-08-02,1410.0,39.926688,12.723760089527694
2001-08-03,1390.0,39.360352,12.54328122300957
2001-08-04,1150.0,32.56432,10.377534824792091
2001-08-05,933.0,26.4195744,8.419339123070452
2001-08-06,1550.0,43.89104,13.987112155154557
2001-08-07,3250.0,92.0296,29.32781580919504
2001-08-08,3140.0,88.914752,28.33518204334536
2001-08-09,2380.0,67.393984,21.476985115656678
2001-08-10,1590.0,45.023711999999996,14.348069888190803
2001-08-11,1080.0,30.582144,9.745858791978659
2001-08-12,899.0,25.4568032,8.112525049989644
2001-08-13,792.0,22.4269056,7.146963114117685
2001-08-14,712.0,20.1615616,6.42504764804519
2001-08-15,642.0,18.1793856,5.7933716152317585
2001-08-16,569.0,16.1122592,5.134623752440609
2001-08-17,513.0,14.5265184,4.629282926189863
2001-08-18,407.0,11.5249376,3.6727449336438096
2001-08-19,362.0,10.2506816,3.2666674839780323
2001-08-20,341.0,9.6560288,3.0771646741340026
2001-08-21,304.0,8.6083072,2.7432787710754747
2001-08-22,249.0,7.0508831999999995,2.2469618881506355
2001-08-23,197.0,5.5784096,1.7777168352035146
2001-08-24,153.0,4.3324704,1.3806633288636434
2001-08-25,119.0,3.3696992,1.0738492557828339
2001-08-26,94.0,2.6617792,0.8482506726351796
2001-08-27,75.0,2.12376,0.6767957494429624
2001-08-28,59.0,1.6706912,0.5324126562284638
2001-08-29,46.0,1.3025728,0.4151013929916837
2001-08-30,35.0,0.991088,0.3158380164067158
2001-08-31,28.0,0.7928704,0.25267041312537264
2001-09-01,31.0,0.8778208,0.27974224310309115
2001-09-02,75.0,2.12376,0.6767957494429624
2001-09-03,154.0,4.3607872,1.3896872721895497
2001-09-04,205.0,5.804944,1.849908381810764
2001-09-05,320.0,9.061376,2.887661864289973
2001-09-06,364.0,10.3073152,3.2847153706298444
2001-09-07,408.0,11.5532544,3.681768876969716
2001-09-08,418.0,11.8364224,3.7720083102287774
2001-09-09,362.0,10.2506816,3.2666674839780323
2001-09-10,327.0,9.2595936,2.9508294675713165
2001-09-11,281.0,7.9570208,2.5357280745796325
2001-09-12,282.0,7.9853376,2.544752017905539
2001-09-13,280.0,7.928704,2.5267041312537266
2001-09-14,234.0,6.6261312,2.111602738262043
2001-09-15,180.0,5.097024,1.62430979866311
2001-09-16,132.0,3.7378176,1.191160519019614
2001-09-17,96.0,2.7184128,0.866298559286992
2001-09-18,72.0,2.0388096,0.649723919465244
2001-09-19,53.0,1.5007904,0.4782689962730268
2001-09-20,39.0,1.1043552,0.3519337897103405
2001-09-21,31.0,0.8778208,0.27974224310309115
2001-09-22,28.0,0.7928704,0.25267041312537264
2001-09-23,26.0,0.7362368,0.23462252647356033
2001-09-24,36.0,1.0194048,0.324861959732622
2001-09-25,112.0,3.1714816,1.0106816525014906
2001-09-26,140.0,3.964352,1.2633520656268633
2001-09-27,134.0,3.7944512,1.2092084056714263
2001-09-28,109.0,3.0865312,0.9836098225237722
2001-09-29,86.0,2.4352448,0.7760591260279303
2001-09-30,67.0,1.8972256,0.6046042028357131
2001-10-01,53.0,1.5007904,0.4782689962730268
2001-10-02,41.0,1.1609888,0.3699816763621528
2001-10-03,32.0,0.9061376,0.2887661864289973
2001-10-04,24.0,0.6796032,0.216574639821748
2001-10-05,20.0,0.566336,0.1804788665181233
2001-10-06,17.0,0.48138559999999997,0.15340703654040483
2001-10-07,17.0,0.48138559999999997,0.15340703654040483
2001-10-08,24.0,0.6796032,0.216574639821748
2001-10-09,30.0,0.849504,0.270718299777185
2001-10-10,25.0,0.70792,0.22559858314765416
2001-10-11,21.0,0.5946528,0.18950280984402948
2001-10-12,17.0,0.48138559999999997,0.15340703654040483
2001-10-13,15.0,0.424752,0.1353591498885925
2001-10-14,51.0,1.4441568,0.4602211096212145
2001-10-15,76.0,2.1520768,0.6858196927688687
2001-10-16,71.0,2.0104928,0.6406999761393378
2001-10-17,59.0,1.6706912,0.5324126562284638
2001-10-18,46.0,1.3025728,0.4151013929916837
2001-10-19,36.0,1.0194048,0.324861959732622
2001-10-20,30.0,0.849504,0.270718299777185
2001-10-21,24.0,0.6796032,0.216574639821748
2001-10-22,20.0,0.566336,0.1804788665181233
2001-10-23,16.0,0.4530688,0.14438309321449866
2001-10-24,18.0,0.5097024,0.162430979866311
2001-10-25,51.0,1.4441568,0.4602211096212145
2001-10-26,44.0,1.2459392,0.39705350633987135
2001-10-27,34.0,0.9627711999999999,0.30681407308080966
2001-10-28,27.0,0.7645535999999999,0.24364646979946647
2001-10-29,21.0,0.5946528,0.18950280984402948
2001-10-30,16.0,0.4530688,0.14438309321449866
2001-10-31,13.0,0.3681184,0.11731126323678016
2001-11-01,11.0,0.3114848,0.09926337658496784
2001-11-02,9.5,0.2690096,0.08572746159610858
2001-11-03,8.4,0.23786112,0.0758011239376118
2001-11-04,7.4,0.20954432,0.06677718061170564
2001-11-05,6.5,0.1840592,0.05865563161839008
2001-11-06,5.7,0.16140576,0.05143647695766515
2001-11-07,5.2,0.14724736,0.046924505294712066
2001-11-08,4.8,0.13592063999999998,0.04331492796434959
2001-11-09,4.4,0.12459392000000001,0.039705350633987134
2001-11-10,4.1,0.11609887999999999,0.03699816763621528
2001-11-11,3.9,0.11043552,0.03519337897103405
2001-11-12,3.7,0.10477216,0.03338859030585282
2001-11-13,3.5,0.0991088,0.03158380164067158
2001-11-14,3.3,0.09344543999999999,0.029779012975490345
2001-11-15,3.3,0.09344543999999999,0.029779012975490345
2001-11-16,3.2,0.09061376,0.028876618642899733
2001-11-17,3.1,0.08778208,0.027974224310309114
2001-11-18,3.1,0.08778208,0.027974224310309114
2001-11-19,3.1,0.08778208,0.027974224310309114
2001-11-20,3.1,0.08778208,0.027974224310309114
2001-11-21,3.0,0.0849504,0.0270718299777185
2001-11-22,3.0,0.0849504,0.0270718299777185
2001-11-23,6.2,0.17556416,0.05594844862061823
2001-11-24,13.0,0.3681184,0.11731126323678016
2001-11-25,17.0,0.48138559999999997,0.15340703654040483
2001-11-26,20.0,0.566336,0.1804788665181233
2001-11-27,21.0,0.5946528,0.18950280984402948
2001-11-28,17.0,0.48138559999999997,0.15340703654040483
2001-11-29,15.0,0.424752,0.1353591498885925
2001-11-30,14.0,0.3964352,0.12633520656268632
2001-12-01,14.0,0.3964352,0.12633520656268632
2001-12-02,13.0,0.3681184,0.11731126323678016
2001-12-03,12.0,0.3398016,0.108287319910874
2001-12-04,9.8,0.27750464,0.08843464459388044
2001-12-05,8.8,0.24918784000000002,0.07941070126797427
2001-12-06,8.1,0.22936608,0.07309394093983995
2001-12-07,7.5,0.212376,0.06767957494429624
2001-12-08,7.2,0.20388096,0.06497239194652439
2001-12-09,7.3,0.20671264,0.06587478627911501
2001-12-10,7.0,0.1982176,0.06316760328134316
2001-12-11,6.8,0.19255424,0.06136281461616193
2001-12-12,6.4,0.18122752,0.057753237285799466
2001-12-13,6.3,0.17839584,0.05685084295320885
2001-12-14,6.2,0.17556416,0.05594844862061823
2001-12-15,6.0,0.1699008,0.054143659955437
2001-12-16,5.8,0.16423743999999998,0.05233887129025576
2001-12-17,5.8,0.16423743999999998,0.05233887129025576
2001-12-18,6.2,0.17556416,0.05594844862061823
2001-12-19,6.5,0.1840592,0.05865563161839008
2001-12-20,6.9,0.19538592000000002,0.06226520894875255
2001-12-21,6.5,0.1840592,0.05865563161839008
2001-12-22,6.2,0.17556416,0.05594844862061823
2001-12-23,8.0,0.2265344,0.07219154660724933
2001-12-24,22.0,0.6229696,0.19852675316993568
2001-12-25,19.0,0.5380192,0.17145492319221717
2001-12-26,15.0,0.424752,0.1353591498885925
2001-12-27,13.0,0.3681184,0.11731126323678016
2001-12-28,11.0,0.3114848,0.09926337658496784
2001-12-29,10.0,0.283168,0.09023943325906165
2001-12-30,9.1,0.25768288,0.08211788426574612
2001-12-31,8.2,0.23219775999999998,0.07399633527243056
2002-01-01,7.5,0.212376,0.06767957494429624
2002-01-02,18.0,0.5097024,0.162430979866311
2002-01-03,39.0,1.1043552,0.3519337897103405
2002-01-04,42.0,1.1893056,0.37900561968805896
2002-01-05,41.0,1.1609888,0.3699816763621528
2002-01-06,43.0,1.2176224,0.38802956301396513
2002-01-07,59.0,1.6706912,0.5324126562284638
2002-01-08,76.0,2.1520768,0.6858196927688687
2002-01-09,78.0,2.2087104,0.703867579420681
2002-01-10,72.0,2.0388096,0.649723919465244
2002-01-11,65.0,1.840592,0.5865563161839008
2002-01-12,58.0,1.6423744,0.5233887129025576
2002-01-13,68.0,1.9255423999999999,0.6136281461616193
2002-01-14,98.0,2.7750464,0.8843464459388043
2002-01-15,216.0,6.1164287999999996,1.9491717583957318
2002-01-16,232.0,6.5694976,2.0935548516102305
2002-01-17,222.0,6.2863296,2.003315418351169
2002-01-18,199.0,5.6350432,1.7957647218553272
2002-01-19,177.0,5.0120736,1.5972379686853915
2002-01-20,163.0,4.6156384,1.470902762122705
2002-01-21,208.0,5.8898944,1.8769802117884826
2002-01-22,308.0,8.7215744,2.7793745443790994
2002-01-23,328.0,9.2879104,2.9598534108972223
2002-01-24,318.0,9.0047424,2.869613977638161
2002-01-25,296.0,8.3817728,2.6710872244682253
2002-01-26,280.0,7.928704,2.5267041312537266
2002-01-27,258.0,7.3057343999999995,2.3281773780837907
2002-01-28,316.0,8.9481088,2.8515660909863487
2002-01-29,328.0,9.2879104,2.9598534108972223
2002-01-30,309.0,8.7498912,2.7883984877050056
2002-01-31,277.0,7.8437536,2.499632301276008
2002-02-01,244.0,6.9092991999999995,2.2018421715211045
2002-02-02,213.0,6.0314784,1.9220999284180136
2002-02-03,181.0,5.1253408,1.6333337419890162
2002-02-04,152.0,4.3041536,1.3716393855377373
2002-02-05,126.0,3.5679168,1.137016859064177
2002-02-06,106.0,3.0015808,0.9565379925460537
2002-02-07,123.0,3.4829664,1.1099450290864585
2002-02-08,161.0,4.5590048,1.452854875470893
2002-02-09,160.0,4.530688,1.4438309321449865
2002-02-10,149.0,4.2192032,1.3445675555600187
2002-02-11,132.0,3.7378176,1.191160519019614
2002-02-12,115.0,3.2564319999999998,1.037753482479209
2002-02-13,98.0,2.7750464,0.8843464459388043
2002-02-14,87.0,2.4635616,0.7850830693538364
2002-02-15,76.0,2.1520768,0.6858196927688687
2002-02-16,66.0,1.8689088,0.595580259509807
2002-02-17,57.0,1.6140576,0.5143647695766514
2002-02-18,48.0,1.3592064,0.433149279643496
2002-02-19,41.0,1.1609888,0.3699816763621528
2002-02-20,36.0,1.0194048,0.324861959732622
2002-02-21,43.0,1.2176224,0.38802956301396513
2002-02-22,52.0,1.4724736,0.46924505294712066
2002-02-23,50.0,1.41584,0.4511971662953083
2002-02-24,44.0,1.2459392,0.39705350633987135
2002-02-25,39.0,1.1043552,0.3519337897103405
2002-02-26,34.0,0.9627711999999999,0.30681407308080966
2002-02-27,29.0,0.8211872,0.2616943564512788
2002-02-28,25.0,0.70792,0.22559858314765416
2002-03-01,22.0,0.6229696,0.19852675316993568
2002-03-02,88.0,2.4918784,0.7941070126797427
2002-03-03,1310.0,37.095008,11.821365756937078
2002-03-04,4350.0,123.17808,39.25415346769182
2002-03-05,3930.0,111.28502399999999,35.46409727081123
2002-03-06,2830.0,80.136544,25.537759612314453
2002-03-07,1900.0,53.80192,17.145492319221717
2002-03-08,1240.0,35.112832,11.189689724123646
2002-03-09,806.0,22.8233408,7.27329832068037
2002-03-10,593.0,16.7918624,5.351198392262356
2002-03-11,452.0,12.7991936,4.078822383309587
2002-03-12,359.0,10.1657312,3.2395956540003135
2002-03-13,366.0,10.3639488,3.3027632572816565
2002-03-14,369.0,10.4488992,3.3298350872593754
2002-03-15,342.0,9.6843456,3.086188617459909
2002-03-16,298.0,8.4384064,2.6891351111200374
2002-03-17,254.0,7.1924672,2.2920816047801664
2002-03-18,216.0,6.1164287999999996,1.9491717583957318
2002-03-19,181.0,5.1253408,1.6333337419890162
2002-03-20,151.0,4.2758367999999995,1.362615442211831
2002-03-21,131.0,3.7095008,1.1821365756937077
2002-03-22,119.0,3.3696992,1.0738492557828339
2002-03-23,105.0,2.973264,0.9475140492201475
2002-03-24,91.0,2.5768288,0.8211788426574611
2002-03-25,79.0,2.2370272,0.7128915227465872
2002-03-26,69.0,1.9538592,0.6226520894875255
2002-03-27,67.0,1.8972256,0.6046042028357131
2002-03-28,66.0,1.8689088,0.595580259509807
2002-03-29,61.0,1.7273247999999999,0.5504605428802761
2002-03-30,53.0,1.5007904,0.4782689962730268
2002-03-31,46.0,1.3025728,0.4151013929916837
2002-04-01,43.0,1.2176224,0.38802956301396513
2002-04-02,42.0,1.1893056,0.37900561968805896
2002-04-03,42.0,1.1893056,0.37900561968805896
2002-04-04,148.0,4.1908864,1.3355436122341127
2002-04-05,110.0,3.114848,0.9926337658496782
2002-04-06,79.0,2.2370272,0.7128915227465872
2002-04-07,60.0,1.699008,0.54143659955437
2002-04-08,47.0,1.3308896,0.4241253363175898
2002-04-09,38.0,1.0760384,0.34290984638443434
2002-04-10,31.0,0.8778208,0.27974224310309115
2002-04-11,26.0,0.7362368,0.23462252647356033
2002-04-12,23.0,0.6512864,0.20755069649584185
2002-04-13,20.0,0.566336,0.1804788665181233
2002-04-14,17.0,0.48138559999999997,0.15340703654040483
2002-04-15,15.0,0.424752,0.1353591498885925
2002-04-16,13.0,0.3681184,0.11731126323678016
2002-04-17,12.0,0.3398016,0.108287319910874
2002-04-18,30.0,0.849504,0.270718299777185
2002-04-19,33.0,0.9344544,0.2977901297549035
2002-04-20,25.0,0.70792,0.22559858314765416
2002-04-21,20.0,0.566336,0.1804788665181233
2002-04-22,15.0,0.424752,0.1353591498885925
2002-04-23,12.0,0.3398016,0.108287319910874
2002-04-24,10.0,0.283168,0.09023943325906165
2002-04-25,8.8,0.24918784000000002,0.07941070126797427
2002-04-26,7.7,0.21803936000000002,0.06948436360947749
2002-04-27,6.6,0.18689087999999998,0.05955802595098069
2002-04-28,6.0,0.1699008,0.054143659955437
2002-04-29,5.7,0.16140576,0.05143647695766515
2002-04-30,12.0,0.3398016,0.108287319910874
2002-05-01,9.9,0.28033632,0.08933703892647106
2002-05-02,8.4,0.23786112,0.0758011239376118
2002-05-03,7.3,0.20671264,0.06587478627911501
2002-05-04,6.2,0.17556416,0.05594844862061823
2002-05-05,5.5,0.1557424,0.04963168829248392
2002-05-06,5.0,0.141584,0.04511971662953083
2002-05-07,4.7,0.13308896,0.04241253363175898
2002-05-08,4.5,0.1274256,0.04060774496657775
2002-05-09,4.3,0.12176224,0.03880295630139651
2002-05-10,4.0,0.1132672,0.036095773303624665
2002-05-11,3.9,0.11043552,0.03519337897103405
2002-05-12,3.7,0.10477216,0.03338859030585282
2002-05-13,3.6,0.10194048,0.032486195973262195
2002-05-14,3.6,0.10194048,0.032486195973262195
2002-05-15,3.4,0.09627712,0.030681407308080964
2002-05-16,3.4,0.09627712,0.030681407308080964
2002-05-17,3.4,0.09627712,0.030681407308080964
2002-05-18,3.6,0.10194048,0.032486195973262195
2002-05-19,4.0,0.1132672,0.036095773303624665
2002-05-20,3.8,0.10760383999999999,0.03429098463844343
2002-05-21,3.6,0.10194048,0.032486195973262195
2002-05-22,3.4,0.09627712,0.030681407308080964
2002-05-23,3.3,0.09344543999999999,0.029779012975490345
2002-05-24,3.3,0.09344543999999999,0.029779012975490345
2002-05-25,3.3,0.09344543999999999,0.029779012975490345
2002-05-26,3.2,0.09061376,0.028876618642899733
2002-05-27,3.2,0.09061376,0.028876618642899733
2002-05-28,3.1,0.08778208,0.027974224310309114
2002-05-29,3.1,0.08778208,0.027974224310309114
2002-05-30,3.0,0.0849504,0.0270718299777185
2002-05-31,2.9,0.08211871999999999,0.02616943564512788
2002-06-01,2.8,0.07928703999999999,0.025267041312537264
2002-06-02,2.7,0.07645536,0.02436464697994665
2002-06-03,2.6,0.07362368,0.023462252647356033
2002-06-04,2.6,0.07362368,0.023462252647356033
2002-06-05,2.6,0.07362368,0.023462252647356033
2002-06-06,2.6,0.07362368,0.023462252647356033
2002-06-07,2.7,0.07645536,0.02436464697994665
2002-06-08,3.0,0.0849504,0.0270718299777185
2002-06-09,3.7,0.10477216,0.03338859030585282
2002-06-10,3.2,0.09061376,0.028876618642899733
2002-06-11,2.7,0.07645536,0.02436464697994665
2002-06-12,2.5,0.070792,0.022559858314765414
2002-06-13,2.3,0.06512863999999999,0.02075506964958418
2002-06-14,2.4,0.06796031999999999,0.021657463982174795
2002-06-15,2.3,0.06512863999999999,0.02075506964958418
2002-06-16,2.1,0.05946528,0.01895028098440295
2002-06-17,2.1,0.05946528,0.01895028098440295
2002-06-18,2.2,0.062296960000000005,0.019852675316993567
2002-06-19,3.1,0.08778208,0.027974224310309114
2002-06-20,3.0,0.0849504,0.0270718299777185
2002-06-21,5.2,0.14724736,0.046924505294712066
2002-06-22,3.1,0.08778208,0.027974224310309114
2002-06-23,540.0,15.291072,4.872929395989329
2002-06-24,1400.0,39.64352,12.633520656268633
2002-06-25,862.0,24.4090816,7.778639146931115
2002-06-26,556.0,15.7441408,5.017312489203829
2002-06-27,610.0,17.273248,5.504605428802761
2002-06-28,510.0,14.441568,4.6022110962121445
2002-06-29,363.0,10.278998399999999,3.275691427303938
2002-06-30,255.0,7.220784,2.3011055481060723
2002-07-01,231.0,6.5411808,2.0845309082843246
2002-07-02,178.0,5.0403904,1.6062619120112975
2002-07-03,138.0,3.9077184,1.245304178975051
2002-07-04,108.0,3.0582143999999998,0.9745858791978659
2002-07-05,126.0,3.5679168,1.137016859064177
2002-07-06,215.0,6.088112,1.9401478150698257
2002-07-07,162.0,4.5873216,1.461878818796799
2002-07-08,129.0,3.6528671999999998,1.1640886890418953
2002-07-09,111.0,3.1431648,1.0016577091755845
2002-07-10,104.0,2.9449472,0.9384901058942413
2002-07-11,79.0,2.2370272,0.7128915227465872
2002-07-12,57.0,1.6140576,0.5143647695766514
2002-07-13,41.0,1.1609888,0.3699816763621528
2002-07-14,31.0,0.8778208,0.27974224310309115
2002-07-15,23.0,0.6512864,0.20755069649584185
2002-07-16,15.0,0.424752,0.1353591498885925
2002-07-17,9.4,0.26617792,0.08482506726351796
2002-07-18,5.7,0.16140576,0.05143647695766515
2002-07-19,4.2,0.11893056,0.0379005619688059
2002-07-20,28.0,0.7928704,0.25267041312537264
2002-07-21,116.0,3.2847488,1.0467774258051152
2002-07-22,147.0,4.1625696,1.3265196689082066
2002-07-23,212.0,6.0031616,1.9130759850921073
2002-07-24,329.0,9.3162272,2.9688773542231286
2002-07-25,896.0,25.3718528,8.085453220011924
2002-07-26,1120.0,31.714816,10.106816525014906
2002-07-27,1080.0,30.582144,9.745858791978659
2002-07-28,916.0,25.9381888,8.265932086530048
2002-07-29,806.0,22.8233408,7.27329832068037
2002-07-30,729.0,20.6429472,6.578454684585595
2002-07-31,630.0,17.839584,5.685084295320884
2002-08-01,529.0,14.9795872,4.773666019404362
2002-08-02,692.0,19.5952256,6.244568781527067
2002-08-03,760.0,21.520768,6.858196927688686
2002-08-04,718.0,20.3314624,6.479191308000627
2002-08-05,642.0,18.1793856,5.7933716152317585
2002-08-06,530.0,15.007904,4.782689962730268
2002-08-07,413.0,11.6948384,3.726888593599247
2002-08-08,307.0,8.693257599999999,2.7703506010531926
2002-08-09,218.0,6.1730624,1.9672196450475443
2002-08-10,151.0,4.2758367999999995,1.362615442211831
2002-08-11,106.0,3.0015808,0.9565379925460537
2002-08-12,76.0,2.1520768,0.6858196927688687
2002-08-13,56.0,1.5857408,0.5053408262507453
2002-08-14,47.0,1.3308896,0.4241253363175898
2002-08-15,36.0,1.0194048,0.324861959732622
2002-08-16,28.0,0.7928704,0.25267041312537264
2002-08-17,21.0,0.5946528,0.18950280984402948
2002-08-18,20.0,0.566336,0.1804788665181233
2002-08-19,24.0,0.6796032,0.216574639821748
2002-08-20,22.0,0.6229696,0.19852675316993568
2002-08-21,19.0,0.5380192,0.17145492319221717
2002-08-22,15.0,0.424752,0.1353591498885925
2002-08-23,12.0,0.3398016,0.108287319910874
2002-08-24,9.6,0.27184127999999996,0.08662985592869918
2002-08-25,7.9,0.22370272,0.07128915227465871
2002-08-26,6.9,0.19538592000000002,0.06226520894875255
2002-08-27,45.0,1.274256,0.4060774496657775
2002-08-28,170.0,4.813856,1.5340703654040484
2002-08-29,154.0,4.3607872,1.3896872721895497
2002-08-30,153.0,4.3324704,1.3806633288636434
2002-08-31,198.0,5.6067264,1.7867407785294211
2002-09-01,156.0,4.4174208,1.407735158841362
2002-09-02,123.0,3.4829664,1.1099450290864585
2002-09-03,95.0,2.690096,0.8572746159610858
2002-09-04,73.0,2.0671264,0.65874786279115
2002-09-05,54.0,1.5291071999999999,0.48729293959893294
2002-09-06,39.0,1.1043552,0.3519337897103405
2002-09-07,28.0,0.7928704,0.25267041312537264
2002-09-08,21.0,0.5946528,0.18950280984402948
2002-09-09,16.0,0.4530688,0.14438309321449866
2002-09-10,12.0,0.3398016,0.108287319910874
2002-09-11,8.8,0.24918784000000002,0.07941070126797427
2002-09-12,7.3,0.20671264,0.06587478627911501
2002-09-13,196.0,5.5500928,1.7686928918776086
2002-09-14,895.0,25.343536,8.076429276686019
2002-09-15,1700.0,48.13856,15.340703654040482
2002-09-16,1950.0,55.21776,17.596689485517025
2002-09-17,1720.0,48.704896,15.521182520558606
2002-09-18,1240.0,35.112832,11.189689724123646
2002-09-19,823.0,23.3047264,7.426705357220775
2002-09-20,605.0,17.131664,5.4594857121732305
2002-09-21,564.0,15.9706752,5.089504035811078
2002-09-22,519.0,14.6964192,4.6834265861453
2002-09-23,414.0,11.723155199999999,3.7359125369251527
2002-09-24,330.0,9.344543999999999,2.9779012975490344
2002-09-25,318.0,9.0047424,2.869613977638161
2002-09-26,329.0,9.3162272,2.9688773542231286
2002-09-27,426.0,12.0629568,3.844199856836027
2002-09-28,447.0,12.6576096,4.033702666680057
2002-09-29,401.0,11.3550368,3.618601273688373
2002-09-30,334.0,9.4578112,3.0139970708526596
2002-10-01,273.0,7.7304864,2.4635365279723835
2002-10-02,221.0,6.2580127999999995,1.9942914750252627
2002-10-03,177.0,5.0120736,1.5972379686853915
2002-10-04,140.0,3.964352,1.2633520656268633
2002-10-05,112.0,3.1714816,1.0106816525014906
2002-10-06,92.0,2.6051456,0.8302027859833674
2002-10-07,80.0,2.265344,0.7219154660724932
2002-10-08,113.0,3.1997984,1.0197055958273968
2002-10-09,139.0,3.9360352,1.2543281223009572
2002-10-10,135.0,3.822768,1.2182323489973323
2002-10-11,135.0,3.822768,1.2182323489973323
2002-10-12,116.0,3.2847488,1.0467774258051152
2002-10-13,98.0,2.7750464,0.8843464459388043
2002-10-14,94.0,2.6617792,0.8482506726351796
2002-10-15,145.0,4.105936,1.308471782256394
2002-10-16,223.0,6.3146464,2.0123393616770753
2002-10-17,220.0,6.229696,1.9852675316993564
2002-10-18,196.0,5.5500928,1.7686928918776086
2002-10-19,163.0,4.6156384,1.470902762122705
2002-10-20,134.0,3.7944512,1.2092084056714263
2002-10-21,111.0,3.1431648,1.0016577091755845
2002-10-22,151.0,4.2758367999999995,1.362615442211831
2002-10-23,140.0,3.964352,1.2633520656268633
2002-10-24,127.0,3.5962336,1.1460408023900832
2002-10-25,123.0,3.4829664,1.1099450290864585
2002-10-26,111.0,3.1431648,1.0016577091755845
2002-10-27,98.0,2.7750464,0.8843464459388043
2002-10-28,84.0,2.3786112,0.7580112393761179
2002-10-29,82.0,2.3219776,0.7399633527243056
2002-10-30,243.0,6.8809824,2.1928182281951982
2002-10-31,252.0,7.1358336,2.274033718128354
2002-11-01,227.0,6.4279136,2.0484351349807
2002-11-02,188.0,5.3235584,1.6965013452703592
2002-11-03,153.0,4.3324704,1.3806633288636434
2002-11-04,127.0,3.5962336,1.1460408023900832
2002-11-05,109.0,3.0865312,0.9836098225237722
2002-11-06,232.0,6.5694976,2.0935548516102305
2002-11-07,323.0,9.1463264,2.914733694267692
2002-11-08,309.0,8.7498912,2.7883984877050056
2002-11-09,279.0,7.9003872,2.5176801879278203
2002-11-10,247.0,6.9942496,2.228914001498823
2002-11-11,217.0,6.1447456,1.9581957017216383
2002-11-12,277.0,7.8437536,2.499632301276008
2002-11-13,405.0,11.468304,3.6546970469919975
2002-11-14,456.0,12.9124608,4.114918156613212
2002-11-15,421.0,11.9213728,3.799080140206496
2002-11-16,380.0,10.760384,3.429098463844343
2002-11-17,360.0,10.194048,3.24861959732622
2002-11-18,317.0,8.9764256,2.860590034312255
2002-11-19,274.0,7.7588032,2.4725604712982894
2002-11-20,235.0,6.6544479999999995,2.120626681587949
2002-11-21,201.0,5.6916768,1.8138126085071393
2002-11-22,171.0,4.8421728,1.5430943087299545
2002-11-23,143.0,4.0493024,1.290423895604582
2002-11-24,120.0,3.398016,1.08287319910874
2002-11-25,101.0,2.8599968,0.9114182759165227
2002-11-26,87.0,2.4635616,0.7850830693538364
2002-11-27,76.0,2.1520768,0.6858196927688687
2002-11-28,66.0,1.8689088,0.595580259509807
2002-11-29,57.0,1.6140576,0.5143647695766514
2002-11-30,50.0,1.41584,0.4511971662953083
2002-12-01,44.0,1.2459392,0.39705350633987135
2002-12-02,38.0,1.0760384,0.34290984638443434
2002-12-03,33.0,0.9344544,0.2977901297549035
2002-12-04,29.0,0.8211872,0.2616943564512788
2002-12-05,30.0,0.849504,0.270718299777185
2002-12-06,50.0,1.41584,0.4511971662953083
2002-12-07,58.0,1.6423744,0.5233887129025576
2002-12-08,57.0,1.6140576,0.5143647695766514
2002-12-09,52.0,1.4724736,0.46924505294712066
2002-12-10,53.0,1.5007904,0.4782689962730268
2002-12-11,54.0,1.5291071999999999,0.48729293959893294
2002-12-12,60.0,1.699008,0.54143659955437
2002-12-13,71.0,2.0104928,0.6406999761393378
2002-12-14,84.0,2.3786112,0.7580112393761179
2002-12-15,87.0,2.4635616,0.7850830693538364
2002-12-16,82.0,2.3219776,0.7399633527243056
2002-12-17,73.0,2.0671264,0.65874786279115
2002-12-18,65.0,1.840592,0.5865563161839008
2002-12-19,59.0,1.6706912,0.5324126562284638
2002-12-20,63.0,1.7839584,0.5685084295320885
2002-12-21,68.0,1.9255423999999999,0.6136281461616193
2002-12-22,66.0,1.8689088,0.595580259509807
2002-12-23,60.0,1.699008,0.54143659955437
2002-12-24,157.0,4.4457376,1.416759102167268
2002-12-25,709.0,20.0766112,6.397975818067471
2002-12-26,1020.0,28.883136,9.204422192424289
2002-12-27,962.0,27.2407616,8.681033479521732
2002-12-28,747.0,21.1526496,6.740885664451906
2002-12-29,586.0,16.5936448,5.288030788981014
2002-12-30,463.0,13.1106784,4.178085759894555
2002-12-31,412.0,11.6665216,3.7178646502733406
2003-01-01,629.0,17.8112672,5.676060351994979
2003-01-02,713.0,20.1898784,6.434071591371097
2003-01-03,697.0,19.7368096,6.289688498156599
2003-01-04,608.0,17.2166144,5.486557542150949
2003-01-05,506.0,14.3283008,4.56611532290852
2003-01-06,417.0,11.8081056,3.762984366902871
2003-01-07,348.0,9.8542464,3.1403322774153457
2003-01-08,293.0,8.2968224,2.644015394490507
2003-01-09,248.0,7.0225664,2.237937944824729
2003-01-10,212.0,6.0031616,1.9130759850921073
2003-01-11,183.0,5.1819744,1.6513816286408283
2003-01-12,157.0,4.4457376,1.416759102167268
2003-01-13,135.0,3.822768,1.2182323489973323
2003-01-14,118.0,3.3413824,1.0648253124569276
2003-01-15,102.0,2.8883136,0.920442219242429
2003-01-16,90.0,2.548512,0.812154899331555
2003-01-17,81.0,2.2936608,0.7309394093983995
2003-01-18,72.0,2.0388096,0.649723919465244
2003-01-19,64.0,1.8122752,0.5775323728579946
2003-01-20,57.0,1.6140576,0.5143647695766514
2003-01-21,52.0,1.4724736,0.46924505294712066
2003-01-22,51.0,1.4441568,0.4602211096212145
2003-01-23,55.0,1.557424,0.4963168829248391
2003-01-24,51.0,1.4441568,0.4602211096212145
2003-01-25,46.0,1.3025728,0.4151013929916837
2003-01-26,42.0,1.1893056,0.37900561968805896
2003-01-27,39.0,1.1043552,0.3519337897103405
2003-01-28,35.0,0.991088,0.3158380164067158
2003-01-29,32.0,0.9061376,0.2887661864289973
2003-01-30,30.0,0.849504,0.270718299777185
2003-01-31,28.0,0.7928704,0.25267041312537264
2003-02-01,26.0,0.7362368,0.23462252647356033
2003-02-02,24.0,0.6796032,0.216574639821748
2003-02-03,22.0,0.6229696,0.19852675316993568
2003-02-04,23.0,0.6512864,0.20755069649584185
2003-02-05,26.0,0.7362368,0.23462252647356033
2003-02-06,25.0,0.70792,0.22559858314765416
2003-02-07,61.0,1.7273247999999999,0.5504605428802761
2003-02-08,91.0,2.5768288,0.8211788426574611
2003-02-09,97.0,2.7467296,0.8753225026128981
2003-02-10,101.0,2.8599968,0.9114182759165227
2003-02-11,100.0,2.83168,0.9023943325906166
2003-02-12,91.0,2.5768288,0.8211788426574611
2003-02-13,82.0,2.3219776,0.7399633527243056
2003-02-14,72.0,2.0388096,0.649723919465244
2003-02-15,64.0,1.8122752,0.5775323728579946
2003-02-16,103.0,2.9166304,0.9294661625683351
2003-02-17,235.0,6.6544479999999995,2.120626681587949
2003-02-18,255.0,7.220784,2.3011055481060723
2003-02-19,245.0,6.937616,2.210866114847011
2003-02-20,218.0,6.1730624,1.9672196450475443
2003-02-21,189.0,5.3518752,1.7055252885962655
2003-02-22,188.0,5.3235584,1.6965013452703592
2003-02-23,222.0,6.2863296,2.003315418351169
2003-02-24,214.0,6.0597952,1.9311238717439196
2003-02-25,192.0,5.4368256,1.732597118573984
2003-02-26,168.0,4.7572224,1.5160224787522358
2003-02-27,751.0,21.2659168,6.776981437755531
2003-02-28,1430.0,40.493024,12.904238956045818
2003-03-01,1790.0,50.687072,16.152858553372038
2003-03-02,2660.0,75.322688,24.0036892469104
2003-03-03,2720.0,77.021696,24.545125846464774
2003-03-04,2240.0,63.429632,20.213633050029813
2003-03-05,1800.0,50.97024,16.2430979866311
2003-03-06,1420.0,40.209856,12.813999522786757
2003-03-07,1500.0,42.4752,13.53591498885925
2003-03-08,1800.0,50.97024,16.2430979866311
2003-03-09,2330.0,65.978144,21.02578794936137
2003-03-10,3810.0,107.887008,34.38122407170249
2003-03-11,3300.0,93.44544,29.77901297549035
2003-03-12,2390.0,67.67715199999999,21.567224548915735
2003-03-13,1620.0,45.873216,14.61878818796799
2003-03-14,1090.0,30.865312,9.836098225237722
2003-03-15,775.0,21.94552,6.993556077577279
2003-03-16,602.0,17.0467136,5.432413882195513
2003-03-17,508.0,14.3849344,4.584163209560333
2003-03-18,452.0,12.7991936,4.078822383309587
2003-03-19,388.0,10.9869184,3.5012900104515925
2003-03-20,337.0,9.5427616,3.0410689008303784
2003-03-21,304.0,8.6083072,2.7432787710754747
2003-03-22,265.0,7.503952,2.391344981365134
2003-03-23,224.0,6.3429632,2.021363305002981
2003-03-24,183.0,5.1819744,1.6513816286408283
2003-03-25,151.0,4.2758367999999995,1.362615442211831
2003-03-26,122.0,3.4546495999999998,1.1009210857605523
2003-03-27,100.0,2.83168,0.9023943325906166
2003-03-28,92.0,2.6051456,0.8302027859833674
2003-03-29,94.0,2.6617792,0.8482506726351796
2003-03-30,99.0,2.8033632,0.8933703892647106
2003-03-31,91.0,2.5768288,0.8211788426574611
2003-04-01,83.0,2.3502944,0.7489872960502119
2003-04-02,68.0,1.9255423999999999,0.6136281461616193
2003-04-03,61.0,1.7273247999999999,0.5504605428802761
2003-04-04,54.0,1.5291071999999999,0.48729293959893294
2003-04-05,50.0,1.41584,0.4511971662953083
2003-04-06,65.0,1.840592,0.5865563161839008
2003-04-07,67.0,1.8972256,0.6046042028357131
2003-04-08,69.0,1.9538592,0.6226520894875255
2003-04-09,127.0,3.5962336,1.1460408023900832
2003-04-10,205.0,5.804944,1.849908381810764
2003-04-11,210.0,5.946528,1.895028098440295
2003-04-12,195.0,5.521776,1.7596689485517025
2003-04-13,169.0,4.7855392,1.5250464220781421
2003-04-14,151.0,4.2758367999999995,1.362615442211831
2003-04-15,131.0,3.7095008,1.1821365756937077
2003-04-16,106.0,3.0015808,0.9565379925460537
2003-04-17,84.0,2.3786112,0.7580112393761179
2003-04-18,70.0,1.982176,0.6316760328134317
2003-04-19,59.0,1.6706912,0.5324126562284638
2003-04-20,49.0,1.3875232,0.44217322296940215
2003-04-21,40.0,1.132672,0.3609577330362466
2003-04-22,34.0,0.9627711999999999,0.30681407308080966
2003-04-23,28.0,0.7928704,0.25267041312537264
2003-04-24,24.0,0.6796032,0.216574639821748
2003-04-25,21.0,0.5946528,0.18950280984402948
2003-04-26,24.0,0.6796032,0.216574639821748
2003-04-27,28.0,0.7928704,0.25267041312537264
2003-04-28,27.0,0.7645535999999999,0.24364646979946647
2003-04-29,23.0,0.6512864,0.20755069649584185
2003-04-30,19.0,0.5380192,0.17145492319221717
2003-05-01,16.0,0.4530688,0.14438309321449866
2003-05-02,15.0,0.424752,0.1353591498885925
2003-05-03,13.0,0.3681184,0.11731126323678016
2003-05-04,11.0,0.3114848,0.09926337658496784
2003-05-05,9.9,0.28033632,0.08933703892647106
2003-05-06,8.7,0.24635615999999996,0.07850830693538363
2003-05-07,7.7,0.21803936000000002,0.06948436360947749
2003-05-08,6.9,0.19538592000000002,0.06226520894875255
2003-05-09,6.1,0.17273248,0.05504605428802761
2003-05-10,5.4,0.15291072,0.0487292939598933
2003-05-11,5.0,0.141584,0.04511971662953083
2003-05-12,4.6,0.13025727999999998,0.04151013929916836
2003-05-13,4.3,0.12176224,0.03880295630139651
2003-05-14,4.0,0.1132672,0.036095773303624665
2003-05-15,3.7,0.10477216,0.03338859030585282
2003-05-16,3.6,0.10194048,0.032486195973262195
2003-05-17,3.4,0.09627712,0.030681407308080964
2003-05-18,3.2,0.09061376,0.028876618642899733
2003-05-19,3.1,0.08778208,0.027974224310309114
2003-05-20,3.1,0.08778208,0.027974224310309114
2003-05-21,2.9,0.08211871999999999,0.02616943564512788
2003-05-22,10.0,0.283168,0.09023943325906165
2003-05-23,50.0,1.41584,0.4511971662953083
2003-05-24,110.0,3.114848,0.9926337658496782
2003-05-25,106.0,3.0015808,0.9565379925460537
2003-05-26,76.0,2.1520768,0.6858196927688687
2003-05-27,58.0,1.6423744,0.5233887129025576
2003-05-28,43.0,1.2176224,0.38802956301396513
2003-05-29,31.0,0.8778208,0.27974224310309115
2003-05-30,22.0,0.6229696,0.19852675316993568
2003-05-31,17.0,0.48138559999999997,0.15340703654040483
2003-06-01,14.0,0.3964352,0.12633520656268632
2003-06-02,12.0,0.3398016,0.108287319910874
2003-06-03,11.0,0.3114848,0.09926337658496784
2003-06-04,20.0,0.566336,0.1804788665181233
2003-06-05,40.0,1.132672,0.3609577330362466
2003-06-06,64.0,1.8122752,0.5775323728579946
2003-06-07,245.0,6.937616,2.210866114847011
2003-06-08,808.0,22.8799744,7.2913462073321815
2003-06-09,1170.0,33.130656,10.558013691310215
2003-06-10,1170.0,33.130656,10.558013691310215
2003-06-11,890.0,25.201952,8.031309560056487
2003-06-12,654.0,18.5191872,5.901658935142633
2003-06-13,508.0,14.3849344,4.584163209560333
2003-06-14,458.0,12.9690944,4.132966043265024
2003-06-15,459.0,12.9974112,4.14198998659093
2003-06-16,469.0,13.2805792,4.232229419849992
2003-06-17,628.0,17.7829504,5.667036408669072
2003-06-18,777.0,22.0021536,7.011603964229091
2003-06-19,896.0,25.3718528,8.085453220011924
2003-06-20,1550.0,43.89104,13.987112155154557
2003-06-21,1380.0,39.077184,12.453041789750511
2003-06-22,1030.0,29.166304,9.294661625683352
2003-06-23,757.0,21.4358176,6.831125097710968
2003-06-24,570.0,16.140576,5.143647695766514
2003-06-25,422.0,11.9496896,3.808104083532402
2003-06-26,316.0,8.9481088,2.8515660909863487
2003-06-27,239.0,6.7677152,2.1567224548915735
2003-06-28,183.0,5.1819744,1.6513816286408283
2003-06-29,145.0,4.105936,1.308471782256394
2003-06-30,151.0,4.2758367999999995,1.362615442211831
2003-07-01,159.0,4.5023712,1.4348069888190804
2003-07-02,214.0,6.0597952,1.9311238717439196
2003-07-03,381.0,10.788700799999999,3.438122407170249
2003-07-04,426.0,12.0629568,3.844199856836027
2003-07-05,440.0,12.459392,3.970535063398713
2003-07-06,410.0,11.609888,3.699816763621528
2003-07-07,377.0,10.6754336,3.4020266338666247
2003-07-08,358.0,10.137414399999999,3.230571710674407
2003-07-09,302.0,8.551673599999999,2.725230884423662
2003-07-10,247.0,6.9942496,2.228914001498823
2003-07-11,209.0,5.9182112,1.8860041551143887
2003-07-12,176.0,4.9837568,1.5882140253594854
2003-07-13,148.0,4.1908864,1.3355436122341127
2003-07-14,123.0,3.4829664,1.1099450290864585
2003-07-15,99.0,2.8033632,0.8933703892647106
2003-07-16,94.0,2.6617792,0.8482506726351796
2003-07-17,136.0,3.8510847999999998,1.2272562923232386
2003-07-18,150.0,4.24752,1.3535914988859248
2003-07-19,144.0,4.0776192,1.299447838930488
2003-07-20,137.0,3.8794016,1.2362802356491447
2003-07-21,118.0,3.3413824,1.0648253124569276
2003-07-22,117.0,3.3130656,1.0558013691310215
2003-07-23,161.0,4.5590048,1.452854875470893
2003-07-24,194.0,5.4934592,1.7506450052257962
2003-07-25,257.0,7.2774176,2.319153434757885
2003-07-26,413.0,11.6948384,3.726888593599247
2003-07-27,508.0,14.3849344,4.584163209560333
2003-07-28,508.0,14.3849344,4.584163209560333
2003-07-29,518.0,14.6681024,4.674402642819394
2003-07-30,428.0,12.1195904,3.8622477434878393
2003-07-31,730.0,20.671264,6.587478627911501
2003-08-01,1110.0,31.431648,10.016577091755844
2003-08-02,1050.0,29.73264,9.475140492201474
2003-08-03,832.0,23.5595776,7.5079208471539305
2003-08-04,690.0,19.538592,6.2265208948752555
2003-08-05,606.0,17.1599808,5.468509655499137
2003-08-06,523.0,14.8096864,4.719522359448925
2003-08-07,429.0,12.1479072,3.8712716868137456
2003-08-08,404.0,11.4399872,3.6456731036660908
2003-08-09,403.0,11.4116704,3.636649160340185
2003-08-10,484.0,13.7053312,4.367588569738585
2003-08-11,432.0,12.232857599999999,3.8983435167914635
2003-08-12,493.0,13.960182399999999,4.4488040596717395
2003-08-13,493.0,13.960182399999999,4.4488040596717395
2003-08-14,514.0,14.5548352,4.63830686951577
2003-08-15,454.0,12.8558272,4.0968702699614
2003-08-16,454.0,12.8558272,4.0968702699614
2003-08-17,436.0,12.3461248,3.9344392900950886
2003-08-18,438.0,12.4027584,3.9524871767469008
2003-08-19,434.0,12.2894912,3.9163914034432765
2003-08-20,399.0,11.2984032,3.6005533870365602
2003-08-21,334.0,9.4578112,3.0139970708526596
2003-08-22,275.0,7.78712,2.4815844146241957
2003-08-23,243.0,6.8809824,2.1928182281951982
2003-08-24,225.0,6.37128,2.0303872483288874
2003-08-25,188.0,5.3235584,1.6965013452703592
2003-08-26,173.0,4.8988064,1.5611421953817668
2003-08-27,153.0,4.3324704,1.3806633288636434
2003-08-28,142.0,4.0209856,1.2813999522786756
2003-08-29,141.0,3.9926688,1.2723760089527696
2003-08-30,162.0,4.5873216,1.461878818796799
2003-08-31,161.0,4.5590048,1.452854875470893
2003-09-01,155.0,4.389104,1.3987112155154557
2003-09-02,138.0,3.9077184,1.245304178975051
2003-09-03,117.0,3.3130656,1.0558013691310215
2003-09-04,97.0,2.7467296,0.8753225026128981
2003-09-05,100.0,2.83168,0.9023943325906166
2003-09-06,94.0,2.6617792,0.8482506726351796
2003-09-07,92.0,2.6051456,0.8302027859833674
2003-09-08,89.0,2.5201952,0.8031309560056488
2003-09-09,69.0,1.9538592,0.6226520894875255
2003-09-10,54.0,1.5291071999999999,0.48729293959893294
2003-09-11,42.0,1.1893056,0.37900561968805896
2003-09-12,32.0,0.9061376,0.2887661864289973
2003-09-13,25.0,0.70792,0.22559858314765416
2003-09-14,21.0,0.5946528,0.18950280984402948
2003-09-15,19.0,0.5380192,0.17145492319221717
2003-09-16,17.0,0.48138559999999997,0.15340703654040483
2003-09-17,14.0,0.3964352,0.12633520656268632
2003-09-18,12.0,0.3398016,0.108287319910874
2003-09-19,10.0,0.283168,0.09023943325906165
2003-09-20,9.0,0.2548512,0.0812154899331555
2003-09-21,8.1,0.22936608,0.07309394093983995
2003-09-22,7.7,0.21803936000000002,0.06948436360947749
2003-09-23,8.8,0.24918784000000002,0.07941070126797427
2003-09-24,8.4,0.23786112,0.0758011239376118
2003-09-25,8.6,0.24352448,0.07760591260279302
2003-09-26,11.0,0.3114848,0.09926337658496784
2003-09-27,12.0,0.3398016,0.108287319910874
2003-09-28,19.0,0.5380192,0.17145492319221717
2003-09-29,20.0,0.566336,0.1804788665181233
2003-09-30,18.0,0.5097024,0.162430979866311
2003-10-01,16.0,0.4530688,0.14438309321449866
2003-10-02,13.0,0.3681184,0.11731126323678016
2003-10-03,11.0,0.3114848,0.09926337658496784
2003-10-04,9.4,0.26617792,0.08482506726351796
2003-10-05,7.9,0.22370272,0.07128915227465871
2003-10-06,6.8,0.19255424,0.06136281461616193
2003-10-07,5.9,0.16706912000000002,0.05324126562284639
2003-10-08,5.4,0.15291072,0.0487292939598933
2003-10-09,5.0,0.141584,0.04511971662953083
2003-10-10,5.2,0.14724736,0.046924505294712066
2003-10-11,9.4,0.26617792,0.08482506726351796
2003-10-12,25.0,0.70792,0.22559858314765416
2003-10-13,45.0,1.274256,0.4060774496657775
2003-10-14,64.0,1.8122752,0.5775323728579946
2003-10-15,67.0,1.8972256,0.6046042028357131
2003-10-16,62.0,1.7556416,0.5594844862061823
2003-10-17,54.0,1.5291071999999999,0.48729293959893294
2003-10-18,46.0,1.3025728,0.4151013929916837
2003-10-19,38.0,1.0760384,0.34290984638443434
2003-10-20,30.0,0.849504,0.270718299777185
2003-10-21,24.0,0.6796032,0.216574639821748
2003-10-22,20.0,0.566336,0.1804788665181233
2003-10-23,16.0,0.4530688,0.14438309321449866
2003-10-24,13.0,0.3681184,0.11731126323678016
2003-10-25,11.0,0.3114848,0.09926337658496784
2003-10-26,9.6,0.27184127999999996,0.08662985592869918
2003-10-27,11.0,0.3114848,0.09926337658496784
2003-10-28,27.0,0.7645535999999999,0.24364646979946647
2003-10-29,77.0,2.1803936,0.6948436360947748
2003-10-30,82.0,2.3219776,0.7399633527243056
2003-10-31,78.0,2.2087104,0.703867579420681
2003-11-01,69.0,1.9538592,0.6226520894875255
2003-11-02,60.0,1.699008,0.54143659955437
2003-11-03,51.0,1.4441568,0.4602211096212145
2003-11-04,43.0,1.2176224,0.38802956301396513
2003-11-05,37.0,1.0477216,0.33388590305852817
2003-11-06,32.0,0.9061376,0.2887661864289973
2003-11-07,27.0,0.7645535999999999,0.24364646979946647
2003-11-08,23.0,0.6512864,0.20755069649584185
2003-11-09,20.0,0.566336,0.1804788665181233
2003-11-10,17.0,0.48138559999999997,0.15340703654040483
2003-11-11,14.0,0.3964352,0.12633520656268632
2003-11-12,13.0,0.3681184,0.11731126323678016
2003-11-13,12.0,0.3398016,0.108287319910874
2003-11-14,10.0,0.283168,0.09023943325906165
2003-11-15,9.7,0.27467295999999997,0.0875322502612898
2003-11-16,8.6,0.24352448,0.07760591260279302
2003-11-17,7.9,0.22370272,0.07128915227465871
2003-11-18,7.1,0.20104928,0.06406999761393378
2003-11-19,16.0,0.4530688,0.14438309321449866
2003-11-20,27.0,0.7645535999999999,0.24364646979946647
2003-11-21,34.0,0.9627711999999999,0.30681407308080966
2003-11-22,30.0,0.849504,0.270718299777185
2003-11-23,25.0,0.70792,0.22559858314765416
2003-11-24,33.0,0.9344544,0.2977901297549035
2003-11-25,67.0,1.8972256,0.6046042028357131
2003-11-26,70.0,1.982176,0.6316760328134317
2003-11-27,66.0,1.8689088,0.595580259509807
2003-11-28,67.0,1.8972256,0.6046042028357131
2003-11-29,71.0,2.0104928,0.6406999761393378
2003-11-30,62.0,1.7556416,0.5594844862061823
2003-12-01,53.0,1.5007904,0.4782689962730268
2003-12-02,45.0,1.274256,0.4060774496657775
2003-12-03,39.0,1.1043552,0.3519337897103405
2003-12-04,34.0,0.9627711999999999,0.30681407308080966
2003-12-05,32.0,0.9061376,0.2887661864289973
2003-12-06,29.0,0.8211872,0.2616943564512788
2003-12-07,25.0,0.70792,0.22559858314765416
2003-12-08,23.0,0.6512864,0.20755069649584185
2003-12-09,20.0,0.566336,0.1804788665181233
2003-12-10,20.0,0.566336,0.1804788665181233
2003-12-11,29.0,0.8211872,0.2616943564512788
2003-12-12,38.0,1.0760384,0.34290984638443434
2003-12-13,40.0,1.132672,0.3609577330362466
2003-12-14,52.0,1.4724736,0.46924505294712066
2003-12-15,75.0,2.12376,0.6767957494429624
2003-12-16,82.0,2.3219776,0.7399633527243056
2003-12-17,80.0,2.265344,0.7219154660724932
2003-12-18,75.0,2.12376,0.6767957494429624
2003-12-19,69.0,1.9538592,0.6226520894875255
2003-12-20,61.0,1.7273247999999999,0.5504605428802761
2003-12-21,54.0,1.5291071999999999,0.48729293959893294
2003-12-22,48.0,1.3592064,0.433149279643496
2003-12-23,44.0,1.2459392,0.39705350633987135
2003-12-24,48.0,1.3592064,0.433149279643496
2003-12-25,55.0,1.557424,0.4963168829248391
2003-12-26,55.0,1.557424,0.4963168829248391
2003-12-27,53.0,1.5007904,0.4782689962730268
2003-12-28,49.0,1.3875232,0.44217322296940215
2003-12-29,45.0,1.274256,0.4060774496657775
2003-12-30,44.0,1.2459392,0.39705350633987135
2003-12-31,46.0,1.3025728,0.4151013929916837
2004-01-01,45.0,1.274256,0.4060774496657775
2004-01-02,42.0,1.1893056,0.37900561968805896
2004-01-03,39.0,1.1043552,0.3519337897103405
2004-01-04,36.0,1.0194048,0.324861959732622
2004-01-05,33.0,0.9344544,0.2977901297549035
2004-01-06,31.0,0.8778208,0.27974224310309115
2004-01-07,29.0,0.8211872,0.2616943564512788
2004-01-08,26.0,0.7362368,0.23462252647356033
2004-01-09,24.0,0.6796032,0.216574639821748
2004-01-10,25.0,0.70792,0.22559858314765416
2004-01-11,26.0,0.7362368,0.23462252647356033
2004-01-12,24.0,0.6796032,0.216574639821748
2004-01-13,23.0,0.6512864,0.20755069649584185
2004-01-14,21.0,0.5946528,0.18950280984402948
2004-01-15,20.0,0.566336,0.1804788665181233
2004-01-16,19.0,0.5380192,0.17145492319221717
2004-01-17,18.0,0.5097024,0.162430979866311
2004-01-18,22.0,0.6229696,0.19852675316993568
2004-01-19,29.0,0.8211872,0.2616943564512788
2004-01-20,32.0,0.9061376,0.2887661864289973
2004-01-21,31.0,0.8778208,0.27974224310309115
2004-01-22,28.0,0.7928704,0.25267041312537264
2004-01-23,25.0,0.70792,0.22559858314765416
2004-01-24,22.0,0.6229696,0.19852675316993568
2004-01-25,21.0,0.5946528,0.18950280984402948
2004-01-26,19.0,0.5380192,0.17145492319221717
2004-01-27,117.0,3.3130656,1.0558013691310215
2004-01-28,296.0,8.3817728,2.6710872244682253
2004-01-29,322.0,9.1180096,2.905709750941786
2004-01-30,292.0,8.2685056,2.6349914511646
2004-01-31,249.0,7.0508831999999995,2.2469618881506355
2004-02-01,214.0,6.0597952,1.9311238717439196
2004-02-02,193.0,5.4651423999999995,1.74162106189989
2004-02-03,176.0,4.9837568,1.5882140253594854
2004-02-04,151.0,4.2758367999999995,1.362615442211831
2004-02-05,136.0,3.8510847999999998,1.2272562923232386
2004-02-06,123.0,3.4829664,1.1099450290864585
2004-02-07,210.0,5.946528,1.895028098440295
2004-02-08,292.0,8.2685056,2.6349914511646
2004-02-09,318.0,9.0047424,2.869613977638161
2004-02-10,297.0,8.4100896,2.680111167794131
2004-02-11,284.0,8.0419712,2.5627999045573513
2004-02-12,289.0,8.1835552,2.6079196211868823
2004-02-13,297.0,8.4100896,2.680111167794131
2004-02-14,542.0,15.3477056,4.890977282641142
2004-02-15,937.0,26.5328416,8.455434896374078
2004-02-16,1130.0,31.997984,10.197055958273967
2004-02-17,1020.0,28.883136,9.204422192424289
2004-02-18,787.0,22.2853216,7.101843397488153
2004-02-19,603.0,17.0750304,5.441437825521418
2004-02-20,474.0,13.4221632,4.277349136479523
2004-02-21,383.0,10.8453344,3.456170293822062
2004-02-22,302.0,8.551673599999999,2.725230884423662
2004-02-23,249.0,7.0508831999999995,2.2469618881506355
2004-02-24,409.0,11.581571199999999,3.6907928202956217
2004-02-25,881.0,24.9471008,7.950094070123333
2004-02-26,1090.0,30.865312,9.836098225237722
2004-02-27,1040.0,29.449472,9.384901058942413
2004-02-28,855.0,24.210864,7.715471543649772
2004-02-29,680.0,19.255424,6.136281461616194
2004-03-01,560.0,15.857408,5.053408262507453
2004-03-02,420.0,11.893056,3.79005619688059
2004-03-03,330.0,9.344543999999999,2.9779012975490344
2004-03-04,280.0,7.928704,2.5267041312537266
2004-03-05,230.0,6.5128639999999995,2.075506964958418
2004-03-06,190.0,5.380192,1.7145492319221716
2004-03-07,160.0,4.530688,1.4438309321449865
2004-03-08,130.0,3.681184,1.1731126323678016
2004-03-09,105.0,2.973264,0.9475140492201475
2004-03-10,85.0,2.406928,0.7670351827020242
2004-03-11,70.0,1.982176,0.6316760328134317
2004-03-12,55.0,1.557424,0.4963168829248391
2004-03-13,50.0,1.41584,0.4511971662953083
2004-03-14,40.0,1.132672,0.3609577330362466
2004-03-15,35.0,0.991088,0.3158380164067158
2004-03-16,30.0,0.849504,0.270718299777185
2004-03-17,25.0,0.70792,0.22559858314765416
2004-03-18,20.0,0.566336,0.1804788665181233
2004-03-19,18.0,0.5097024,0.162430979866311
2004-03-20,15.0,0.424752,0.1353591498885925
2004-03-21,14.0,0.3964352,0.12633520656268632
2004-03-22,12.0,0.3398016,0.108287319910874
2004-03-23,11.0,0.3114848,0.09926337658496784
2004-03-24,9.5,0.2690096,0.08572746159610858
2004-03-25,11.0,0.3114848,0.09926337658496784
2004-03-26,9.0,0.2548512,0.0812154899331555
2004-03-27,8.0,0.2265344,0.07219154660724933
2004-03-28,7.0,0.1982176,0.06316760328134316
2004-03-29,6.5,0.1840592,0.05865563161839008
2004-03-30,6.2,0.17556416,0.05594844862061823
2004-03-31,6.0,0.1699008,0.054143659955437
2004-04-01,5.5,0.1557424,0.04963168829248392
2004-04-02,5.0,0.141584,0.04511971662953083
2004-04-03,4.5,0.1274256,0.04060774496657775
2004-04-04,4.0,0.1132672,0.036095773303624665
2004-04-05,3.4,0.09627712,0.030681407308080964
2004-04-06,3.5,0.0991088,0.03158380164067158
2004-04-07,3.6,0.10194048,0.032486195973262195
2004-04-08,4.1,0.11609887999999999,0.03699816763621528
2004-04-09,4.1,0.11609887999999999,0.03699816763621528
2004-04-10,3.9,0.11043552,0.03519337897103405
2004-04-11,3.9,0.11043552,0.03519337897103405
2004-04-12,4.2,0.11893056,0.0379005619688059
2004-04-13,5.7,0.16140576,0.05143647695766515
2004-04-14,5.4,0.15291072,0.0487292939598933
2004-04-15,5.9,0.16706912000000002,0.05324126562284639
2004-04-16,5.6,0.15857407999999998,0.05053408262507453
2004-04-17,5.4,0.15291072,0.0487292939598933
2004-04-18,5.1,0.14441568,0.04602211096212144
2004-04-19,4.7,0.13308896,0.04241253363175898
2004-04-20,4.4,0.12459392000000001,0.039705350633987134
2004-04-21,4.1,0.11609887999999999,0.03699816763621528
2004-04-22,3.9,0.11043552,0.03519337897103405
2004-04-23,3.8,0.10760383999999999,0.03429098463844343
2004-04-24,3.6,0.10194048,0.032486195973262195
2004-04-25,3.4,0.09627712,0.030681407308080964
2004-04-26,3.5,0.0991088,0.03158380164067158
2004-04-27,3.4,0.09627712,0.030681407308080964
2004-04-28,3.2,0.09061376,0.028876618642899733
2004-04-29,3.2,0.09061376,0.028876618642899733
2004-04-30,19.0,0.5380192,0.17145492319221717
2004-05-01,126.0,3.5679168,1.137016859064177
2004-05-02,167.0,4.7289056,1.5069985354263298
2004-05-03,157.0,4.4457376,1.416759102167268
2004-05-04,122.0,3.4546495999999998,1.1009210857605523
2004-05-05,90.0,2.548512,0.812154899331555
2004-05-06,67.0,1.8972256,0.6046042028357131
2004-05-07,50.0,1.41584,0.4511971662953083
2004-05-08,37.0,1.0477216,0.33388590305852817
2004-05-09,27.0,0.7645535999999999,0.24364646979946647
2004-05-10,20.0,0.566336,0.1804788665181233
2004-05-11,16.0,0.4530688,0.14438309321449866
2004-05-12,13.0,0.3681184,0.11731126323678016
2004-05-13,11.0,0.3114848,0.09926337658496784
2004-05-14,9.4,0.26617792,0.08482506726351796
2004-05-15,8.3,0.23502944,0.07489872960502118
2004-05-16,7.5,0.212376,0.06767957494429624
2004-05-17,6.9,0.19538592000000002,0.06226520894875255
2004-05-18,6.7,0.18972256,0.06046042028357132
2004-05-19,8.1,0.22936608,0.07309394093983995
2004-05-20,15.0,0.424752,0.1353591498885925
2004-05-21,13.0,0.3681184,0.11731126323678016
2004-05-22,12.0,0.3398016,0.108287319910874
2004-05-23,13.0,0.3681184,0.11731126323678016
2004-05-24,11.0,0.3114848,0.09926337658496784
2004-05-25,9.7,0.27467295999999997,0.0875322502612898
2004-05-26,8.6,0.24352448,0.07760591260279302
2004-05-27,8.0,0.2265344,0.07219154660724933
2004-05-28,7.4,0.20954432,0.06677718061170564
2004-05-29,6.8,0.19255424,0.06136281461616193
2004-05-30,6.5,0.1840592,0.05865563161839008
2004-05-31,6.4,0.18122752,0.057753237285799466
2004-06-01,6.7,0.18972256,0.06046042028357132
2004-06-02,8.5,0.24069279999999998,0.07670351827020241
2004-06-03,9.7,0.27467295999999997,0.0875322502612898
2004-06-04,16.0,0.4530688,0.14438309321449866
2004-06-05,24.0,0.6796032,0.216574639821748
2004-06-06,23.0,0.6512864,0.20755069649584185
2004-06-07,20.0,0.566336,0.1804788665181233
2004-06-08,21.0,0.5946528,0.18950280984402948
2004-06-09,33.0,0.9344544,0.2977901297549035
2004-06-10,47.0,1.3308896,0.4241253363175898
2004-06-11,65.0,1.840592,0.5865563161839008
2004-06-12,73.0,2.0671264,0.65874786279115
2004-06-13,65.0,1.840592,0.5865563161839008
2004-06-14,51.0,1.4441568,0.4602211096212145
2004-06-15,105.0,2.973264,0.9475140492201475
2004-06-16,519.0,14.6964192,4.6834265861453
2004-06-17,1240.0,35.112832,11.189689724123646
2004-06-18,1350.0,38.22768,12.182323489973324
2004-06-19,1200.0,33.98016,10.828731991087398
2004-06-20,1020.0,28.883136,9.204422192424289
2004-06-21,1310.0,37.095008,11.821365756937078
2004-06-22,1060.0,30.015808,9.565379925460537
2004-06-23,784.0,22.2003712,7.074771567510434
2004-06-24,641.0,18.1510688,5.784347671905853
2004-06-25,506.0,14.3283008,4.56611532290852
2004-06-26,382.0,10.8170176,3.4471463504961557
2004-06-27,491.0,13.9035488,4.430756173019928
2004-06-28,530.0,15.007904,4.782689962730268
2004-06-29,565.0,15.998992,5.098527979136984
2004-06-30,604.0,17.103347199999998,5.450461768847324
2004-07-01,505.0,14.299984,4.557091379582614
2004-07-02,542.0,15.3477056,4.890977282641142
2004-07-03,499.0,14.1300832,4.502947719627177
2004-07-04,422.0,11.9496896,3.808104083532402
2004-07-05,361.0,10.2223648,3.257643540652126
2004-07-06,366.0,10.3639488,3.3027632572816565
2004-07-07,510.0,14.441568,4.6022110962121445
2004-07-08,463.0,13.1106784,4.178085759894555
2004-07-09,455.0,12.884144,4.105894213287305
2004-07-10,386.0,10.930284799999999,3.48324212379978
2004-07-11,337.0,9.5427616,3.0410689008303784
2004-07-12,284.0,8.0419712,2.5627999045573513
2004-07-13,235.0,6.6544479999999995,2.120626681587949
2004-07-14,229.0,6.4845472,2.066483021632512
2004-07-15,211.0,5.9748448,1.904052041766201
2004-07-16,240.0,6.796032,2.16574639821748
2004-07-17,233.0,6.5978144,2.1025787949361368
2004-07-18,226.0,6.3995968,2.0394111916547937
2004-07-19,253.0,7.1641504,2.28305766145426
2004-07-20,262.0,7.4190016,2.3642731513874153
2004-07-21,222.0,6.2863296,2.003315418351169
2004-07-22,160.0,4.530688,1.4438309321449865
2004-07-23,100.0,2.83168,0.9023943325906166
2004-07-24,87.0,2.4635616,0.7850830693538364
2004-07-25,93.0,2.6334624,0.8392267293092734
2004-07-26,113.0,3.1997984,1.0197055958273968
2004-07-27,106.0,3.0015808,0.9565379925460537
2004-07-28,96.0,2.7184128,0.866298559286992
2004-07-29,116.0,3.2847488,1.0467774258051152
2004-07-30,123.0,3.4829664,1.1099450290864585
2004-07-31,126.0,3.5679168,1.137016859064177
2004-08-01,119.0,3.3696992,1.0738492557828339
2004-08-02,96.0,2.7184128,0.866298559286992
2004-08-03,74.0,2.0954432,0.6677718061170563
2004-08-04,58.0,1.6423744,0.5233887129025576
2004-08-05,63.0,1.7839584,0.5685084295320885
2004-08-06,61.0,1.7273247999999999,0.5504605428802761
2004-08-07,48.0,1.3592064,0.433149279643496
2004-08-08,37.0,1.0477216,0.33388590305852817
2004-08-09,30.0,0.849504,0.270718299777185
2004-08-10,28.0,0.7928704,0.25267041312537264
2004-08-11,44.0,1.2459392,0.39705350633987135
2004-08-12,121.0,3.4263328,1.0918971424346462
2004-08-13,288.0,8.1552384,2.598895677860976
2004-08-14,333.0,9.4294944,3.0049731275267533
2004-08-15,263.0,7.4473184,2.373297094713322
2004-08-16,495.0,14.016816,4.466851946323552
2004-08-17,420.0,11.893056,3.79005619688059
2004-08-18,292.0,8.2685056,2.6349914511646
2004-08-19,216.0,6.1164287999999996,1.9491717583957318
2004-08-20,164.0,4.6439552,1.4799267054486112
2004-08-21,141.0,3.9926688,1.2723760089527696
2004-08-22,241.0,6.8243488,2.174770341543386
2004-08-23,270.0,7.645536,2.4364646979946647
2004-08-24,287.0,8.1269216,2.5898717345350697
2004-08-25,230.0,6.5128639999999995,2.075506964958418
2004-08-26,180.0,5.097024,1.62430979866311
2004-08-27,143.0,4.0493024,1.290423895604582
2004-08-28,116.0,3.2847488,1.0467774258051152
2004-08-29,93.0,2.6334624,0.8392267293092734
2004-08-30,107.0,3.0298976,0.9655619358719598
2004-08-31,175.0,4.95544,1.5791900820335791
2004-09-01,150.0,4.24752,1.3535914988859248
2004-09-02,192.0,5.4368256,1.732597118573984
2004-09-03,179.0,5.0687071999999995,1.6152858553372036
2004-09-04,147.0,4.1625696,1.3265196689082066
2004-09-05,119.0,3.3696992,1.0738492557828339
2004-09-06,207.0,5.8615775999999995,1.8679562684625763
2004-09-07,463.0,13.1106784,4.178085759894555
2004-09-08,467.0,13.2239456,4.21418153319818
2004-09-09,398.0,11.2700864,3.5915294437106544
2004-09-10,348.0,9.8542464,3.1403322774153457
2004-09-11,346.0,9.7976128,3.1222843907635336
2004-09-12,327.0,9.2595936,2.9508294675713165
2004-09-13,293.0,8.2968224,2.644015394490507
2004-09-14,250.0,7.0792,2.2559858314765417
2004-09-15,215.0,6.088112,1.9401478150698257
2004-09-16,657.0,18.6041376,5.928730765120352
2004-09-17,1040.0,29.449472,9.384901058942413
2004-09-18,954.0,27.0142272,8.608841932914483
2004-09-19,735.0,20.812848,6.632598344541032
2004-09-20,539.0,15.262755199999999,4.863905452663423
2004-09-21,393.0,11.1285024,3.5464097270811235
2004-09-22,298.0,8.4384064,2.6891351111200374
2004-09-23,233.0,6.5978144,2.1025787949361368
2004-09-24,186.0,5.2669248,1.678453458618547
2004-09-25,148.0,4.1908864,1.3355436122341127
2004-09-26,118.0,3.3413824,1.0648253124569276
2004-09-27,162.0,4.5873216,1.461878818796799
2004-09-28,218.0,6.1730624,1.9672196450475443
2004-09-29,209.0,5.9182112,1.8860041551143887
2004-09-30,186.0,5.2669248,1.678453458618547
2004-10-01,165.0,4.6722719999999995,1.4889506487745172
2004-10-02,140.0,3.964352,1.2633520656268633
2004-10-03,115.0,3.2564319999999998,1.037753482479209
2004-10-04,95.0,2.690096,0.8572746159610858
2004-10-05,71.0,2.0104928,0.6406999761393378
2004-10-06,44.0,1.2459392,0.39705350633987135
2004-10-07,35.0,0.991088,0.3158380164067158
2004-10-08,29.0,0.8211872,0.2616943564512788
2004-10-09,23.0,0.6512864,0.20755069649584185
2004-10-10,20.0,0.566336,0.1804788665181233
2004-10-11,23.0,0.6512864,0.20755069649584185
2004-10-12,28.0,0.7928704,0.25267041312537264
2004-10-13,28.0,0.7928704,0.25267041312537264
2004-10-14,26.0,0.7362368,0.23462252647356033
2004-10-15,34.0,0.9627711999999999,0.30681407308080966
2004-10-16,51.0,1.4441568,0.4602211096212145
2004-10-17,46.0,1.3025728,0.4151013929916837
2004-10-18,41.0,1.1609888,0.3699816763621528
2004-10-19,34.0,0.9627711999999999,0.30681407308080966
2004-10-20,73.0,2.0671264,0.65874786279115
2004-10-21,128.0,3.6245504,1.1550647457159893
2004-10-22,136.0,3.8510847999999998,1.2272562923232386
2004-10-23,126.0,3.5679168,1.137016859064177
2004-10-24,113.0,3.1997984,1.0197055958273968
2004-10-25,93.0,2.6334624,0.8392267293092734
2004-10-26,80.0,2.265344,0.7219154660724932
2004-10-27,67.0,1.8972256,0.6046042028357131
2004-10-28,54.0,1.5291071999999999,0.48729293959893294
2004-10-29,43.0,1.2176224,0.38802956301396513
2004-10-30,36.0,1.0194048,0.324861959732622
2004-10-31,28.0,0.7928704,0.25267041312537264
2004-11-01,22.0,0.6229696,0.19852675316993568
2004-11-02,17.0,0.48138559999999997,0.15340703654040483
2004-11-03,15.0,0.424752,0.1353591498885925
2004-11-04,15.0,0.424752,0.1353591498885925
2004-11-05,35.0,0.991088,0.3158380164067158
2004-11-06,41.0,1.1609888,0.3699816763621528
2004-11-07,40.0,1.132672,0.3609577330362466
2004-11-08,33.0,0.9344544,0.2977901297549035
2004-11-09,26.0,0.7362368,0.23462252647356033
2004-11-10,20.0,0.566336,0.1804788665181233
2004-11-11,15.0,0.424752,0.1353591498885925
2004-11-12,13.0,0.3681184,0.11731126323678016
2004-11-13,14.0,0.3964352,0.12633520656268632
2004-11-14,13.0,0.3681184,0.11731126323678016
2004-11-15,13.0,0.3681184,0.11731126323678016
2004-11-16,12.0,0.3398016,0.108287319910874
2004-11-17,12.0,0.3398016,0.108287319910874
2004-11-18,12.0,0.3398016,0.108287319910874
2004-11-19,11.0,0.3114848,0.09926337658496784
2004-11-20,12.0,0.3398016,0.108287319910874
2004-11-21,13.0,0.3681184,0.11731126323678016
2004-11-22,12.0,0.3398016,0.108287319910874
2004-11-23,12.0,0.3398016,0.108287319910874
2004-11-24,21.0,0.5946528,0.18950280984402948
2004-11-25,45.0,1.274256,0.4060774496657775
2004-11-26,39.0,1.1043552,0.3519337897103405
2004-11-27,42.0,1.1893056,0.37900561968805896
2004-11-28,84.0,2.3786112,0.7580112393761179
2004-11-29,91.0,2.5768288,0.8211788426574611
2004-11-30,91.0,2.5768288,0.8211788426574611
2004-12-01,89.0,2.5201952,0.8031309560056488
2004-12-02,78.0,2.2087104,0.703867579420681
2004-12-03,68.0,1.9255423999999999,0.6136281461616193
2004-12-04,58.0,1.6423744,0.5233887129025576
2004-12-05,51.0,1.4441568,0.4602211096212145
2004-12-06,45.0,1.274256,0.4060774496657775
2004-12-07,41.0,1.1609888,0.3699816763621528
2004-12-08,42.0,1.1893056,0.37900561968805896
2004-12-09,55.0,1.557424,0.4963168829248391
2004-12-10,185.0,5.238608,1.6694295152926408
2004-12-11,273.0,7.7304864,2.4635365279723835
2004-12-12,269.0,7.6172192,2.427440754668759
2004-12-13,239.0,6.7677152,2.1567224548915735
2004-12-14,207.0,5.8615775999999995,1.8679562684625763
2004-12-15,174.0,4.9271232,1.5701661387076729
2004-12-16,146.0,4.1342528,1.3174957255823
2004-12-17,122.0,3.4546495999999998,1.1009210857605523
2004-12-18,105.0,2.973264,0.9475140492201475
2004-12-19,89.0,2.5201952,0.8031309560056488
2004-12-20,76.0,2.1520768,0.6858196927688687
2004-12-21,64.0,1.8122752,0.5775323728579946
2004-12-22,55.0,1.557424,0.4963168829248391
2004-12-23,64.0,1.8122752,0.5775323728579946
2004-12-24,77.0,2.1803936,0.6948436360947748
2004-12-25,91.0,2.5768288,0.8211788426574611
2004-12-26,473.0,13.3938464,4.268325193153617
2004-12-27,665.0,18.830672,6.0009223117276
2004-12-28,680.0,19.255424,6.136281461616194
2004-12-29,604.0,17.103347199999998,5.450461768847324
2004-12-30,508.0,14.3849344,4.584163209560333
2004-12-31,416.0,11.7797888,3.7539604235769652
2005-01-01,346.0,9.7976128,3.1222843907635336
2005-01-02,289.0,8.1835552,2.6079196211868823
2005-01-03,243.0,6.8809824,2.1928182281951982
2005-01-04,206.0,5.8332608,1.8589323251366703
2005-01-05,175.0,4.95544,1.5791900820335791
2005-01-06,150.0,4.24752,1.3535914988859248
2005-01-07,130.0,3.681184,1.1731126323678016
2005-01-08,115.0,3.2564319999999998,1.037753482479209
2005-01-09,102.0,2.8883136,0.920442219242429
2005-01-10,92.0,2.6051456,0.8302027859833674
2005-01-11,82.0,2.3219776,0.7399633527243056
2005-01-12,73.0,2.0671264,0.65874786279115
2005-01-13,65.0,1.840592,0.5865563161839008
2005-01-14,122.0,3.4546495999999998,1.1009210857605523
2005-01-15,178.0,5.0403904,1.6062619120112975
2005-01-16,186.0,5.2669248,1.678453458618547
2005-01-17,172.0,4.8704896,1.5521182520558605
2005-01-18,146.0,4.1342528,1.3174957255823
2005-01-19,124.0,3.5112832,1.1189689724123646
2005-01-20,108.0,3.0582143999999998,0.9745858791978659
2005-01-21,95.0,2.690096,0.8572746159610858
2005-01-22,85.0,2.406928,0.7670351827020242
2005-01-23,77.0,2.1803936,0.6948436360947748
2005-01-24,68.0,1.9255423999999999,0.6136281461616193
2005-01-25,59.0,1.6706912,0.5324126562284638
2005-01-26,51.0,1.4441568,0.4602211096212145
2005-01-27,46.0,1.3025728,0.4151013929916837
2005-01-28,41.0,1.1609888,0.3699816763621528
2005-01-29,37.0,1.0477216,0.33388590305852817
2005-01-30,39.0,1.1043552,0.3519337897103405
2005-01-31,40.0,1.132672,0.3609577330362466
2005-02-01,37.0,1.0477216,0.33388590305852817
2005-02-02,38.0,1.0760384,0.34290984638443434
2005-02-03,51.0,1.4441568,0.4602211096212145
2005-02-04,55.0,1.557424,0.4963168829248391
2005-02-05,55.0,1.557424,0.4963168829248391
2005-02-06,54.0,1.5291071999999999,0.48729293959893294
2005-02-07,47.0,1.3308896,0.4241253363175898
2005-02-08,43.0,1.2176224,0.38802956301396513
2005-02-09,36.0,1.0194048,0.324861959732622
2005-02-10,31.0,0.8778208,0.27974224310309115
2005-02-11,27.0,0.7645535999999999,0.24364646979946647
2005-02-12,23.0,0.6512864,0.20755069649584185
2005-02-13,20.0,0.566336,0.1804788665181233
2005-02-14,19.0,0.5380192,0.17145492319221717
2005-02-15,26.0,0.7362368,0.23462252647356033
2005-02-16,30.0,0.849504,0.270718299777185
2005-02-17,29.0,0.8211872,0.2616943564512788
2005-02-18,25.0,0.70792,0.22559858314765416
2005-02-19,21.0,0.5946528,0.18950280984402948
2005-02-20,18.0,0.5097024,0.162430979866311
2005-02-21,16.0,0.4530688,0.14438309321449866
2005-02-22,14.0,0.3964352,0.12633520656268632
2005-02-23,13.0,0.3681184,0.11731126323678016
2005-02-24,15.0,0.424752,0.1353591498885925
2005-02-25,18.0,0.5097024,0.162430979866311
2005-02-26,19.0,0.5380192,0.17145492319221717
2005-02-27,112.0,3.1714816,1.0106816525014906
2005-02-28,470.0,13.308895999999999,4.241253363175898
2005-03-01,531.0,15.0362208,4.791713906056175
2005-03-02,500.0,14.1584,4.5119716629530835
2005-03-03,412.0,11.6665216,3.7178646502733406
2005-03-04,349.0,9.8825632,3.149356220741252
2005-03-05,294.0,8.3251392,2.653039337816413
2005-03-06,244.0,6.9092991999999995,2.2018421715211045
2005-03-07,203.0,5.7483104,1.8318604951589519
2005-03-08,519.0,14.6964192,4.6834265861453
2005-03-09,663.0,18.7740384,5.982874425075788
2005-03-10,663.0,18.7740384,5.982874425075788
2005-03-11,562.0,15.9140416,5.071456149159265
2005-03-12,448.0,12.6859264,4.042726610005962
2005-03-13,358.0,10.137414399999999,3.230571710674407
2005-03-14,291.0,8.2401888,2.6259675078386944
2005-03-15,237.0,6.7110816,2.1386745682397614
2005-03-16,457.0,12.9407776,4.123942099939118
2005-03-17,836.0,23.6728448,7.544016620457555
2005-03-18,901.0,25.5134368,8.130572936641457
2005-03-19,794.0,22.4835392,7.165011000769496
2005-03-20,639.0,18.0944352,5.7662997852540405
2005-03-21,514.0,14.5548352,4.63830686951577
2005-03-22,415.0,11.751472,3.744936480251059
2005-03-23,363.0,10.278998399999999,3.275691427303938
2005-03-24,312.0,8.8348416,2.815470317682724
2005-03-25,287.0,8.1269216,2.5898717345350697
2005-03-26,302.0,8.551673599999999,2.725230884423662
2005-03-27,341.0,9.6560288,3.0771646741340026
2005-03-28,371.0,10.5055328,3.3478829739111875
2005-03-29,360.0,10.194048,3.24861959732622
2005-03-30,314.0,8.8914752,2.833518204334536
2005-03-31,264.0,7.4756352,2.382321038039228
2005-04-01,595.0,16.848496,5.3692462789141695
2005-04-02,1940.0,54.934592,17.506450052257964
2005-04-03,1980.0,56.067264,17.86740778529421
2005-04-04,1540.0,43.607872,13.896872721895496
2005-04-05,1000.0,28.3168,9.023943325906167
2005-04-06,679.0,19.2271072,6.127257518290286
2005-04-07,608.0,17.2166144,5.486557542150949
2005-04-08,694.0,19.6518592,6.26261666817888
2005-04-09,682.0,19.3120576,6.154329348268005
2005-04-10,596.0,16.8768128,5.378270222240075
2005-04-11,484.0,13.7053312,4.367588569738585
2005-04-12,386.0,10.930284799999999,3.48324212379978
2005-04-13,324.0,9.1746432,2.923757637593598
2005-04-14,268.0,7.5889024,2.4184168113428526
2005-04-15,217.0,6.1447456,1.9581957017216383
2005-04-16,172.0,4.8704896,1.5521182520558605
2005-04-17,134.0,3.7944512,1.2092084056714263
2005-04-18,104.0,2.9449472,0.9384901058942413
2005-04-19,82.0,2.3219776,0.7399633527243056
2005-04-20,65.0,1.840592,0.5865563161839008
2005-04-21,52.0,1.4724736,0.46924505294712066
2005-04-22,43.0,1.2176224,0.38802956301396513
2005-04-23,42.0,1.1893056,0.37900561968805896
2005-04-24,48.0,1.3592064,0.433149279643496
2005-04-25,44.0,1.2459392,0.39705350633987135
2005-04-26,41.0,1.1609888,0.3699816763621528
2005-04-27,89.0,2.5201952,0.8031309560056488
2005-04-28,115.0,3.2564319999999998,1.037753482479209
2005-04-29,109.0,3.0865312,0.9836098225237722
2005-04-30,117.0,3.3130656,1.0558013691310215
2005-05-01,479.0,13.5637472,4.322468853109053
2005-05-02,573.0,16.2255264,5.170719525744233
2005-05-03,519.0,14.6964192,4.6834265861453
2005-05-04,413.0,11.6948384,3.726888593599247
2005-05-05,476.0,13.4787968,4.295397023131335
2005-05-06,650.0,18.40592,5.865563161839008
2005-05-07,593.0,16.7918624,5.351198392262356
2005-05-08,477.0,13.5071136,4.304420966457242
2005-05-09,370.0,10.477216,3.3388590305852817
2005-05-10,288.0,8.1552384,2.598895677860976
2005-05-11,224.0,6.3429632,2.021363305002981
2005-05-12,171.0,4.8421728,1.5430943087299545
2005-05-13,128.0,3.6245504,1.1550647457159893
2005-05-14,95.0,2.690096,0.8572746159610858
2005-05-15,71.0,2.0104928,0.6406999761393378
2005-05-16,54.0,1.5291071999999999,0.48729293959893294
2005-05-17,54.0,1.5291071999999999,0.48729293959893294
2005-05-18,49.0,1.3875232,0.44217322296940215
2005-05-19,42.0,1.1893056,0.37900561968805896
2005-05-20,39.0,1.1043552,0.3519337897103405
2005-05-21,85.0,2.406928,0.7670351827020242
2005-05-22,132.0,3.7378176,1.191160519019614
2005-05-23,123.0,3.4829664,1.1099450290864585
2005-05-24,96.0,2.7184128,0.866298559286992
2005-05-25,69.0,1.9538592,0.6226520894875255
2005-05-26,48.0,1.3592064,0.433149279643496
2005-05-27,32.0,0.9061376,0.2887661864289973
2005-05-28,21.0,0.5946528,0.18950280984402948
2005-05-29,15.0,0.424752,0.1353591498885925
2005-05-30,14.0,0.3964352,0.12633520656268632
2005-05-31,18.0,0.5097024,0.162430979866311
2005-06-01,22.0,0.6229696,0.19852675316993568
2005-06-02,38.0,1.0760384,0.34290984638443434
2005-06-03,64.0,1.8122752,0.5775323728579946
2005-06-04,61.0,1.7273247999999999,0.5504605428802761
2005-06-05,55.0,1.557424,0.4963168829248391
2005-06-06,61.0,1.7273247999999999,0.5504605428802761
2005-06-07,64.0,1.8122752,0.5775323728579946
2005-06-08,90.0,2.548512,0.812154899331555
2005-06-09,147.0,4.1625696,1.3265196689082066
2005-06-10,138.0,3.9077184,1.245304178975051
2005-06-11,235.0,6.6544479999999995,2.120626681587949
2005-06-12,601.0,17.0183968,5.423389938869606
2005-06-13,656.0,18.5758208,5.919706821794445
2005-06-14,562.0,15.9140416,5.071456149159265
2005-06-15,456.0,12.9124608,4.114918156613212
2005-06-16,375.0,10.6188,3.3839787472148126
2005-06-17,295.0,8.353456,2.662063281142319
2005-06-18,217.0,6.1447456,1.9581957017216383
2005-06-19,160.0,4.530688,1.4438309321449865
2005-06-20,115.0,3.2564319999999998,1.037753482479209
2005-06-21,82.0,2.3219776,0.7399633527243056
2005-06-22,59.0,1.6706912,0.5324126562284638
2005-06-23,42.0,1.1893056,0.37900561968805896
2005-06-24,32.0,0.9061376,0.2887661864289973
2005-06-25,32.0,0.9061376,0.2887661864289973
2005-06-26,37.0,1.0477216,0.33388590305852817
2005-06-27,30.0,0.849504,0.270718299777185
2005-06-28,26.0,0.7362368,0.23462252647356033
2005-06-29,24.0,0.6796032,0.216574639821748
2005-06-30,26.0,0.7362368,0.23462252647356033
2005-07-01,30.0,0.849504,0.270718299777185
2005-07-02,25.0,0.70792,0.22559858314765416
2005-07-03,32.0,0.9061376,0.2887661864289973
2005-07-04,72.0,2.0388096,0.649723919465244
2005-07-05,98.0,2.7750464,0.8843464459388043
2005-07-06,77.0,2.1803936,0.6948436360947748
2005-07-07,65.0,1.840592,0.5865563161839008
2005-07-08,50.0,1.41584,0.4511971662953083
2005-07-09,51.0,1.4441568,0.4602211096212145
2005-07-10,691.0,19.5669088,6.235544838201161
2005-07-11,1850.0,52.38608,16.694295152926408
2005-07-12,2130.0,60.314783999999996,19.220999284180134
2005-07-13,1850.0,52.38608,16.694295152926408
2005-07-14,1310.0,37.095008,11.821365756937078
2005-07-15,789.0,22.3419552,7.119891284139966
2005-07-16,553.0,15.6591904,4.99024065922611
2005-07-17,410.0,11.609888,3.699816763621528
2005-07-18,315.0,8.919792,2.842542147660442
2005-07-19,249.0,7.0508831999999995,2.2469618881506355
2005-07-20,201.0,5.6916768,1.8138126085071393
2005-07-21,175.0,4.95544,1.5791900820335791
2005-07-22,167.0,4.7289056,1.5069985354263298
2005-07-23,146.0,4.1342528,1.3174957255823
2005-07-24,132.0,3.7378176,1.191160519019614
2005-07-25,107.0,3.0298976,0.9655619358719598
2005-07-26,86.0,2.4352448,0.7760591260279303
2005-07-27,66.0,1.8689088,0.595580259509807
2005-07-28,50.0,1.41584,0.4511971662953083
2005-07-29,37.0,1.0477216,0.33388590305852817
2005-07-30,35.0,0.991088,0.3158380164067158
2005-07-31,58.0,1.6423744,0.5233887129025576
2005-08-01,98.0,2.7750464,0.8843464459388043
2005-08-02,168.0,4.7572224,1.5160224787522358
2005-08-03,370.0,10.477216,3.3388590305852817
2005-08-04,637.0,18.037801599999998,5.748251898602227
2005-08-05,867.0,24.5506656,7.823758863560646
2005-08-06,908.0,25.7116544,8.1937405399228
2005-08-07,1030.0,29.166304,9.294661625683352
2005-08-08,1220.0,34.546496,11.009210857605522
2005-08-09,1260.0,35.679168,11.370168590641768
2005-08-10,1020.0,28.883136,9.204422192424289
2005-08-11,800.0,22.65344,7.219154660724933
2005-08-12,642.0,18.1793856,5.7933716152317585
2005-08-13,528.0,14.9512704,4.764642076078456
2005-08-14,436.0,12.3461248,3.9344392900950886
2005-08-15,374.0,10.5904832,3.374954803888906
2005-08-16,304.0,8.6083072,2.7432787710754747
2005-08-17,247.0,6.9942496,2.228914001498823
2005-08-18,211.0,5.9748448,1.904052041766201
2005-08-19,182.0,5.1536576,1.6423576853149222
2005-08-20,148.0,4.1908864,1.3355436122341127
2005-08-21,122.0,3.4546495999999998,1.1009210857605523
2005-08-22,102.0,2.8883136,0.920442219242429
2005-08-23,82.0,2.3219776,0.7399633527243056
2005-08-24,71.0,2.0104928,0.6406999761393378
2005-08-25,108.0,3.0582143999999998,0.9745858791978659
2005-08-26,186.0,5.2669248,1.678453458618547
2005-08-27,222.0,6.2863296,2.003315418351169
2005-08-28,203.0,5.7483104,1.8318604951589519
2005-08-29,157.0,4.4457376,1.416759102167268
2005-08-30,158.0,4.4740544,1.4257830454931744
2005-08-31,176.0,4.9837568,1.5882140253594854
2005-09-01,188.0,5.3235584,1.6965013452703592
2005-09-02,165.0,4.6722719999999995,1.4889506487745172
2005-09-03,126.0,3.5679168,1.137016859064177
2005-09-04,98.0,2.7750464,0.8843464459388043
2005-09-05,79.0,2.2370272,0.7128915227465872
2005-09-06,62.0,1.7556416,0.5594844862061823
2005-09-07,47.0,1.3308896,0.4241253363175898
2005-09-08,34.0,0.9627711999999999,0.30681407308080966
2005-09-09,25.0,0.70792,0.22559858314765416
2005-09-10,18.0,0.5097024,0.162430979866311
2005-09-11,14.0,0.3964352,0.12633520656268632
2005-09-12,11.0,0.3114848,0.09926337658496784
2005-09-13,8.5,0.24069279999999998,0.07670351827020241
2005-09-14,6.8,0.19255424,0.06136281461616193
2005-09-15,5.7,0.16140576,0.05143647695766515
2005-09-16,5.0,0.141584,0.04511971662953083
2005-09-17,4.5,0.1274256,0.04060774496657775
2005-09-18,4.1,0.11609887999999999,0.03699816763621528
2005-09-19,3.9,0.11043552,0.03519337897103405
2005-09-20,3.7,0.10477216,0.03338859030585282
2005-09-21,3.9,0.11043552,0.03519337897103405
2005-09-22,4.7,0.13308896,0.04241253363175898
2005-09-23,4.9,0.13875232,0.04421732229694022
2005-09-24,10.0,0.283168,0.09023943325906165
2005-09-25,14.0,0.3964352,0.12633520656268632
2005-09-26,14.0,0.3964352,0.12633520656268632
2005-09-27,13.0,0.3681184,0.11731126323678016
2005-09-28,16.0,0.4530688,0.14438309321449866
2005-09-29,28.0,0.7928704,0.25267041312537264
2005-09-30,35.0,0.991088,0.3158380164067158
2005-10-01,31.0,0.8778208,0.27974224310309115
2005-10-02,26.0,0.7362368,0.23462252647356033
2005-10-03,22.0,0.6229696,0.19852675316993568
2005-10-04,19.0,0.5380192,0.17145492319221717
2005-10-05,17.0,0.48138559999999997,0.15340703654040483
2005-10-06,15.0,0.424752,0.1353591498885925
2005-10-07,14.0,0.3964352,0.12633520656268632
2005-10-08,12.0,0.3398016,0.108287319910874
2005-10-09,10.0,0.283168,0.09023943325906165
2005-10-10,9.1,0.25768288,0.08211788426574612
2005-10-11,7.8,0.22087104,0.0703867579420681
2005-10-12,6.8,0.19255424,0.06136281461616193
2005-10-13,6.0,0.1699008,0.054143659955437
2005-10-14,5.3,0.15007904,0.04782689962730268
2005-10-15,4.8,0.13592063999999998,0.04331492796434959
2005-10-16,4.3,0.12176224,0.03880295630139651
2005-10-17,3.9,0.11043552,0.03519337897103405
2005-10-18,3.7,0.10477216,0.03338859030585282
2005-10-19,3.5,0.0991088,0.03158380164067158
2005-10-20,3.3,0.09344543999999999,0.029779012975490345
2005-10-21,3.2,0.09061376,0.028876618642899733
2005-10-22,3.1,0.08778208,0.027974224310309114
2005-10-23,2.9,0.08211871999999999,0.02616943564512788
2005-10-24,3.0,0.0849504,0.0270718299777185
2005-10-25,3.0,0.0849504,0.0270718299777185
2005-10-26,3.0,0.0849504,0.0270718299777185
2005-10-27,3.1,0.08778208,0.027974224310309114
2005-10-28,3.2,0.09061376,0.028876618642899733
2005-10-29,3.1,0.08778208,0.027974224310309114
2005-10-30,3.1,0.08778208,0.027974224310309114
2005-10-31,3.0,0.0849504,0.0270718299777185
2005-11-01,3.0,0.0849504,0.0270718299777185
2005-11-02,3.0,0.0849504,0.0270718299777185
2005-11-03,2.9,0.08211871999999999,0.02616943564512788
2005-11-04,2.9,0.08211871999999999,0.02616943564512788
2005-11-05,2.9,0.08211871999999999,0.02616943564512788
2005-11-06,3.0,0.0849504,0.0270718299777185
2005-11-07,3.2,0.09061376,0.028876618642899733
2005-11-08,3.3,0.09344543999999999,0.029779012975490345
2005-11-09,3.2,0.09061376,0.028876618642899733
2005-11-10,3.3,0.09344543999999999,0.029779012975490345
2005-11-11,3.2,0.09061376,0.028876618642899733
2005-11-12,3.1,0.08778208,0.027974224310309114
2005-11-13,3.2,0.09061376,0.028876618642899733
2005-11-14,3.3,0.09344543999999999,0.029779012975490345
2005-11-15,3.5,0.0991088,0.03158380164067158
2005-11-16,3.5,0.0991088,0.03158380164067158
2005-11-17,3.4,0.09627712,0.030681407308080964
2005-11-18,3.2,0.09061376,0.028876618642899733
2005-11-19,3.3,0.09344543999999999,0.029779012975490345
2005-11-20,5.4,0.15291072,0.0487292939598933
2005-11-21,25.0,0.70792,0.22559858314765416
2005-11-22,23.0,0.6512864,0.20755069649584185
2005-11-23,14.0,0.3964352,0.12633520656268632
2005-11-24,11.0,0.3114848,0.09926337658496784
2005-11-25,9.7,0.27467295999999997,0.0875322502612898
2005-11-26,8.8,0.24918784000000002,0.07941070126797427
2005-11-27,8.2,0.23219775999999998,0.07399633527243056
2005-11-28,15.0,0.424752,0.1353591498885925
2005-11-29,54.0,1.5291071999999999,0.48729293959893294
2005-11-30,47.0,1.3308896,0.4241253363175898
2005-12-01,40.0,1.132672,0.3609577330362466
2005-12-02,37.0,1.0477216,0.33388590305852817
2005-12-03,31.0,0.8778208,0.27974224310309115
2005-12-04,29.0,0.8211872,0.2616943564512788
2005-12-05,27.0,0.7645535999999999,0.24364646979946647
2005-12-06,77.0,2.1803936,0.6948436360947748
2005-12-07,72.0,2.0388096,0.649723919465244
2005-12-08,85.0,2.406928,0.7670351827020242
2005-12-09,220.0,6.229696,1.9852675316993564
2005-12-10,231.0,6.5411808,2.0845309082843246
2005-12-11,210.0,5.946528,1.895028098440295
2005-12-12,179.0,5.0687071999999995,1.6152858553372036
2005-12-13,152.0,4.3041536,1.3716393855377373
2005-12-14,129.0,3.6528671999999998,1.1640886890418953
2005-12-15,141.0,3.9926688,1.2723760089527696
2005-12-16,243.0,6.8809824,2.1928182281951982
2005-12-17,244.0,6.9092991999999995,2.2018421715211045
2005-12-18,396.0,11.2134528,3.5734815570588423
2005-12-19,451.0,12.7708768,4.069798439983681
2005-12-20,436.0,12.3461248,3.9344392900950886
2005-12-21,388.0,10.9869184,3.5012900104515925
2005-12-22,332.0,9.4011776,2.9959491842008474
2005-12-23,283.0,8.0136544,2.553775961231445
2005-12-24,244.0,6.9092991999999995,2.2018421715211045
2005-12-25,219.0,6.2013792,1.9762435883734504
2005-12-26,205.0,5.804944,1.849908381810764
2005-12-27,182.0,5.1536576,1.6423576853149222
2005-12-28,159.0,4.5023712,1.4348069888190804
2005-12-29,141.0,3.9926688,1.2723760089527696
2005-12-30,123.0,3.4829664,1.1099450290864585
2005-12-31,107.0,3.0298976,0.9655619358719598
2006-01-01,95.0,2.690096,0.8572746159610858
2006-01-02,352.0,9.9675136,3.176428050718971
2006-01-03,1110.0,31.431648,10.016577091755844
2006-01-04,963.0,27.269078399999998,8.690057422847637
2006-01-05,757.0,21.4358176,6.831125097710968
2006-01-06,592.0,16.7635456,5.342174448936451
2006-01-07,453.0,12.8275104,4.087846326635494
2006-01-08,354.0,10.0241472,3.194475937370783
2006-01-09,286.0,8.0986048,2.580847791209164
2006-01-10,236.0,6.6827648,2.129650624913855
2006-01-11,197.0,5.5784096,1.7777168352035146
2006-01-12,166.0,4.7005888,1.4979745921004237
2006-01-13,148.0,4.1908864,1.3355436122341127
2006-01-14,180.0,5.097024,1.62430979866311
2006-01-15,182.0,5.1536576,1.6423576853149222
2006-01-16,164.0,4.6439552,1.4799267054486112
2006-01-17,143.0,4.0493024,1.290423895604582
2006-01-18,156.0,4.4174208,1.407735158841362
2006-01-19,150.0,4.24752,1.3535914988859248
2006-01-20,135.0,3.822768,1.2182323489973323
2006-01-21,121.0,3.4263328,1.0918971424346462
2006-01-22,109.0,3.0865312,0.9836098225237722
2006-01-23,99.0,2.8033632,0.8933703892647106
2006-01-24,93.0,2.6334624,0.8392267293092734
2006-01-25,85.0,2.406928,0.7670351827020242
2006-01-26,74.0,2.0954432,0.6677718061170563
2006-01-27,63.0,1.7839584,0.5685084295320885
2006-01-28,54.0,1.5291071999999999,0.48729293959893294
2006-01-29,49.0,1.3875232,0.44217322296940215
2006-01-30,61.0,1.7273247999999999,0.5504605428802761
2006-01-31,81.0,2.2936608,0.7309394093983995
2006-02-01,87.0,2.4635616,0.7850830693538364
2006-02-02,140.0,3.964352,1.2633520656268633
2006-02-03,684.0,19.3686912,6.172377234919818
2006-02-04,1020.0,28.883136,9.204422192424289
2006-02-05,1100.0,31.14848,9.926337658496783
2006-02-06,836.0,23.6728448,7.544016620457555
2006-02-07,699.0,19.7934432,6.30773638480841
2006-02-08,571.0,16.1688928,5.1526716390924205
2006-02-09,470.0,13.308895999999999,4.241253363175898
2006-02-10,376.0,10.6471168,3.3930026905407185
2006-02-11,371.0,10.5055328,3.3478829739111875
2006-02-12,409.0,11.581571199999999,3.6907928202956217
2006-02-13,391.0,11.0718688,3.5283618404293113
2006-02-14,352.0,9.9675136,3.176428050718971
2006-02-15,318.0,9.0047424,2.869613977638161
2006-02-16,275.0,7.78712,2.4815844146241957
2006-02-17,237.0,6.7110816,2.1386745682397614
2006-02-18,203.0,5.7483104,1.8318604951589519
2006-02-19,176.0,4.9837568,1.5882140253594854
2006-02-20,154.0,4.3607872,1.3896872721895497
2006-02-21,139.0,3.9360352,1.2543281223009572
2006-02-22,129.0,3.6528671999999998,1.1640886890418953
2006-02-23,134.0,3.7944512,1.2092084056714263
2006-02-24,158.0,4.4740544,1.4257830454931744
2006-02-25,155.0,4.389104,1.3987112155154557
2006-02-26,455.0,12.884144,4.105894213287305
2006-02-27,470.0,13.308895999999999,4.241253363175898
2006-02-28,397.0,11.2417696,3.582505500384748
2006-03-01,333.0,9.4294944,3.0049731275267533
2006-03-02,275.0,7.78712,2.4815844146241957
2006-03-03,228.0,6.4562304,2.057459078306606
2006-03-04,186.0,5.2669248,1.678453458618547
2006-03-05,151.0,4.2758367999999995,1.362615442211831
2006-03-06,121.0,3.4263328,1.0918971424346462
2006-03-07,99.0,2.8033632,0.8933703892647106
2006-03-08,81.0,2.2936608,0.7309394093983995
2006-03-09,67.0,1.8972256,0.6046042028357131
2006-03-10,56.0,1.5857408,0.5053408262507453
2006-03-11,48.0,1.3592064,0.433149279643496
2006-03-12,41.0,1.1609888,0.3699816763621528
2006-03-13,34.0,0.9627711999999999,0.30681407308080966
2006-03-14,29.0,0.8211872,0.2616943564512788
2006-03-15,25.0,0.70792,0.22559858314765416
2006-03-16,21.0,0.5946528,0.18950280984402948
2006-03-17,17.0,0.48138559999999997,0.15340703654040483
2006-03-18,15.0,0.424752,0.1353591498885925
2006-03-19,13.0,0.3681184,0.11731126323678016
2006-03-20,11.0,0.3114848,0.09926337658496784
2006-03-21,9.7,0.27467295999999997,0.0875322502612898
2006-03-22,8.9,0.25201952,0.08031309560056488
2006-03-23,9.3,0.26334624,0.08392267293092735
2006-03-24,9.1,0.25768288,0.08211788426574612
2006-03-25,8.4,0.23786112,0.0758011239376118
2006-03-26,7.5,0.212376,0.06767957494429624
2006-03-27,6.6,0.18689087999999998,0.05955802595098069
2006-03-28,6.1,0.17273248,0.05504605428802761
2006-03-29,5.6,0.15857407999999998,0.05053408262507453
2006-03-30,5.0,0.141584,0.04511971662953083
2006-03-31,4.4,0.12459392000000001,0.039705350633987134
2006-04-01,4.0,0.1132672,0.036095773303624665
2006-04-02,3.7,0.10477216,0.03338859030585282
2006-04-03,3.4,0.09627712,0.030681407308080964
2006-04-04,3.0,0.0849504,0.0270718299777185
2006-04-05,2.8,0.07928703999999999,0.025267041312537264
2006-04-06,2.5,0.070792,0.022559858314765414
2006-04-07,2.4,0.06796031999999999,0.021657463982174795
2006-04-08,5.5,0.1557424,0.04963168829248392
2006-04-09,6.2,0.17556416,0.05594844862061823
2006-04-10,3.9,0.11043552,0.03519337897103405
2006-04-11,3.1,0.08778208,0.027974224310309114
2006-04-12,2.8,0.07928703999999999,0.025267041312537264
2006-04-13,2.6,0.07362368,0.023462252647356033
2006-04-14,2.7,0.07645536,0.02436464697994665
2006-04-15,2.4,0.06796031999999999,0.021657463982174795
2006-04-16,2.3,0.06512863999999999,0.02075506964958418
2006-04-17,2.1,0.05946528,0.01895028098440295
2006-04-18,2.2,0.062296960000000005,0.019852675316993567
2006-04-19,1.9,0.053801919999999996,0.017145492319221713
2006-04-20,1.8,0.05097024,0.016243097986631098
2006-04-21,1.7,0.04813856,0.015340703654040482
2006-04-22,3.4,0.09627712,0.030681407308080964
2006-04-23,4.5,0.1274256,0.04060774496657775
2006-04-24,4.0,0.1132672,0.036095773303624665
2006-04-25,3.5,0.0991088,0.03158380164067158
2006-04-26,2.7,0.07645536,0.02436464697994665
2006-04-27,2.5,0.070792,0.022559858314765414
2006-04-28,2.1,0.05946528,0.01895028098440295
2006-04-29,1.8,0.05097024,0.016243097986631098
2006-04-30,1.7,0.04813856,0.015340703654040482
2006-05-01,1.5,0.0424752,0.01353591498885925
2006-05-02,1.6,0.04530688,0.014438309321449867
2006-05-03,1.6,0.04530688,0.014438309321449867
2006-05-04,1.2,0.033980159999999995,0.010828731991087397
2006-05-05,1.2,0.033980159999999995,0.010828731991087397
2006-05-06,1.2,0.033980159999999995,0.010828731991087397
2006-05-07,1.2,0.033980159999999995,0.010828731991087397
2006-05-08,1.3,0.03681184,0.011731126323678016
2006-05-09,1.4,0.039643519999999995,0.012633520656268632
2006-05-10,2.6,0.07362368,0.023462252647356033
2006-05-11,6.6,0.18689087999999998,0.05955802595098069
2006-05-12,9.8,0.27750464,0.08843464459388044
2006-05-13,11.0,0.3114848,0.09926337658496784
2006-05-14,14.0,0.3964352,0.12633520656268632
2006-05-15,9.8,0.27750464,0.08843464459388044
2006-05-16,7.5,0.212376,0.06767957494429624
2006-05-17,6.0,0.1699008,0.054143659955437
2006-05-18,4.9,0.13875232,0.04421732229694022
2006-05-19,4.3,0.12176224,0.03880295630139651
2006-05-20,3.8,0.10760383999999999,0.03429098463844343
2006-05-21,3.3,0.09344543999999999,0.029779012975490345
2006-05-22,2.9,0.08211871999999999,0.02616943564512788
2006-05-23,2.8,0.07928703999999999,0.025267041312537264
2006-05-24,2.6,0.07362368,0.023462252647356033
2006-05-25,1.9,0.053801919999999996,0.017145492319221713
2006-05-26,2.3,0.06512863999999999,0.02075506964958418
2006-05-27,2.2,0.062296960000000005,0.019852675316993567
2006-05-28,2.4,0.06796031999999999,0.021657463982174795
2006-05-29,2.6,0.07362368,0.023462252647356033
2006-05-30,2.1,0.05946528,0.01895028098440295
2006-05-31,2.0,0.0566336,0.018047886651812332
2006-06-01,1.9,0.053801919999999996,0.017145492319221713
2006-06-02,1.8,0.05097024,0.016243097986631098
2006-06-03,1.8,0.05097024,0.016243097986631098
2006-06-04,1.7,0.04813856,0.015340703654040482
2006-06-05,1.7,0.04813856,0.015340703654040482
2006-06-06,1.7,0.04813856,0.015340703654040482
2006-06-07,1.6,0.04530688,0.014438309321449867
2006-06-08,1.6,0.04530688,0.014438309321449867
2006-06-09,1.6,0.04530688,0.014438309321449867
2006-06-10,1.5,0.0424752,0.01353591498885925
2006-06-11,1.5,0.0424752,0.01353591498885925
2006-06-12,1.8,0.05097024,0.016243097986631098
2006-06-13,22.0,0.6229696,0.19852675316993568
2006-06-14,17.0,0.48138559999999997,0.15340703654040483
2006-06-15,7.6,0.21520767999999998,0.06858196927688685
2006-06-16,5.2,0.14724736,0.046924505294712066
2006-06-17,4.0,0.1132672,0.036095773303624665
2006-06-18,3.5,0.0991088,0.03158380164067158
2006-06-19,3.3,0.09344543999999999,0.029779012975490345
2006-06-20,3.2,0.09061376,0.028876618642899733
2006-06-21,2.8,0.07928703999999999,0.025267041312537264
2006-06-22,2.8,0.07928703999999999,0.025267041312537264
2006-06-23,2.5,0.070792,0.022559858314765414
2006-06-24,2.6,0.07362368,0.023462252647356033
2006-06-25,2.7,0.07645536,0.02436464697994665
2006-06-26,3.0,0.0849504,0.0270718299777185
2006-06-27,5.3,0.15007904,0.04782689962730268
2006-06-28,14.0,0.3964352,0.12633520656268632
2006-06-29,20.0,0.566336,0.1804788665181233
2006-06-30,16.0,0.4530688,0.14438309321449866
2006-07-01,11.0,0.3114848,0.09926337658496784
2006-07-02,7.9,0.22370272,0.07128915227465871
2006-07-03,5.2,0.14724736,0.046924505294712066
2006-07-04,4.2,0.11893056,0.0379005619688059
2006-07-05,3.4,0.09627712,0.030681407308080964
2006-07-06,3.2,0.09061376,0.028876618642899733
2006-07-07,2.6,0.07362368,0.023462252647356033
2006-07-08,2.8,0.07928703999999999,0.025267041312537264
2006-07-09,2.5,0.070792,0.022559858314765414
2006-07-10,2.2,0.062296960000000005,0.019852675316993567
2006-07-11,2.1,0.05946528,0.01895028098440295
2006-07-12,1.9,0.053801919999999996,0.017145492319221713
2006-07-13,1.6,0.04530688,0.014438309321449867
2006-07-14,1.5,0.0424752,0.01353591498885925
2006-07-15,1.7,0.04813856,0.015340703654040482
2006-07-16,1.8,0.05097024,0.016243097986631098
2006-07-17,1.8,0.05097024,0.016243097986631098
2006-07-18,1.8,0.05097024,0.016243097986631098
2006-07-19,1.8,0.05097024,0.016243097986631098
2006-07-20,1.9,0.053801919999999996,0.017145492319221713
2006-07-21,1.9,0.053801919999999996,0.017145492319221713
2006-07-22,1.8,0.05097024,0.016243097986631098
2006-07-23,1.9,0.053801919999999996,0.017145492319221713
2006-07-24,2.0,0.0566336,0.018047886651812332
2006-07-25,2.0,0.0566336,0.018047886651812332
2006-07-26,2.0,0.0566336,0.018047886651812332
2006-07-27,1.8,0.05097024,0.016243097986631098
2006-07-28,1.7,0.04813856,0.015340703654040482
2006-07-29,1.6,0.04530688,0.014438309321449867
2006-07-30,1.7,0.04813856,0.015340703654040482
2006-07-31,1.7,0.04813856,0.015340703654040482
2006-08-01,1.7,0.04813856,0.015340703654040482
2006-08-02,2.1,0.05946528,0.01895028098440295
2006-08-03,2.0,0.0566336,0.018047886651812332
2006-08-04,2.0,0.0566336,0.018047886651812332
2006-08-05,2.4,0.06796031999999999,0.021657463982174795
2006-08-06,2.0,0.0566336,0.018047886651812332
2006-08-07,1.7,0.04813856,0.015340703654040482
2006-08-08,1.9,0.053801919999999996,0.017145492319221713
2006-08-09,1.9,0.053801919999999996,0.017145492319221713
2006-08-10,1.7,0.04813856,0.015340703654040482
2006-08-11,1.7,0.04813856,0.015340703654040482
2006-08-12,1.6,0.04530688,0.014438309321449867
2006-08-13,2.0,0.0566336,0.018047886651812332
2006-08-14,3.6,0.10194048,0.032486195973262195
2006-08-15,2.5,0.070792,0.022559858314765414
2006-08-16,2.3,0.06512863999999999,0.02075506964958418
2006-08-17,4.4,0.12459392000000001,0.039705350633987134
2006-08-18,3.4,0.09627712,0.030681407308080964
2006-08-19,3.3,0.09344543999999999,0.029779012975490345
2006-08-20,6.6,0.18689087999999998,0.05955802595098069
2006-08-21,6.1,0.17273248,0.05504605428802761
2006-08-22,5.0,0.141584,0.04511971662953083
2006-08-23,3.9,0.11043552,0.03519337897103405
2006-08-24,3.1,0.08778208,0.027974224310309114
2006-08-25,2.8,0.07928703999999999,0.025267041312537264
2006-08-26,3.0,0.0849504,0.0270718299777185
2006-08-27,2.8,0.07928703999999999,0.025267041312537264
2006-08-28,2.3,0.06512863999999999,0.02075506964958418
2006-08-29,3.2,0.09061376,0.028876618642899733
2006-08-30,3.8,0.10760383999999999,0.03429098463844343
2006-08-31,3.4,0.09627712,0.030681407308080964
2006-09-01,4.3,0.12176224,0.03880295630139651
2006-09-02,3.6,0.10194048,0.032486195973262195
2006-09-03,3.0,0.0849504,0.0270718299777185
2006-09-04,2.5,0.070792,0.022559858314765414
2006-09-05,2.1,0.05946528,0.01895028098440295
2006-09-06,2.0,0.0566336,0.018047886651812332
2006-09-07,2.1,0.05946528,0.01895028098440295
2006-09-08,1.9,0.053801919999999996,0.017145492319221713
2006-09-09,1.9,0.053801919999999996,0.017145492319221713
2006-09-10,2.2,0.062296960000000005,0.019852675316993567
2006-09-11,2.3,0.06512863999999999,0.02075506964958418
2006-09-12,2.4,0.06796031999999999,0.021657463982174795
2006-09-13,3.8,0.10760383999999999,0.03429098463844343
2006-09-14,9.8,0.27750464,0.08843464459388044
2006-09-15,14.0,0.3964352,0.12633520656268632
2006-09-16,8.9,0.25201952,0.08031309560056488
2006-09-17,7.5,0.212376,0.06767957494429624
2006-09-18,8.9,0.25201952,0.08031309560056488
2006-09-19,22.0,0.6229696,0.19852675316993568
2006-09-20,42.0,1.1893056,0.37900561968805896
2006-09-21,38.0,1.0760384,0.34290984638443434
2006-09-22,30.0,0.849504,0.270718299777185
2006-09-23,23.0,0.6512864,0.20755069649584185
2006-09-24,18.0,0.5097024,0.162430979866311
2006-09-25,24.0,0.6796032,0.216574639821748
2006-09-26,33.0,0.9344544,0.2977901297549035
2006-09-27,29.0,0.8211872,0.2616943564512788
2006-09-28,23.0,0.6512864,0.20755069649584185
2006-09-29,16.0,0.4530688,0.14438309321449866
2006-09-30,11.0,0.3114848,0.09926337658496784
2006-10-01,7.7,0.21803936000000002,0.06948436360947749
2006-10-02,5.6,0.15857407999999998,0.05053408262507453
2006-10-03,4.4,0.12459392000000001,0.039705350633987134
2006-10-04,3.6,0.10194048,0.032486195973262195
2006-10-05,3.0,0.0849504,0.0270718299777185
2006-10-06,2.6,0.07362368,0.023462252647356033
2006-10-07,2.3,0.06512863999999999,0.02075506964958418
2006-10-08,2.4,0.06796031999999999,0.021657463982174795
2006-10-09,2.8,0.07928703999999999,0.025267041312537264
2006-10-10,3.0,0.0849504,0.0270718299777185
2006-10-11,2.4,0.06796031999999999,0.021657463982174795
2006-10-12,2.3,0.06512863999999999,0.02075506964958418
2006-10-13,2.7,0.07645536,0.02436464697994665
2006-10-14,2.8,0.07928703999999999,0.025267041312537264
2006-10-15,2.6,0.07362368,0.023462252647356033
2006-10-16,2.4,0.06796031999999999,0.021657463982174795
2006-10-17,2.0,0.0566336,0.018047886651812332
2006-10-18,2.2,0.062296960000000005,0.019852675316993567
2006-10-19,4.4,0.12459392000000001,0.039705350633987134
2006-10-20,7.9,0.22370272,0.07128915227465871
2006-10-21,5.0,0.141584,0.04511971662953083
2006-10-22,4.9,0.13875232,0.04421732229694022
2006-10-23,5.5,0.1557424,0.04963168829248392
2006-10-24,4.5,0.1274256,0.04060774496657775
2006-10-25,4.3,0.12176224,0.03880295630139651
2006-10-26,3.9,0.11043552,0.03519337897103405
2006-10-27,4.0,0.1132672,0.036095773303624665
2006-10-28,19.0,0.5380192,0.17145492319221717
2006-10-29,61.0,1.7273247999999999,0.5504605428802761
2006-10-30,63.0,1.7839584,0.5685084295320885
2006-10-31,52.0,1.4724736,0.46924505294712066
2006-11-01,40.0,1.132672,0.3609577330362466
2006-11-02,31.0,0.8778208,0.27974224310309115
2006-11-03,25.0,0.70792,0.22559858314765416
2006-11-04,20.0,0.566336,0.1804788665181233
2006-11-05,16.0,0.4530688,0.14438309321449866
2006-11-06,13.0,0.3681184,0.11731126323678016
2006-11-07,13.0,0.3681184,0.11731126323678016
2006-11-08,16.0,0.4530688,0.14438309321449866
2006-11-09,19.0,0.5380192,0.17145492319221717
2006-11-10,18.0,0.5097024,0.162430979866311
2006-11-11,16.0,0.4530688,0.14438309321449866
2006-11-12,14.0,0.3964352,0.12633520656268632
2006-11-13,12.0,0.3398016,0.108287319910874
2006-11-14,10.0,0.283168,0.09023943325906165
2006-11-15,9.8,0.27750464,0.08843464459388044
2006-11-16,34.0,0.9627711999999999,0.30681407308080966
2006-11-17,71.0,2.0104928,0.6406999761393378
2006-11-18,76.0,2.1520768,0.6858196927688687
2006-11-19,66.0,1.8689088,0.595580259509807
2006-11-20,54.0,1.5291071999999999,0.48729293959893294
2006-11-21,44.0,1.2459392,0.39705350633987135
2006-11-22,36.0,1.0194048,0.324861959732622
2006-11-23,29.0,0.8211872,0.2616943564512788
2006-11-24,24.0,0.6796032,0.216574639821748
2006-11-25,20.0,0.566336,0.1804788665181233
2006-11-26,17.0,0.48138559999999997,0.15340703654040483
2006-11-27,14.0,0.3964352,0.12633520656268632
2006-11-28,12.0,0.3398016,0.108287319910874
2006-11-29,11.0,0.3114848,0.09926337658496784
2006-11-30,9.3,0.26334624,0.08392267293092735
2006-12-01,8.4,0.23786112,0.0758011239376118
2006-12-02,7.6,0.21520767999999998,0.06858196927688685
2006-12-03,6.5,0.1840592,0.05865563161839008
2006-12-04,5.7,0.16140576,0.05143647695766515
2006-12-05,4.9,0.13875232,0.04421732229694022
2006-12-06,4.4,0.12459392000000001,0.039705350633987134
2006-12-07,3.9,0.11043552,0.03519337897103405
2006-12-08,3.5,0.0991088,0.03158380164067158
2006-12-09,3.3,0.09344543999999999,0.029779012975490345
2006-12-10,3.1,0.08778208,0.027974224310309114
2006-12-11,2.9,0.08211871999999999,0.02616943564512788
2006-12-12,2.7,0.07645536,0.02436464697994665
2006-12-13,2.5,0.070792,0.022559858314765414
2006-12-14,2.8,0.07928703999999999,0.025267041312537264
2006-12-15,5.2,0.14724736,0.046924505294712066
2006-12-16,5.9,0.16706912000000002,0.05324126562284639
2006-12-17,5.3,0.15007904,0.04782689962730268
2006-12-18,4.6,0.13025727999999998,0.04151013929916836
2006-12-19,4.1,0.11609887999999999,0.03699816763621528
2006-12-20,3.7,0.10477216,0.03338859030585282
2006-12-21,3.4,0.09627712,0.030681407308080964
2006-12-22,5.9,0.16706912000000002,0.05324126562284639
2006-12-23,40.0,1.132672,0.3609577330362466
2006-12-24,48.0,1.3592064,0.433149279643496
2006-12-25,298.0,8.4384064,2.6891351111200374
2006-12-26,578.0,16.3671104,5.2158392423737645
2006-12-27,635.0,17.981168,5.730204011950415
2006-12-28,556.0,15.7441408,5.017312489203829
2006-12-29,439.0,12.4310752,3.961511120072807
2006-12-30,346.0,9.7976128,3.1222843907635336
2006-12-31,300.0,8.49504,2.7071829977718496
2007-01-01,462.0,13.0823616,4.169061816568649
2007-01-02,528.0,14.9512704,4.764642076078456
2007-01-03,490.0,13.875232,4.421732229694022
2007-01-04,421.0,11.9213728,3.799080140206496
2007-01-05,384.0,10.8736512,3.465194237147968
2007-01-06,489.0,13.8469152,4.412708286368115
2007-01-07,693.0,19.623542399999998,6.253592724852973
2007-01-08,950.0,26.90096,8.572746159610858
2007-01-09,961.0,27.2124448,8.672009536195826
2007-01-10,797.0,22.5684896,7.192082830747214
2007-01-11,628.0,17.7829504,5.667036408669072
2007-01-12,503.0,14.2433504,4.5390434929308014
2007-01-13,406.0,11.4966208,3.6637209903179038
2007-01-14,333.0,9.4294944,3.0049731275267533
2007-01-15,277.0,7.8437536,2.499632301276008
2007-01-16,233.0,6.5978144,2.1025787949361368
2007-01-17,196.0,5.5500928,1.7686928918776086
2007-01-18,164.0,4.6439552,1.4799267054486112
2007-01-19,139.0,3.9360352,1.2543281223009572
2007-01-20,118.0,3.3413824,1.0648253124569276
2007-01-21,100.0,2.83168,0.9023943325906166
2007-01-22,92.0,2.6051456,0.8302027859833674
2007-01-23,83.0,2.3502944,0.7489872960502119
2007-01-24,75.0,2.12376,0.6767957494429624
2007-01-25,69.0,1.9538592,0.6226520894875255
2007-01-26,64.0,1.8122752,0.5775323728579946
2007-01-27,57.0,1.6140576,0.5143647695766514
2007-01-28,95.0,2.690096,0.8572746159610858
2007-01-29,122.0,3.4546495999999998,1.1009210857605523
2007-01-30,119.0,3.3696992,1.0738492557828339
2007-01-31,109.0,3.0865312,0.9836098225237722
2007-02-01,149.0,4.2192032,1.3445675555600187
2007-02-02,947.0,26.8160096,8.54567432963314
2007-02-03,1160.0,32.847488,10.467774258051152
2007-02-04,1140.0,32.281152,10.287295391533029
2007-02-05,953.0,26.985910399999998,8.599817989588576
2007-02-06,734.0,20.7845312,6.6235744012151265
2007-02-07,578.0,16.3671104,5.2158392423737645
2007-02-08,458.0,12.9690944,4.132966043265024
2007-02-09,375.0,10.6188,3.3839787472148126
2007-02-10,300.0,8.49504,2.7071829977718496
2007-02-11,250.0,7.0792,2.2559858314765417
2007-02-12,197.0,5.5784096,1.7777168352035146
2007-02-13,165.0,4.6722719999999995,1.4889506487745172
2007-02-14,148.0,4.1908864,1.3355436122341127
2007-02-15,130.0,3.681184,1.1731126323678016
2007-02-16,112.0,3.1714816,1.0106816525014906
2007-02-17,96.0,2.7184128,0.866298559286992
2007-02-18,84.0,2.3786112,0.7580112393761179
2007-02-19,74.0,2.0954432,0.6677718061170563
2007-02-20,64.0,1.8122752,0.5775323728579946
2007-02-21,57.0,1.6140576,0.5143647695766514
2007-02-22,51.0,1.4441568,0.4602211096212145
2007-02-23,44.0,1.2459392,0.39705350633987135
2007-02-24,39.0,1.1043552,0.3519337897103405
2007-02-25,34.0,0.9627711999999999,0.30681407308080966
2007-02-26,32.0,0.9061376,0.2887661864289973
2007-02-27,30.0,0.849504,0.270718299777185
2007-02-28,28.0,0.7928704,0.25267041312537264
2007-03-01,26.0,0.7362368,0.23462252647356033
2007-03-02,45.0,1.274256,0.4060774496657775
2007-03-03,78.0,2.2087104,0.703867579420681
2007-03-04,75.0,2.12376,0.6767957494429624
2007-03-05,67.0,1.8972256,0.6046042028357131
2007-03-06,57.0,1.6140576,0.5143647695766514
2007-03-07,48.0,1.3592064,0.433149279643496
2007-03-08,40.0,1.132672,0.3609577330362466
2007-03-09,34.0,0.9627711999999999,0.30681407308080966
2007-03-10,29.0,0.8211872,0.2616943564512788
2007-03-11,25.0,0.70792,0.22559858314765416
2007-03-12,22.0,0.6229696,0.19852675316993568
2007-03-13,18.0,0.5097024,0.162430979866311
2007-03-14,16.0,0.4530688,0.14438309321449866
2007-03-15,14.0,0.3964352,0.12633520656268632
2007-03-16,13.0,0.3681184,0.11731126323678016
2007-03-17,13.0,0.3681184,0.11731126323678016
2007-03-18,12.0,0.3398016,0.108287319910874
2007-03-19,11.0,0.3114848,0.09926337658496784
2007-03-20,9.5,0.2690096,0.08572746159610858
2007-03-21,8.3,0.23502944,0.07489872960502118
2007-03-22,7.2,0.20388096,0.06497239194652439
2007-03-23,6.8,0.19255424,0.06136281461616193
2007-03-24,5.8,0.16423743999999998,0.05233887129025576
2007-03-25,5.1,0.14441568,0.04602211096212144
2007-03-26,4.7,0.13308896,0.04241253363175898
2007-03-27,4.5,0.1274256,0.04060774496657775
2007-03-28,4.1,0.11609887999999999,0.03699816763621528
2007-03-29,3.8,0.10760383999999999,0.03429098463844343
2007-03-30,3.7,0.10477216,0.03338859030585282
2007-03-31,3.3,0.09344543999999999,0.029779012975490345
2007-04-01,2.9,0.08211871999999999,0.02616943564512788
2007-04-02,2.8,0.07928703999999999,0.025267041312537264
2007-04-03,2.5,0.070792,0.022559858314765414
2007-04-04,2.3,0.06512863999999999,0.02075506964958418
2007-04-05,2.2,0.062296960000000005,0.019852675316993567
2007-04-06,2.0,0.0566336,0.018047886651812332
2007-04-07,2.0,0.0566336,0.018047886651812332
2007-04-08,1.9,0.053801919999999996,0.017145492319221713
2007-04-09,1.9,0.053801919999999996,0.017145492319221713
2007-04-10,1.9,0.053801919999999996,0.017145492319221713
2007-04-11,1.9,0.053801919999999996,0.017145492319221713
2007-04-12,1.9,0.053801919999999996,0.017145492319221713
2007-04-13,1.7,0.04813856,0.015340703654040482
2007-04-14,1.7,0.04813856,0.015340703654040482
2007-04-15,5.8,0.16423743999999998,0.05233887129025576
2007-04-16,5.9,0.16706912000000002,0.05324126562284639
2007-04-17,4.8,0.13592063999999998,0.04331492796434959
2007-04-18,3.8,0.10760383999999999,0.03429098463844343
2007-04-19,3.4,0.09627712,0.030681407308080964
2007-04-20,3.2,0.09061376,0.028876618642899733
2007-04-21,3.1,0.08778208,0.027974224310309114
2007-04-22,2.9,0.08211871999999999,0.02616943564512788
2007-04-23,2.6,0.07362368,0.023462252647356033
2007-04-24,2.4,0.06796031999999999,0.021657463982174795
2007-04-25,2.3,0.06512863999999999,0.02075506964958418
2007-04-26,2.2,0.062296960000000005,0.019852675316993567
2007-04-27,2.2,0.062296960000000005,0.019852675316993567
2007-04-28,2.1,0.05946528,0.01895028098440295
2007-04-29,2.0,0.0566336,0.018047886651812332
2007-04-30,2.0,0.0566336,0.018047886651812332
2007-05-01,2.0,0.0566336,0.018047886651812332
2007-05-02,1.8,0.05097024,0.016243097986631098
2007-05-03,1.8,0.05097024,0.016243097986631098
2007-05-04,1.7,0.04813856,0.015340703654040482
2007-05-05,1.7,0.04813856,0.015340703654040482
2007-05-06,1.7,0.04813856,0.015340703654040482
2007-05-07,1.6,0.04530688,0.014438309321449867
2007-05-08,1.5,0.0424752,0.01353591498885925
2007-05-09,1.5,0.0424752,0.01353591498885925
2007-05-10,1.5,0.0424752,0.01353591498885925
2007-05-11,1.5,0.0424752,0.01353591498885925
2007-05-12,1.5,0.0424752,0.01353591498885925
2007-05-13,1.5,0.0424752,0.01353591498885925
2007-05-14,1.5,0.0424752,0.01353591498885925
2007-05-15,1.5,0.0424752,0.01353591498885925
2007-05-16,1.5,0.0424752,0.01353591498885925
2007-05-17,1.4,0.039643519999999995,0.012633520656268632
2007-05-18,1.4,0.039643519999999995,0.012633520656268632
2007-05-19,1.4,0.039643519999999995,0.012633520656268632
2007-05-20,1.3,0.03681184,0.011731126323678016
2007-05-21,1.3,0.03681184,0.011731126323678016
2007-05-22,1.3,0.03681184,0.011731126323678016
2007-05-23,1.3,0.03681184,0.011731126323678016
2007-05-24,1.5,0.0424752,0.01353591498885925
2007-05-25,1.3,0.03681184,0.011731126323678016
2007-05-26,1.3,0.03681184,0.011731126323678016
2007-05-27,1.3,0.03681184,0.011731126323678016
2007-05-28,1.2,0.033980159999999995,0.010828731991087397
2007-05-29,1.2,0.033980159999999995,0.010828731991087397
2007-05-30,1.2,0.033980159999999995,0.010828731991087397
2007-05-31,1.2,0.033980159999999995,0.010828731991087397
2007-06-01,1.2,0.033980159999999995,0.010828731991087397
2007-06-02,1.4,0.039643519999999995,0.012633520656268632
2007-06-03,1.4,0.039643519999999995,0.012633520656268632
2007-06-04,1.7,0.04813856,0.015340703654040482
2007-06-05,1.8,0.05097024,0.016243097986631098
2007-06-06,1.7,0.04813856,0.015340703654040482
2007-06-07,1.5,0.0424752,0.01353591498885925
2007-06-08,1.6,0.04530688,0.014438309321449867
2007-06-09,1.5,0.0424752,0.01353591498885925
2007-06-10,1.5,0.0424752,0.01353591498885925
2007-06-11,1.5,0.0424752,0.01353591498885925
2007-06-12,1.6,0.04530688,0.014438309321449867
2007-06-13,1.8,0.05097024,0.016243097986631098
2007-06-14,1.9,0.053801919999999996,0.017145492319221713
2007-06-15,1.9,0.053801919999999996,0.017145492319221713
2007-06-16,1.9,0.053801919999999996,0.017145492319221713
2007-06-17,2.0,0.0566336,0.018047886651812332
2007-06-18,2.0,0.0566336,0.018047886651812332
2007-06-19,2.0,0.0566336,0.018047886651812332
2007-06-20,1.7,0.04813856,0.015340703654040482
2007-06-21,1.3,0.03681184,0.011731126323678016
2007-06-22,1.2,0.033980159999999995,0.010828731991087397
2007-06-23,1.2,0.033980159999999995,0.010828731991087397
2007-06-24,1.1,0.031148480000000003,0.009926337658496783
2007-06-25,1.2,0.033980159999999995,0.010828731991087397
2007-06-26,1.4,0.039643519999999995,0.012633520656268632
2007-06-27,1.2,0.033980159999999995,0.010828731991087397
2007-06-28,1.1,0.031148480000000003,0.009926337658496783
2007-06-29,1.1,0.031148480000000003,0.009926337658496783
2007-06-30,1.6,0.04530688,0.014438309321449867
2007-07-01,2.3,0.06512863999999999,0.02075506964958418
2007-07-02,2.4,0.06796031999999999,0.021657463982174795
2007-07-03,1.8,0.05097024,0.016243097986631098
2007-07-04,3.3,0.09344543999999999,0.029779012975490345
2007-07-05,2.9,0.08211871999999999,0.02616943564512788
2007-07-06,2.1,0.05946528,0.01895028098440295
2007-07-07,2.0,0.0566336,0.018047886651812332
2007-07-08,1.9,0.053801919999999996,0.017145492319221713
2007-07-09,1.5,0.0424752,0.01353591498885925
2007-07-10,1.7,0.04813856,0.015340703654040482
2007-07-11,1.8,0.05097024,0.016243097986631098
2007-07-12,1.6,0.04530688,0.014438309321449867
2007-07-13,1.4,0.039643519999999995,0.012633520656268632
2007-07-14,2.7,0.07645536,0.02436464697994665
2007-07-15,3.6,0.10194048,0.032486195973262195
2007-07-16,2.3,0.06512863999999999,0.02075506964958418
2007-07-17,2.3,0.06512863999999999,0.02075506964958418
2007-07-18,3.1,0.08778208,0.027974224310309114
2007-07-19,2.4,0.06796031999999999,0.021657463982174795
2007-07-20,2.2,0.062296960000000005,0.019852675316993567
2007-07-21,2.0,0.0566336,0.018047886651812332
2007-07-22,2.5,0.070792,0.022559858314765414
2007-07-23,3.9,0.11043552,0.03519337897103405
2007-07-24,4.9,0.13875232,0.04421732229694022
2007-07-25,5.4,0.15291072,0.0487292939598933
2007-07-26,4.0,0.1132672,0.036095773303624665
2007-07-27,3.2,0.09061376,0.028876618642899733
2007-07-28,2.8,0.07928703999999999,0.025267041312537264
2007-07-29,2.5,0.070792,0.022559858314765414
2007-07-30,3.7,0.10477216,0.03338859030585282
2007-07-31,9.2,0.26051455999999995,0.08302027859833672
2007-08-01,11.0,0.3114848,0.09926337658496784
2007-08-02,6.0,0.1699008,0.054143659955437
2007-08-03,6.9,0.19538592000000002,0.06226520894875255
2007-08-04,5.0,0.141584,0.04511971662953083
2007-08-05,3.8,0.10760383999999999,0.03429098463844343
2007-08-06,3.1,0.08778208,0.027974224310309114
2007-08-07,2.8,0.07928703999999999,0.025267041312537264
2007-08-08,2.6,0.07362368,0.023462252647356033
2007-08-09,2.4,0.06796031999999999,0.021657463982174795
2007-08-10,2.3,0.06512863999999999,0.02075506964958418
2007-08-11,2.2,0.062296960000000005,0.019852675316993567
2007-08-12,2.3,0.06512863999999999,0.02075506964958418
2007-08-13,3.7,0.10477216,0.03338859030585282
2007-08-14,3.8,0.10760383999999999,0.03429098463844343
2007-08-15,3.3,0.09344543999999999,0.029779012975490345
2007-08-16,2.8,0.07928703999999999,0.025267041312537264
2007-08-17,2.5,0.070792,0.022559858314765414
2007-08-18,2.3,0.06512863999999999,0.02075506964958418
2007-08-19,2.3,0.06512863999999999,0.02075506964958418
2007-08-20,2.2,0.062296960000000005,0.019852675316993567
2007-08-21,2.1,0.05946528,0.01895028098440295
2007-08-22,2.0,0.0566336,0.018047886651812332
2007-08-23,2.0,0.0566336,0.018047886651812332
2007-08-24,2.0,0.0566336,0.018047886651812332
2007-08-25,2.6,0.07362368,0.023462252647356033
2007-08-26,3.7,0.10477216,0.03338859030585282
2007-08-27,3.6,0.10194048,0.032486195973262195
2007-08-28,3.4,0.09627712,0.030681407308080964
2007-08-29,3.4,0.09627712,0.030681407308080964
2007-08-30,4.4,0.12459392000000001,0.039705350633987134
2007-08-31,6.8,0.19255424,0.06136281461616193
2007-09-01,6.5,0.1840592,0.05865563161839008
2007-09-02,6.2,0.17556416,0.05594844862061823
2007-09-03,5.2,0.14724736,0.046924505294712066
2007-09-04,4.9,0.13875232,0.04421732229694022
2007-09-05,4.2,0.11893056,0.0379005619688059
2007-09-06,3.6,0.10194048,0.032486195973262195
2007-09-07,3.3,0.09344543999999999,0.029779012975490345
2007-09-08,2.9,0.08211871999999999,0.02616943564512788
2007-09-09,2.6,0.07362368,0.023462252647356033
2007-09-10,2.6,0.07362368,0.023462252647356033
2007-09-11,2.5,0.070792,0.022559858314765414
2007-09-12,2.4,0.06796031999999999,0.021657463982174795
2007-09-13,2.2,0.062296960000000005,0.019852675316993567
2007-09-14,2.6,0.07362368,0.023462252647356033
2007-09-15,3.6,0.10194048,0.032486195973262195
2007-09-16,2.6,0.07362368,0.023462252647356033
2007-09-17,2.2,0.062296960000000005,0.019852675316993567
2007-09-18,2.0,0.0566336,0.018047886651812332
2007-09-19,1.9,0.053801919999999996,0.017145492319221713
2007-09-20,1.9,0.053801919999999996,0.017145492319221713
2007-09-21,4.8,0.13592063999999998,0.04331492796434959
2007-09-22,6.9,0.19538592000000002,0.06226520894875255
2007-09-23,6.4,0.18122752,0.057753237285799466
2007-09-24,9.3,0.26334624,0.08392267293092735
2007-09-25,5.8,0.16423743999999998,0.05233887129025576
2007-09-26,4.3,0.12176224,0.03880295630139651
2007-09-27,3.5,0.0991088,0.03158380164067158
2007-09-28,3.1,0.08778208,0.027974224310309114
2007-09-29,2.7,0.07645536,0.02436464697994665
2007-09-30,2.5,0.070792,0.022559858314765414
2007-10-01,2.3,0.06512863999999999,0.02075506964958418
2007-10-02,2.2,0.062296960000000005,0.019852675316993567
2007-10-03,2.2,0.062296960000000005,0.019852675316993567
2007-10-04,2.3,0.06512863999999999,0.02075506964958418
2007-10-05,2.4,0.06796031999999999,0.021657463982174795
2007-10-06,3.0,0.0849504,0.0270718299777185
2007-10-07,4.4,0.12459392000000001,0.039705350633987134
2007-10-08,4.3,0.12176224,0.03880295630139651
2007-10-09,3.2,0.09061376,0.028876618642899733
2007-10-10,2.7,0.07645536,0.02436464697994665
2007-10-11,2.5,0.070792,0.022559858314765414
2007-10-12,2.3,0.06512863999999999,0.02075506964958418
2007-10-13,2.2,0.062296960000000005,0.019852675316993567
2007-10-14,2.2,0.062296960000000005,0.019852675316993567
2007-10-15,2.1,0.05946528,0.01895028098440295
2007-10-16,2.1,0.05946528,0.01895028098440295
2007-10-17,2.1,0.05946528,0.01895028098440295
2007-10-18,2.2,0.062296960000000005,0.019852675316993567
2007-10-19,11.0,0.3114848,0.09926337658496784
2007-10-20,23.0,0.6512864,0.20755069649584185
2007-10-21,24.0,0.6796032,0.216574639821748
2007-10-22,30.0,0.849504,0.270718299777185
2007-10-23,32.0,0.9061376,0.2887661864289973
2007-10-24,31.0,0.8778208,0.27974224310309115
2007-10-25,29.0,0.8211872,0.2616943564512788
2007-10-26,26.0,0.7362368,0.23462252647356033
2007-10-27,22.0,0.6229696,0.19852675316993568
2007-10-28,18.0,0.5097024,0.162430979866311
2007-10-29,15.0,0.424752,0.1353591498885925
2007-10-30,12.0,0.3398016,0.108287319910874
2007-10-31,10.0,0.283168,0.09023943325906165
2007-11-01,8.9,0.25201952,0.08031309560056488
2007-11-02,7.8,0.22087104,0.0703867579420681
2007-11-03,6.6,0.18689087999999998,0.05955802595098069
2007-11-04,5.9,0.16706912000000002,0.05324126562284639
2007-11-05,5.1,0.14441568,0.04602211096212144
2007-11-06,4.7,0.13308896,0.04241253363175898
2007-11-07,4.2,0.11893056,0.0379005619688059
2007-11-08,3.9,0.11043552,0.03519337897103405
2007-11-09,5.0,0.141584,0.04511971662953083
2007-11-10,5.0,0.141584,0.04511971662953083
2007-11-11,7.6,0.21520767999999998,0.06858196927688685
2007-11-12,6.7,0.18972256,0.06046042028357132
2007-11-13,6.7,0.18972256,0.06046042028357132
2007-11-14,3.2,0.09061376,0.028876618642899733
2007-11-15,2.4,0.06796031999999999,0.021657463982174795
2007-11-16,2.3,0.06512863999999999,0.02075506964958418
2007-11-17,2.3,0.06512863999999999,0.02075506964958418
2007-11-18,2.4,0.06796031999999999,0.021657463982174795
2007-11-19,2.4,0.06796031999999999,0.021657463982174795
2007-11-20,2.4,0.06796031999999999,0.021657463982174795
2007-11-21,2.3,0.06512863999999999,0.02075506964958418
2007-11-22,3.2,0.09061376,0.028876618642899733
2007-11-23,3.2,0.09061376,0.028876618642899733
2007-11-24,3.4,0.09627712,0.030681407308080964
2007-11-25,4.2,0.11893056,0.0379005619688059
2007-11-26,4.5,0.1274256,0.04060774496657775
2007-11-27,6.8,0.19255424,0.06136281461616193
2007-11-28,8.1,0.22936608,0.07309394093983995
2007-11-29,8.3,0.23502944,0.07489872960502118
2007-11-30,8.8,0.24918784000000002,0.07941070126797427
2007-12-01,8.3,0.23502944,0.07489872960502118
2007-12-02,7.7,0.21803936000000002,0.06948436360947749
2007-12-03,7.2,0.20388096,0.06497239194652439
2007-12-04,6.6,0.18689087999999998,0.05955802595098069
2007-12-05,6.2,0.17556416,0.05594844862061823
2007-12-06,5.9,0.16706912000000002,0.05324126562284639
2007-12-07,5.7,0.16140576,0.05143647695766515
2007-12-08,5.5,0.1557424,0.04963168829248392
2007-12-09,5.3,0.15007904,0.04782689962730268
2007-12-10,5.1,0.14441568,0.04602211096212144
2007-12-11,5.0,0.141584,0.04511971662953083
2007-12-12,4.9,0.13875232,0.04421732229694022
2007-12-13,4.9,0.13875232,0.04421732229694022
2007-12-14,4.7,0.13308896,0.04241253363175898
2007-12-15,4.8,0.13592063999999998,0.04331492796434959
2007-12-16,6.9,0.19538592000000002,0.06226520894875255
2007-12-17,8.8,0.24918784000000002,0.07941070126797427
2007-12-18,9.4,0.26617792,0.08482506726351796
2007-12-19,8.4,0.23786112,0.0758011239376118
2007-12-20,8.8,0.24918784000000002,0.07941070126797427
2007-12-21,17.0,0.48138559999999997,0.15340703654040483
2007-12-22,30.0,0.849504,0.270718299777185
2007-12-23,31.0,0.8778208,0.27974224310309115
2007-12-24,30.0,0.849504,0.270718299777185
2007-12-25,29.0,0.8211872,0.2616943564512788
2007-12-26,28.0,0.7928704,0.25267041312537264
2007-12-27,29.0,0.8211872,0.2616943564512788
2007-12-28,30.0,0.849504,0.270718299777185
2007-12-29,29.0,0.8211872,0.2616943564512788
2007-12-30,28.0,0.7928704,0.25267041312537264
2007-12-31,27.0,0.7645535999999999,0.24364646979946647
2008-01-01,25.0,0.70792,0.22559858314765416
2008-01-02,23.0,0.6512864,0.20755069649584185
2008-01-03,21.0,0.5946528,0.18950280984402948
2008-01-04,20.0,0.566336,0.1804788665181233
2008-01-05,18.0,0.5097024,0.162430979866311
2008-01-06,18.0,0.5097024,0.162430979866311
2008-01-07,17.0,0.48138559999999997,0.15340703654040483
2008-01-08,17.0,0.48138559999999997,0.15340703654040483
2008-01-09,16.0,0.4530688,0.14438309321449866
2008-01-10,15.0,0.424752,0.1353591498885925
2008-01-11,15.0,0.424752,0.1353591498885925
2008-01-12,15.0,0.424752,0.1353591498885925
2008-01-13,15.0,0.424752,0.1353591498885925
2008-01-14,15.0,0.424752,0.1353591498885925
2008-01-15,15.0,0.424752,0.1353591498885925
2008-01-16,15.0,0.424752,0.1353591498885925
2008-01-17,17.0,0.48138559999999997,0.15340703654040483
2008-01-18,22.0,0.6229696,0.19852675316993568
2008-01-19,27.0,0.7645535999999999,0.24364646979946647
2008-01-20,55.0,1.557424,0.4963168829248391
2008-01-21,71.0,2.0104928,0.6406999761393378
2008-01-22,75.0,2.12376,0.6767957494429624
2008-01-23,73.0,2.0671264,0.65874786279115
2008-01-24,67.0,1.8972256,0.6046042028357131
2008-01-25,63.0,1.7839584,0.5685084295320885
2008-01-26,59.0,1.6706912,0.5324126562284638
2008-01-27,58.0,1.6423744,0.5233887129025576
2008-01-28,53.0,1.5007904,0.4782689962730268
2008-01-29,50.0,1.41584,0.4511971662953083
2008-01-30,47.0,1.3308896,0.4241253363175898
2008-01-31,46.0,1.3025728,0.4151013929916837
2008-02-01,45.0,1.274256,0.4060774496657775
2008-02-02,43.0,1.2176224,0.38802956301396513
2008-02-03,41.0,1.1609888,0.3699816763621528
2008-02-04,38.0,1.0760384,0.34290984638443434
2008-02-05,35.0,0.991088,0.3158380164067158
2008-02-06,33.0,0.9344544,0.2977901297549035
2008-02-07,30.0,0.849504,0.270718299777185
2008-02-08,31.0,0.8778208,0.27974224310309115
2008-02-09,30.0,0.849504,0.270718299777185
2008-02-10,27.0,0.7645535999999999,0.24364646979946647
2008-02-11,25.0,0.70792,0.22559858314765416
2008-02-12,23.0,0.6512864,0.20755069649584185
2008-02-13,21.0,0.5946528,0.18950280984402948
2008-02-14,21.0,0.5946528,0.18950280984402948
2008-02-15,21.0,0.5946528,0.18950280984402948
2008-02-16,20.0,0.566336,0.1804788665181233
2008-02-17,19.0,0.5380192,0.17145492319221717
2008-02-18,21.0,0.5946528,0.18950280984402948
2008-02-19,22.0,0.6229696,0.19852675316993568
2008-02-20,20.0,0.566336,0.1804788665181233
2008-02-21,28.0,0.7928704,0.25267041312537264
2008-02-22,263.0,7.4473184,2.373297094713322
2008-02-23,722.0,20.4447296,6.515287081304252
2008-02-24,1100.0,31.14848,9.926337658496783
2008-02-25,1070.0,30.298976,9.655619358719598
2008-02-26,784.0,22.2003712,7.074771567510434
2008-02-27,603.0,17.0750304,5.441437825521418
2008-02-28,481.0,13.6203808,4.340516739760866
2008-02-29,390.0,11.043552,3.519337897103405
2008-03-01,322.0,9.1180096,2.905709750941786
2008-03-02,269.0,7.6172192,2.427440754668759
2008-03-03,228.0,6.4562304,2.057459078306606
2008-03-04,196.0,5.5500928,1.7686928918776086
2008-03-05,182.0,5.1536576,1.6423576853149222
2008-03-06,169.0,4.7855392,1.5250464220781421
2008-03-07,222.0,6.2863296,2.003315418351169
2008-03-08,386.0,10.930284799999999,3.48324212379978
2008-03-09,495.0,14.016816,4.466851946323552
2008-03-10,457.0,12.9407776,4.123942099939118
2008-03-11,390.0,11.043552,3.519337897103405
2008-03-12,333.0,9.4294944,3.0049731275267533
2008-03-13,283.0,8.0136544,2.553775961231445
2008-03-14,243.0,6.8809824,2.1928182281951982
2008-03-15,212.0,6.0031616,1.9130759850921073
2008-03-16,185.0,5.238608,1.6694295152926408
2008-03-17,158.0,4.4740544,1.4257830454931744
2008-03-18,135.0,3.822768,1.2182323489973323
2008-03-19,115.0,3.2564319999999998,1.037753482479209
2008-03-20,100.0,2.83168,0.9023943325906166
2008-03-21,87.0,2.4635616,0.7850830693538364
2008-03-22,75.0,2.12376,0.6767957494429624
2008-03-23,64.0,1.8122752,0.5775323728579946
2008-03-24,55.0,1.557424,0.4963168829248391
2008-03-25,47.0,1.3308896,0.4241253363175898
2008-03-26,40.0,1.132672,0.3609577330362466
2008-03-27,35.0,0.991088,0.3158380164067158
2008-03-28,30.0,0.849504,0.270718299777185
2008-03-29,27.0,0.7645535999999999,0.24364646979946647
2008-03-30,24.0,0.6796032,0.216574639821748
2008-03-31,21.0,0.5946528,0.18950280984402948
2008-04-01,19.0,0.5380192,0.17145492319221717
2008-04-02,17.0,0.48138559999999997,0.15340703654040483
2008-04-03,15.0,0.424752,0.1353591498885925
2008-04-04,14.0,0.3964352,0.12633520656268632
2008-04-05,14.0,0.3964352,0.12633520656268632
2008-04-06,24.0,0.6796032,0.216574639821748
2008-04-07,45.0,1.274256,0.4060774496657775
2008-04-08,58.0,1.6423744,0.5233887129025576
2008-04-09,55.0,1.557424,0.4963168829248391
2008-04-10,49.0,1.3875232,0.44217322296940215
2008-04-11,43.0,1.2176224,0.38802956301396513
2008-04-12,38.0,1.0760384,0.34290984638443434
2008-04-13,35.0,0.991088,0.3158380164067158
2008-04-14,30.0,0.849504,0.270718299777185
2008-04-15,25.0,0.70792,0.22559858314765416
2008-04-16,21.0,0.5946528,0.18950280984402948
2008-04-17,18.0,0.5097024,0.162430979866311
2008-04-18,15.0,0.424752,0.1353591498885925
2008-04-19,14.0,0.3964352,0.12633520656268632
2008-04-20,12.0,0.3398016,0.108287319910874
2008-04-21,10.0,0.283168,0.09023943325906165
2008-04-22,8.8,0.24918784000000002,0.07941070126797427
2008-04-23,7.4,0.20954432,0.06677718061170564
2008-04-24,6.4,0.18122752,0.057753237285799466
2008-04-25,5.6,0.15857407999999998,0.05053408262507453
2008-04-26,4.8,0.13592063999999998,0.04331492796434959
2008-04-27,4.3,0.12176224,0.03880295630139651
2008-04-28,4.4,0.12459392000000001,0.039705350633987134
2008-04-29,4.1,0.11609887999999999,0.03699816763621528
2008-04-30,3.6,0.10194048,0.032486195973262195
2008-05-01,3.3,0.09344543999999999,0.029779012975490345
2008-05-02,3.3,0.09344543999999999,0.029779012975490345
2008-05-03,3.5,0.0991088,0.03158380164067158
2008-05-04,3.3,0.09344543999999999,0.029779012975490345
2008-05-05,3.1,0.08778208,0.027974224310309114
2008-05-06,2.8,0.07928703999999999,0.025267041312537264
2008-05-07,2.6,0.07362368,0.023462252647356033
2008-05-08,2.5,0.070792,0.022559858314765414
2008-05-09,2.4,0.06796031999999999,0.021657463982174795
2008-05-10,2.3,0.06512863999999999,0.02075506964958418
2008-05-11,2.2,0.062296960000000005,0.019852675316993567
2008-05-12,2.1,0.05946528,0.01895028098440295
2008-05-13,1.9,0.053801919999999996,0.017145492319221713
2008-05-14,1.9,0.053801919999999996,0.017145492319221713
2008-05-15,1.8,0.05097024,0.016243097986631098
2008-05-16,2.0,0.0566336,0.018047886651812332
2008-05-17,2.2,0.062296960000000005,0.019852675316993567
2008-05-18,4.6,0.13025727999999998,0.04151013929916836
2008-05-19,20.0,0.566336,0.1804788665181233
2008-05-20,17.0,0.48138559999999997,0.15340703654040483
2008-05-21,14.0,0.3964352,0.12633520656268632
2008-05-22,10.0,0.283168,0.09023943325906165
2008-05-23,9.0,0.2548512,0.0812154899331555
2008-05-24,7.5,0.212376,0.06767957494429624
2008-05-25,6.9,0.19538592000000002,0.06226520894875255
2008-05-26,6.1,0.17273248,0.05504605428802761
2008-05-27,5.1,0.14441568,0.04602211096212144
2008-05-28,4.2,0.11893056,0.0379005619688059
2008-05-29,3.4,0.09627712,0.030681407308080964
2008-05-30,2.7,0.07645536,0.02436464697994665
2008-05-31,2.2,0.062296960000000005,0.019852675316993567
2008-06-01,1.8,0.05097024,0.016243097986631098
2008-06-02,1.6,0.04530688,0.014438309321449867
2008-06-03,1.7,0.04813856,0.015340703654040482
2008-06-04,2.1,0.05946528,0.01895028098440295
2008-06-05,2.0,0.0566336,0.018047886651812332
2008-06-06,1.6,0.04530688,0.014438309321449867
2008-06-07,1.4,0.039643519999999995,0.012633520656268632
2008-06-08,1.4,0.039643519999999995,0.012633520656268632
2008-06-09,1.3,0.03681184,0.011731126323678016
2008-06-10,1.4,0.039643519999999995,0.012633520656268632
2008-06-11,3.7,0.10477216,0.03338859030585282
2008-06-12,4.8,0.13592063999999998,0.04331492796434959
2008-06-13,3.3,0.09344543999999999,0.029779012975490345
2008-06-14,2.4,0.06796031999999999,0.021657463982174795
2008-06-15,2.6,0.07362368,0.023462252647356033
2008-06-16,4.4,0.12459392000000001,0.039705350633987134
2008-06-17,5.9,0.16706912000000002,0.05324126562284639
2008-06-18,9.6,0.27184127999999996,0.08662985592869918
2008-06-19,8.6,0.24352448,0.07760591260279302
2008-06-20,6.3,0.17839584,0.05685084295320885
2008-06-21,4.8,0.13592063999999998,0.04331492796434959
2008-06-22,3.8,0.10760383999999999,0.03429098463844343
2008-06-23,3.6,0.10194048,0.032486195973262195
2008-06-24,3.1,0.08778208,0.027974224310309114
2008-06-25,2.8,0.07928703999999999,0.025267041312537264
2008-06-26,2.6,0.07362368,0.023462252647356033
2008-06-27,2.8,0.07928703999999999,0.025267041312537264
2008-06-28,8.3,0.23502944,0.07489872960502118
2008-06-29,13.0,0.3681184,0.11731126323678016
2008-06-30,19.0,0.5380192,0.17145492319221717
2008-07-01,38.0,1.0760384,0.34290984638443434
2008-07-02,46.0,1.3025728,0.4151013929916837
2008-07-03,40.0,1.132672,0.3609577330362466
2008-07-04,35.0,0.991088,0.3158380164067158
2008-07-05,48.0,1.3592064,0.433149279643496
2008-07-06,56.0,1.5857408,0.5053408262507453
2008-07-07,48.0,1.3592064,0.433149279643496
2008-07-08,41.0,1.1609888,0.3699816763621528
2008-07-09,38.0,1.0760384,0.34290984638443434
2008-07-10,34.0,0.9627711999999999,0.30681407308080966
2008-07-11,31.0,0.8778208,0.27974224310309115
2008-07-12,28.0,0.7928704,0.25267041312537264
2008-07-13,31.0,0.8778208,0.27974224310309115
2008-07-14,140.0,3.964352,1.2633520656268633
2008-07-15,137.0,3.8794016,1.2362802356491447
2008-07-16,84.0,2.3786112,0.7580112393761179
2008-07-17,92.0,2.6051456,0.8302027859833674
2008-07-18,86.0,2.4352448,0.7760591260279303
2008-07-19,58.0,1.6423744,0.5233887129025576
2008-07-20,38.0,1.0760384,0.34290984638443434
2008-07-21,25.0,0.70792,0.22559858314765416
2008-07-22,18.0,0.5097024,0.162430979866311
2008-07-23,15.0,0.424752,0.1353591498885925
2008-07-24,97.0,2.7467296,0.8753225026128981
2008-07-25,87.0,2.4635616,0.7850830693538364
2008-07-26,65.0,1.840592,0.5865563161839008
2008-07-27,60.0,1.699008,0.54143659955437
2008-07-28,77.0,2.1803936,0.6948436360947748
2008-07-29,76.0,2.1520768,0.6858196927688687
2008-07-30,52.0,1.4724736,0.46924505294712066
2008-07-31,41.0,1.1609888,0.3699816763621528
2008-08-01,30.0,0.849504,0.270718299777185
2008-08-02,26.0,0.7362368,0.23462252647356033
2008-08-03,23.0,0.6512864,0.20755069649584185
2008-08-04,19.0,0.5380192,0.17145492319221717
2008-08-05,16.0,0.4530688,0.14438309321449866
2008-08-06,14.0,0.3964352,0.12633520656268632
2008-08-07,12.0,0.3398016,0.108287319910874
2008-08-08,11.0,0.3114848,0.09926337658496784
2008-08-09,12.0,0.3398016,0.108287319910874
2008-08-10,12.0,0.3398016,0.108287319910874
2008-08-11,12.0,0.3398016,0.108287319910874
2008-08-12,13.0,0.3681184,0.11731126323678016
2008-08-13,75.0,2.12376,0.6767957494429624
2008-08-14,186.0,5.2669248,1.678453458618547
2008-08-15,193.0,5.4651423999999995,1.74162106189989
2008-08-16,188.0,5.3235584,1.6965013452703592
2008-08-17,171.0,4.8421728,1.5430943087299545
2008-08-18,155.0,4.389104,1.3987112155154557
2008-08-19,124.0,3.5112832,1.1189689724123646
2008-08-20,125.0,3.5396,1.1279929157382709
2008-08-21,147.0,4.1625696,1.3265196689082066
2008-08-22,156.0,4.4174208,1.407735158841362
2008-08-23,1160.0,32.847488,10.467774258051152
2008-08-24,2510.0,71.075168,22.65009774802448
2008-08-25,2440.0,69.092992,22.018421715211044
2008-08-26,1850.0,52.38608,16.694295152926408
2008-08-27,1310.0,37.095008,11.821365756937078
2008-08-28,883.0,25.0037344,7.968141956775145
2008-08-29,592.0,16.7635456,5.342174448936451
2008-08-30,438.0,12.4027584,3.9524871767469008
2008-08-31,325.0,9.20296,2.932781580919504
2008-09-01,249.0,7.0508831999999995,2.2469618881506355
2008-09-02,192.0,5.4368256,1.732597118573984
2008-09-03,162.0,4.5873216,1.461878818796799
2008-09-04,132.0,3.7378176,1.191160519019614
2008-09-05,106.0,3.0015808,0.9565379925460537
2008-09-06,87.0,2.4635616,0.7850830693538364
2008-09-07,79.0,2.2370272,0.7128915227465872
2008-09-08,74.0,2.0954432,0.6677718061170563
2008-09-09,70.0,1.982176,0.6316760328134317
2008-09-10,65.0,1.840592,0.5865563161839008
2008-09-11,54.0,1.5291071999999999,0.48729293959893294
2008-09-12,46.0,1.3025728,0.4151013929916837
2008-09-13,40.0,1.132672,0.3609577330362466
2008-09-14,33.0,0.9344544,0.2977901297549035
2008-09-15,28.0,0.7928704,0.25267041312537264
2008-09-16,24.0,0.6796032,0.216574639821748
2008-09-17,20.0,0.566336,0.1804788665181233
2008-09-18,16.0,0.4530688,0.14438309321449866
2008-09-19,13.0,0.3681184,0.11731126323678016
2008-09-20,10.0,0.283168,0.09023943325906165
2008-09-21,8.2,0.23219775999999998,0.07399633527243056
2008-09-22,6.8,0.19255424,0.06136281461616193
2008-09-23,5.9,0.16706912000000002,0.05324126562284639
2008-09-24,4.9,0.13875232,0.04421732229694022
2008-09-25,4.5,0.1274256,0.04060774496657775
2008-09-26,4.2,0.11893056,0.0379005619688059
2008-09-27,3.9,0.11043552,0.03519337897103405
2008-09-28,3.6,0.10194048,0.032486195973262195
2008-09-29,3.4,0.09627712,0.030681407308080964
2008-09-30,3.3,0.09344543999999999,0.029779012975490345
2008-10-01,3.2,0.09061376,0.028876618642899733
2008-10-02,3.1,0.08778208,0.027974224310309114
2008-10-03,8.4,0.23786112,0.0758011239376118
2008-10-04,11.0,0.3114848,0.09926337658496784
2008-10-05,11.0,0.3114848,0.09926337658496784
2008-10-06,5.7,0.16140576,0.05143647695766515
2008-10-07,8.4,0.23786112,0.0758011239376118
2008-10-08,16.0,0.4530688,0.14438309321449866
2008-10-09,43.0,1.2176224,0.38802956301396513
2008-10-10,35.0,0.991088,0.3158380164067158
2008-10-11,27.0,0.7645535999999999,0.24364646979946647
2008-10-12,25.0,0.70792,0.22559858314765416
2008-10-13,22.0,0.6229696,0.19852675316993568
2008-10-14,19.0,0.5380192,0.17145492319221717
2008-10-15,11.0,0.3114848,0.09926337658496784
2008-10-16,3.2,0.09061376,0.028876618642899733
2008-10-17,2.9,0.08211871999999999,0.02616943564512788
2008-10-18,2.6,0.07362368,0.023462252647356033
2008-10-19,2.4,0.06796031999999999,0.021657463982174795
2008-10-20,2.2,0.062296960000000005,0.019852675316993567
2008-10-21,2.1,0.05946528,0.01895028098440295
2008-10-22,2.1,0.05946528,0.01895028098440295
2008-10-23,2.1,0.05946528,0.01895028098440295
2008-10-24,5.1,0.14441568,0.04602211096212144
2008-10-25,21.0,0.5946528,0.18950280984402948
2008-10-26,20.0,0.566336,0.1804788665181233
2008-10-27,11.0,0.3114848,0.09926337658496784
2008-10-28,12.0,0.3398016,0.108287319910874
2008-10-29,11.0,0.3114848,0.09926337658496784
2008-10-30,9.0,0.2548512,0.0812154899331555
2008-10-31,7.4,0.20954432,0.06677718061170564
2008-11-01,6.0,0.1699008,0.054143659955437
2008-11-02,5.2,0.14724736,0.046924505294712066
2008-11-03,4.8,0.13592063999999998,0.04331492796434959
2008-11-04,4.4,0.12459392000000001,0.039705350633987134
2008-11-05,4.0,0.1132672,0.036095773303624665
2008-11-06,3.7,0.10477216,0.03338859030585282
2008-11-07,3.4,0.09627712,0.030681407308080964
2008-11-08,3.2,0.09061376,0.028876618642899733
2008-11-09,3.0,0.0849504,0.0270718299777185
2008-11-10,2.9,0.08211871999999999,0.02616943564512788
2008-11-11,2.7,0.07645536,0.02436464697994665
2008-11-12,2.6,0.07362368,0.023462252647356033
2008-11-13,2.6,0.07362368,0.023462252647356033
2008-11-14,4.9,0.13875232,0.04421732229694022
2008-11-15,59.0,1.6706912,0.5324126562284638
2008-11-16,745.0,21.096016,6.722837777800094
2008-11-17,951.0,26.9292768,8.581770102936764
2008-11-18,720.0,20.388096,6.49723919465244
2008-11-19,478.0,13.5354304,4.313444909783147
2008-11-20,347.0,9.8259296,3.13130833408944
2008-11-21,270.0,7.645536,2.4364646979946647
2008-11-22,217.0,6.1447456,1.9581957017216383
2008-11-23,177.0,5.0120736,1.5972379686853915
2008-11-24,147.0,4.1625696,1.3265196689082066
2008-11-25,124.0,3.5112832,1.1189689724123646
2008-11-26,105.0,2.973264,0.9475140492201475
2008-11-27,91.0,2.5768288,0.8211788426574611
2008-11-28,80.0,2.265344,0.7219154660724932
2008-11-29,73.0,2.0671264,0.65874786279115
2008-11-30,98.0,2.7750464,0.8843464459388043
2008-12-01,130.0,3.681184,1.1731126323678016
2008-12-02,155.0,4.389104,1.3987112155154557
2008-12-03,165.0,4.6722719999999995,1.4889506487745172
2008-12-04,160.0,4.530688,1.4438309321449865
2008-12-05,154.0,4.3607872,1.3896872721895497
2008-12-06,152.0,4.3041536,1.3716393855377373
2008-12-07,144.0,4.0776192,1.299447838930488
2008-12-08,133.0,3.7661344,1.20018446234552
2008-12-09,121.0,3.4263328,1.0918971424346462
2008-12-10,109.0,3.0865312,0.9836098225237722
2008-12-11,139.0,3.9360352,1.2543281223009572
2008-12-12,209.0,5.9182112,1.8860041551143887
2008-12-13,239.0,6.7677152,2.1567224548915735
2008-12-14,239.0,6.7677152,2.1567224548915735
2008-12-15,219.0,6.2013792,1.9762435883734504
2008-12-16,197.0,5.5784096,1.7777168352035146
2008-12-17,175.0,4.95544,1.5791900820335791
2008-12-18,155.0,4.389104,1.3987112155154557
2008-12-19,138.0,3.9077184,1.245304178975051
2008-12-20,123.0,3.4829664,1.1099450290864585
2008-12-21,110.0,3.114848,0.9926337658496782
2008-12-22,96.0,2.7184128,0.866298559286992
2008-12-23,85.0,2.406928,0.7670351827020242
2008-12-24,76.0,2.1520768,0.6858196927688687
2008-12-25,69.0,1.9538592,0.6226520894875255
2008-12-26,64.0,1.8122752,0.5775323728579946
2008-12-27,59.0,1.6706912,0.5324126562284638
2008-12-28,54.0,1.5291071999999999,0.48729293959893294
2008-12-29,49.0,1.3875232,0.44217322296940215
2008-12-30,45.0,1.274256,0.4060774496657775
2008-12-31,40.0,1.132672,0.3609577330362466
2009-01-01,35.0,0.991088,0.3158380164067158
2009-01-02,32.0,0.9061376,0.2887661864289973
2009-01-03,29.0,0.8211872,0.2616943564512788
2009-01-04,29.0,0.8211872,0.2616943564512788
2009-01-05,32.0,0.9061376,0.2887661864289973
2009-01-06,35.0,0.991088,0.3158380164067158
2009-01-07,37.0,1.0477216,0.33388590305852817
2009-01-08,36.0,1.0194048,0.324861959732622
2009-01-09,33.0,0.9344544,0.2977901297549035
2009-01-10,30.0,0.849504,0.270718299777185
2009-01-11,29.0,0.8211872,0.2616943564512788
2009-01-12,29.0,0.8211872,0.2616943564512788
2009-01-13,29.0,0.8211872,0.2616943564512788
2009-01-14,28.0,0.7928704,0.25267041312537264
2009-01-15,26.0,0.7362368,0.23462252647356033
2009-01-16,23.0,0.6512864,0.20755069649584185
2009-01-17,21.0,0.5946528,0.18950280984402948
2009-01-18,20.0,0.566336,0.1804788665181233
2009-01-19,25.0,0.70792,0.22559858314765416
2009-01-20,33.0,0.9344544,0.2977901297549035
2009-01-21,36.0,1.0194048,0.324861959732622
2009-01-22,35.0,0.991088,0.3158380164067158
2009-01-23,33.0,0.9344544,0.2977901297549035
2009-01-24,31.0,0.8778208,0.27974224310309115
2009-01-25,29.0,0.8211872,0.2616943564512788
2009-01-26,27.0,0.7645535999999999,0.24364646979946647
2009-01-27,28.0,0.7928704,0.25267041312537264
2009-01-28,30.0,0.849504,0.270718299777185
2009-01-29,33.0,0.9344544,0.2977901297549035
2009-01-30,34.0,0.9627711999999999,0.30681407308080966
2009-01-31,30.0,0.849504,0.270718299777185
2009-02-01,27.0,0.7645535999999999,0.24364646979946647
2009-02-02,24.0,0.6796032,0.216574639821748
2009-02-03,22.0,0.6229696,0.19852675316993568
2009-02-04,19.0,0.5380192,0.17145492319221717
2009-02-05,17.0,0.48138559999999997,0.15340703654040483
2009-02-06,16.0,0.4530688,0.14438309321449866
2009-02-07,14.0,0.3964352,0.12633520656268632
2009-02-08,13.0,0.3681184,0.11731126323678016
2009-02-09,12.0,0.3398016,0.108287319910874
2009-02-10,11.0,0.3114848,0.09926337658496784
2009-02-11,11.0,0.3114848,0.09926337658496784
2009-02-12,10.0,0.283168,0.09023943325906165
2009-02-13,9.4,0.26617792,0.08482506726351796
2009-02-14,18.0,0.5097024,0.162430979866311
2009-02-15,59.0,1.6706912,0.5324126562284638
2009-02-16,78.0,2.2087104,0.703867579420681
2009-02-17,82.0,2.3219776,0.7399633527243056
2009-02-18,76.0,2.1520768,0.6858196927688687
2009-02-19,80.0,2.265344,0.7219154660724932
2009-02-20,96.0,2.7184128,0.866298559286992
2009-02-21,92.0,2.6051456,0.8302027859833674
2009-02-22,86.0,2.4352448,0.7760591260279303
2009-02-23,77.0,2.1803936,0.6948436360947748
2009-02-24,67.0,1.8972256,0.6046042028357131
2009-02-25,59.0,1.6706912,0.5324126562284638
2009-02-26,52.0,1.4724736,0.46924505294712066
2009-02-27,46.0,1.3025728,0.4151013929916837
2009-02-28,41.0,1.1609888,0.3699816763621528
2009-03-01,38.0,1.0760384,0.34290984638443434
2009-03-02,45.0,1.274256,0.4060774496657775
2009-03-03,44.0,1.2459392,0.39705350633987135
2009-03-04,38.0,1.0760384,0.34290984638443434
2009-03-05,33.0,0.9344544,0.2977901297549035
2009-03-06,28.0,0.7928704,0.25267041312537264
2009-03-07,25.0,0.70792,0.22559858314765416
2009-03-08,21.0,0.5946528,0.18950280984402948
2009-03-09,19.0,0.5380192,0.17145492319221717
2009-03-10,16.0,0.4530688,0.14438309321449866
2009-03-11,14.0,0.3964352,0.12633520656268632
2009-03-12,12.0,0.3398016,0.108287319910874
2009-03-13,11.0,0.3114848,0.09926337658496784
2009-03-14,9.2,0.26051455999999995,0.08302027859833672
2009-03-15,8.1,0.22936608,0.07309394093983995
2009-03-16,7.9,0.22370272,0.07128915227465871
2009-03-17,8.6,0.24352448,0.07760591260279302
2009-03-18,7.6,0.21520767999999998,0.06858196927688685
2009-03-19,6.9,0.19538592000000002,0.06226520894875255
2009-03-20,6.0,0.1699008,0.054143659955437
2009-03-21,5.3,0.15007904,0.04782689962730268
2009-03-22,4.7,0.13308896,0.04241253363175898
2009-03-23,4.2,0.11893056,0.0379005619688059
2009-03-24,3.9,0.11043552,0.03519337897103405
2009-03-25,3.5,0.0991088,0.03158380164067158
2009-03-26,4.2,0.11893056,0.0379005619688059
2009-03-27,27.0,0.7645535999999999,0.24364646979946647
2009-03-28,138.0,3.9077184,1.245304178975051
2009-03-29,216.0,6.1164287999999996,1.9491717583957318
2009-03-30,269.0,7.6172192,2.427440754668759
2009-03-31,263.0,7.4473184,2.373297094713322
2009-04-01,667.0,18.8873056,6.018970198379414
2009-04-02,1730.0,48.988064,15.611421953817668
2009-04-03,3580.0,101.374144,32.305717106744076
2009-04-04,3710.0,105.055328,33.47882973911188
2009-04-05,2910.0,82.401888,26.259675078386945
2009-04-06,2060.0,58.332608,18.589323251366704
2009-04-07,1370.0,38.794016,12.362802356491448
2009-04-08,842.0,23.8427456,7.598160280412992
2009-04-09,581.0,16.452060799999998,5.2429110723514825
2009-04-10,437.0,12.374441599999999,3.9434632334209945
2009-04-11,339.0,9.5993952,3.0591167874821905
2009-04-12,269.0,7.6172192,2.427440754668759
2009-04-13,238.0,6.7393984,2.1476985115656677
2009-04-14,538.0,15.2344384,4.854881509337518
2009-04-15,576.0,16.3104768,5.197791355721952
2009-04-16,498.0,14.101766399999999,4.493923776301271
2009-04-17,400.0,11.32672,3.6095773303624665
2009-04-18,317.0,8.9764256,2.860590034312255
2009-04-19,253.0,7.1641504,2.28305766145426
2009-04-20,206.0,5.8332608,1.8589323251366703
2009-04-21,167.0,4.7289056,1.5069985354263298
2009-04-22,133.0,3.7661344,1.20018446234552
2009-04-23,107.0,3.0298976,0.9655619358719598
2009-04-24,86.0,2.4352448,0.7760591260279303
2009-04-25,69.0,1.9538592,0.6226520894875255
2009-04-26,55.0,1.557424,0.4963168829248391
2009-04-27,43.0,1.2176224,0.38802956301396513
2009-04-28,34.0,0.9627711999999999,0.30681407308080966
2009-04-29,27.0,0.7645535999999999,0.24364646979946647
2009-04-30,22.0,0.6229696,0.19852675316993568
2009-05-01,17.0,0.48138559999999997,0.15340703654040483
2009-05-02,13.0,0.3681184,0.11731126323678016
2009-05-03,10.0,0.283168,0.09023943325906165
2009-05-04,8.4,0.23786112,0.0758011239376118
2009-05-05,7.2,0.20388096,0.06497239194652439
2009-05-06,7.2,0.20388096,0.06497239194652439
2009-05-07,7.1,0.20104928,0.06406999761393378
2009-05-08,5.9,0.16706912000000002,0.05324126562284639
2009-05-09,5.2,0.14724736,0.046924505294712066
2009-05-10,4.7,0.13308896,0.04241253363175898
2009-05-11,4.4,0.12459392000000001,0.039705350633987134
2009-05-12,4.1,0.11609887999999999,0.03699816763621528
2009-05-13,3.8,0.10760383999999999,0.03429098463844343
2009-05-14,4.1,0.11609887999999999,0.03699816763621528
2009-05-15,4.2,0.11893056,0.0379005619688059
2009-05-16,3.9,0.11043552,0.03519337897103405
2009-05-17,15.0,0.424752,0.1353591498885925
2009-05-18,14.0,0.3964352,0.12633520656268632
2009-05-19,14.0,0.3964352,0.12633520656268632
2009-05-20,11.0,0.3114848,0.09926337658496784
2009-05-21,9.3,0.26334624,0.08392267293092735
2009-05-22,8.5,0.24069279999999998,0.07670351827020241
2009-05-23,8.1,0.22936608,0.07309394093983995
2009-05-24,9.7,0.27467295999999997,0.0875322502612898
2009-05-25,10.0,0.283168,0.09023943325906165
2009-05-26,38.0,1.0760384,0.34290984638443434
2009-05-27,230.0,6.5128639999999995,2.075506964958418
2009-05-28,633.0,17.9245344,5.712156125298603
2009-05-29,699.0,19.7934432,6.30773638480841
2009-05-30,635.0,17.981168,5.730204011950415
2009-05-31,481.0,13.6203808,4.340516739760866
2009-06-01,346.0,9.7976128,3.1222843907635336
2009-06-02,261.0,7.3906848,2.3552492080615095
2009-06-03,200.0,5.66336,1.8047886651812333
2009-06-04,182.0,5.1536576,1.6423576853149222
2009-06-05,336.0,9.5144448,3.0320449575044717
2009-06-06,497.0,14.0734496,4.484899832975365
2009-06-07,473.0,13.3938464,4.268325193153617
2009-06-08,388.0,10.9869184,3.5012900104515925
2009-06-09,303.0,8.5799904,2.7342548277495684
2009-06-10,249.0,7.0508831999999995,2.2469618881506355
2009-06-11,200.0,5.66336,1.8047886651812333
2009-06-12,153.0,4.3324704,1.3806633288636434
2009-06-13,116.0,3.2847488,1.0467774258051152
2009-06-14,88.0,2.4918784,0.7941070126797427
2009-06-15,69.0,1.9538592,0.6226520894875255
2009-06-16,57.0,1.6140576,0.5143647695766514
2009-06-17,47.0,1.3308896,0.4241253363175898
2009-06-18,38.0,1.0760384,0.34290984638443434
2009-06-19,30.0,0.849504,0.270718299777185
2009-06-20,23.0,0.6512864,0.20755069649584185
2009-06-21,17.0,0.48138559999999997,0.15340703654040483
2009-06-22,13.0,0.3681184,0.11731126323678016
2009-06-23,10.0,0.283168,0.09023943325906165
2009-06-24,8.3,0.23502944,0.07489872960502118
2009-06-25,10.0,0.283168,0.09023943325906165
2009-06-26,8.1,0.22936608,0.07309394093983995
2009-06-27,7.2,0.20388096,0.06497239194652439
2009-06-28,17.0,0.48138559999999997,0.15340703654040483
2009-06-29,17.0,0.48138559999999997,0.15340703654040483
2009-06-30,18.0,0.5097024,0.162430979866311
2009-07-01,16.0,0.4530688,0.14438309321449866
2009-07-02,13.0,0.3681184,0.11731126323678016
2009-07-03,13.0,0.3681184,0.11731126323678016
2009-07-04,11.0,0.3114848,0.09926337658496784
2009-07-05,9.6,0.27184127999999996,0.08662985592869918
2009-07-06,11.0,0.3114848,0.09926337658496784
2009-07-07,12.0,0.3398016,0.108287319910874
2009-07-08,18.0,0.5097024,0.162430979866311
2009-07-09,17.0,0.48138559999999997,0.15340703654040483
2009-07-10,19.0,0.5380192,0.17145492319221717
2009-07-11,19.0,0.5380192,0.17145492319221717
2009-07-12,17.0,0.48138559999999997,0.15340703654040483
2009-07-13,32.0,0.9061376,0.2887661864289973
2009-07-14,39.0,1.1043552,0.3519337897103405
2009-07-15,112.0,3.1714816,1.0106816525014906
2009-07-16,87.0,2.4635616,0.7850830693538364
2009-07-17,75.0,2.12376,0.6767957494429624
2009-07-18,71.0,2.0104928,0.6406999761393378
2009-07-19,73.0,2.0671264,0.65874786279115
2009-07-20,64.0,1.8122752,0.5775323728579946
2009-07-21,57.0,1.6140576,0.5143647695766514
2009-07-22,50.0,1.41584,0.4511971662953083
2009-07-23,44.0,1.2459392,0.39705350633987135
2009-07-24,39.0,1.1043552,0.3519337897103405
2009-07-25,36.0,1.0194048,0.324861959732622
2009-07-26,38.0,1.0760384,0.34290984638443434
2009-07-27,36.0,1.0194048,0.324861959732622
2009-07-28,35.0,0.991088,0.3158380164067158
2009-07-29,40.0,1.132672,0.3609577330362466
2009-07-30,42.0,1.1893056,0.37900561968805896
2009-07-31,44.0,1.2459392,0.39705350633987135
2009-08-01,51.0,1.4441568,0.4602211096212145
2009-08-02,61.0,1.7273247999999999,0.5504605428802761
2009-08-03,74.0,2.0954432,0.6677718061170563
2009-08-04,102.0,2.8883136,0.920442219242429
2009-08-05,147.0,4.1625696,1.3265196689082066
2009-08-06,138.0,3.9077184,1.245304178975051
2009-08-07,118.0,3.3413824,1.0648253124569276
2009-08-08,108.0,3.0582143999999998,0.9745858791978659
2009-08-09,159.0,4.5023712,1.4348069888190804
2009-08-10,158.0,4.4740544,1.4257830454931744
2009-08-11,143.0,4.0493024,1.290423895604582
2009-08-12,181.0,5.1253408,1.6333337419890162
2009-08-13,150.0,4.24752,1.3535914988859248
2009-08-14,146.0,4.1342528,1.3174957255823
2009-08-15,128.0,3.6245504,1.1550647457159893
2009-08-16,132.0,3.7378176,1.191160519019614
2009-08-17,174.0,4.9271232,1.5701661387076729
2009-08-18,176.0,4.9837568,1.5882140253594854
2009-08-19,159.0,4.5023712,1.4348069888190804
2009-08-20,262.0,7.4190016,2.3642731513874153
2009-08-21,309.0,8.7498912,2.7883984877050056
2009-08-22,282.0,7.9853376,2.544752017905539
2009-08-23,213.0,6.0314784,1.9220999284180136
2009-08-24,166.0,4.7005888,1.4979745921004237
2009-08-25,139.0,3.9360352,1.2543281223009572
2009-08-26,109.0,3.0865312,0.9836098225237722
2009-08-27,99.0,2.8033632,0.8933703892647106
2009-08-28,132.0,3.7378176,1.191160519019614
2009-08-29,134.0,3.7944512,1.2092084056714263
2009-08-30,122.0,3.4546495999999998,1.1009210857605523
2009-08-31,110.0,3.114848,0.9926337658496782
2009-09-01,94.0,2.6617792,0.8482506726351796
2009-09-02,94.0,2.6617792,0.8482506726351796
2009-09-03,108.0,3.0582143999999998,0.9745858791978659
2009-09-04,99.0,2.8033632,0.8933703892647106
2009-09-05,81.0,2.2936608,0.7309394093983995
2009-09-06,68.0,1.9255423999999999,0.6136281461616193
2009-09-07,59.0,1.6706912,0.5324126562284638
2009-09-08,50.0,1.41584,0.4511971662953083
2009-09-09,44.0,1.2459392,0.39705350633987135
2009-09-10,41.0,1.1609888,0.3699816763621528
2009-09-11,38.0,1.0760384,0.34290984638443434
2009-09-12,38.0,1.0760384,0.34290984638443434
2009-09-13,49.0,1.3875232,0.44217322296940215
2009-09-14,53.0,1.5007904,0.4782689962730268
2009-09-15,66.0,1.8689088,0.595580259509807
2009-09-16,78.0,2.2087104,0.703867579420681
2009-09-17,84.0,2.3786112,0.7580112393761179
2009-09-18,122.0,3.4546495999999998,1.1009210857605523
2009-09-19,114.0,3.2281152,1.028729539153303
2009-09-20,95.0,2.690096,0.8572746159610858
2009-09-21,77.0,2.1803936,0.6948436360947748
2009-09-22,64.0,1.8122752,0.5775323728579946
2009-09-23,51.0,1.4441568,0.4602211096212145
2009-09-24,43.0,1.2176224,0.38802956301396513
2009-09-25,36.0,1.0194048,0.324861959732622
2009-09-26,31.0,0.8778208,0.27974224310309115
2009-09-27,26.0,0.7362368,0.23462252647356033
2009-09-28,21.0,0.5946528,0.18950280984402948
2009-09-29,20.0,0.566336,0.1804788665181233
2009-09-30,28.0,0.7928704,0.25267041312537264
2009-10-01,23.0,0.6512864,0.20755069649584185
2009-10-02,21.0,0.5946528,0.18950280984402948
2009-10-03,19.0,0.5380192,0.17145492319221717
2009-10-04,18.0,0.5097024,0.162430979866311
2009-10-05,17.0,0.48138559999999997,0.15340703654040483
2009-10-06,16.0,0.4530688,0.14438309321449866
2009-10-07,17.0,0.48138559999999997,0.15340703654040483
2009-10-08,17.0,0.48138559999999997,0.15340703654040483
2009-10-09,16.0,0.4530688,0.14438309321449866
2009-10-10,15.0,0.424752,0.1353591498885925
2009-10-11,14.0,0.3964352,0.12633520656268632
2009-10-12,13.0,0.3681184,0.11731126323678016
2009-10-13,17.0,0.48138559999999997,0.15340703654040483
2009-10-14,24.0,0.6796032,0.216574639821748
2009-10-15,43.0,1.2176224,0.38802956301396513
2009-10-16,59.0,1.6706912,0.5324126562284638
2009-10-17,78.0,2.2087104,0.703867579420681
2009-10-18,88.0,2.4918784,0.7941070126797427
2009-10-19,89.0,2.5201952,0.8031309560056488
2009-10-20,80.0,2.265344,0.7219154660724932
2009-10-21,69.0,1.9538592,0.6226520894875255
2009-10-22,53.0,1.5007904,0.4782689962730268
2009-10-23,42.0,1.1893056,0.37900561968805896
2009-10-24,38.0,1.0760384,0.34290984638443434
2009-10-25,34.0,0.9627711999999999,0.30681407308080966
2009-10-26,31.0,0.8778208,0.27974224310309115
2009-10-27,27.0,0.7645535999999999,0.24364646979946647
2009-10-28,32.0,0.9061376,0.2887661864289973
2009-10-29,39.0,1.1043552,0.3519337897103405
2009-10-30,51.0,1.4441568,0.4602211096212145
2009-10-31,51.0,1.4441568,0.4602211096212145
2009-11-01,46.0,1.3025728,0.4151013929916837
2009-11-02,42.0,1.1893056,0.37900561968805896
2009-11-03,35.0,0.991088,0.3158380164067158
2009-11-04,28.0,0.7928704,0.25267041312537264
2009-11-05,24.0,0.6796032,0.216574639821748
2009-11-06,21.0,0.5946528,0.18950280984402948
2009-11-07,18.0,0.5097024,0.162430979866311
2009-11-08,15.0,0.424752,0.1353591498885925
2009-11-09,13.0,0.3681184,0.11731126323678016
2009-11-10,19.0,0.5380192,0.17145492319221717
2009-11-11,49.0,1.3875232,0.44217322296940215
2009-11-12,68.0,1.9255423999999999,0.6136281461616193
2009-11-13,75.0,2.12376,0.6767957494429624
2009-11-14,70.0,1.982176,0.6316760328134317
2009-11-15,62.0,1.7556416,0.5594844862061823
2009-11-16,55.0,1.557424,0.4963168829248391
2009-11-17,48.0,1.3592064,0.433149279643496
2009-11-18,43.0,1.2176224,0.38802956301396513
2009-11-19,38.0,1.0760384,0.34290984638443434
2009-11-20,34.0,0.9627711999999999,0.30681407308080966
2009-11-21,30.0,0.849504,0.270718299777185
2009-11-22,38.0,1.0760384,0.34290984638443434
2009-11-23,57.0,1.6140576,0.5143647695766514
2009-11-24,59.0,1.6706912,0.5324126562284638
2009-11-25,59.0,1.6706912,0.5324126562284638
2009-11-26,55.0,1.557424,0.4963168829248391
2009-11-27,49.0,1.3875232,0.44217322296940215
2009-11-28,44.0,1.2459392,0.39705350633987135
2009-11-29,39.0,1.1043552,0.3519337897103405
2009-11-30,35.0,0.991088,0.3158380164067158
2009-12-01,34.0,0.9627711999999999,0.30681407308080966
2009-12-02,460.0,13.025727999999999,4.151013929916836
2009-12-03,1580.0,44.740544,14.257830454931742
2009-12-04,2350.0,66.54448,21.206266815879488
2009-12-05,2130.0,60.314783999999996,19.220999284180134
2009-12-06,1640.0,46.439552,14.799267054486112
2009-12-07,1160.0,32.847488,10.467774258051152
2009-12-08,815.0,23.078192,7.354513810613526
2009-12-09,626.0,17.7263168,5.64898852201726
2009-12-10,517.0,14.6397856,4.665378699493488
2009-12-11,425.0,12.03464,3.8351759135101204
2009-12-12,545.0,15.432656,4.918049112618861
2009-12-13,1070.0,30.298976,9.655619358719598
2009-12-14,1300.0,36.81184,11.731126323678016
2009-12-15,1260.0,35.679168,11.370168590641768
2009-12-16,1030.0,29.166304,9.294661625683352
2009-12-17,775.0,21.94552,6.993556077577279
2009-12-18,700.0,19.82176,6.3167603281343165
2009-12-19,748.0,21.1809664,6.749909607777812
2009-12-20,684.0,19.3686912,6.172377234919818
2009-12-21,588.0,16.6502784,5.306078675632826
2009-12-22,477.0,13.5071136,4.304420966457242
2009-12-23,388.0,10.9869184,3.5012900104515925
2009-12-24,326.0,9.2312768,2.94180552424541
2009-12-25,383.0,10.8453344,3.456170293822062
2009-12-26,442.0,12.516025599999999,3.9885829500505254
2009-12-27,438.0,12.4027584,3.9524871767469008
2009-12-28,394.0,11.1568192,3.5554336704070293
2009-12-29,342.0,9.6843456,3.086188617459909
2009-12-30,294.0,8.3251392,2.653039337816413
2009-12-31,259.0,7.3340512,2.337201321409697
2010-01-01,229.0,6.4845472,2.066483021632512
2010-01-02,203.0,5.7483104,1.8318604951589519
2010-01-03,178.0,5.0403904,1.6062619120112975
2010-01-04,160.0,4.530688,1.4438309321449865
2010-01-05,139.0,3.9360352,1.2543281223009572
2010-01-06,123.0,3.4829664,1.1099450290864585
2010-01-07,109.0,3.0865312,0.9836098225237722
2010-01-08,99.0,2.8033632,0.8933703892647106
2010-01-09,93.0,2.6334624,0.8392267293092734
2010-01-10,86.0,2.4352448,0.7760591260279303
2010-01-11,79.0,2.2370272,0.7128915227465872
2010-01-12,73.0,2.0671264,0.65874786279115
2010-01-13,68.0,1.9255423999999999,0.6136281461616193
2010-01-14,63.0,1.7839584,0.5685084295320885
2010-01-15,58.0,1.6423744,0.5233887129025576
2010-01-16,116.0,3.2847488,1.0467774258051152
2010-01-17,482.0,13.6486976,4.349540683086772
2010-01-18,561.0,15.8857248,5.0624322058333595
2010-01-19,546.0,15.4609728,4.927073055944767
2010-01-20,474.0,13.4221632,4.277349136479523
2010-01-21,1390.0,39.360352,12.54328122300957
2010-01-22,3300.0,93.44544,29.77901297549035
2010-01-23,3080.0,87.215744,27.793745443790993
2010-01-24,2350.0,66.54448,21.206266815879488
2010-01-25,1610.0,45.590047999999996,14.528548754708927
2010-01-26,1040.0,29.449472,9.384901058942413
2010-01-27,710.0,20.104928,6.4069997613933785
2010-01-28,533.0,15.0928544,4.809761792707986
2010-01-29,415.0,11.751472,3.744936480251059
2010-01-30,416.0,11.7797888,3.7539604235769652
2010-01-31,443.0,12.5443424,3.9976068933764317
2010-02-01,406.0,11.4966208,3.6637209903179038
2010-02-02,377.0,10.6754336,3.4020266338666247
2010-02-03,345.0,9.769296,3.1132604474376278
2010-02-04,303.0,8.5799904,2.7342548277495684
2010-02-05,439.0,12.4310752,3.961511120072807
2010-02-06,783.0,22.1720544,7.065747624184528
2010-02-07,838.0,23.7294784,7.562064507109368
2010-02-08,747.0,21.1526496,6.740885664451906
2010-02-09,635.0,17.981168,5.730204011950415
2010-02-10,591.0,16.735228799999998,5.3331505056105435
2010-02-11,518.0,14.6681024,4.674402642819394
2010-02-12,528.0,14.9512704,4.764642076078456
2010-02-13,685.0,19.397008,6.181401178245724
2010-02-14,695.0,19.680176,6.271640611504785
2010-02-15,619.0,17.5280992,5.585820918735917
2010-02-16,522.0,14.7813696,4.710498416123019
2010-02-17,431.0,12.2045408,3.8893195734655577
2010-02-18,357.0,10.1090976,3.2215477673485013
2010-02-19,301.0,8.5233568,2.7162069410977563
2010-02-20,255.0,7.220784,2.3011055481060723
2010-02-21,216.0,6.1164287999999996,1.9491717583957318
2010-02-22,210.0,5.946528,1.895028098440295
2010-02-23,286.0,8.0986048,2.580847791209164
2010-02-24,345.0,9.769296,3.1132604474376278
2010-02-25,325.0,9.20296,2.932781580919504
2010-02-26,284.0,8.0419712,2.5627999045573513
2010-02-27,249.0,7.0508831999999995,2.2469618881506355
2010-02-28,216.0,6.1164287999999996,1.9491717583957318
2010-03-01,186.0,5.2669248,1.678453458618547
2010-03-02,247.0,6.9942496,2.228914001498823
2010-03-03,305.0,8.636624,2.7523027144013805
2010-03-04,295.0,8.353456,2.662063281142319
2010-03-05,266.0,7.5322688,2.40036892469104
2010-03-06,229.0,6.4845472,2.066483021632512
2010-03-07,197.0,5.5784096,1.7777168352035146
2010-03-08,168.0,4.7572224,1.5160224787522358
2010-03-09,145.0,4.105936,1.308471782256394
2010-03-10,126.0,3.5679168,1.137016859064177
2010-03-11,602.0,17.0467136,5.432413882195513
2010-03-12,1100.0,31.14848,9.926337658496783
2010-03-13,1120.0,31.714816,10.106816525014906
2010-03-14,965.0,27.325712,8.70810530949945
2010-03-15,739.0,20.926115199999998,6.668694117844656
2010-03-16,570.0,16.140576,5.143647695766514
2010-03-17,449.0,12.7142432,4.0517505533318685
2010-03-18,378.0,10.7037504,3.411050577192531
2010-03-19,319.0,9.0330592,2.878637920964067
2010-03-20,267.0,7.5605856,2.4093928680169463
2010-03-21,228.0,6.4562304,2.057459078306606
2010-03-22,199.0,5.6350432,1.7957647218553272
2010-03-23,172.0,4.8704896,1.5521182520558605
2010-03-24,146.0,4.1342528,1.3174957255823
2010-03-25,131.0,3.7095008,1.1821365756937077
2010-03-26,201.0,5.6916768,1.8138126085071393
2010-03-27,206.0,5.8332608,1.8589323251366703
2010-03-28,191.0,5.4085088,1.7235731752480778
2010-03-29,170.0,4.813856,1.5340703654040484
2010-03-30,146.0,4.1342528,1.3174957255823
2010-03-31,123.0,3.4829664,1.1099450290864585
2010-04-01,103.0,2.9166304,0.9294661625683351
2010-04-02,87.0,2.4635616,0.7850830693538364
2010-04-03,74.0,2.0954432,0.6677718061170563
2010-04-04,63.0,1.7839584,0.5685084295320885
2010-04-05,54.0,1.5291071999999999,0.48729293959893294
2010-04-06,46.0,1.3025728,0.4151013929916837
2010-04-07,39.0,1.1043552,0.3519337897103405
2010-04-08,33.0,0.9344544,0.2977901297549035
2010-04-09,51.0,1.4441568,0.4602211096212145
2010-04-10,59.0,1.6706912,0.5324126562284638
2010-04-11,75.0,2.12376,0.6767957494429624
2010-04-12,77.0,2.1803936,0.6948436360947748
2010-04-13,72.0,2.0388096,0.649723919465244
2010-04-14,64.0,1.8122752,0.5775323728579946
2010-04-15,55.0,1.557424,0.4963168829248391
2010-04-16,47.0,1.3308896,0.4241253363175898
2010-04-17,39.0,1.1043552,0.3519337897103405
2010-04-18,32.0,0.9061376,0.2887661864289973
2010-04-19,26.0,0.7362368,0.23462252647356033
2010-04-20,21.0,0.5946528,0.18950280984402948
2010-04-21,19.0,0.5380192,0.17145492319221717
2010-04-22,16.0,0.4530688,0.14438309321449866
2010-04-23,13.0,0.3681184,0.11731126323678016
2010-04-24,10.0,0.283168,0.09023943325906165
2010-04-25,11.0,0.3114848,0.09926337658496784
2010-04-26,11.0,0.3114848,0.09926337658496784
2010-04-27,8.5,0.24069279999999998,0.07670351827020241
2010-04-28,8.1,0.22936608,0.07309394093983995
2010-04-29,7.7,0.21803936000000002,0.06948436360947749
2010-04-30,7.1,0.20104928,0.06406999761393378
2010-05-01,8.4,0.23786112,0.0758011239376118
2010-05-02,8.6,0.24352448,0.07760591260279302
2010-05-03,7.9,0.22370272,0.07128915227465871
2010-05-04,27.0,0.7645535999999999,0.24364646979946647
2010-05-05,73.0,2.0671264,0.65874786279115
2010-05-06,75.0,2.12376,0.6767957494429624
2010-05-07,70.0,1.982176,0.6316760328134317
2010-05-08,60.0,1.699008,0.54143659955437
2010-05-09,65.0,1.840592,0.5865563161839008
2010-05-10,50.0,1.41584,0.4511971662953083
2010-05-11,40.0,1.132672,0.3609577330362466
2010-05-12,31.0,0.8778208,0.27974224310309115
2010-05-13,23.0,0.6512864,0.20755069649584185
2010-05-14,18.0,0.5097024,0.162430979866311
2010-05-15,14.0,0.3964352,0.12633520656268632
2010-05-16,11.0,0.3114848,0.09926337658496784
2010-05-17,8.6,0.24352448,0.07760591260279302
2010-05-18,7.0,0.1982176,0.06316760328134316
2010-05-19,5.8,0.16423743999999998,0.05233887129025576
2010-05-20,4.9,0.13875232,0.04421732229694022
2010-05-21,4.0,0.1132672,0.036095773303624665
2010-05-22,3.4,0.09627712,0.030681407308080964
2010-05-23,3.1,0.08778208,0.027974224310309114
2010-05-24,2.6,0.07362368,0.023462252647356033
2010-05-25,2.4,0.06796031999999999,0.021657463982174795
2010-05-26,2.2,0.062296960000000005,0.019852675316993567
2010-05-27,2.0,0.0566336,0.018047886651812332
2010-05-28,2.2,0.062296960000000005,0.019852675316993567
2010-05-29,2.7,0.07645536,0.02436464697994665
2010-05-30,3.2,0.09061376,0.028876618642899733
2010-05-31,3.0,0.0849504,0.0270718299777185
2010-06-01,4.7,0.13308896,0.04241253363175898
2010-06-02,8.5,0.24069279999999998,0.07670351827020241
2010-06-03,18.0,0.5097024,0.162430979866311
2010-06-04,28.0,0.7928704,0.25267041312537264
2010-06-05,29.0,0.8211872,0.2616943564512788
2010-06-06,49.0,1.3875232,0.44217322296940215
2010-06-07,82.0,2.3219776,0.7399633527243056
2010-06-08,102.0,2.8883136,0.920442219242429
2010-06-09,90.0,2.548512,0.812154899331555
2010-06-10,70.0,1.982176,0.6316760328134317
2010-06-11,54.0,1.5291071999999999,0.48729293959893294
2010-06-12,40.0,1.132672,0.3609577330362466
2010-06-13,29.0,0.8211872,0.2616943564512788
2010-06-14,25.0,0.70792,0.22559858314765416
2010-06-15,45.0,1.274256,0.4060774496657775
2010-06-16,40.0,1.132672,0.3609577330362466
2010-06-17,30.0,0.849504,0.270718299777185
2010-06-18,20.0,0.566336,0.1804788665181233
2010-06-19,17.0,0.48138559999999997,0.15340703654040483
2010-06-20,12.0,0.3398016,0.108287319910874
2010-06-21,11.0,0.3114848,0.09926337658496784
2010-06-22,11.0,0.3114848,0.09926337658496784
2010-06-23,8.6,0.24352448,0.07760591260279302
2010-06-24,6.8,0.19255424,0.06136281461616193
2010-06-25,5.8,0.16423743999999998,0.05233887129025576
2010-06-26,5.8,0.16423743999999998,0.05233887129025576
2010-06-27,5.1,0.14441568,0.04602211096212144
2010-06-28,4.9,0.13875232,0.04421732229694022
2010-06-29,4.8,0.13592063999999998,0.04331492796434959
2010-06-30,5.8,0.16423743999999998,0.05233887129025576
2010-07-01,7.7,0.21803936000000002,0.06948436360947749
2010-07-02,17.0,0.48138559999999997,0.15340703654040483
2010-07-03,39.0,1.1043552,0.3519337897103405
2010-07-04,30.0,0.849504,0.270718299777185
2010-07-05,26.0,0.7362368,0.23462252647356033
2010-07-06,23.0,0.6512864,0.20755069649584185
2010-07-07,18.0,0.5097024,0.162430979866311
2010-07-08,12.0,0.3398016,0.108287319910874
2010-07-09,8.1,0.22936608,0.07309394093983995
2010-07-10,5.7,0.16140576,0.05143647695766515
2010-07-11,5.2,0.14724736,0.046924505294712066
2010-07-12,5.2,0.14724736,0.046924505294712066
2010-07-13,18.0,0.5097024,0.162430979866311
2010-07-14,116.0,3.2847488,1.0467774258051152
2010-07-15,147.0,4.1625696,1.3265196689082066
2010-07-16,151.0,4.2758367999999995,1.362615442211831
2010-07-17,142.0,4.0209856,1.2813999522786756
2010-07-18,155.0,4.389104,1.3987112155154557
2010-07-19,170.0,4.813856,1.5340703654040484
2010-07-20,134.0,3.7944512,1.2092084056714263
2010-07-21,95.0,2.690096,0.8572746159610858
2010-07-22,67.0,1.8972256,0.6046042028357131
2010-07-23,45.0,1.274256,0.4060774496657775
2010-07-24,29.0,0.8211872,0.2616943564512788
2010-07-25,19.0,0.5380192,0.17145492319221717
2010-07-26,24.0,0.6796032,0.216574639821748
2010-07-27,59.0,1.6706912,0.5324126562284638
2010-07-28,57.0,1.6140576,0.5143647695766514
2010-07-29,38.0,1.0760384,0.34290984638443434
2010-07-30,24.0,0.6796032,0.216574639821748
2010-07-31,16.0,0.4530688,0.14438309321449866
2010-08-01,19.0,0.5380192,0.17145492319221717
2010-08-02,85.0,2.406928,0.7670351827020242
2010-08-03,112.0,3.1714816,1.0106816525014906
2010-08-04,133.0,3.7661344,1.20018446234552
2010-08-05,123.0,3.4829664,1.1099450290864585
2010-08-06,203.0,5.7483104,1.8318604951589519
2010-08-07,225.0,6.37128,2.0303872483288874
2010-08-08,306.0,8.6649408,2.761326657727287
2010-08-09,236.0,6.6827648,2.129650624913855
2010-08-10,177.0,5.0120736,1.5972379686853915
2010-08-11,142.0,4.0209856,1.2813999522786756
2010-08-12,120.0,3.398016,1.08287319910874
2010-08-13,146.0,4.1342528,1.3174957255823
2010-08-14,204.0,5.7766272,1.840884438484858
2010-08-15,203.0,5.7483104,1.8318604951589519
2010-08-16,193.0,5.4651423999999995,1.74162106189989
2010-08-17,157.0,4.4457376,1.416759102167268
2010-08-18,115.0,3.2564319999999998,1.037753482479209
2010-08-19,97.0,2.7467296,0.8753225026128981
2010-08-20,107.0,3.0298976,0.9655619358719598
2010-08-21,171.0,4.8421728,1.5430943087299545
2010-08-22,137.0,3.8794016,1.2362802356491447
2010-08-23,107.0,3.0298976,0.9655619358719598
2010-08-24,94.0,2.6617792,0.8482506726351796
2010-08-25,123.0,3.4829664,1.1099450290864585
2010-08-26,108.0,3.0582143999999998,0.9745858791978659
2010-08-27,112.0,3.1714816,1.0106816525014906
2010-08-28,186.0,5.2669248,1.678453458618547
2010-08-29,180.0,5.097024,1.62430979866311
2010-08-30,144.0,4.0776192,1.299447838930488
2010-08-31,110.0,3.114848,0.9926337658496782
2010-09-01,83.0,2.3502944,0.7489872960502119
2010-09-02,62.0,1.7556416,0.5594844862061823
2010-09-03,44.0,1.2459392,0.39705350633987135
2010-09-04,31.0,0.8778208,0.27974224310309115
2010-09-05,23.0,0.6512864,0.20755069649584185
2010-09-06,17.0,0.48138559999999997,0.15340703654040483
2010-09-07,13.0,0.3681184,0.11731126323678016
2010-09-08,9.5,0.2690096,0.08572746159610858
2010-09-09,7.6,0.21520767999999998,0.06858196927688685
2010-09-10,6.7,0.18972256,0.06046042028357132
2010-09-11,6.0,0.1699008,0.054143659955437
2010-09-12,5.3,0.15007904,0.04782689962730268
2010-09-13,4.9,0.13875232,0.04421732229694022
2010-09-14,4.4,0.12459392000000001,0.039705350633987134
2010-09-15,3.9,0.11043552,0.03519337897103405
2010-09-16,4.1,0.11609887999999999,0.03699816763621528
2010-09-17,3.8,0.10760383999999999,0.03429098463844343
2010-09-18,3.1,0.08778208,0.027974224310309114
2010-09-19,2.6,0.07362368,0.023462252647356033
2010-09-20,2.3,0.06512863999999999,0.02075506964958418
2010-09-21,2.2,0.062296960000000005,0.019852675316993567
2010-09-22,2.0,0.0566336,0.018047886651812332
2010-09-23,1.8,0.05097024,0.016243097986631098
2010-09-24,1.7,0.04813856,0.015340703654040482
2010-09-25,1.6,0.04530688,0.014438309321449867
2010-09-26,1.9,0.053801919999999996,0.017145492319221713
2010-09-27,8.8,0.24918784000000002,0.07941070126797427
2010-09-28,5.7,0.16140576,0.05143647695766515
2010-09-29,4.7,0.13308896,0.04241253363175898
2010-09-30,4.9,0.13875232,0.04421732229694022
2010-10-01,5.1,0.14441568,0.04602211096212144
2010-10-02,4.1,0.11609887999999999,0.03699816763621528
2010-10-03,3.8,0.10760383999999999,0.03429098463844343
2010-10-04,3.5,0.0991088,0.03158380164067158
2010-10-05,2.7,0.07645536,0.02436464697994665
2010-10-06,2.4,0.06796031999999999,0.021657463982174795
2010-10-07,2.3,0.06512863999999999,0.02075506964958418
2010-10-08,2.1,0.05946528,0.01895028098440295
2010-10-09,1.9,0.053801919999999996,0.017145492319221713
2010-10-10,1.9,0.053801919999999996,0.017145492319221713
2010-10-11,1.8,0.05097024,0.016243097986631098
2010-10-12,1.8,0.05097024,0.016243097986631098
2010-10-13,1.8,0.05097024,0.016243097986631098
2010-10-14,1.8,0.05097024,0.016243097986631098
2010-10-15,1.7,0.04813856,0.015340703654040482
2010-10-16,1.7,0.04813856,0.015340703654040482
2010-10-17,1.6,0.04530688,0.014438309321449867
2010-10-18,1.6,0.04530688,0.014438309321449867
2010-10-19,1.6,0.04530688,0.014438309321449867
2010-10-20,1.6,0.04530688,0.014438309321449867
2010-10-21,1.6,0.04530688,0.014438309321449867
2010-10-22,1.5,0.0424752,0.01353591498885925
2010-10-23,1.5,0.0424752,0.01353591498885925
2010-10-24,1.5,0.0424752,0.01353591498885925
2010-10-25,1.6,0.04530688,0.014438309321449867
2010-10-26,1.8,0.05097024,0.016243097986631098
2010-10-27,1.8,0.05097024,0.016243097986631098
2010-10-28,2.0,0.0566336,0.018047886651812332
2010-10-29,2.5,0.070792,0.022559858314765414
2010-10-30,2.2,0.062296960000000005,0.019852675316993567
2010-10-31,2.0,0.0566336,0.018047886651812332
2010-11-01,2.1,0.05946528,0.01895028098440295
2010-11-02,2.1,0.05946528,0.01895028098440295
2010-11-03,2.1,0.05946528,0.01895028098440295
2010-11-04,2.3,0.06512863999999999,0.02075506964958418
2010-11-05,2.3,0.06512863999999999,0.02075506964958418
2010-11-06,2.0,0.0566336,0.018047886651812332
2010-11-07,2.0,0.0566336,0.018047886651812332
2010-11-08,2.0,0.0566336,0.018047886651812332
2010-11-09,2.0,0.0566336,0.018047886651812332
2010-11-10,2.0,0.0566336,0.018047886651812332
2010-11-11,1.9,0.053801919999999996,0.017145492319221713
2010-11-12,1.9,0.053801919999999996,0.017145492319221713
2010-11-13,1.9,0.053801919999999996,0.017145492319221713
2010-11-14,1.9,0.053801919999999996,0.017145492319221713
2010-11-15,1.9,0.053801919999999996,0.017145492319221713
2010-11-16,17.0,0.48138559999999997,0.15340703654040483
2010-11-17,19.0,0.5380192,0.17145492319221717
2010-11-18,10.0,0.283168,0.09023943325906165
2010-11-19,6.7,0.18972256,0.06046042028357132
2010-11-20,5.4,0.15291072,0.0487292939598933
2010-11-21,5.0,0.141584,0.04511971662953083
2010-11-22,4.3,0.12176224,0.03880295630139651
2010-11-23,4.2,0.11893056,0.0379005619688059
2010-11-24,4.1,0.11609887999999999,0.03699816763621528
2010-11-25,3.6,0.10194048,0.032486195973262195
2010-11-26,3.6,0.10194048,0.032486195973262195
2010-11-27,4.0,0.1132672,0.036095773303624665
2010-11-28,4.0,0.1132672,0.036095773303624665
2010-11-29,3.7,0.10477216,0.03338859030585282
2010-11-30,3.7,0.10477216,0.03338859030585282
2010-12-01,5.9,0.16706912000000002,0.05324126562284639
2010-12-02,5.9,0.16706912000000002,0.05324126562284639
2010-12-03,5.8,0.16423743999999998,0.05233887129025576
2010-12-04,5.3,0.15007904,0.04782689962730268
2010-12-05,5.0,0.141584,0.04511971662953083
2010-12-06,4.4,0.12459392000000001,0.039705350633987134
2010-12-07,3.9,0.11043552,0.03519337897103405
2010-12-08,3.7,0.10477216,0.03338859030585282
2010-12-09,3.4,0.09627712,0.030681407308080964
2010-12-10,3.2,0.09061376,0.028876618642899733
2010-12-11,3.1,0.08778208,0.027974224310309114
2010-12-12,3.8,0.10760383999999999,0.03429098463844343
2010-12-13,4.0,0.1132672,0.036095773303624665
2010-12-14,3.7,0.10477216,0.03338859030585282
2010-12-15,3.8,0.10760383999999999,0.03429098463844343
2010-12-16,3.7,0.10477216,0.03338859030585282
2010-12-17,5.1,0.14441568,0.04602211096212144
2010-12-18,15.0,0.424752,0.1353591498885925
2010-12-19,12.0,0.3398016,0.108287319910874
2010-12-20,9.3,0.26334624,0.08392267293092735
2010-12-21,6.9,0.19538592000000002,0.06226520894875255
2010-12-22,5.7,0.16140576,0.05143647695766515
2010-12-23,4.9,0.13875232,0.04421732229694022
2010-12-24,4.2,0.11893056,0.0379005619688059
2010-12-25,4.8,0.13592063999999998,0.04331492796434959
2010-12-26,9.8,0.27750464,0.08843464459388044
2010-12-27,8.6,0.24352448,0.07760591260279302
2010-12-28,8.6,0.24352448,0.07760591260279302
2010-12-29,7.2,0.20388096,0.06497239194652439
2010-12-30,6.2,0.17556416,0.05594844862061823
2010-12-31,5.7,0.16140576,0.05143647695766515
2011-01-01,6.8,0.19255424,0.06136281461616193
2011-01-02,42.0,1.1893056,0.37900561968805896
2011-01-03,52.0,1.4724736,0.46924505294712066
2011-01-04,42.0,1.1893056,0.37900561968805896
2011-01-05,43.0,1.2176224,0.38802956301396513
2011-01-06,90.0,2.548512,0.812154899331555
2011-01-07,88.0,2.4918784,0.7941070126797427
2011-01-08,81.0,2.2936608,0.7309394093983995
2011-01-09,71.0,2.0104928,0.6406999761393378
2011-01-10,61.0,1.7273247999999999,0.5504605428802761
2011-01-11,53.0,1.5007904,0.4782689962730268
2011-01-12,47.0,1.3308896,0.4241253363175898
2011-01-13,42.0,1.1893056,0.37900561968805896
2011-01-14,37.0,1.0477216,0.33388590305852817
2011-01-15,33.0,0.9344544,0.2977901297549035
2011-01-16,30.0,0.849504,0.270718299777185
2011-01-17,32.0,0.9061376,0.2887661864289973
2011-01-18,45.0,1.274256,0.4060774496657775
2011-01-19,61.0,1.7273247999999999,0.5504605428802761
2011-01-20,76.0,2.1520768,0.6858196927688687
2011-01-21,77.0,2.1803936,0.6948436360947748
2011-01-22,74.0,2.0954432,0.6677718061170563
2011-01-23,67.0,1.8972256,0.6046042028357131
2011-01-24,60.0,1.699008,0.54143659955437
2011-01-25,104.0,2.9449472,0.9384901058942413
2011-01-26,201.0,5.6916768,1.8138126085071393
2011-01-27,190.0,5.380192,1.7145492319221716
2011-01-28,168.0,4.7572224,1.5160224787522358
2011-01-29,143.0,4.0493024,1.290423895604582
2011-01-30,121.0,3.4263328,1.0918971424346462
2011-01-31,104.0,2.9449472,0.9384901058942413
2011-02-01,92.0,2.6051456,0.8302027859833674
2011-02-02,83.0,2.3502944,0.7489872960502119
2011-02-03,74.0,2.0954432,0.6677718061170563
2011-02-04,67.0,1.8972256,0.6046042028357131
2011-02-05,92.0,2.6051456,0.8302027859833674
2011-02-06,128.0,3.6245504,1.1550647457159893
2011-02-07,140.0,3.964352,1.2633520656268633
2011-02-08,160.0,4.530688,1.4438309321449865
2011-02-09,156.0,4.4174208,1.407735158841362
2011-02-10,253.0,7.1641504,2.28305766145426
2011-02-11,343.0,9.7126624,3.0952125607858147
2011-02-12,352.0,9.9675136,3.176428050718971
2011-02-13,322.0,9.1180096,2.905709750941786
2011-02-14,275.0,7.78712,2.4815844146241957
2011-02-15,232.0,6.5694976,2.0935548516102305
2011-02-16,194.0,5.4934592,1.7506450052257962
2011-02-17,166.0,4.7005888,1.4979745921004237
2011-02-18,143.0,4.0493024,1.290423895604582
2011-02-19,123.0,3.4829664,1.1099450290864585
2011-02-20,105.0,2.973264,0.9475140492201475
2011-02-21,91.0,2.5768288,0.8211788426574611
2011-02-22,80.0,2.265344,0.7219154660724932
2011-02-23,70.0,1.982176,0.6316760328134317
2011-02-24,59.0,1.6706912,0.5324126562284638
2011-02-25,52.0,1.4724736,0.46924505294712066
2011-02-26,45.0,1.274256,0.4060774496657775
2011-02-27,40.0,1.132672,0.3609577330362466
2011-02-28,35.0,0.991088,0.3158380164067158
2011-03-01,30.0,0.849504,0.270718299777185
2011-03-02,26.0,0.7362368,0.23462252647356033
2011-03-03,22.0,0.6229696,0.19852675316993568
2011-03-04,18.0,0.5097024,0.162430979866311
2011-03-05,16.0,0.4530688,0.14438309321449866
2011-03-06,15.0,0.424752,0.1353591498885925
2011-03-07,14.0,0.3964352,0.12633520656268632
2011-03-08,13.0,0.3681184,0.11731126323678016
2011-03-09,13.0,0.3681184,0.11731126323678016
2011-03-10,67.0,1.8972256,0.6046042028357131
2011-03-11,103.0,2.9166304,0.9294661625683351
2011-03-12,103.0,2.9166304,0.9294661625683351
2011-03-13,93.0,2.6334624,0.8392267293092734
2011-03-14,79.0,2.2370272,0.7128915227465872
2011-03-15,67.0,1.8972256,0.6046042028357131
2011-03-16,57.0,1.6140576,0.5143647695766514
2011-03-17,48.0,1.3592064,0.433149279643496
2011-03-18,40.0,1.132672,0.3609577330362466
2011-03-19,32.0,0.9061376,0.2887661864289973
2011-03-20,27.0,0.7645535999999999,0.24364646979946647
2011-03-21,22.0,0.6229696,0.19852675316993568
2011-03-22,18.0,0.5097024,0.162430979866311
2011-03-23,15.0,0.424752,0.1353591498885925
2011-03-24,13.0,0.3681184,0.11731126323678016
2011-03-25,10.0,0.283168,0.09023943325906165
2011-03-26,8.6,0.24352448,0.07760591260279302
2011-03-27,7.4,0.20954432,0.06677718061170564
2011-03-28,7.1,0.20104928,0.06406999761393378
2011-03-29,7.1,0.20104928,0.06406999761393378
2011-03-30,17.0,0.48138559999999997,0.15340703654040483
2011-03-31,59.0,1.6706912,0.5324126562284638
2011-04-01,68.0,1.9255423999999999,0.6136281461616193
2011-04-02,64.0,1.8122752,0.5775323728579946
2011-04-03,54.0,1.5291071999999999,0.48729293959893294
2011-04-04,42.0,1.1893056,0.37900561968805896
2011-04-05,41.0,1.1609888,0.3699816763621528
2011-04-06,50.0,1.41584,0.4511971662953083
2011-04-07,48.0,1.3592064,0.433149279643496
2011-04-08,42.0,1.1893056,0.37900561968805896
2011-04-09,34.0,0.9627711999999999,0.30681407308080966
2011-04-10,26.0,0.7362368,0.23462252647356033
2011-04-11,20.0,0.566336,0.1804788665181233
2011-04-12,15.0,0.424752,0.1353591498885925
2011-04-13,12.0,0.3398016,0.108287319910874
2011-04-14,8.9,0.25201952,0.08031309560056488
2011-04-15,7.1,0.20104928,0.06406999761393378
2011-04-16,6.0,0.1699008,0.054143659955437
2011-04-17,5.3,0.15007904,0.04782689962730268
2011-04-18,4.6,0.13025727999999998,0.04151013929916836
2011-04-19,4.2,0.11893056,0.0379005619688059
2011-04-20,3.8,0.10760383999999999,0.03429098463844343
2011-04-21,3.4,0.09627712,0.030681407308080964
2011-04-22,3.2,0.09061376,0.028876618642899733
2011-04-23,3.2,0.09061376,0.028876618642899733
2011-04-24,3.9,0.11043552,0.03519337897103405
2011-04-25,3.3,0.09344543999999999,0.029779012975490345
2011-04-26,3.2,0.09061376,0.028876618642899733
2011-04-27,3.1,0.08778208,0.027974224310309114
2011-04-28,3.2,0.09061376,0.028876618642899733
2011-04-29,3.0,0.0849504,0.0270718299777185
2011-04-30,2.7,0.07645536,0.02436464697994665
2011-05-01,3.0,0.0849504,0.0270718299777185
2011-05-02,2.8,0.07928703999999999,0.025267041312537264
2011-05-03,2.4,0.06796031999999999,0.021657463982174795
2011-05-04,2.2,0.062296960000000005,0.019852675316993567
2011-05-05,2.2,0.062296960000000005,0.019852675316993567
2011-05-06,2.2,0.062296960000000005,0.019852675316993567
2011-05-07,2.2,0.062296960000000005,0.019852675316993567
2011-05-08,2.1,0.05946528,0.01895028098440295
2011-05-09,2.1,0.05946528,0.01895028098440295
2011-05-10,2.1,0.05946528,0.01895028098440295
2011-05-11,1.9,0.053801919999999996,0.017145492319221713
2011-05-12,1.7,0.04813856,0.015340703654040482
2011-05-13,1.7,0.04813856,0.015340703654040482
2011-05-14,2.0,0.0566336,0.018047886651812332
2011-05-15,1.8,0.05097024,0.016243097986631098
2011-05-16,1.7,0.04813856,0.015340703654040482
2011-05-17,1.7,0.04813856,0.015340703654040482
2011-05-18,1.6,0.04530688,0.014438309321449867
2011-05-19,1.6,0.04530688,0.014438309321449867
2011-05-20,1.5,0.0424752,0.01353591498885925
2011-05-21,1.5,0.0424752,0.01353591498885925
2011-05-22,1.5,0.0424752,0.01353591498885925
2011-05-23,1.5,0.0424752,0.01353591498885925
2011-05-24,1.5,0.0424752,0.01353591498885925
2011-05-25,1.5,0.0424752,0.01353591498885925
2011-05-26,1.5,0.0424752,0.01353591498885925
2011-05-27,1.5,0.0424752,0.01353591498885925
2011-05-28,1.4,0.039643519999999995,0.012633520656268632
2011-05-29,1.4,0.039643519999999995,0.012633520656268632
2011-05-30,1.4,0.039643519999999995,0.012633520656268632
2011-05-31,1.4,0.039643519999999995,0.012633520656268632
2011-06-01,1.4,0.039643519999999995,0.012633520656268632
2011-06-02,1.4,0.039643519999999995,0.012633520656268632
2011-06-03,1.6,0.04530688,0.014438309321449867
2011-06-04,1.9,0.053801919999999996,0.017145492319221713
2011-06-05,2.1,0.05946528,0.01895028098440295
2011-06-06,1.7,0.04813856,0.015340703654040482
2011-06-07,1.9,0.053801919999999996,0.017145492319221713
2011-06-08,2.2,0.062296960000000005,0.019852675316993567
2011-06-09,2.0,0.0566336,0.018047886651812332
2011-06-10,2.3,0.06512863999999999,0.02075506964958418
2011-06-11,2.0,0.0566336,0.018047886651812332
2011-06-12,2.1,0.05946528,0.01895028098440295
2011-06-13,1.9,0.053801919999999996,0.017145492319221713
2011-06-14,1.8,0.05097024,0.016243097986631098
2011-06-15,1.8,0.05097024,0.016243097986631098
2011-06-16,1.8,0.05097024,0.016243097986631098
2011-06-17,1.7,0.04813856,0.015340703654040482
2011-06-18,1.8,0.05097024,0.016243097986631098
2011-06-19,1.8,0.05097024,0.016243097986631098
2011-06-20,1.8,0.05097024,0.016243097986631098
2011-06-21,1.7,0.04813856,0.015340703654040482
2011-06-22,1.7,0.04813856,0.015340703654040482
2011-06-23,1.7,0.04813856,0.015340703654040482
2011-06-24,1.8,0.05097024,0.016243097986631098
2011-06-25,1.8,0.05097024,0.016243097986631098
2011-06-26,1.8,0.05097024,0.016243097986631098
2011-06-27,1.6,0.04530688,0.014438309321449867
2011-06-28,1.7,0.04813856,0.015340703654040482
2011-06-29,1.7,0.04813856,0.015340703654040482
2011-06-30,1.6,0.04530688,0.014438309321449867
2011-07-01,1.6,0.04530688,0.014438309321449867
2011-07-02,1.5,0.0424752,0.01353591498885925
2011-07-03,1.4,0.039643519999999995,0.012633520656268632
2011-07-04,1.4,0.039643519999999995,0.012633520656268632
2011-07-05,1.3,0.03681184,0.011731126323678016
2011-07-06,1.3,0.03681184,0.011731126323678016
2011-07-07,1.2,0.033980159999999995,0.010828731991087397
2011-07-08,1.3,0.03681184,0.011731126323678016
2011-07-09,1.7,0.04813856,0.015340703654040482
2011-07-10,2.3,0.06512863999999999,0.02075506964958418
2011-07-11,2.6,0.07362368,0.023462252647356033
2011-07-12,2.5,0.070792,0.022559858314765414
2011-07-13,2.0,0.0566336,0.018047886651812332
2011-07-14,1.7,0.04813856,0.015340703654040482
2011-07-15,2.3,0.06512863999999999,0.02075506964958418
2011-07-16,2.6,0.07362368,0.023462252647356033
2011-07-17,2.6,0.07362368,0.023462252647356033
2011-07-18,2.2,0.062296960000000005,0.019852675316993567
2011-07-19,1.9,0.053801919999999996,0.017145492319221713
2011-07-20,1.7,0.04813856,0.015340703654040482
2011-07-21,1.5,0.0424752,0.01353591498885925
2011-07-22,1.6,0.04530688,0.014438309321449867
2011-07-23,2.0,0.0566336,0.018047886651812332
2011-07-24,2.5,0.070792,0.022559858314765414
2011-07-25,2.5,0.070792,0.022559858314765414
2011-07-26,2.0,0.0566336,0.018047886651812332
2011-07-27,2.4,0.06796031999999999,0.021657463982174795
2011-07-28,4.7,0.13308896,0.04241253363175898
2011-07-29,13.0,0.3681184,0.11731126323678016
2011-07-30,18.0,0.5097024,0.162430979866311
2011-07-31,13.0,0.3681184,0.11731126323678016
2011-08-01,8.2,0.23219775999999998,0.07399633527243056
2011-08-02,5.9,0.16706912000000002,0.05324126562284639
2011-08-03,4.5,0.1274256,0.04060774496657775
2011-08-04,3.5,0.0991088,0.03158380164067158
2011-08-05,2.6,0.07362368,0.023462252647356033
2011-08-06,2.1,0.05946528,0.01895028098440295
2011-08-07,1.8,0.05097024,0.016243097986631098
2011-08-08,1.8,0.05097024,0.016243097986631098
2011-08-09,2.4,0.06796031999999999,0.021657463982174795
2011-08-10,2.4,0.06796031999999999,0.021657463982174795
2011-08-11,2.5,0.070792,0.022559858314765414
2011-08-12,3.7,0.10477216,0.03338859030585282
2011-08-13,8.7,0.24635615999999996,0.07850830693538363
2011-08-14,7.3,0.20671264,0.06587478627911501
2011-08-15,5.6,0.15857407999999998,0.05053408262507453
2011-08-16,4.2,0.11893056,0.0379005619688059
2011-08-17,3.3,0.09344543999999999,0.029779012975490345
2011-08-18,2.7,0.07645536,0.02436464697994665
2011-08-19,3.2,0.09061376,0.028876618642899733
2011-08-20,2.8,0.07928703999999999,0.025267041312537264
2011-08-21,2.2,0.062296960000000005,0.019852675316993567
2011-08-22,2.1,0.05946528,0.01895028098440295
2011-08-23,2.9,0.08211871999999999,0.02616943564512788
2011-08-24,3.6,0.10194048,0.032486195973262195
2011-08-25,3.2,0.09061376,0.028876618642899733
2011-08-26,2.5,0.070792,0.022559858314765414
2011-08-27,1.9,0.053801919999999996,0.017145492319221713
2011-08-28,1.6,0.04530688,0.014438309321449867
2011-08-29,1.4,0.039643519999999995,0.012633520656268632
2011-08-30,1.3,0.03681184,0.011731126323678016
2011-08-31,1.5,0.0424752,0.01353591498885925
2011-09-01,1.4,0.039643519999999995,0.012633520656268632
2011-09-02,1.6,0.04530688,0.014438309321449867
2011-09-03,1.8,0.05097024,0.016243097986631098
2011-09-04,2.7,0.07645536,0.02436464697994665
2011-09-05,5.5,0.1557424,0.04963168829248392
2011-09-06,14.0,0.3964352,0.12633520656268632
2011-09-07,13.0,0.3681184,0.11731126323678016
2011-09-08,8.3,0.23502944,0.07489872960502118
2011-09-09,8.6,0.24352448,0.07760591260279302
2011-09-10,6.9,0.19538592000000002,0.06226520894875255
2011-09-11,5.5,0.1557424,0.04963168829248392
2011-09-12,4.5,0.1274256,0.04060774496657775
2011-09-13,3.8,0.10760383999999999,0.03429098463844343
2011-09-14,3.3,0.09344543999999999,0.029779012975490345
2011-09-15,3.0,0.0849504,0.0270718299777185
2011-09-16,2.7,0.07645536,0.02436464697994665
2011-09-17,2.5,0.070792,0.022559858314765414
2011-09-18,2.5,0.070792,0.022559858314765414
2011-09-19,2.3,0.06512863999999999,0.02075506964958418
2011-09-20,2.2,0.062296960000000005,0.019852675316993567
2011-09-21,2.2,0.062296960000000005,0.019852675316993567
2011-09-22,2.9,0.08211871999999999,0.02616943564512788
2011-09-23,3.5,0.0991088,0.03158380164067158
2011-09-24,3.3,0.09344543999999999,0.029779012975490345
2011-09-25,4.3,0.12176224,0.03880295630139651
2011-09-26,4.2,0.11893056,0.0379005619688059
2011-09-27,5.1,0.14441568,0.04602211096212144
2011-09-28,4.2,0.11893056,0.0379005619688059
2011-09-29,3.2,0.09061376,0.028876618642899733
2011-09-30,2.7,0.07645536,0.02436464697994665
2011-10-01,1.9,0.053801919999999996,0.017145492319221713
2011-10-02,1.4,0.039643519999999995,0.012633520656268632
2011-10-03,1.5,0.0424752,0.01353591498885925
2011-10-04,1.6,0.04530688,0.014438309321449867
2011-10-05,1.7,0.04813856,0.015340703654040482
2011-10-06,1.7,0.04813856,0.015340703654040482
2011-10-07,1.6,0.04530688,0.014438309321449867
2011-10-08,1.5,0.0424752,0.01353591498885925
2011-10-09,1.4,0.039643519999999995,0.012633520656268632
2011-10-10,1.3,0.03681184,0.011731126323678016
2011-10-11,1.4,0.039643519999999995,0.012633520656268632
2011-10-12,1.3,0.03681184,0.011731126323678016
2011-10-13,1.3,0.03681184,0.011731126323678016
2011-10-14,1.2,0.033980159999999995,0.010828731991087397
2011-10-15,1.1,0.031148480000000003,0.009926337658496783
2011-10-16,1.1,0.031148480000000003,0.009926337658496783
2011-10-17,1.3,0.03681184,0.011731126323678016
2011-10-18,2.1,0.05946528,0.01895028098440295
2011-10-19,2.6,0.07362368,0.023462252647356033
2011-10-20,1.7,0.04813856,0.015340703654040482
2011-10-21,1.2,0.033980159999999995,0.010828731991087397
2011-10-22,0.99,0.028033632,0.008933703892647105
2011-10-23,0.93,0.026334624,0.008392267293092734
2011-10-24,0.92,0.026051456,0.008302027859833673
2011-10-25,0.8,0.02265344,0.007219154660724933
2011-10-26,0.69,0.019538591999999997,0.006226520894875254
2011-10-27,0.69,0.019538591999999997,0.006226520894875254
2011-10-28,0.68,0.019255424,0.0061362814616161936
2011-10-29,0.6,0.016990079999999998,0.005414365995543699
2011-10-30,0.57,0.016140575999999997,0.005143647695766514
2011-10-31,0.57,0.016140575999999997,0.005143647695766514
2011-11-01,0.57,0.016140575999999997,0.005143647695766514
2011-11-02,0.56,0.015857408,0.005053408262507453
2011-11-03,0.57,0.016140575999999997,0.005143647695766514
2011-11-04,0.6,0.016990079999999998,0.005414365995543699
2011-11-05,0.61,0.017273247999999998,0.005504605428802761
2011-11-06,0.63,0.017839584,0.005685084295320884
2011-11-07,0.62,0.017556416,0.005594844862061823
2011-11-08,0.59,0.016706911999999997,0.0053241265622846375
2011-11-09,0.59,0.016706911999999997,0.0053241265622846375
2011-11-10,0.59,0.016706911999999997,0.0053241265622846375
2011-11-11,0.57,0.016140575999999997,0.005143647695766514
2011-11-12,0.54,0.015291072000000001,0.0048729293959893305
2011-11-13,0.57,0.016140575999999997,0.005143647695766514
2011-11-14,0.62,0.017556416,0.005594844862061823
2011-11-15,0.61,0.017273247999999998,0.005504605428802761
2011-11-16,0.68,0.019255424,0.0061362814616161936
2011-11-17,0.89,0.025201952,0.008031309560056488
2011-11-18,0.83,0.023502943999999998,0.007489872960502118
2011-11-19,0.8,0.02265344,0.007219154660724933
2011-11-20,0.81,0.022936608,0.007309394093983995
2011-11-21,0.83,0.023502943999999998,0.007489872960502118
2011-11-22,0.82,0.023219775999999998,0.007399633527243056
2011-11-23,0.89,0.025201952,0.008031309560056488
2011-11-24,0.82,0.023219775999999998,0.007399633527243056
2011-11-25,0.77,0.021803936,0.006948436360947748
2011-11-26,0.74,0.020954432,0.0066777180611705626
2011-11-27,0.76,0.021520768,0.006858196927688686
2011-11-28,1.2,0.033980159999999995,0.010828731991087397
2011-11-29,0.92,0.026051456,0.008302027859833673
2011-11-30,0.82,0.023219775999999998,0.007399633527243056
2011-12-01,0.78,0.022087104,0.00703867579420681
2011-12-02,0.73,0.020671263999999998,0.0065874786279115005
2011-12-03,0.69,0.019538591999999997,0.006226520894875254
2011-12-04,0.69,0.019538591999999997,0.006226520894875254
2011-12-05,0.68,0.019255424,0.0061362814616161936
2011-12-06,0.69,0.019538591999999997,0.006226520894875254
2011-12-07,0.73,0.020671263999999998,0.0065874786279115005
2011-12-08,0.69,0.019538591999999997,0.006226520894875254
2011-12-09,0.68,0.019255424,0.0061362814616161936
2011-12-10,0.67,0.018972256,0.0060460420283571315
2011-12-11,0.72,0.020388095999999998,0.006497239194652439
2011-12-12,12.0,0.3398016,0.108287319910874
2011-12-13,35.0,0.991088,0.3158380164067158
2011-12-14,21.0,0.5946528,0.18950280984402948
2011-12-15,25.0,0.70792,0.22559858314765416
2011-12-16,20.0,0.566336,0.1804788665181233
2011-12-17,15.0,0.424752,0.1353591498885925
2011-12-18,12.0,0.3398016,0.108287319910874
2011-12-19,9.9,0.28033632,0.08933703892647106
2011-12-20,8.8,0.24918784000000002,0.07941070126797427
2011-12-21,8.2,0.23219775999999998,0.07399633527243056
2011-12-22,7.9,0.22370272,0.07128915227465871
2011-12-23,9.1,0.25768288,0.08211788426574612
2011-12-24,8.6,0.24352448,0.07760591260279302
2011-12-25,8.1,0.22936608,0.07309394093983995
2011-12-26,7.5,0.212376,0.06767957494429624
2011-12-27,8.1,0.22936608,0.07309394093983995
2011-12-28,9.5,0.2690096,0.08572746159610858
2011-12-29,8.5,0.24069279999999998,0.07670351827020241
2011-12-30,7.6,0.21520767999999998,0.06858196927688685
2011-12-31,6.9,0.19538592000000002,0.06226520894875255
2012-01-01,6.4,0.18122752,0.057753237285799466
2012-01-02,5.9,0.16706912000000002,0.05324126562284639
2012-01-03,5.4,0.15291072,0.0487292939598933
2012-01-04,5.0,0.141584,0.04511971662953083
2012-01-05,4.8,0.13592063999999998,0.04331492796434959
2012-01-06,4.5,0.1274256,0.04060774496657775
2012-01-07,4.4,0.12459392000000001,0.039705350633987134
2012-01-08,4.2,0.11893056,0.0379005619688059
2012-01-09,4.1,0.11609887999999999,0.03699816763621528
2012-01-10,4.2,0.11893056,0.0379005619688059
2012-01-11,9.7,0.27467295999999997,0.0875322502612898
2012-01-12,14.0,0.3964352,0.12633520656268632
2012-01-13,11.0,0.3114848,0.09926337658496784
2012-01-14,9.0,0.2548512,0.0812154899331555
2012-01-15,7.9,0.22370272,0.07128915227465871
2012-01-16,7.4,0.20954432,0.06677718061170564
2012-01-17,6.9,0.19538592000000002,0.06226520894875255
2012-01-18,13.0,0.3681184,0.11731126323678016
2012-01-19,28.0,0.7928704,0.25267041312537264
2012-01-20,25.0,0.70792,0.22559858314765416
2012-01-21,27.0,0.7645535999999999,0.24364646979946647
2012-01-22,26.0,0.7362368,0.23462252647356033
2012-01-23,27.0,0.7645535999999999,0.24364646979946647
2012-01-24,25.0,0.70792,0.22559858314765416
2012-01-25,21.0,0.5946528,0.18950280984402948
2012-01-26,18.0,0.5097024,0.162430979866311
2012-01-27,21.0,0.5946528,0.18950280984402948
2012-01-28,28.0,0.7928704,0.25267041312537264
2012-01-29,26.0,0.7362368,0.23462252647356033
2012-01-30,23.0,0.6512864,0.20755069649584185
2012-01-31,19.0,0.5380192,0.17145492319221717
2012-02-01,16.0,0.4530688,0.14438309321449866
2012-02-02,14.0,0.3964352,0.12633520656268632
2012-02-03,13.0,0.3681184,0.11731126323678016
2012-02-04,11.0,0.3114848,0.09926337658496784
2012-02-05,10.0,0.283168,0.09023943325906165
2012-02-06,9.5,0.2690096,0.08572746159610858
2012-02-07,8.7,0.24635615999999996,0.07850830693538363
2012-02-08,7.9,0.22370272,0.07128915227465871
2012-02-09,7.2,0.20388096,0.06497239194652439
2012-02-10,6.4,0.18122752,0.057753237285799466
2012-02-11,5.9,0.16706912000000002,0.05324126562284639
2012-02-12,5.4,0.15291072,0.0487292939598933
2012-02-13,5.1,0.14441568,0.04602211096212144
2012-02-14,5.3,0.15007904,0.04782689962730268
2012-02-15,4.9,0.13875232,0.04421732229694022
2012-02-16,5.1,0.14441568,0.04602211096212144
2012-02-17,6.1,0.17273248,0.05504605428802761
2012-02-18,7.5,0.212376,0.06767957494429624
2012-02-19,23.0,0.6512864,0.20755069649584185
2012-02-20,78.0,2.2087104,0.703867579420681
2012-02-21,88.0,2.4918784,0.7941070126797427
2012-02-22,77.0,2.1803936,0.6948436360947748
2012-02-23,62.0,1.7556416,0.5594844862061823
2012-02-24,55.0,1.557424,0.4963168829248391
2012-02-25,49.0,1.3875232,0.44217322296940215
2012-02-26,41.0,1.1609888,0.3699816763621528
2012-02-27,35.0,0.991088,0.3158380164067158
2012-02-28,36.0,1.0194048,0.324861959732622
2012-02-29,36.0,1.0194048,0.324861959732622
2012-03-01,37.0,1.0477216,0.33388590305852817
2012-03-02,34.0,0.9627711999999999,0.30681407308080966
2012-03-03,33.0,0.9344544,0.2977901297549035
2012-03-04,179.0,5.0687071999999995,1.6152858553372036
2012-03-05,307.0,8.693257599999999,2.7703506010531926
2012-03-06,298.0,8.4384064,2.6891351111200374
2012-03-07,224.0,6.3429632,2.021363305002981
2012-03-08,160.0,4.530688,1.4438309321449865
2012-03-09,119.0,3.3696992,1.0738492557828339
2012-03-10,93.0,2.6334624,0.8392267293092734
2012-03-11,76.0,2.1520768,0.6858196927688687
2012-03-12,62.0,1.7556416,0.5594844862061823
2012-03-13,52.0,1.4724736,0.46924505294712066
2012-03-14,45.0,1.274256,0.4060774496657775
2012-03-15,39.0,1.1043552,0.3519337897103405
2012-03-16,34.0,0.9627711999999999,0.30681407308080966
2012-03-17,29.0,0.8211872,0.2616943564512788
2012-03-18,25.0,0.70792,0.22559858314765416
2012-03-19,21.0,0.5946528,0.18950280984402948
2012-03-20,18.0,0.5097024,0.162430979866311
2012-03-21,15.0,0.424752,0.1353591498885925
2012-03-22,13.0,0.3681184,0.11731126323678016
2012-03-23,11.0,0.3114848,0.09926337658496784
2012-03-24,9.0,0.2548512,0.0812154899331555
2012-03-25,7.8,0.22087104,0.0703867579420681
2012-03-26,6.7,0.18972256,0.06046042028357132
2012-03-27,5.8,0.16423743999999998,0.05233887129025576
2012-03-28,5.1,0.14441568,0.04602211096212144
2012-03-29,4.4,0.12459392000000001,0.039705350633987134
2012-03-30,3.8,0.10760383999999999,0.03429098463844343
2012-03-31,3.9,0.11043552,0.03519337897103405
2012-04-01,3.5,0.0991088,0.03158380164067158
2012-04-02,3.1,0.08778208,0.027974224310309114
2012-04-03,3.2,0.09061376,0.028876618642899733
2012-04-04,4.1,0.11609887999999999,0.03699816763621528
2012-04-05,5.1,0.14441568,0.04602211096212144
2012-04-06,4.5,0.1274256,0.04060774496657775
2012-04-07,3.8,0.10760383999999999,0.03429098463844343
2012-04-08,3.3,0.09344543999999999,0.029779012975490345
2012-04-09,2.9,0.08211871999999999,0.02616943564512788
2012-04-10,2.8,0.07928703999999999,0.025267041312537264
2012-04-11,2.8,0.07928703999999999,0.025267041312537264
2012-04-12,2.8,0.07928703999999999,0.025267041312537264
2012-04-13,2.7,0.07645536,0.02436464697994665
2012-04-14,2.8,0.07928703999999999,0.025267041312537264
2012-04-15,2.7,0.07645536,0.02436464697994665
2012-04-16,2.8,0.07928703999999999,0.025267041312537264
2012-04-17,2.5,0.070792,0.022559858314765414
2012-04-18,3.0,0.0849504,0.0270718299777185
2012-04-19,3.0,0.0849504,0.0270718299777185
2012-04-20,2.8,0.07928703999999999,0.025267041312537264
2012-04-21,2.8,0.07928703999999999,0.025267041312537264
2012-04-22,3.6,0.10194048,0.032486195973262195
2012-04-23,3.4,0.09627712,0.030681407308080964
2012-04-24,4.2,0.11893056,0.0379005619688059
2012-04-25,3.9,0.11043552,0.03519337897103405
2012-04-26,3.7,0.10477216,0.03338859030585282
2012-04-27,3.4,0.09627712,0.030681407308080964
2012-04-28,3.0,0.0849504,0.0270718299777185
2012-04-29,2.8,0.07928703999999999,0.025267041312537264
2012-04-30,2.9,0.08211871999999999,0.02616943564512788
2012-05-01,3.1,0.08778208,0.027974224310309114
2012-05-02,3.1,0.08778208,0.027974224310309114
2012-05-03,2.9,0.08211871999999999,0.02616943564512788
2012-05-04,2.9,0.08211871999999999,0.02616943564512788
2012-05-05,3.0,0.0849504,0.0270718299777185
2012-05-06,2.8,0.07928703999999999,0.025267041312537264
2012-05-07,2.9,0.08211871999999999,0.02616943564512788
2012-05-08,2.9,0.08211871999999999,0.02616943564512788
2012-05-09,3.0,0.0849504,0.0270718299777185
2012-05-10,3.0,0.0849504,0.0270718299777185
2012-05-11,2.9,0.08211871999999999,0.02616943564512788
2012-05-12,2.9,0.08211871999999999,0.02616943564512788
2012-05-13,3.6,0.10194048,0.032486195973262195
2012-05-14,5.1,0.14441568,0.04602211096212144
2012-05-15,5.7,0.16140576,0.05143647695766515
2012-05-16,5.6,0.15857407999999998,0.05053408262507453
2012-05-17,3.4,0.09627712,0.030681407308080964
2012-05-18,2.8,0.07928703999999999,0.025267041312537264
2012-05-19,2.4,0.06796031999999999,0.021657463982174795
2012-05-20,2.1,0.05946528,0.01895028098440295
2012-05-21,1.7,0.04813856,0.015340703654040482
2012-05-22,1.6,0.04530688,0.014438309321449867
2012-05-23,1.7,0.04813856,0.015340703654040482
2012-05-24,1.8,0.05097024,0.016243097986631098
2012-05-25,1.7,0.04813856,0.015340703654040482
2012-05-26,1.8,0.05097024,0.016243097986631098
2012-05-27,1.9,0.053801919999999996,0.017145492319221713
2012-05-28,2.1,0.05946528,0.01895028098440295
2012-05-29,1.8,0.05097024,0.016243097986631098
2012-05-30,1.6,0.04530688,0.014438309321449867
2012-05-31,1.6,0.04530688,0.014438309321449867
2012-06-01,1.6,0.04530688,0.014438309321449867
2012-06-02,1.6,0.04530688,0.014438309321449867
2012-06-03,1.3,0.03681184,0.011731126323678016
2012-06-04,1.2,0.033980159999999995,0.010828731991087397
2012-06-05,1.1,0.031148480000000003,0.009926337658496783
2012-06-06,1.2,0.033980159999999995,0.010828731991087397
2012-06-07,2.6,0.07362368,0.023462252647356033
2012-06-08,3.3,0.09344543999999999,0.029779012975490345
2012-06-09,4.4,0.12459392000000001,0.039705350633987134
2012-06-10,7.1,0.20104928,0.06406999761393378
2012-06-11,4.8,0.13592063999999998,0.04331492796434959
2012-06-12,3.6,0.10194048,0.032486195973262195
2012-06-13,3.4,0.09627712,0.030681407308080964
2012-06-14,2.7,0.07645536,0.02436464697994665
2012-06-15,2.0,0.0566336,0.018047886651812332
2012-06-16,1.7,0.04813856,0.015340703654040482
2012-06-17,1.1,0.031148480000000003,0.009926337658496783
2012-06-18,0.81,0.022936608,0.007309394093983995
2012-06-19,0.71,0.020104927999999998,0.006406999761393377
2012-06-20,0.61,0.017273247999999998,0.005504605428802761
2012-06-21,0.56,0.015857408,0.005053408262507453
2012-06-22,0.57,0.016140575999999997,0.005143647695766514
2012-06-23,0.58,0.016423743999999997,0.005233887129025575
2012-06-24,3.8,0.10760383999999999,0.03429098463844343
2012-06-25,859.0,24.3241312,7.7515673169533965
2012-06-26,11700.0,331.30656,105.58013691310214
2012-06-27,6800.0,192.55424,61.36281461616193
2012-06-28,3750.0,106.188,33.839787472148124
2012-06-29,2570.0,72.774176,23.19153434757885
2012-06-30,1550.0,43.89104,13.987112155154557
2012-07-01,912.0,25.8249216,8.229836313226423
2012-07-02,562.0,15.9140416,5.071456149159265
2012-07-03,397.0,11.2417696,3.582505500384748
2012-07-04,304.0,8.6083072,2.7432787710754747
2012-07-05,357.0,10.1090976,3.2215477673485013
2012-07-06,296.0,8.3817728,2.6710872244682253
2012-07-07,242.0,6.8526656,2.1837942848692924
2012-07-08,199.0,5.6350432,1.7957647218553272
2012-07-09,164.0,4.6439552,1.4799267054486112
2012-07-10,138.0,3.9077184,1.245304178975051
2012-07-11,117.0,3.3130656,1.0558013691310215
2012-07-12,101.0,2.8599968,0.9114182759165227
2012-07-13,93.0,2.6334624,0.8392267293092734
2012-07-14,83.0,2.3502944,0.7489872960502119
2012-07-15,75.0,2.12376,0.6767957494429624
2012-07-16,66.0,1.8689088,0.595580259509807
2012-07-17,58.0,1.6423744,0.5233887129025576
2012-07-18,56.0,1.5857408,0.5053408262507453
2012-07-19,53.0,1.5007904,0.4782689962730268
2012-07-20,62.0,1.7556416,0.5594844862061823
2012-07-21,67.0,1.8972256,0.6046042028357131
2012-07-22,70.0,1.982176,0.6316760328134317
2012-07-23,74.0,2.0954432,0.6677718061170563
2012-07-24,73.0,2.0671264,0.65874786279115
2012-07-25,71.0,2.0104928,0.6406999761393378
2012-07-26,67.0,1.8972256,0.6046042028357131
2012-07-27,61.0,1.7273247999999999,0.5504605428802761
2012-07-28,55.0,1.557424,0.4963168829248391
2012-07-29,61.0,1.7273247999999999,0.5504605428802761
2012-07-30,77.0,2.1803936,0.6948436360947748
2012-07-31,157.0,4.4457376,1.416759102167268
2012-08-01,239.0,6.7677152,2.1567224548915735
2012-08-02,292.0,8.2685056,2.6349914511646
2012-08-03,262.0,7.4190016,2.3642731513874153
2012-08-04,286.0,8.0986048,2.580847791209164
2012-08-05,437.0,12.374441599999999,3.9434632334209945
2012-08-06,503.0,14.2433504,4.5390434929308014
2012-08-07,442.0,12.516025599999999,3.9885829500505254
2012-08-08,452.0,12.7991936,4.078822383309587
2012-08-09,531.0,15.0362208,4.791713906056175
2012-08-10,587.0,16.6219616,5.297054732306919
2012-08-11,669.0,18.9439392,6.037018085031225
2012-08-12,726.0,20.557996799999998,6.551382854607876
2012-08-13,645.0,18.264336,5.820443445209477
2012-08-14,509.0,14.4132512,4.593187152886238
2012-08-15,402.0,11.3833536,3.6276252170142786
2012-08-16,339.0,9.5993952,3.0591167874821905
2012-08-17,301.0,8.5233568,2.7162069410977563
2012-08-18,272.0,7.7021695999999995,2.4545125846464773
2012-08-19,254.0,7.1924672,2.2920816047801664
2012-08-20,344.0,9.7409792,3.104236504111721
2012-08-21,700.0,19.82176,6.3167603281343165
2012-08-22,925.0,26.19304,8.347147576463204
2012-08-23,962.0,27.2407616,8.681033479521732
2012-08-24,772.0,21.860569599999998,6.96648424759956
2012-08-25,575.0,16.28216,5.188767412396046
2012-08-26,428.0,12.1195904,3.8622477434878393
2012-08-27,320.0,9.061376,2.887661864289973
2012-08-28,256.0,7.2491008,2.3101294914319785
2012-08-29,221.0,6.2580127999999995,1.9942914750252627
2012-08-30,228.0,6.4562304,2.057459078306606
2012-08-31,227.0,6.4279136,2.0484351349807
2012-09-01,377.0,10.6754336,3.4020266338666247
2012-09-02,421.0,11.9213728,3.799080140206496
2012-09-03,432.0,12.232857599999999,3.8983435167914635
2012-09-04,336.0,9.5144448,3.0320449575044717
2012-09-05,263.0,7.4473184,2.373297094713322
2012-09-06,220.0,6.229696,1.9852675316993564
2012-09-07,193.0,5.4651423999999995,1.74162106189989
2012-09-08,217.0,6.1447456,1.9581957017216383
2012-09-09,255.0,7.220784,2.3011055481060723
2012-09-10,274.0,7.7588032,2.4725604712982894
2012-09-11,236.0,6.6827648,2.129650624913855
2012-09-12,183.0,5.1819744,1.6513816286408283
2012-09-13,149.0,4.2192032,1.3445675555600187
2012-09-14,129.0,3.6528671999999998,1.1640886890418953
2012-09-15,119.0,3.3696992,1.0738492557828339
2012-09-16,111.0,3.1431648,1.0016577091755845
2012-09-17,111.0,3.1431648,1.0016577091755845
2012-09-18,479.0,13.5637472,4.322468853109053
2012-09-19,877.0,24.8338336,7.913998296819708
2012-09-20,936.0,26.5045248,8.446410953048172
2012-09-21,748.0,21.1809664,6.749909607777812
2012-09-22,559.0,15.8290912,5.044384319181547
2012-09-23,417.0,11.8081056,3.762984366902871
2012-09-24,312.0,8.8348416,2.815470317682724
2012-09-25,235.0,6.6544479999999995,2.120626681587949
2012-09-26,190.0,5.380192,1.7145492319221716
2012-09-27,160.0,4.530688,1.4438309321449865
2012-09-28,141.0,3.9926688,1.2723760089527696
2012-09-29,131.0,3.7095008,1.1821365756937077
2012-09-30,124.0,3.5112832,1.1189689724123646
2012-10-01,95.0,2.690096,0.8572746159610858
2012-10-02,91.0,2.5768288,0.8211788426574611
2012-10-03,73.0,2.0671264,0.65874786279115
2012-10-04,55.0,1.557424,0.4963168829248391
2012-10-05,67.0,1.8972256,0.6046042028357131
2012-10-06,75.0,2.12376,0.6767957494429624
2012-10-07,66.0,1.8689088,0.595580259509807
2012-10-08,75.0,2.12376,0.6767957494429624
2012-10-09,70.0,1.982176,0.6316760328134317
2012-10-10,66.0,1.8689088,0.595580259509807
2012-10-11,62.0,1.7556416,0.5594844862061823
2012-10-12,59.0,1.6706912,0.5324126562284638
2012-10-13,56.0,1.5857408,0.5053408262507453
2012-10-14,51.0,1.4441568,0.4602211096212145
2012-10-15,45.0,1.274256,0.4060774496657775
2012-10-16,38.0,1.0760384,0.34290984638443434
2012-10-17,32.0,0.9061376,0.2887661864289973
2012-10-18,26.0,0.7362368,0.23462252647356033
2012-10-19,23.0,0.6512864,0.20755069649584185
2012-10-20,21.0,0.5946528,0.18950280984402948
2012-10-21,18.0,0.5097024,0.162430979866311
2012-10-22,16.0,0.4530688,0.14438309321449866
2012-10-23,14.0,0.3964352,0.12633520656268632
2012-10-24,12.0,0.3398016,0.108287319910874
2012-10-25,10.0,0.283168,0.09023943325906165
2012-10-26,9.3,0.26334624,0.08392267293092735
2012-10-27,8.2,0.23219775999999998,0.07399633527243056
2012-10-28,6.6,0.18689087999999998,0.05955802595098069
2012-10-29,6.2,0.17556416,0.05594844862061823
2012-10-30,5.9,0.16706912000000002,0.05324126562284639
2012-10-31,5.3,0.15007904,0.04782689962730268
2012-11-01,4.8,0.13592063999999998,0.04331492796434959
2012-11-02,4.2,0.11893056,0.0379005619688059
2012-11-03,3.9,0.11043552,0.03519337897103405
2012-11-04,3.8,0.10760383999999999,0.03429098463844343
2012-11-05,3.7,0.10477216,0.03338859030585282
2012-11-06,3.6,0.10194048,0.032486195973262195
2012-11-07,3.2,0.09061376,0.028876618642899733
2012-11-08,3.0,0.0849504,0.0270718299777185
2012-11-09,2.9,0.08211871999999999,0.02616943564512788
2012-11-10,2.7,0.07645536,0.02436464697994665
2012-11-11,2.5,0.070792,0.022559858314765414
2012-11-12,2.4,0.06796031999999999,0.021657463982174795
2012-11-13,2.4,0.06796031999999999,0.021657463982174795
2012-11-14,2.4,0.06796031999999999,0.021657463982174795
2012-11-15,2.4,0.06796031999999999,0.021657463982174795
2012-11-16,2.2,0.062296960000000005,0.019852675316993567
2012-11-17,2.1,0.05946528,0.01895028098440295
2012-11-18,2.1,0.05946528,0.01895028098440295
2012-11-19,1.9,0.053801919999999996,0.017145492319221713
2012-11-20,1.8,0.05097024,0.016243097986631098
2012-11-21,1.7,0.04813856,0.015340703654040482
2012-11-22,1.6,0.04530688,0.014438309321449867
2012-11-23,1.6,0.04530688,0.014438309321449867
2012-11-24,1.4,0.039643519999999995,0.012633520656268632
2012-11-25,1.3,0.03681184,0.011731126323678016
2012-11-26,1.3,0.03681184,0.011731126323678016
2012-11-27,1.3,0.03681184,0.011731126323678016
2012-11-28,1.4,0.039643519999999995,0.012633520656268632
2012-11-29,1.4,0.039643519999999995,0.012633520656268632
2012-11-30,1.4,0.039643519999999995,0.012633520656268632
2012-12-01,1.4,0.039643519999999995,0.012633520656268632
2012-12-02,1.4,0.039643519999999995,0.012633520656268632
2012-12-03,1.3,0.03681184,0.011731126323678016
2012-12-04,1.3,0.03681184,0.011731126323678016
2012-12-05,1.3,0.03681184,0.011731126323678016
2012-12-06,1.2,0.033980159999999995,0.010828731991087397
2012-12-07,1.1,0.031148480000000003,0.009926337658496783
2012-12-08,1.1,0.031148480000000003,0.009926337658496783
2012-12-09,1.1,0.031148480000000003,0.009926337658496783
2012-12-10,1.1,0.031148480000000003,0.009926337658496783
2012-12-11,1.1,0.031148480000000003,0.009926337658496783
2012-12-12,1.4,0.039643519999999995,0.012633520656268632
2012-12-13,2.3,0.06512863999999999,0.02075506964958418
2012-12-14,2.3,0.06512863999999999,0.02075506964958418
2012-12-15,2.6,0.07362368,0.023462252647356033
2012-12-16,2.1,0.05946528,0.01895028098440295
2012-12-17,1.9,0.053801919999999996,0.017145492319221713
2012-12-18,1.9,0.053801919999999996,0.017145492319221713
2012-12-19,1.8,0.05097024,0.016243097986631098
2012-12-20,1.8,0.05097024,0.016243097986631098
2012-12-21,5.1,0.14441568,0.04602211096212144
2012-12-22,5.1,0.14441568,0.04602211096212144
2012-12-23,4.6,0.13025727999999998,0.04151013929916836
2012-12-24,3.7,0.10477216,0.03338859030585282
2012-12-25,3.6,0.10194048,0.032486195973262195
2012-12-26,4.4,0.12459392000000001,0.039705350633987134
2012-12-27,6.2,0.17556416,0.05594844862061823
2012-12-28,6.3,0.17839584,0.05685084295320885
2012-12-29,9.1,0.25768288,0.08211788426574612
2012-12-30,13.0,0.3681184,0.11731126323678016
2012-12-31,12.0,0.3398016,0.108287319910874
2013-01-01,11.0,0.3114848,0.09926337658496784
2013-01-02,10.0,0.283168,0.09023943325906165
2013-01-03,9.8,0.27750464,0.08843464459388044
2013-01-04,11.0,0.3114848,0.09926337658496784
2013-01-05,12.0,0.3398016,0.108287319910874
2013-01-06,11.0,0.3114848,0.09926337658496784
2013-01-07,11.0,0.3114848,0.09926337658496784
2013-01-08,10.0,0.283168,0.09023943325906165
2013-01-09,9.7,0.27467295999999997,0.0875322502612898
2013-01-10,9.2,0.26051455999999995,0.08302027859833672
2013-01-11,8.4,0.23786112,0.0758011239376118
2013-01-12,7.6,0.21520767999999998,0.06858196927688685
2013-01-13,7.0,0.1982176,0.06316760328134316
2013-01-14,6.4,0.18122752,0.057753237285799466
2013-01-15,5.7,0.16140576,0.05143647695766515
2013-01-16,5.0,0.141584,0.04511971662953083
2013-01-17,4.5,0.1274256,0.04060774496657775
2013-01-18,4.0,0.1132672,0.036095773303624665
2013-01-19,3.7,0.10477216,0.03338859030585282
2013-01-20,3.3,0.09344543999999999,0.029779012975490345
2013-01-21,3.1,0.08778208,0.027974224310309114
2013-01-22,2.9,0.08211871999999999,0.02616943564512788
2013-01-23,2.7,0.07645536,0.02436464697994665
2013-01-24,2.5,0.070792,0.022559858314765414
2013-01-25,2.2,0.062296960000000005,0.019852675316993567
2013-01-26,2.0,0.0566336,0.018047886651812332
2013-01-27,1.9,0.053801919999999996,0.017145492319221713
2013-01-28,1.7,0.04813856,0.015340703654040482
2013-01-29,1.5,0.0424752,0.01353591498885925
2013-01-30,1.8,0.05097024,0.016243097986631098
2013-01-31,4.0,0.1132672,0.036095773303624665
2013-02-01,3.5,0.0991088,0.03158380164067158
2013-02-02,3.9,0.11043552,0.03519337897103405
2013-02-03,3.7,0.10477216,0.03338859030585282
2013-02-04,3.5,0.0991088,0.03158380164067158
2013-02-05,3.5,0.0991088,0.03158380164067158
2013-02-06,3.4,0.09627712,0.030681407308080964
2013-02-07,3.4,0.09627712,0.030681407308080964
2013-02-08,3.7,0.10477216,0.03338859030585282
2013-02-09,3.6,0.10194048,0.032486195973262195
2013-02-10,3.7,0.10477216,0.03338859030585282
2013-02-11,3.7,0.10477216,0.03338859030585282
2013-02-12,3.6,0.10194048,0.032486195973262195
2013-02-13,3.6,0.10194048,0.032486195973262195
2013-02-14,3.8,0.10760383999999999,0.03429098463844343
2013-02-15,3.9,0.11043552,0.03519337897103405
2013-02-16,3.7,0.10477216,0.03338859030585282
2013-02-17,3.5,0.0991088,0.03158380164067158
2013-02-18,3.6,0.10194048,0.032486195973262195
2013-02-19,3.6,0.10194048,0.032486195973262195
2013-02-20,3.8,0.10760383999999999,0.03429098463844343
2013-02-21,3.7,0.10477216,0.03338859030585282
2013-02-22,13.0,0.3681184,0.11731126323678016
2013-02-23,174.0,4.9271232,1.5701661387076729
2013-02-24,357.0,10.1090976,3.2215477673485013
2013-02-25,664.0,18.8023552,5.991898368401695
2013-02-26,1550.0,43.89104,13.987112155154557
2013-02-27,2880.0,81.552384,25.98895677860976
2013-02-28,2540.0,71.924672,22.92081604780166
2013-03-01,1960.0,55.500928,17.686928918776086
2013-03-02,1440.0,40.776192,12.99447838930488
2013-03-03,968.0,27.4106624,8.73517713947717
2013-03-04,677.0,19.1704736,6.109209631638475
2013-03-05,520.0,14.724736,4.692450529471206
2013-03-06,403.0,11.4116704,3.636649160340185
2013-03-07,320.0,9.061376,2.887661864289973
2013-03-08,259.0,7.3340512,2.337201321409697
2013-03-09,213.0,6.0314784,1.9220999284180136
2013-03-10,177.0,5.0120736,1.5972379686853915
2013-03-11,148.0,4.1908864,1.3355436122341127
2013-03-12,153.0,4.3324704,1.3806633288636434
2013-03-13,170.0,4.813856,1.5340703654040484
2013-03-14,161.0,4.5590048,1.452854875470893
2013-03-15,142.0,4.0209856,1.2813999522786756
2013-03-16,125.0,3.5396,1.1279929157382709
2013-03-17,112.0,3.1714816,1.0106816525014906
2013-03-18,121.0,3.4263328,1.0918971424346462
2013-03-19,160.0,4.530688,1.4438309321449865
2013-03-20,213.0,6.0314784,1.9220999284180136
2013-03-21,226.0,6.3995968,2.0394111916547937
2013-03-22,203.0,5.7483104,1.8318604951589519
2013-03-23,219.0,6.2013792,1.9762435883734504
2013-03-24,708.0,20.0482944,6.388951874741566
2013-03-25,1290.0,36.528672,11.640886890418955
2013-03-26,1400.0,39.64352,12.633520656268633
2013-03-27,1110.0,31.431648,10.016577091755844
2013-03-28,804.0,22.7667072,7.255250434028557
2013-03-29,592.0,16.7635456,5.342174448936451
2013-03-30,438.0,12.4027584,3.9524871767469008
2013-03-31,330.0,9.344543999999999,2.9779012975490344
2013-04-01,273.0,7.7304864,2.4635365279723835
2013-04-02,223.0,6.3146464,2.0123393616770753
2013-04-03,180.0,5.097024,1.62430979866311
2013-04-04,165.0,4.6722719999999995,1.4889506487745172
2013-04-05,150.0,4.24752,1.3535914988859248
2013-04-06,132.0,3.7378176,1.191160519019614
2013-04-07,111.0,3.1431648,1.0016577091755845
2013-04-08,91.0,2.5768288,0.8211788426574611
2013-04-09,81.0,2.2936608,0.7309394093983995
2013-04-10,70.0,1.982176,0.6316760328134317
2013-04-11,50.0,1.41584,0.4511971662953083
2013-04-12,43.0,1.2176224,0.38802956301396513
2013-04-13,38.0,1.0760384,0.34290984638443434
2013-04-14,36.0,1.0194048,0.324861959732622
2013-04-15,77.0,2.1803936,0.6948436360947748
2013-04-16,110.0,3.114848,0.9926337658496782
2013-04-17,115.0,3.2564319999999998,1.037753482479209
2013-04-18,102.0,2.8883136,0.920442219242429
2013-04-19,92.0,2.6051456,0.8302027859833674
2013-04-20,129.0,3.6528671999999998,1.1640886890418953
2013-04-21,127.0,3.5962336,1.1460408023900832
2013-04-22,111.0,3.1431648,1.0016577091755845
2013-04-23,97.0,2.7467296,0.8753225026128981
2013-04-24,84.0,2.3786112,0.7580112393761179
2013-04-25,72.0,2.0388096,0.649723919465244
2013-04-26,63.0,1.7839584,0.5685084295320885
2013-04-27,53.0,1.5007904,0.4782689962730268
2013-04-28,44.0,1.2459392,0.39705350633987135
2013-04-29,36.0,1.0194048,0.324861959732622
2013-04-30,85.0,2.406928,0.7670351827020242
2013-05-01,157.0,4.4457376,1.416759102167268
2013-05-02,161.0,4.5590048,1.452854875470893
2013-05-03,152.0,4.3041536,1.3716393855377373
2013-05-04,145.0,4.105936,1.308471782256394
2013-05-05,130.0,3.681184,1.1731126323678016
2013-05-06,109.0,3.0865312,0.9836098225237722
2013-05-07,90.0,2.548512,0.812154899331555
2013-05-08,75.0,2.12376,0.6767957494429624
2013-05-09,62.0,1.7556416,0.5594844862061823
2013-05-10,51.0,1.4441568,0.4602211096212145
2013-05-11,42.0,1.1893056,0.37900561968805896
2013-05-12,36.0,1.0194048,0.324861959732622
2013-05-13,30.0,0.849504,0.270718299777185
2013-05-14,24.0,0.6796032,0.216574639821748
2013-05-15,19.0,0.5380192,0.17145492319221717
2013-05-16,16.0,0.4530688,0.14438309321449866
2013-05-17,13.0,0.3681184,0.11731126323678016
2013-05-18,9.9,0.28033632,0.08933703892647106
2013-05-19,9.0,0.2548512,0.0812154899331555
2013-05-20,7.4,0.20954432,0.06677718061170564
2013-05-21,6.1,0.17273248,0.05504605428802761
2013-05-22,4.9,0.13875232,0.04421732229694022
2013-05-23,4.2,0.11893056,0.0379005619688059
2013-05-24,3.5,0.0991088,0.03158380164067158
2013-05-25,2.9,0.08211871999999999,0.02616943564512788
2013-05-26,2.7,0.07645536,0.02436464697994665
2013-05-27,2.4,0.06796031999999999,0.021657463982174795
2013-05-28,2.1,0.05946528,0.01895028098440295
2013-05-29,2.0,0.0566336,0.018047886651812332
2013-05-30,2.0,0.0566336,0.018047886651812332
2013-05-31,1.9,0.053801919999999996,0.017145492319221713
2013-06-01,1.8,0.05097024,0.016243097986631098
2013-06-02,1.8,0.05097024,0.016243097986631098
2013-06-03,2.0,0.0566336,0.018047886651812332
2013-06-04,6.1,0.17273248,0.05504605428802761
2013-06-05,6.0,0.1699008,0.054143659955437
2013-06-06,10.0,0.283168,0.09023943325906165
2013-06-07,20.0,0.566336,0.1804788665181233
2013-06-08,25.0,0.70792,0.22559858314765416
2013-06-09,20.0,0.566336,0.1804788665181233
2013-06-10,17.0,0.48138559999999997,0.15340703654040483
2013-06-11,16.0,0.4530688,0.14438309321449866
2013-06-12,38.0,1.0760384,0.34290984638443434
2013-06-13,39.0,1.1043552,0.3519337897103405
2013-06-14,25.0,0.70792,0.22559858314765416
2013-06-15,19.0,0.5380192,0.17145492319221717
2013-06-16,15.0,0.424752,0.1353591498885925
2013-06-17,13.0,0.3681184,0.11731126323678016
2013-06-18,12.0,0.3398016,0.108287319910874
2013-06-19,12.0,0.3398016,0.108287319910874
2013-06-20,13.0,0.3681184,0.11731126323678016
2013-06-21,20.0,0.566336,0.1804788665181233
2013-06-22,33.0,0.9344544,0.2977901297549035
2013-06-23,39.0,1.1043552,0.3519337897103405
2013-06-24,42.0,1.1893056,0.37900561968805896
2013-06-25,45.0,1.274256,0.4060774496657775
2013-06-26,51.0,1.4441568,0.4602211096212145
2013-06-27,50.0,1.41584,0.4511971662953083
2013-06-28,54.0,1.5291071999999999,0.48729293959893294
2013-06-29,54.0,1.5291071999999999,0.48729293959893294
2013-06-30,75.0,2.12376,0.6767957494429624
2013-07-01,135.0,3.822768,1.2182323489973323
2013-07-02,170.0,4.813856,1.5340703654040484
2013-07-03,621.0,17.5847328,5.60386880538773
2013-07-04,1310.0,37.095008,11.821365756937078
2013-07-05,1940.0,54.934592,17.506450052257964
2013-07-06,2640.0,74.75635199999999,23.823210380392275
2013-07-07,3660.0,103.639488,33.02763257281657
2013-07-08,3460.0,97.976128,31.222843907635337
2013-07-09,2470.0,69.942496,22.289140014988234
2013-07-10,1770.0,50.120736,15.972379686853914
2013-07-11,1310.0,37.095008,11.821365756937078
2013-07-12,1020.0,28.883136,9.204422192424289
2013-07-13,910.0,25.768288,8.21178842657461
2013-07-14,862.0,24.4090816,7.778639146931115
2013-07-15,792.0,22.4269056,7.146963114117685
2013-07-16,731.0,20.6995808,6.596502571237408
2013-07-17,705.0,19.963344,6.361880044763847
2013-07-18,659.0,18.6607712,5.9467786517721635
2013-07-19,600.0,16.99008,5.414365995543699
2013-07-20,647.0,18.3209696,5.83849133186129
2013-07-21,787.0,22.2853216,7.101843397488153
2013-07-22,780.0,22.087104,7.03867579420681
2013-07-23,879.0,24.8904672,7.93204618347152
2013-07-24,1040.0,29.449472,9.384901058942413
2013-07-25,1250.0,35.396,11.279929157382709
2013-07-26,1290.0,36.528672,11.640886890418955
2013-07-27,1110.0,31.431648,10.016577091755844
2013-07-28,904.0,25.5983872,8.157644766619175
2013-07-29,888.0,25.1453184,8.013261673404676
2013-07-30,730.0,20.671264,6.587478627911501
2013-07-31,595.0,16.848496,5.3692462789141695
2013-08-01,509.0,14.4132512,4.593187152886238
2013-08-02,444.0,12.5726592,4.006630836702338
2013-08-03,386.0,10.930284799999999,3.48324212379978
2013-08-04,363.0,10.278998399999999,3.275691427303938
2013-08-05,342.0,9.6843456,3.086188617459909
2013-08-06,314.0,8.8914752,2.833518204334536
2013-08-07,317.0,8.9764256,2.860590034312255
2013-08-08,300.0,8.49504,2.7071829977718496
2013-08-09,280.0,7.928704,2.5267041312537266
2013-08-10,250.0,7.0792,2.2559858314765417
2013-08-11,269.0,7.6172192,2.427440754668759
2013-08-12,266.0,7.5322688,2.40036892469104
2013-08-13,284.0,8.0419712,2.5627999045573513
2013-08-14,258.0,7.3057343999999995,2.3281773780837907
2013-08-15,244.0,6.9092991999999995,2.2018421715211045
2013-08-16,243.0,6.8809824,2.1928182281951982
2013-08-17,248.0,7.0225664,2.237937944824729
2013-08-18,1010.0,28.599968,9.114182759165228
2013-08-19,1860.0,52.669247999999996,16.78453458618547
2013-08-20,1560.0,44.174208,14.07735158841362
2013-08-21,1180.0,33.413824,10.648253124569276
2013-08-22,908.0,25.7116544,8.1937405399228
2013-08-23,842.0,23.8427456,7.598160280412992
2013-08-24,737.0,20.8694816,6.6506462311928445
2013-08-25,634.0,17.9528512,5.72118006862451
2013-08-26,530.0,15.007904,4.782689962730268
2013-08-27,409.0,11.581571199999999,3.6907928202956217
2013-08-28,321.0,9.0896928,2.8966858076158792
2013-08-29,255.0,7.220784,2.3011055481060723
2013-08-30,201.0,5.6916768,1.8138126085071393
2013-08-31,255.0,7.220784,2.3011055481060723
2013-09-01,262.0,7.4190016,2.3642731513874153
2013-09-02,220.0,6.229696,1.9852675316993564
2013-09-03,272.0,7.7021695999999995,2.4545125846464773
2013-09-04,227.0,6.4279136,2.0484351349807
2013-09-05,219.0,6.2013792,1.9762435883734504
2013-09-06,198.0,5.6067264,1.7867407785294211
2013-09-07,170.0,4.813856,1.5340703654040484
2013-09-08,155.0,4.389104,1.3987112155154557
2013-09-09,127.0,3.5962336,1.1460408023900832
2013-09-10,101.0,2.8599968,0.9114182759165227
2013-09-11,82.0,2.3219776,0.7399633527243056
2013-09-12,67.0,1.8972256,0.6046042028357131
2013-09-13,54.0,1.5291071999999999,0.48729293959893294
2013-09-14,44.0,1.2459392,0.39705350633987135
2013-09-15,52.0,1.4724736,0.46924505294712066
2013-09-16,42.0,1.1893056,0.37900561968805896
2013-09-17,33.0,0.9344544,0.2977901297549035
2013-09-18,29.0,0.8211872,0.2616943564512788
2013-09-19,29.0,0.8211872,0.2616943564512788
2013-09-20,27.0,0.7645535999999999,0.24364646979946647
2013-09-21,25.0,0.70792,0.22559858314765416
2013-09-22,37.0,1.0477216,0.33388590305852817
2013-09-23,53.0,1.5007904,0.4782689962730268
2013-09-24,60.0,1.699008,0.54143659955437
2013-09-25,152.0,4.3041536,1.3716393855377373
2013-09-26,259.0,7.3340512,2.337201321409697
2013-09-27,284.0,8.0419712,2.5627999045573513
2013-09-28,253.0,7.1641504,2.28305766145426
2013-09-29,208.0,5.8898944,1.8769802117884826
2013-09-30,167.0,4.7289056,1.5069985354263298
2013-10-01,147.0,4.1625696,1.3265196689082066
2013-10-02,129.0,3.6528671999999998,1.1640886890418953
2013-10-03,108.0,3.0582143999999998,0.9745858791978659
2013-10-04,91.0,2.5768288,0.8211788426574611
2013-10-05,77.0,2.1803936,0.6948436360947748
2013-10-06,66.0,1.8689088,0.595580259509807
2013-10-07,70.0,1.982176,0.6316760328134317
2013-10-08,90.0,2.548512,0.812154899331555
2013-10-09,86.0,2.4352448,0.7760591260279303
2013-10-10,75.0,2.12376,0.6767957494429624
2013-10-11,62.0,1.7556416,0.5594844862061823
2013-10-12,51.0,1.4441568,0.4602211096212145
2013-10-13,41.0,1.1609888,0.3699816763621528
2013-10-14,33.0,0.9344544,0.2977901297549035
2013-10-15,27.0,0.7645535999999999,0.24364646979946647
2013-10-16,23.0,0.6512864,0.20755069649584185
2013-10-17,19.0,0.5380192,0.17145492319221717
2013-10-18,16.0,0.4530688,0.14438309321449866
2013-10-19,14.0,0.3964352,0.12633520656268632
2013-10-20,14.0,0.3964352,0.12633520656268632
2013-10-21,14.0,0.3964352,0.12633520656268632
2013-10-22,13.0,0.3681184,0.11731126323678016
2013-10-23,13.0,0.3681184,0.11731126323678016
2013-10-24,12.0,0.3398016,0.108287319910874
2013-10-25,10.0,0.283168,0.09023943325906165
2013-10-26,9.2,0.26051455999999995,0.08302027859833672
2013-10-27,8.1,0.22936608,0.07309394093983995
2013-10-28,7.1,0.20104928,0.06406999761393378
2013-10-29,6.3,0.17839584,0.05685084295320885
2013-10-30,5.7,0.16140576,0.05143647695766515
2013-10-31,5.2,0.14724736,0.046924505294712066
2013-11-01,5.1,0.14441568,0.04602211096212144
2013-11-02,6.9,0.19538592000000002,0.06226520894875255
2013-11-03,12.0,0.3398016,0.108287319910874
2013-11-04,22.0,0.6229696,0.19852675316993568
2013-11-05,19.0,0.5380192,0.17145492319221717
2013-11-06,15.0,0.424752,0.1353591498885925
2013-11-07,12.0,0.3398016,0.108287319910874
2013-11-08,10.0,0.283168,0.09023943325906165
2013-11-09,8.6,0.24352448,0.07760591260279302
2013-11-10,7.5,0.212376,0.06767957494429624
2013-11-11,6.6,0.18689087999999998,0.05955802595098069
2013-11-12,5.9,0.16706912000000002,0.05324126562284639
2013-11-13,5.3,0.15007904,0.04782689962730268
2013-11-14,5.0,0.141584,0.04511971662953083
2013-11-15,4.9,0.13875232,0.04421732229694022
2013-11-16,4.8,0.13592063999999998,0.04331492796434959
2013-11-17,4.7,0.13308896,0.04241253363175898
2013-11-18,6.4,0.18122752,0.057753237285799466
2013-11-19,14.0,0.3964352,0.12633520656268632
2013-11-20,21.0,0.5946528,0.18950280984402948
2013-11-21,17.0,0.48138559999999997,0.15340703654040483
2013-11-22,14.0,0.3964352,0.12633520656268632
2013-11-23,12.0,0.3398016,0.108287319910874
2013-11-24,11.0,0.3114848,0.09926337658496784
2013-11-25,10.0,0.283168,0.09023943325906165
2013-11-26,21.0,0.5946528,0.18950280984402948
2013-11-27,120.0,3.398016,1.08287319910874
2013-11-28,179.0,5.0687071999999995,1.6152858553372036
2013-11-29,200.0,5.66336,1.8047886651812333
2013-11-30,169.0,4.7855392,1.5250464220781421
2013-12-01,136.0,3.8510847999999998,1.2272562923232386
2013-12-02,112.0,3.1714816,1.0106816525014906
2013-12-03,95.0,2.690096,0.8572746159610858
2013-12-04,83.0,2.3502944,0.7489872960502119
2013-12-05,74.0,2.0954432,0.6677718061170563
2013-12-06,66.0,1.8689088,0.595580259509807
2013-12-07,61.0,1.7273247999999999,0.5504605428802761
2013-12-08,61.0,1.7273247999999999,0.5504605428802761
2013-12-09,59.0,1.6706912,0.5324126562284638
2013-12-10,57.0,1.6140576,0.5143647695766514
2013-12-11,55.0,1.557424,0.4963168829248391
2013-12-12,54.0,1.5291071999999999,0.48729293959893294
2013-12-13,50.0,1.41584,0.4511971662953083
2013-12-14,57.0,1.6140576,0.5143647695766514
2013-12-15,205.0,5.804944,1.849908381810764
2013-12-16,294.0,8.3251392,2.653039337816413
2013-12-17,317.0,8.9764256,2.860590034312255
2013-12-18,283.0,8.0136544,2.553775961231445
2013-12-19,242.0,6.8526656,2.1837942848692924
2013-12-20,206.0,5.8332608,1.8589323251366703
2013-12-21,177.0,5.0120736,1.5972379686853915
2013-12-22,156.0,4.4174208,1.407735158841362
2013-12-23,156.0,4.4174208,1.407735158841362
2013-12-24,231.0,6.5411808,2.0845309082843246
2013-12-25,253.0,7.1641504,2.28305766145426
2013-12-26,251.0,7.1075168,2.2650097748024476
2013-12-27,230.0,6.5128639999999995,2.075506964958418
2013-12-28,206.0,5.8332608,1.8589323251366703
2013-12-29,444.0,12.5726592,4.006630836702338
2013-12-30,580.0,16.423744,5.233887129025576
2013-12-31,544.0,15.404339199999999,4.9090251692929545
2014-01-01,466.0,13.1956288,4.2051575898722735
2014-01-02,424.0,12.0063232,3.8261519701842146
2014-01-03,446.0,12.6292928,4.0246787233541506
2014-01-04,411.0,11.6382048,3.7088407069474347
2014-01-05,366.0,10.3639488,3.3027632572816565
2014-01-06,321.0,9.0896928,2.8966858076158792
2014-01-07,276.0,7.8154368,2.490608357950102
2014-01-08,236.0,6.6827648,2.129650624913855
2014-01-09,205.0,5.804944,1.849908381810764
2014-01-10,205.0,5.804944,1.849908381810764
2014-01-11,299.0,8.4667232,2.6981590544459437
2014-01-12,635.0,17.981168,5.730204011950415
2014-01-13,672.0,19.0288896,6.064089915008943
2014-01-14,838.0,23.7294784,7.562064507109368
2014-01-15,908.0,25.7116544,8.1937405399228
2014-01-16,822.0,23.2764096,7.4176814138948695
2014-01-17,669.0,18.9439392,6.037018085031225
2014-01-18,540.0,15.291072,4.872929395989329
2014-01-19,442.0,12.516025599999999,3.9885829500505254
2014-01-20,382.0,10.8170176,3.4471463504961557
2014-01-21,329.0,9.3162272,2.9688773542231286
2014-01-22,285.0,8.070288,2.571823847883257
2014-01-23,243.0,6.8809824,2.1928182281951982
2014-01-24,207.0,5.8615775999999995,1.8679562684625763
2014-01-25,177.0,5.0120736,1.5972379686853915
2014-01-26,154.0,4.3607872,1.3896872721895497
2014-01-27,136.0,3.8510847999999998,1.2272562923232386
2014-01-28,121.0,3.4263328,1.0918971424346462
2014-01-29,133.0,3.7661344,1.20018446234552
2014-01-30,150.0,4.24752,1.3535914988859248
2014-01-31,149.0,4.2192032,1.3445675555600187
2014-02-01,141.0,3.9926688,1.2723760089527696
2014-02-02,131.0,3.7095008,1.1821365756937077
2014-02-03,122.0,3.4546495999999998,1.1009210857605523
2014-02-04,114.0,3.2281152,1.028729539153303
2014-02-05,112.0,3.1714816,1.0106816525014906
2014-02-06,114.0,3.2281152,1.028729539153303
2014-02-07,129.0,3.6528671999999998,1.1640886890418953
2014-02-08,124.0,3.5112832,1.1189689724123646
2014-02-09,117.0,3.3130656,1.0558013691310215
2014-02-10,109.0,3.0865312,0.9836098225237722
2014-02-11,100.0,2.83168,0.9023943325906166
2014-02-12,120.0,3.398016,1.08287319910874
2014-02-13,242.0,6.8526656,2.1837942848692924
2014-02-14,270.0,7.645536,2.4364646979946647
2014-02-15,269.0,7.6172192,2.427440754668759
2014-02-16,243.0,6.8809824,2.1928182281951982
2014-02-17,212.0,6.0031616,1.9130759850921073
2014-02-18,184.0,5.2102912,1.6604055719667348
2014-02-19,160.0,4.530688,1.4438309321449865
2014-02-20,140.0,3.964352,1.2633520656268633
2014-02-21,161.0,4.5590048,1.452854875470893
2014-02-22,271.0,7.6738528,2.445488641320571
2014-02-23,339.0,9.5993952,3.0591167874821905
2014-02-24,518.0,14.6681024,4.674402642819394
2014-02-25,590.0,16.706912,5.324126562284638
2014-02-26,587.0,16.6219616,5.297054732306919
2014-02-27,632.0,17.8962176,5.7031321819726974
2014-02-28,575.0,16.28216,5.188767412396046
2014-03-01,485.0,13.733648,4.376612513064491
2014-03-02,397.0,11.2417696,3.582505500384748
2014-03-03,330.0,9.344543999999999,2.9779012975490344
2014-03-04,276.0,7.8154368,2.490608357950102
2014-03-05,231.0,6.5411808,2.0845309082843246
2014-03-06,228.0,6.4562304,2.057459078306606
2014-03-07,369.0,10.4488992,3.3298350872593754
2014-03-08,513.0,14.5265184,4.629282926189863
2014-03-09,536.0,15.1778048,4.836833622685705
2014-03-10,468.0,13.2522624,4.223205476524086
2014-03-11,391.0,11.0718688,3.5283618404293113
2014-03-12,358.0,10.137414399999999,3.230571710674407
2014-03-13,332.0,9.4011776,2.9959491842008474
2014-03-14,290.0,8.211872,2.616943564512788
2014-03-15,247.0,6.9942496,2.228914001498823
2014-03-16,306.0,8.6649408,2.761326657727287
2014-03-17,1640.0,46.439552,14.799267054486112
2014-03-18,2930.0,82.96822399999999,26.440153944905067
2014-03-19,3000.0,84.9504,27.0718299777185
2014-03-20,2350.0,66.54448,21.206266815879488
2014-03-21,1660.0,47.005888,14.979745921004236
2014-03-22,1100.0,31.14848,9.926337658496783
2014-03-23,723.0,20.4730464,6.524311024630158
2014-03-24,523.0,14.8096864,4.719522359448925
2014-03-25,392.0,11.1001856,3.537385783755217
2014-03-26,299.0,8.4667232,2.6981590544459437
2014-03-27,233.0,6.5978144,2.1025787949361368
2014-03-28,191.0,5.4085088,1.7235731752480778
2014-03-29,270.0,7.645536,2.4364646979946647
2014-03-30,350.0,9.91088,3.1583801640671583
2014-03-31,406.0,11.4966208,3.6637209903179038
2014-04-01,351.0,9.9391968,3.167404107393064
2014-04-02,283.0,8.0136544,2.553775961231445
2014-04-03,229.0,6.4845472,2.066483021632512
2014-04-04,187.0,5.2952416,1.687477401944453
2014-04-05,155.0,4.389104,1.3987112155154557
2014-04-06,146.0,4.1342528,1.3174957255823
2014-04-07,142.0,4.0209856,1.2813999522786756
2014-04-08,215.0,6.088112,1.9401478150698257
2014-04-09,290.0,8.211872,2.616943564512788
2014-04-10,289.0,8.1835552,2.6079196211868823
2014-04-11,247.0,6.9942496,2.228914001498823
2014-04-12,204.0,5.7766272,1.840884438484858
2014-04-13,167.0,4.7289056,1.5069985354263298
2014-04-14,137.0,3.8794016,1.2362802356491447
2014-04-15,353.0,9.9958304,3.1854519940448767
2014-04-16,1010.0,28.599968,9.114182759165228
2014-04-17,1280.0,36.245504,11.550647457159892
2014-04-18,1290.0,36.528672,11.640886890418955
2014-04-19,1760.0,49.837568,15.882140253594851
2014-04-20,1830.0,51.819744,16.513816286408286
2014-04-21,1500.0,42.4752,13.53591498885925
2014-04-22,1060.0,30.015808,9.565379925460537
2014-04-23,722.0,20.4447296,6.515287081304252
2014-04-24,524.0,14.8380032,4.728546302774831
2014-04-25,387.0,10.9586016,3.492266067125686
2014-04-26,296.0,8.3817728,2.6710872244682253
2014-04-27,230.0,6.5128639999999995,2.075506964958418
2014-04-28,178.0,5.0403904,1.6062619120112975
2014-04-29,220.0,6.229696,1.9852675316993564
2014-04-30,706.0,19.9916608,6.370903988089753
2014-05-01,1520.0,43.041536,13.716393855377373
2014-05-02,1770.0,50.120736,15.972379686853914
2014-05-03,1520.0,43.041536,13.716393855377373
2014-05-04,1100.0,31.14848,9.926337658496783
2014-05-05,747.0,21.1526496,6.740885664451906
2014-05-06,528.0,14.9512704,4.764642076078456
2014-05-07,376.0,10.6471168,3.3930026905407185
2014-05-08,277.0,7.8437536,2.499632301276008
2014-05-09,208.0,5.8898944,1.8769802117884826
2014-05-10,157.0,4.4457376,1.416759102167268
2014-05-11,120.0,3.398016,1.08287319910874
2014-05-12,93.0,2.6334624,0.8392267293092734
2014-05-13,73.0,2.0671264,0.65874786279115
2014-05-14,57.0,1.6140576,0.5143647695766514
2014-05-15,91.0,2.5768288,0.8211788426574611
2014-05-16,189.0,5.3518752,1.7055252885962655
2014-05-17,177.0,5.0120736,1.5972379686853915
2014-05-18,139.0,3.9360352,1.2543281223009572
2014-05-19,106.0,3.0015808,0.9565379925460537
2014-05-20,82.0,2.3219776,0.7399633527243056
2014-05-21,64.0,1.8122752,0.5775323728579946
2014-05-22,49.0,1.3875232,0.44217322296940215
2014-05-23,37.0,1.0477216,0.33388590305852817
2014-05-24,28.0,0.7928704,0.25267041312537264
2014-05-25,21.0,0.5946528,0.18950280984402948
2014-05-26,16.0,0.4530688,0.14438309321449866
2014-05-27,14.0,0.3964352,0.12633520656268632
2014-05-28,17.0,0.48138559999999997,0.15340703654040483
2014-05-29,14.0,0.3964352,0.12633520656268632
2014-05-30,11.0,0.3114848,0.09926337658496784
2014-05-31,8.7,0.24635615999999996,0.07850830693538363
2014-06-01,7.7,0.21803936000000002,0.06948436360947749
2014-06-02,9.1,0.25768288,0.08211788426574612
2014-06-03,7.4,0.20954432,0.06677718061170564
2014-06-04,9.3,0.26334624,0.08392267293092735
2014-06-05,9.5,0.2690096,0.08572746159610858
2014-06-06,7.7,0.21803936000000002,0.06948436360947749
2014-06-07,6.4,0.18122752,0.057753237285799466
2014-06-08,7.7,0.21803936000000002,0.06948436360947749
2014-06-09,11.0,0.3114848,0.09926337658496784
2014-06-10,7.4,0.20954432,0.06677718061170564
2014-06-11,5.9,0.16706912000000002,0.05324126562284639
2014-06-12,5.4,0.15291072,0.0487292939598933
2014-06-13,5.0,0.141584,0.04511971662953083
2014-06-14,5.8,0.16423743999999998,0.05233887129025576
2014-06-15,4.8,0.13592063999999998,0.04331492796434959
2014-06-16,8.0,0.2265344,0.07219154660724933
2014-06-17,14.0,0.3964352,0.12633520656268632
2014-06-18,9.4,0.26617792,0.08482506726351796
2014-06-19,16.0,0.4530688,0.14438309321449866
2014-06-20,15.0,0.424752,0.1353591498885925
2014-06-21,12.0,0.3398016,0.108287319910874
2014-06-22,14.0,0.3964352,0.12633520656268632
2014-06-23,31.0,0.8778208,0.27974224310309115
2014-06-24,27.0,0.7645535999999999,0.24364646979946647
2014-06-25,26.0,0.7362368,0.23462252647356033
2014-06-26,20.0,0.566336,0.1804788665181233
2014-06-27,15.0,0.424752,0.1353591498885925
2014-06-28,13.0,0.3681184,0.11731126323678016
2014-06-29,11.0,0.3114848,0.09926337658496784
2014-06-30,11.0,0.3114848,0.09926337658496784
2014-07-01,10.0,0.283168,0.09023943325906165
2014-07-02,7.2,0.20388096,0.06497239194652439
2014-07-03,7.2,0.20388096,0.06497239194652439
2014-07-04,7.7,0.21803936000000002,0.06948436360947749
2014-07-05,7.1,0.20104928,0.06406999761393378
2014-07-06,5.3,0.15007904,0.04782689962730268
2014-07-07,3.8,0.10760383999999999,0.03429098463844343
2014-07-08,3.3,0.09344543999999999,0.029779012975490345
2014-07-09,2.7,0.07645536,0.02436464697994665
2014-07-10,3.9,0.11043552,0.03519337897103405
2014-07-11,4.5,0.1274256,0.04060774496657775
2014-07-12,6.3,0.17839584,0.05685084295320885
2014-07-13,7.7,0.21803936000000002,0.06948436360947749
2014-07-14,6.2,0.17556416,0.05594844862061823
2014-07-15,6.9,0.19538592000000002,0.06226520894875255
2014-07-16,13.0,0.3681184,0.11731126323678016
2014-07-17,16.0,0.4530688,0.14438309321449866
2014-07-18,12.0,0.3398016,0.108287319910874
2014-07-19,12.0,0.3398016,0.108287319910874
2014-07-20,26.0,0.7362368,0.23462252647356033
2014-07-21,33.0,0.9344544,0.2977901297549035
2014-07-22,29.0,0.8211872,0.2616943564512788
2014-07-23,28.0,0.7928704,0.25267041312537264
2014-07-24,41.0,1.1609888,0.3699816763621528
2014-07-25,41.0,1.1609888,0.3699816763621528
2014-07-26,43.0,1.2176224,0.38802956301396513
2014-07-27,34.0,0.9627711999999999,0.30681407308080966
2014-07-28,23.0,0.6512864,0.20755069649584185
2014-07-29,16.0,0.4530688,0.14438309321449866
2014-07-30,12.0,0.3398016,0.108287319910874
2014-07-31,9.0,0.2548512,0.0812154899331555
2014-08-01,6.6,0.18689087999999998,0.05955802595098069
2014-08-02,5.1,0.14441568,0.04602211096212144
2014-08-03,4.3,0.12176224,0.03880295630139651
2014-08-04,5.0,0.141584,0.04511971662953083
2014-08-05,4.8,0.13592063999999998,0.04331492796434959
2014-08-06,3.7,0.10477216,0.03338859030585282
2014-08-07,3.4,0.09627712,0.030681407308080964
2014-08-08,3.1,0.08778208,0.027974224310309114
2014-08-09,3.0,0.0849504,0.0270718299777185
2014-08-10,3.6,0.10194048,0.032486195973262195
2014-08-11,4.7,0.13308896,0.04241253363175898
2014-08-12,4.9,0.13875232,0.04421732229694022
2014-08-13,4.4,0.12459392000000001,0.039705350633987134
2014-08-14,4.6,0.13025727999999998,0.04151013929916836
2014-08-15,6.0,0.1699008,0.054143659955437
2014-08-16,8.9,0.25201952,0.08031309560056488
2014-08-17,6.6,0.18689087999999998,0.05955802595098069
2014-08-18,5.3,0.15007904,0.04782689962730268
2014-08-19,4.8,0.13592063999999998,0.04331492796434959
2014-08-20,4.1,0.11609887999999999,0.03699816763621528
2014-08-21,3.7,0.10477216,0.03338859030585282
2014-08-22,3.7,0.10477216,0.03338859030585282
2014-08-23,3.9,0.11043552,0.03519337897103405
2014-08-24,3.2,0.09061376,0.028876618642899733
2014-08-25,2.9,0.08211871999999999,0.02616943564512788
2014-08-26,2.7,0.07645536,0.02436464697994665
2014-08-27,2.5,0.070792,0.022559858314765414
2014-08-28,2.4,0.06796031999999999,0.021657463982174795
2014-08-29,2.5,0.070792,0.022559858314765414
2014-08-30,3.0,0.0849504,0.0270718299777185
2014-08-31,2.9,0.08211871999999999,0.02616943564512788
2014-09-01,2.6,0.07362368,0.023462252647356033
2014-09-02,2.4,0.06796031999999999,0.021657463982174795
2014-09-03,2.4,0.06796031999999999,0.021657463982174795
2014-09-04,2.5,0.070792,0.022559858314765414
2014-09-05,2.7,0.07645536,0.02436464697994665
2014-09-06,4.9,0.13875232,0.04421732229694022
2014-09-07,4.4,0.12459392000000001,0.039705350633987134
2014-09-08,6.7,0.18972256,0.06046042028357132
2014-09-09,6.5,0.1840592,0.05865563161839008
2014-09-10,6.4,0.18122752,0.057753237285799466
2014-09-11,9.5,0.2690096,0.08572746159610858
2014-09-12,13.0,0.3681184,0.11731126323678016
2014-09-13,11.0,0.3114848,0.09926337658496784
2014-09-14,8.2,0.23219775999999998,0.07399633527243056
2014-09-15,6.7,0.18972256,0.06046042028357132
2014-09-16,9.5,0.2690096,0.08572746159610858
2014-09-17,9.9,0.28033632,0.08933703892647106
2014-09-18,8.7,0.24635615999999996,0.07850830693538363
2014-09-19,7.4,0.20954432,0.06677718061170564
2014-09-20,6.0,0.1699008,0.054143659955437
2014-09-21,4.6,0.13025727999999998,0.04151013929916836
2014-09-22,3.4,0.09627712,0.030681407308080964
2014-09-23,2.6,0.07362368,0.023462252647356033
2014-09-24,2.0,0.0566336,0.018047886651812332
2014-09-25,1.7,0.04813856,0.015340703654040482
2014-09-26,1.7,0.04813856,0.015340703654040482
2014-09-27,1.6,0.04530688,0.014438309321449867
2014-09-28,1.6,0.04530688,0.014438309321449867
2014-09-29,2.1,0.05946528,0.01895028098440295
2014-09-30,2.1,0.05946528,0.01895028098440295
2014-10-01,3.5,0.0991088,0.03158380164067158
2014-10-02,7.7,0.21803936000000002,0.06948436360947749
2014-10-03,8.6,0.24352448,0.07760591260279302
2014-10-04,8.8,0.24918784000000002,0.07941070126797427
2014-10-05,12.0,0.3398016,0.108287319910874
2014-10-06,,,
2014-10-07,,,
2014-10-08,,,
2014-10-09,,,
2014-10-10,,,
2014-10-11,,,
2014-10-12,,,
2014-10-13,,,
2014-10-14,,,
2014-10-15,,,
2014-10-16,,,
2014-10-17,,,
2014-10-18,,,
2014-10-19,,,
2014-10-20,,,
2014-10-21,,,
2014-10-22,,,
2014-10-23,,,
2014-10-24,,,
2014-10-25,,,
2014-10-26,,,
2014-10-27,,,
2014-10-28,,,
2014-10-29,,,
2014-10-30,,,
2014-10-31,,,
2014-11-01,,,
2014-11-02,,,
2014-11-03,,,
2014-11-04,,,
2014-11-05,,,
2014-11-06,,,
2014-11-07,,,
2014-11-08,,,
2014-11-09,,,
2014-11-10,,,
2014-11-11,,,
2014-11-12,,,
2014-11-13,,,
2014-11-14,,,
2014-11-15,,,
2014-11-16,,,
2014-11-17,,,
2014-11-18,,,
2014-11-19,,,
2014-11-20,,,
2014-11-21,,,
2014-11-22,,,
2014-11-23,,,
2014-11-24,,,
2014-11-25,,,
2014-11-26,,,
2014-11-27,,,
2014-11-28,,,
2014-11-29,,,
2014-11-30,,,
2014-12-01,,,
2014-12-02,,,
2014-12-03,,,
2014-12-04,,,
2014-12-05,,,
2014-12-06,,,
2014-12-07,,,
2014-12-08,,,
2014-12-09,,,
2014-12-10,,,
2014-12-11,,,
2014-12-12,,,
2014-12-13,,,
2014-12-14,,,
2014-12-15,,,
2014-12-16,,,
2014-12-17,,,
2014-12-18,,,
2014-12-19,,,
2014-12-20,,,
2014-12-21,,,
2014-12-22,,,
2014-12-23,,,
2014-12-24,,,
2014-12-25,,,
2014-12-26,,,
2014-12-27,,,
2014-12-28,,,
2014-12-29,,,
2014-12-30,,,
2014-12-31,,,
