date,prcp_daymet_mm_day,prcp_maurer_mm_day,prcp_nldas_mm_day
1980-01-01,0.0,0.0,0.0
1980-01-02,0.0,0.0,0.0
1980-01-03,0.0,0.3,0.0
1980-01-04,5.77,3.5,5.28
1980-01-05,0.0,1.14,0.0
1980-01-06,0.0,0.0,0.0
1980-01-07,0.0,0.1,5.01
1980-01-08,6.84,7.87,9.37
1980-01-09,10.17,8.7,3.6
1980-01-10,0.0,2.03,0.06
1980-01-11,22.02,17.32,19.19
1980-01-12,13.3,5.77,0.2
1980-01-13,1.69,0.67,0.47
1980-01-14,2.31,0.73,1.23
1980-01-15,0.0,0.17,0.0
1980-01-16,0.0,0.01,0.57
1980-01-17,2.43,1.25,2.33
1980-01-18,6.24,5.18,4.01
1980-01-19,0.0,1.59,0.03
1980-01-20,0.0,0.0,0.0
1980-01-21,0.0,0.0,0.46
1980-01-22,0.0,1.62,2.05
1980-01-23,23.68,17.56,25.44
1980-01-24,0.0,5.67,0.2
1980-01-25,0.0,0.54,0.0
1980-01-26,26.9,24.88,46.48
1980-01-27,12.26,9.97,1.51
1980-01-28,0.0,0.58,0.01
1980-01-29,0.0,0.0,0.0
1980-01-30,0.0,0.18,0.04
1980-01-31,6.99,5.01,6.96
1980-02-01,0.0,1.65,0.0
1980-02-02,0.0,0.0,0.0
1980-02-03,0.0,0.0,0.42
1980-02-04,0.0,0.0,0.0
1980-02-05,0.0,0.23,0.0
1980-02-06,5.04,4.41,4.83
1980-02-07,0.0,1.44,0.0
1980-02-08,0.0,0.0,0.0
1980-02-09,0.0,3.95,4.28
1980-02-10,13.16,7.37,10.22
1980-02-11,0.0,2.02,0.08
1980-02-12,0.0,0.0,0.03
1980-02-13,0.0,0.01,0.07
1980-02-14,0.0,0.0,0.02
1980-02-15,0.0,0.0,0.05
1980-02-16,2.25,0.56,2.1
1980-02-17,3.0,1.41,1.16
1980-02-18,0.0,0.41,0.0
1980-02-19,0.0,0.0,0.06
1980-02-20,0.0,0.04,0.12
1980-02-21,0.0,0.01,0.0
1980-02-22,0.0,0.0,0.49
1980-02-23,0.0,0.04,0.0
1980-02-24,25.64,20.47,35.49
1980-02-25,14.55,15.15,2.78
1980-02-26,0.0,2.78,0.0
1980-02-27,0.0,0.0,0.0
1980-02-28,0.0,0.0,0.0
1980-02-29,0.0,3.32,6.04
1980-03-01,8.35,6.65,12.09
1980-03-02,4.91,2.77,1.12
1980-03-03,0.0,0.19,0.03
1980-03-04,0.0,0.0,0.02
1980-03-05,1.1,1.28,2.22
1980-03-06,0.0,0.43,1.03
1980-03-07,0.0,0.09,0.17
1980-03-08,13.88,3.42,19.72
1980-03-09,66.23,62.52,90.59
1980-03-10,39.96,47.55,11.29
1980-03-11,0.0,9.03,0.01
1980-03-12,1.71,3.3,6.87
1980-03-13,11.55,5.54,6.52
1980-03-14,0.0,1.48,0.0
1980-03-15,0.0,0.0,0.0
1980-03-16,0.0,0.0,0.0
1980-03-17,0.0,2.45,3.73
1980-03-18,7.98,4.73,7.1
1980-03-19,0.0,1.3,0.91
1980-03-20,0.0,0.28,1.02
1980-03-21,3.48,2.45,2.5
1980-03-22,0.0,0.79,0.0
1980-03-23,0.0,0.0,0.0
1980-03-24,0.0,0.59,0.67
1980-03-25,0.0,0.2,0.02
1980-03-26,0.0,0.38,1.83
1980-03-27,1.85,1.97,2.93
1980-03-28,10.79,11.38,15.64
1980-03-29,10.87,12.9,7.11
1980-03-30,37.17,23.77,31.3
1980-03-31,0.0,6.89,1.02
1980-04-01,0.0,0.0,10.02
1980-04-02,34.92,21.12,14.62
1980-04-03,24.23,24.26,14.63
1980-04-04,19.36,23.64,11.82
1980-04-05,0.0,5.97,0.05
1980-04-06,0.0,0.09,0.59
1980-04-07,3.98,2.52,16.01
1980-04-08,14.24,18.75,12.4
1980-04-09,13.15,6.97,9.72
1980-04-10,0.0,0.33,0.07
1980-04-11,0.0,0.0,0.43
1980-04-12,11.16,7.66,13.19
1980-04-13,10.42,6.22,5.03
1980-04-14,11.38,8.26,7.53
1980-04-15,0.0,2.35,0.0
1980-04-16,0.0,0.0,0.0
1980-04-17,0.0,0.0,0.0
1980-04-18,0.0,0.02,1.59
1980-04-19,2.35,5.94,9.76
1980-04-20,11.74,4.32,0.56
1980-04-21,0.0,0.78,0.0
1980-04-22,0.0,0.0,0.0
1980-04-23,0.0,0.0,0.0
1980-04-24,0.0,0.0,0.0
1980-04-25,0.0,0.0,0.0
1980-04-26,16.05,10.25,20.18
1980-04-27,20.3,12.76,3.29
1980-04-28,0.0,3.11,1.36
1980-04-29,0.0,0.0,0.56
1980-04-30,0.0,0.0,2.5
1980-05-01,0.87,0.6,0.71
1980-05-02,0.0,0.2,0.36
1980-05-03,0.0,1.57,0.85
1980-05-04,0.0,0.52,0.0
1980-05-05,0.0,0.0,0.0
1980-05-06,0.0,0.0,0.52
1980-05-07,0.0,0.33,0.79
1980-05-08,9.54,3.47,16.81
1980-05-09,13.04,8.26,6.58
1980-05-10,0.0,2.38,0.0
1980-05-11,0.0,0.0,0.02
1980-05-12,0.0,0.0,0.02
1980-05-13,0.0,0.0,0.0
1980-05-14,0.0,8.3,12.66
1980-05-15,29.72,12.62,8.9
1980-05-16,0.0,3.28,2.73
1980-05-17,4.86,4.15,3.94
1980-05-18,0.0,1.39,2.56
1980-05-19,7.91,3.23,1.44
1980-05-20,4.41,2.28,3.12
1980-05-21,0.0,0.43,4.64
1980-05-22,24.29,30.64,40.42
1980-05-23,23.08,34.99,4.54
1980-05-24,2.57,8.77,9.77
1980-05-25,0.0,6.23,3.0
1980-05-26,6.88,5.44,3.55
1980-05-27,0.0,1.14,0.0
1980-05-28,0.0,0.0,0.24
1980-05-29,0.0,0.0,0.0
1980-05-30,0.0,0.0,0.0
1980-05-31,0.0,0.0,0.0
1980-06-01,0.0,0.0,0.0
1980-06-02,0.0,0.0,0.0
1980-06-03,0.0,0.0,0.0
1980-06-04,0.0,0.0,0.0
1980-06-05,0.0,0.0,0.1
1980-06-06,0.0,0.0,0.05
1980-06-07,0.0,0.0,0.0
1980-06-08,0.0,0.0,0.0
1980-06-09,23.55,18.48,16.64
1980-06-10,0.0,6.16,0.0
1980-06-11,0.0,0.0,0.0
1980-06-12,0.0,0.0,0.0
1980-06-13,0.0,0.0,0.0
1980-06-14,0.0,0.0,0.0
1980-06-15,0.0,0.0,0.0
1980-06-16,0.0,0.0,2.53
1980-06-17,0.0,4.11,3.6
1980-06-18,0.0,3.5,7.93
1980-06-19,13.33,13.14,22.46
1980-06-20,24.21,17.43,22.6
1980-06-21,2.49,6.02,8.05
1980-06-22,8.86,7.41,17.05
1980-06-23,8.0,11.13,8.88
1980-06-24,14.47,17.93,13.22
1980-06-25,19.84,15.27,15.76
1980-06-26,7.15,3.98,0.95
1980-06-27,0.0,0.19,4.69
1980-06-28,0.0,9.31,1.06
1980-06-29,10.23,4.27,15.63
1980-06-30,11.94,4.38,2.45
1980-07-01,0.0,1.33,0.0
1980-07-02,0.0,0.02,0.03
1980-07-03,0.0,0.01,0.0
1980-07-04,0.0,0.0,0.0
1980-07-05,0.0,0.0,0.13
1980-07-06,0.0,2.06,0.21
1980-07-07,15.8,2.19,7.36
1980-07-08,0.0,0.5,0.0
1980-07-09,0.0,0.0,0.0
1980-07-10,0.0,0.0,0.0
1980-07-11,0.0,0.0,2.95
1980-07-12,6.02,5.51,0.0
1980-07-13,0.0,1.85,0.18
1980-07-14,0.0,0.04,0.0
1980-07-15,0.0,4.26,4.17
1980-07-16,0.0,1.41,0.0
1980-07-17,0.0,0.0,0.11
1980-07-18,0.0,0.0,7.71
1980-07-19,21.54,23.3,20.29
1980-07-20,24.43,32.58,6.48
1980-07-21,0.0,8.31,0.5
1980-07-22,0.0,0.01,5.25
1980-07-23,0.0,2.92,42.06
1980-07-24,67.59,59.97,69.48
1980-07-25,85.07,78.35,23.76
1980-07-26,16.79,21.06,11.31
1980-07-27,19.86,18.83,11.17
1980-07-28,8.41,8.96,4.45
1980-07-29,3.35,3.8,0.81
1980-07-30,0.04,0.95,0.06
1980-07-31,0.0,0.0,0.0
1980-08-01,0.0,0.11,0.63
1980-08-02,0.0,0.08,1.7
1980-08-03,0.0,2.0,5.09
1980-08-04,0.0,0.66,0.0
1980-08-05,0.0,0.0,0.0
1980-08-06,0.0,0.0,0.04
1980-08-07,0.0,0.0,0.0
1980-08-08,0.0,0.0,6.1
1980-08-09,13.47,13.16,0.29
1980-08-10,0.0,4.4,1.32
1980-08-11,0.0,0.01,5.1
1980-08-12,0.0,0.0,8.09
1980-08-13,16.72,20.2,8.26
1980-08-14,17.01,16.13,21.38
1980-08-15,6.78,6.57,2.04
1980-08-16,0.0,1.16,0.57
1980-08-17,0.0,4.79,0.99
1980-08-18,0.0,1.61,9.17
1980-08-19,0.0,0.0,0.12
1980-08-20,0.0,0.0,1.41
1980-08-21,0.26,3.64,10.43
1980-08-22,9.01,8.61,1.17
1980-08-23,7.77,8.58,6.98
1980-08-24,0.0,2.07,0.43
1980-08-25,0.0,0.01,0.77
1980-08-26,0.0,2.03,1.75
1980-08-27,4.09,1.67,1.89
1980-08-28,0.0,3.54,2.9
1980-08-29,0.0,1.07,0.19
1980-08-30,0.0,0.01,0.66
1980-08-31,0.0,1.56,3.32
1980-09-01,7.01,3.79,3.94
1980-09-02,3.7,2.92,7.84
1980-09-03,0.06,3.74,8.32
1980-09-04,5.81,5.66,1.12
1980-09-05,0.0,1.54,1.84
1980-09-06,0.0,1.97,1.32
1980-09-07,0.89,2.57,5.45
1980-09-08,0.0,1.08,0.3
1980-09-09,0.0,0.15,0.75
1980-09-10,2.74,2.3,0.87
1980-09-11,6.0,3.0,4.03
1980-09-12,0.0,0.75,0.0
1980-09-13,0.0,0.0,0.0
1980-09-14,0.0,0.0,0.0
1980-09-15,0.0,0.0,0.0
1980-09-16,0.0,0.0,3.94
1980-09-17,18.18,12.26,27.16
1980-09-18,23.88,32.01,2.43
1980-09-19,0.0,9.31,0.92
1980-09-20,0.0,0.0,0.04
1980-09-21,0.0,0.0,0.0
1980-09-22,0.0,0.0,0.73
1980-09-23,7.91,2.66,3.57
1980-09-24,0.1,0.9,3.31
1980-09-25,0.0,13.02,3.36
1980-09-26,0.0,4.34,0.0
1980-09-27,0.0,5.88,11.02
1980-09-28,11.97,20.92,4.69
1980-09-29,2.88,7.11,6.01
1980-09-30,9.65,9.92,9.15
1980-10-01,3.39,5.36,0.59
1980-10-02,0.0,0.71,0.0
1980-10-03,0.0,0.0,0.0
1980-10-04,0.0,0.0,0.0
1980-10-05,0.0,0.0,0.0
1980-10-06,0.0,0.0,0.0
1980-10-07,0.0,0.0,0.0
1980-10-08,0.0,0.0,0.0
1980-10-09,0.0,0.0,0.0
1980-10-10,0.0,0.0,0.0
1980-10-11,0.0,0.0,0.0
1980-10-12,0.0,0.0,0.0
1980-10-13,0.0,0.0,0.0
1980-10-14,0.0,0.0,0.0
1980-10-15,0.0,0.0,0.0
1980-10-16,0.0,0.0,0.0
1980-10-17,0.0,0.0,0.0
1980-10-18,0.0,0.0,0.3
1980-10-19,3.32,1.23,2.05
1980-10-20,3.09,0.87,0.43
1980-10-21,0.0,0.19,0.0
1980-10-22,2.31,1.13,10.63
1980-10-23,15.02,9.67,7.97
1980-10-24,0.0,3.86,0.06
1980-10-25,14.17,2.51,4.98
1980-10-26,0.0,0.75,0.11
1980-10-27,0.0,2.98,0.1
1980-10-28,53.35,45.93,67.01
1980-10-29,17.12,24.04,3.28
1980-10-30,17.65,17.71,18.5
1980-10-31,0.05,4.91,0.04
1980-11-01,0.0,0.01,0.0
1980-11-02,0.0,0.0,0.0
1980-11-03,0.0,0.0,0.0
1980-11-04,0.0,0.09,0.19
1980-11-05,0.0,0.03,0.0
1980-11-06,0.0,0.0,0.0
1980-11-07,0.0,0.0,0.02
1980-11-08,0.0,0.0,0.02
1980-11-09,0.0,0.0,0.0
1980-11-10,0.0,0.0,0.0
1980-11-11,0.0,0.0,0.0
1980-11-12,0.0,0.0,0.0
1980-11-13,0.0,0.0,0.0
1980-11-14,0.0,0.01,0.07
1980-11-15,0.0,0.02,0.32
1980-11-16,0.0,0.0,0.01
1980-11-17,0.0,0.24,0.62
1980-11-18,0.0,0.08,0.05
1980-11-19,0.0,0.0,0.0
1980-11-20,0.0,0.0,0.0
1980-11-21,0.0,0.0,0.0
1980-11-22,0.0,0.0,1.15
1980-11-23,0.0,6.62,8.63
1980-11-24,30.04,28.98,32.45
1980-11-25,0.0,8.92,3.83
1980-11-26,10.14,6.68,6.92
1980-11-27,16.15,13.48,14.27
1980-11-28,0.0,3.75,0.01
1980-11-29,0.0,0.0,0.0
1980-11-30,0.0,0.0,0.0
1980-12-01,0.0,0.0,0.0
1980-12-02,0.0,0.0,0.0
1980-12-03,0.0,0.0,0.0
1980-12-04,0.0,0.0,0.0
1980-12-05,0.0,0.0,0.0
1980-12-06,0.0,0.0,0.0
1980-12-07,0.0,0.0,0.0
1980-12-08,0.0,0.0,0.0
1980-12-09,0.0,0.0,0.04
1980-12-10,0.0,0.22,0.44
1980-12-11,0.0,0.07,0.0
1980-12-12,0.0,0.0,0.0
1980-12-13,0.0,0.0,0.0
1980-12-14,0.0,0.0,0.0
1980-12-15,0.0,0.36,0.93
1980-12-16,6.89,4.4,7.58
1980-12-17,0.0,3.51,0.19
1980-12-18,0.0,0.69,0.0
1980-12-19,0.0,0.0,0.0
1980-12-20,0.0,0.0,0.04
1980-12-21,0.0,0.0,1.49
1980-12-22,0.0,3.77,3.66
1980-12-23,6.65,3.81,2.93
1980-12-24,0.0,1.33,1.2
1980-12-25,4.03,1.9,0.77
1980-12-26,0.0,0.58,0.0
1980-12-27,0.0,0.0,0.15
1980-12-28,0.0,0.1,1.66
1980-12-29,1.98,1.37,1.12
1980-12-30,0.0,0.45,0.0
1980-12-31,0.99,0.0,0.0
1981-01-01,0.0,0.0,0.0
1981-01-02,0.0,0.0,0.0
1981-01-03,0.0,0.0,0.0
1981-01-04,0.0,0.0,0.0
1981-01-05,0.0,0.0,0.0
1981-01-06,0.0,0.83,0.0
1981-01-07,13.78,10.25,15.06
1981-01-08,0.0,3.33,0.0
1981-01-09,0.0,0.0,0.0
1981-01-10,0.0,0.0,0.0
1981-01-11,0.0,0.0,0.0
1981-01-12,0.0,0.0,0.0
1981-01-13,0.0,0.0,0.35
1981-01-14,0.0,0.2,0.87
1981-01-15,0.0,0.76,1.94
1981-01-16,0.0,0.23,0.0
1981-01-17,0.0,0.0,0.0
1981-01-18,0.0,0.0,0.0
1981-01-19,0.0,0.0,0.0
1981-01-20,12.0,9.97,12.58
1981-01-21,4.08,3.62,0.29
1981-01-22,0.0,0.1,0.0
1981-01-23,0.0,0.0,0.0
1981-01-24,0.0,0.0,0.0
1981-01-25,0.0,0.0,0.0
1981-01-26,0.0,0.0,0.0
1981-01-27,0.0,1.67,0.03
1981-01-28,18.37,11.08,18.69
1981-01-29,0.0,3.51,0.0
1981-01-30,0.0,0.0,0.0
1981-01-31,0.0,0.0,0.0
1981-02-01,0.0,1.05,0.8
1981-02-02,16.58,11.57,14.73
1981-02-03,0.0,3.74,0.0
1981-02-04,0.0,0.0,0.0
1981-02-05,0.0,0.78,0.0
1981-02-06,12.15,10.89,20.14
1981-02-07,9.55,3.57,0.37
1981-02-08,0.54,1.08,1.42
1981-02-09,0.0,0.36,0.0
1981-02-10,0.0,10.06,22.2
1981-02-11,122.92,103.86,68.61
1981-02-12,0.0,33.5,0.0
1981-02-13,0.0,0.0,0.1
1981-02-14,0.0,0.0,0.0
1981-02-15,0.0,0.03,0.05
1981-02-16,0.0,0.68,0.56
1981-02-17,0.0,0.63,1.15
1981-02-18,7.17,5.46,6.16
1981-02-19,0.0,1.77,0.02
1981-02-20,0.0,0.0,0.0
1981-02-21,0.0,0.0,0.0
1981-02-22,0.0,0.23,0.05
1981-02-23,0.0,0.09,0.72
1981-02-24,0.0,0.0,0.0
1981-02-25,0.0,0.0,0.0
1981-02-26,0.0,0.0,0.0
1981-02-27,0.0,0.0,0.0
1981-02-28,0.0,0.0,0.0
1981-03-01,0.0,0.0,0.0
1981-03-02,0.0,0.0,0.0
1981-03-03,0.0,0.0,0.0
1981-03-04,0.0,17.42,3.96
1981-03-05,73.02,60.79,76.81
1981-03-06,0.0,18.33,0.0
1981-03-07,0.0,0.0,0.0
1981-03-08,0.0,0.0,0.0
1981-03-09,0.0,0.0,0.0
1981-03-10,0.0,0.0,0.0
1981-03-11,0.0,0.0,0.0
1981-03-12,0.0,0.0,0.0
1981-03-13,0.0,0.08,0.19
1981-03-14,0.0,0.03,0.03
1981-03-15,0.0,0.1,0.0
1981-03-16,2.07,1.07,1.1
1981-03-17,0.0,0.35,0.0
1981-03-18,0.0,0.06,0.59
1981-03-19,0.0,0.02,0.0
1981-03-20,0.0,0.0,0.0
1981-03-21,0.0,2.48,0.0
1981-03-22,37.64,23.96,44.28
1981-03-23,6.32,7.78,0.05
1981-03-24,0.0,0.02,0.0
1981-03-25,0.0,0.0,0.0
1981-03-26,0.0,0.0,0.0
1981-03-27,0.0,0.0,0.0
1981-03-28,0.0,0.0,0.0
1981-03-29,0.0,0.0,0.0
1981-03-30,26.08,21.63,38.89
1981-03-31,21.87,14.87,0.75
1981-04-01,5.54,4.42,4.78
1981-04-02,0.43,0.62,0.02
1981-04-03,0.0,0.0,0.0
1981-04-04,0.0,0.0,0.0
1981-04-05,0.81,1.47,1.4
1981-04-06,0.0,0.49,0.2
1981-04-07,0.0,0.0,0.0
1981-04-08,0.0,0.0,0.0
1981-04-09,0.0,0.0,0.0
1981-04-10,0.0,0.0,0.0
1981-04-11,0.0,0.0,0.0
1981-04-12,0.0,0.01,0.03
1981-04-13,0.0,0.0,0.0
1981-04-14,0.0,0.0,0.0
1981-04-15,0.0,0.0,0.0
1981-04-16,0.0,0.0,1.02
1981-04-17,0.0,0.0,0.0
1981-04-18,0.0,0.0,0.0
1981-04-19,0.0,0.0,0.0
1981-04-20,0.0,0.0,0.02
1981-04-21,0.0,0.01,0.91
1981-04-22,0.0,0.0,0.0
1981-04-23,0.0,0.02,0.01
1981-04-24,0.15,0.01,0.31
1981-04-25,0.0,0.0,0.0
1981-04-26,0.0,0.0,0.0
1981-04-27,0.0,0.0,0.0
1981-04-28,0.0,0.0,0.0
1981-04-29,0.0,6.46,8.9
1981-04-30,4.21,4.06,4.64
1981-05-01,0.0,0.63,0.0
1981-05-02,0.0,0.0,0.03
1981-05-03,0.0,0.0,0.0
1981-05-04,0.0,0.0,0.0
1981-05-05,0.0,0.07,9.58
1981-05-06,24.71,25.09,21.92
1981-05-07,0.02,8.36,1.11
1981-05-08,0.0,0.0,0.0
1981-05-09,0.0,0.0,0.0
1981-05-10,0.0,0.0,0.0
1981-05-11,0.0,0.0,0.01
1981-05-12,0.0,0.0,0.0
1981-05-13,0.0,0.0,0.0
1981-05-14,0.0,0.0,0.0
1981-05-15,0.0,0.0,0.0
1981-05-16,0.0,0.0,0.0
1981-05-17,0.0,0.0,0.0
1981-05-18,0.0,0.0,0.01
1981-05-19,0.69,1.38,2.86
1981-05-20,0.0,0.46,0.42
1981-05-21,0.0,0.0,0.0
1981-05-22,0.0,0.0,0.0
1981-05-23,0.0,0.0,0.0
1981-05-24,0.0,0.0,0.0
1981-05-25,0.0,0.0,0.0
1981-05-26,5.07,7.36,21.73
1981-05-27,8.82,2.45,1.82
1981-05-28,0.0,0.0,0.01
1981-05-29,0.0,0.0,0.0
1981-05-30,0.0,0.0,0.0
1981-05-31,0.0,0.0,0.0
1981-06-01,0.0,0.0,0.5
1981-06-02,0.0,2.48,4.96
1981-06-03,0.01,0.83,1.09
1981-06-04,0.0,0.0,0.0
1981-06-05,0.0,0.0,0.15
1981-06-06,0.0,0.19,9.22
1981-06-07,19.19,18.0,18.2
1981-06-08,27.02,26.2,11.27
1981-06-09,19.71,6.79,11.84
1981-06-10,12.77,7.88,2.05
1981-06-11,5.03,3.11,1.06
1981-06-12,0.0,0.44,1.33
1981-06-13,0.0,0.09,0.07
1981-06-14,0.0,0.0,5.68
1981-06-15,0.0,11.37,0.08
1981-06-16,0.0,5.37,4.34
1981-06-17,0.0,0.53,0.01
1981-06-18,0.0,0.0,3.04
1981-06-19,13.31,5.89,1.68
1981-06-20,0.0,1.96,1.64
1981-06-21,0.0,4.55,4.21
1981-06-22,13.32,11.7,9.98
1981-06-23,4.1,12.8,6.58
1981-06-24,12.37,10.86,7.12
1981-06-25,0.0,4.56,0.89
1981-06-26,0.0,3.87,8.14
1981-06-27,13.14,4.17,2.17
1981-06-28,0.0,1.05,0.87
1981-06-29,0.0,0.0,0.29
1981-06-30,0.0,0.0,0.0
1981-07-01,0.0,0.0,0.39
1981-07-02,2.69,2.25,10.49
1981-07-03,9.38,4.71,14.79
1981-07-04,13.96,9.5,5.03
1981-07-05,12.77,5.63,0.81
1981-07-06,0.0,0.97,0.17
1981-07-07,0.0,0.0,4.39
1981-07-08,4.41,12.07,15.02
1981-07-09,26.69,27.15,9.76
1981-07-10,0.0,8.16,1.71
1981-07-11,0.0,3.44,0.55
1981-07-12,0.0,1.1,4.08
1981-07-13,2.35,3.6,3.8
1981-07-14,0.0,1.2,0.16
1981-07-15,0.0,0.0,2.54
1981-07-16,0.0,1.24,2.11
1981-07-17,0.0,1.1,19.84
1981-07-18,21.61,33.98,13.48
1981-07-19,16.96,19.02,21.97
1981-07-20,11.15,4.13,6.69
1981-07-21,19.31,1.62,8.63
1981-07-22,0.0,15.15,4.35
1981-07-23,0.0,11.2,0.02
1981-07-24,0.0,2.13,4.77
1981-07-25,0.0,15.16,3.54
1981-07-26,0.0,5.57,0.17
1981-07-27,0.0,0.17,1.26
1981-07-28,0.0,0.0,0.01
1981-07-29,0.0,0.56,8.78
1981-07-30,16.85,19.12,25.91
1981-07-31,9.18,12.31,18.45
1981-08-01,8.52,3.53,9.29
1981-08-02,5.32,1.5,3.57
1981-08-03,5.52,3.29,1.13
1981-08-04,0.05,0.99,1.98
1981-08-05,6.59,2.44,2.87
1981-08-06,0.0,0.83,1.69
1981-08-07,0.0,1.85,2.59
1981-08-08,7.66,9.66,14.7
1981-08-09,19.15,26.78,19.43
1981-08-10,10.23,11.72,10.79
1981-08-11,7.78,10.88,2.6
1981-08-12,5.79,6.47,4.1
1981-08-13,0.0,1.09,0.96
1981-08-14,0.0,0.98,1.54
1981-08-15,0.0,0.33,0.0
1981-08-16,0.0,0.0,0.0
1981-08-17,0.0,0.02,0.11
1981-08-18,0.0,0.18,1.41
1981-08-19,0.0,0.07,3.17
1981-08-20,0.0,4.48,10.39
1981-08-21,16.15,4.79,6.59
1981-08-22,4.21,3.11,3.6
1981-08-23,11.26,9.69,10.83
1981-08-24,0.0,3.01,0.0
1981-08-25,0.0,0.0,0.0
1981-08-26,0.0,0.0,0.66
1981-08-27,0.0,1.26,2.79
1981-08-28,3.73,5.39,7.95
1981-08-29,2.01,2.88,2.03
1981-08-30,7.5,4.41,7.86
1981-08-31,9.91,4.78,1.11
1981-09-01,0.0,2.43,3.08
1981-09-02,5.64,1.82,6.52
1981-09-03,12.13,6.76,7.54
1981-09-04,17.44,20.32,19.57
1981-09-05,3.03,8.76,7.65
1981-09-06,1.84,0.9,2.33
1981-09-07,0.0,0.02,9.33
1981-09-08,12.27,15.21,6.79
1981-09-09,0.21,5.11,0.65
1981-09-10,0.0,0.34,0.06
1981-09-11,0.0,0.18,0.02
1981-09-12,0.0,2.32,1.11
1981-09-13,0.0,0.77,0.0
1981-09-14,0.0,0.0,2.96
1981-09-15,0.0,2.49,8.09
1981-09-16,13.83,9.42,9.26
1981-09-17,0.0,2.86,0.02
1981-09-18,0.0,0.0,0.0
1981-09-19,0.0,0.0,0.0
1981-09-20,0.0,0.0,0.0
1981-09-21,0.0,0.0,0.0
1981-09-22,0.0,0.0,0.0
1981-09-23,0.0,0.0,0.0
1981-09-24,0.0,0.0,0.0
1981-09-25,0.0,0.0,0.0
1981-09-26,0.0,0.0,0.0
1981-09-27,0.0,0.0,0.0
1981-09-28,0.0,0.0,0.0
1981-09-29,0.0,0.0,0.0
1981-09-30,0.0,0.0,0.0
1981-10-01,0.0,0.0,0.0
1981-10-02,0.0,0.0,0.0
1981-10-03,0.0,0.0,0.0
1981-10-04,0.0,0.0,0.0
1981-10-05,0.0,0.0,0.0
1981-10-06,0.0,0.0,0.09
1981-10-07,0.0,0.0,0.02
1981-10-08,0.0,0.01,0.53
1981-10-09,5.81,0.86,0.06
1981-10-10,0.0,2.15,2.25
1981-10-11,0.0,0.62,0.01
1981-10-12,0.0,0.0,0.0
1981-10-13,0.0,0.0,0.0
1981-10-14,0.0,0.0,0.0
1981-10-15,0.0,0.0,0.0
1981-10-16,0.0,0.0,0.0
1981-10-17,0.0,0.0,0.0
1981-10-18,0.0,0.38,0.91
1981-10-19,0.7,0.47,0.07
1981-10-20,0.0,0.12,0.0
1981-10-21,0.0,0.0,0.0
1981-10-22,0.0,0.0,0.0
1981-10-23,0.0,6.23,7.16
1981-10-24,0.28,5.64,5.33
1981-10-25,16.1,14.67,22.27
1981-10-26,21.63,26.31,15.13
1981-10-27,0.89,7.3,0.05
1981-10-28,0.0,0.01,0.0
1981-10-29,0.0,0.0,0.0
1981-10-30,0.0,0.0,0.0
1981-10-31,0.0,0.0,0.0
1981-11-01,0.0,0.0,0.0
1981-11-02,0.0,0.0,0.0
1981-11-03,0.0,0.0,0.0
1981-11-04,0.0,0.02,0.52
1981-11-05,0.0,0.02,2.04
1981-11-06,0.0,0.0,0.0
1981-11-07,0.0,0.0,0.0
1981-11-08,0.0,0.0,0.0
1981-11-09,0.0,0.61,0.26
1981-11-10,25.51,15.34,30.2
1981-11-11,15.45,8.01,8.94
1981-11-12,0.0,0.99,0.0
1981-11-13,0.0,0.0,0.0
1981-11-14,0.0,0.0,0.0
1981-11-15,0.0,0.0,0.0
1981-11-16,0.0,1.49,2.04
1981-11-17,5.48,4.45,2.34
1981-11-18,0.0,1.32,0.0
1981-11-19,0.0,0.52,0.0
1981-11-20,4.0,2.2,2.82
1981-11-21,0.0,0.68,0.0
1981-11-22,0.0,0.0,0.0
1981-11-23,0.0,0.25,0.0
1981-11-24,4.28,3.27,2.55
1981-11-25,0.0,1.06,0.0
1981-11-26,0.0,0.0,0.02
1981-11-27,0.0,0.0,0.02
1981-11-28,0.0,0.0,0.02
1981-11-29,0.0,0.0,0.0
1981-11-30,0.0,0.0,1.45
1981-12-01,10.25,9.35,15.26
1981-12-02,15.71,9.77,7.87
1981-12-03,0.0,2.22,0.0
1981-12-04,0.0,0.0,0.0
1981-12-05,0.0,0.0,0.0
1981-12-06,0.0,0.0,0.0
1981-12-07,0.0,0.0,0.0
1981-12-08,0.0,0.0,0.0
1981-12-09,0.0,0.0,0.0
1981-12-10,0.0,0.0,0.0
1981-12-11,0.0,0.0,0.0
1981-12-12,14.4,9.63,14.7
1981-12-13,9.23,4.35,0.77
1981-12-14,12.83,15.55,29.14
1981-12-15,23.38,13.91,8.49
1981-12-16,0.0,2.95,0.0
1981-12-17,0.0,0.06,0.26
1981-12-18,1.0,1.0,0.84
1981-12-19,0.0,0.33,0.0
1981-12-20,0.0,0.0,0.15
1981-12-21,0.0,0.0,0.0
1981-12-22,0.0,0.0,0.22
1981-12-23,0.0,0.2,0.07
1981-12-24,0.0,0.24,1.21
1981-12-25,3.53,1.45,2.21
1981-12-26,0.0,0.53,1.43
1981-12-27,1.17,2.04,2.39
1981-12-28,0.75,1.74,0.82
1981-12-29,8.45,4.01,12.98
1981-12-30,11.46,11.48,8.38
1981-12-31,28.1,31.52,41.21
1982-01-01,0.0,9.37,0.95
1982-01-02,0.0,0.14,0.2
1982-01-03,0.0,1.5,1.62
1982-01-04,10.16,8.58,13.25
1982-01-05,0.0,2.7,0.0
1982-01-06,0.0,0.0,0.0
1982-01-07,11.38,9.8,8.23
1982-01-08,17.02,10.49,11.17
1982-01-09,0.0,2.41,0.0
1982-01-10,0.0,0.0,0.0
1982-01-11,0.0,0.0,0.0
1982-01-12,0.0,1.84,1.5
1982-01-13,18.31,13.88,20.58
1982-01-14,21.45,14.42,24.18
1982-01-15,0.0,3.33,0.88
1982-01-16,0.0,0.96,0.45
1982-01-17,1.6,0.89,0.62
1982-01-18,0.0,0.19,0.0
1982-01-19,0.0,0.0,0.04
1982-01-20,0.0,0.0,0.0
1982-01-21,0.0,0.0,0.03
1982-01-22,0.0,0.0,0.0
1982-01-23,3.49,3.33,5.19
1982-01-24,4.55,2.94,0.96
1982-01-25,0.0,0.61,0.0
1982-01-26,0.0,0.0,0.0
1982-01-27,0.0,0.0,0.0
1982-01-28,0.0,0.0,0.0
1982-01-29,0.0,0.0,0.0
1982-01-30,0.0,0.0,0.0
1982-01-31,8.71,7.73,11.51
1982-02-01,0.0,2.58,0.66
1982-02-02,0.0,3.18,15.16
1982-02-03,52.85,35.75,40.15
1982-02-04,0.0,11.56,1.01
1982-02-05,0.0,0.0,0.0
1982-02-06,0.0,0.0,0.0
1982-02-07,0.0,0.0,0.0
1982-02-08,0.0,0.0,0.0
1982-02-09,16.13,11.75,18.73
1982-02-10,16.3,3.93,2.65
1982-02-11,1.89,1.01,16.75
1982-02-12,13.24,15.28,8.6
1982-02-13,0.0,5.03,2.32
1982-02-14,0.0,0.02,2.38
1982-02-15,0.0,2.07,1.8
1982-02-16,17.64,15.77,6.07
1982-02-17,10.8,13.39,16.77
1982-02-18,0.0,2.79,0.0
1982-02-19,0.0,0.0,0.0
1982-02-20,0.0,0.0,0.0
1982-02-21,0.0,0.0,0.0
1982-02-22,0.0,0.0,0.0
1982-02-23,0.0,0.0,0.0
1982-02-24,0.0,0.0,0.0
1982-02-25,0.0,0.0,0.0
1982-02-26,0.0,0.52,0.83
1982-02-27,4.27,3.36,4.56
1982-02-28,0.0,1.06,0.03
1982-03-01,0.0,0.0,0.02
1982-03-02,0.0,0.0,0.0
1982-03-03,0.0,0.0,0.0
1982-03-04,0.0,0.0,15.53
1982-03-05,37.8,23.81,32.51
1982-03-06,19.81,15.2,7.51
1982-03-07,18.06,8.81,11.54
1982-03-08,0.0,2.13,0.0
1982-03-09,0.0,0.0,0.0
1982-03-10,0.0,0.0,0.0
1982-03-11,0.0,0.0,0.0
1982-03-12,0.0,0.0,0.0
1982-03-13,0.0,0.0,0.0
1982-03-14,0.0,0.0,0.0
1982-03-15,0.0,0.0,0.02
1982-03-16,0.0,0.0,0.0
1982-03-17,0.0,0.0,0.0
1982-03-18,0.0,0.0,0.0
1982-03-19,0.0,0.0,0.0
1982-03-20,0.0,0.0,0.0
1982-03-21,0.0,0.0,1.07
1982-03-22,6.91,5.72,8.75
1982-03-23,1.73,4.9,33.12
1982-03-24,46.84,36.87,21.67
1982-03-25,11.98,19.72,0.71
1982-03-26,10.36,6.46,12.19
1982-03-27,0.0,1.47,0.3
1982-03-28,2.73,2.19,3.01
1982-03-29,2.03,1.51,0.92
1982-03-30,0.0,0.27,0.0
1982-03-31,0.0,0.0,0.0
1982-04-01,0.0,0.0,0.0
1982-04-02,0.0,0.0,0.0
1982-04-03,0.0,0.97,2.01
1982-04-04,0.0,0.32,0.0
1982-04-05,0.69,10.76,5.7
1982-04-06,0.0,3.59,0.49
1982-04-07,0.0,1.51,46.11
1982-04-08,49.78,54.31,5.64
1982-04-09,21.11,20.39,7.1
1982-04-10,18.96,11.15,13.67
1982-04-11,16.12,13.03,10.6
1982-04-12,0.0,3.2,0.0
1982-04-13,0.0,0.0,0.0
1982-04-14,0.0,0.0,1.19
1982-04-15,0.0,0.0,0.84
1982-04-16,0.0,0.0,0.0
1982-04-17,0.0,0.19,0.38
1982-04-18,0.59,3.45,3.48
1982-04-19,0.0,2.42,1.39
1982-04-20,1.85,2.04,5.59
1982-04-21,0.0,0.54,2.54
1982-04-22,0.0,0.16,0.0
1982-04-23,0.06,0.45,0.75
1982-04-24,0.0,0.26,2.76
1982-04-25,4.77,8.77,18.75
1982-04-26,30.55,28.49,7.46
1982-04-27,0.0,10.36,0.85
1982-04-28,0.0,0.61,0.0
1982-04-29,0.0,0.0,0.0
1982-04-30,0.0,0.0,0.0
1982-05-01,0.0,0.0,0.94
1982-05-02,0.0,2.24,0.41
1982-05-03,0.0,0.75,0.29
1982-05-04,0.0,0.0,0.0
1982-05-05,0.0,0.0,0.0
1982-05-06,0.0,0.0,0.0
1982-05-07,0.0,1.01,3.87
1982-05-08,11.82,6.87,8.55
1982-05-09,0.0,2.18,0.03
1982-05-10,0.0,0.0,0.0
1982-05-11,0.0,0.0,0.0
1982-05-12,0.0,0.0,0.0
1982-05-13,0.0,0.0,0.0
1982-05-14,0.0,0.0,0.0
1982-05-15,0.0,0.0,0.0
1982-05-16,0.0,0.0,0.0
1982-05-17,0.0,0.04,0.12
1982-05-18,0.0,0.82,4.8
1982-05-19,3.14,4.55,6.75
1982-05-20,3.62,2.56,4.69
1982-05-21,0.0,0.38,0.79
1982-05-22,0.0,0.01,0.22
1982-05-23,0.0,0.16,1.27
1982-05-24,2.39,0.31,0.58
1982-05-25,19.03,13.09,9.83
1982-05-26,20.5,15.1,20.19
1982-05-27,0.0,3.59,5.15
1982-05-28,0.0,0.0,0.02
1982-05-29,0.0,0.16,0.0
1982-05-30,27.33,31.99,36.94
1982-05-31,0.0,13.52,5.91
1982-06-01,11.54,3.19,4.85
1982-06-02,0.0,0.76,0.02
1982-06-03,0.0,0.06,0.14
1982-06-04,0.0,0.02,0.0
1982-06-05,0.0,0.0,0.0
1982-06-06,0.0,0.0,0.0
1982-06-07,0.0,0.0,0.0
1982-06-08,0.0,0.0,0.0
1982-06-09,0.0,0.0,0.0
1982-06-10,0.0,0.0,0.05
1982-06-11,0.0,0.26,0.6
1982-06-12,4.05,3.01,3.79
1982-06-13,0.0,0.97,0.05
1982-06-14,0.0,0.0,0.0
1982-06-15,0.0,0.0,0.02
1982-06-16,8.29,20.57,17.26
1982-06-17,70.46,84.22,29.13
1982-06-18,34.5,31.62,22.63
1982-06-19,0.0,1.94,2.12
1982-06-20,3.9,1.48,0.0
1982-06-21,0.0,0.68,1.53
1982-06-22,33.0,27.22,36.25
1982-06-23,17.57,24.01,5.35
1982-06-24,7.08,8.83,3.89
1982-06-25,7.04,1.45,6.4
1982-06-26,8.02,6.8,14.45
1982-06-27,14.14,10.81,10.87
1982-06-28,10.99,8.49,3.45
1982-06-29,2.03,5.93,8.07
1982-06-30,2.35,1.43,1.19
1982-07-01,0.0,0.03,0.12
1982-07-02,0.0,0.15,16.18
1982-07-03,34.89,30.31,0.0
1982-07-04,0.08,12.76,4.42
1982-07-05,9.41,8.98,5.33
1982-07-06,17.76,19.52,25.66
1982-07-07,8.73,7.71,17.56
1982-07-08,18.15,19.43,11.3
1982-07-09,4.46,8.77,4.84
1982-07-10,8.18,8.24,10.43
1982-07-11,21.88,27.65,20.8
1982-07-12,10.2,15.42,5.56
1982-07-13,0.0,4.31,3.12
1982-07-14,0.0,2.6,2.55
1982-07-15,5.97,4.17,2.44
1982-07-16,0.0,8.47,10.44
1982-07-17,0.0,2.69,5.29
1982-07-18,0.0,0.41,4.31
1982-07-19,15.4,5.1,4.22
1982-07-20,0.0,5.13,14.42
1982-07-21,26.27,11.62,1.44
1982-07-22,0.0,3.54,3.81
1982-07-23,13.15,13.46,21.1
1982-07-24,14.84,16.05,9.57
1982-07-25,3.42,9.46,3.65
1982-07-26,3.8,4.04,0.09
1982-07-27,0.0,3.65,15.92
1982-07-28,36.55,19.16,24.63
1982-07-29,23.65,10.27,28.35
1982-07-30,30.94,22.85,4.03
1982-07-31,0.0,7.15,1.38
1982-08-01,0.17,1.12,1.5
1982-08-02,1.63,0.46,0.42
1982-08-03,0.0,0.05,0.05
1982-08-04,0.0,0.01,0.0
1982-08-05,0.0,0.61,0.04
1982-08-06,1.85,1.42,8.37
1982-08-07,4.94,5.93,12.79
1982-08-08,0.0,2.37,2.34
1982-08-09,4.33,7.0,11.42
1982-08-10,0.09,2.32,3.74
1982-08-11,5.48,3.25,8.43
1982-08-12,26.58,8.96,10.43
1982-08-13,7.46,3.49,3.22
1982-08-14,2.76,0.97,1.59
1982-08-15,0.0,0.23,0.1
1982-08-16,0.0,0.01,1.06
1982-08-17,0.0,1.51,1.38
1982-08-18,0.0,0.5,0.47
1982-08-19,0.0,0.0,5.44
1982-08-20,8.6,5.9,8.26
1982-08-21,8.43,9.09,2.31
1982-08-22,9.75,55.62,3.71
1982-08-23,0.0,17.79,4.66
1982-08-24,0.0,0.35,1.69
1982-08-25,3.84,0.23,1.43
1982-08-26,0.0,0.16,0.03
1982-08-27,0.0,0.04,0.4
1982-08-28,0.0,0.43,3.97
1982-08-29,0.0,1.66,6.74
1982-08-30,6.73,4.42,1.89
1982-08-31,0.0,1.3,0.04
1982-09-01,0.0,0.0,0.15
1982-09-02,0.0,0.04,1.01
1982-09-03,0.0,0.62,14.57
1982-09-04,26.19,20.64,1.19
1982-09-05,0.0,6.85,1.32
1982-09-06,0.0,0.36,2.75
1982-09-07,0.0,0.15,1.12
1982-09-08,0.0,0.05,13.69
1982-09-09,41.59,26.29,39.33
1982-09-10,30.88,30.65,23.3
1982-09-11,23.42,19.27,7.05
1982-09-12,2.24,5.94,2.67
1982-09-13,0.0,0.84,0.82
1982-09-14,0.0,0.06,0.04
1982-09-15,0.0,0.03,0.05
1982-09-16,0.0,0.01,0.16
1982-09-17,0.0,0.0,0.37
1982-09-18,0.0,4.3,1.0
1982-09-19,0.92,5.62,23.04
1982-09-20,21.25,28.1,8.36
1982-09-21,4.29,14.26,3.93
1982-09-22,0.0,1.78,0.0
1982-09-23,0.0,0.0,0.0
1982-09-24,0.0,0.0,0.01
1982-09-25,0.0,0.0,0.01
1982-09-26,0.0,0.03,0.18
1982-09-27,0.0,0.01,0.73
1982-09-28,0.0,0.0,0.0
1982-09-29,0.0,0.0,0.0
1982-09-30,0.0,0.0,0.0
1982-10-01,0.0,0.0,0.0
1982-10-02,0.0,0.0,0.0
1982-10-03,0.0,0.03,0.08
1982-10-04,0.0,0.01,7.55
1982-10-05,21.14,15.38,22.09
1982-10-06,16.41,12.95,8.02
1982-10-07,32.38,2.81,3.64
1982-10-08,0.0,0.07,0.0
1982-10-09,0.0,0.0,0.0
1982-10-10,0.0,0.0,0.0
1982-10-11,0.0,0.1,0.89
1982-10-12,0.0,2.53,1.29
1982-10-13,14.43,11.48,15.83
1982-10-14,7.34,4.16,0.19
1982-10-15,0.0,0.2,0.0
1982-10-16,0.0,0.0,0.0
1982-10-17,0.0,0.0,0.0
1982-10-18,0.0,0.01,0.16
1982-10-19,0.0,0.0,0.0
1982-10-20,0.0,0.0,1.61
1982-10-21,0.0,0.29,0.36
1982-10-22,0.0,0.26,3.8
1982-10-23,3.91,3.14,0.36
1982-10-24,0.0,1.03,0.0
1982-10-25,0.0,0.0,0.0
1982-10-26,0.0,0.0,0.0
1982-10-27,0.0,0.0,0.0
1982-10-28,0.0,0.0,0.0
1982-10-29,0.0,0.0,0.0
1982-10-30,0.0,0.0,0.01
1982-10-31,0.0,0.0,0.34
1982-11-01,0.0,0.0,0.2
1982-11-02,0.0,0.31,0.5
1982-11-03,8.33,9.2,14.99
1982-11-04,33.91,26.86,32.89
1982-11-05,0.0,7.94,0.0
1982-11-06,0.0,0.0,0.0
1982-11-07,0.0,0.0,0.0
1982-11-08,0.0,0.0,0.0
1982-11-09,0.0,0.0,0.0
1982-11-10,0.0,0.0,0.0
1982-11-11,0.0,0.0,0.0
1982-11-12,0.0,0.83,0.8
1982-11-13,2.06,1.54,2.23
1982-11-14,0.0,0.42,0.0
1982-11-15,0.0,0.0,0.0
1982-11-16,0.0,0.0,0.0
1982-11-17,0.0,0.02,0.0
1982-11-18,0.0,0.01,0.03
1982-11-19,0.0,0.0,0.0
1982-11-20,0.0,0.0,0.0
1982-11-21,0.0,0.0,0.0
1982-11-22,0.0,0.0,0.0
1982-11-23,0.0,0.0,0.0
1982-11-24,0.0,0.0,0.02
1982-11-25,0.0,0.0,0.01
1982-11-26,0.0,0.0,0.0
1982-11-27,0.0,0.06,0.0
1982-11-28,0.0,0.27,3.63
1982-11-29,8.08,4.45,9.04
1982-11-30,0.0,1.46,0.0
1982-12-01,0.0,0.0,0.0
1982-12-02,0.0,0.0,0.0
1982-12-03,0.0,0.0,0.0
1982-12-04,0.0,2.79,12.96
1982-12-05,29.89,23.78,27.27
1982-12-06,6.66,7.63,0.04
1982-12-07,0.0,0.01,0.0
1982-12-08,0.0,0.0,0.0
1982-12-09,0.0,0.0,0.0
1982-12-10,0.0,0.0,9.11
1982-12-11,19.1,13.41,17.6
1982-12-12,21.68,9.94,6.23
1982-12-13,0.0,1.82,0.0
1982-12-14,0.0,0.0,0.0
1982-12-15,0.0,3.17,9.0
1982-12-16,20.8,11.06,12.39
1982-12-17,0.0,3.33,0.0
1982-12-18,0.0,0.0,0.4
1982-12-19,1.93,1.64,2.26
1982-12-20,0.0,0.56,0.0
1982-12-21,0.0,0.0,0.0
1982-12-22,0.0,0.0,0.0
1982-12-23,0.0,0.0,0.0
1982-12-24,0.0,0.0,0.0
1982-12-25,0.0,0.0,0.0
1982-12-26,0.0,0.0,0.0
1982-12-27,0.0,0.0,0.0
1982-12-28,0.0,1.88,10.27
1982-12-29,24.09,19.13,34.8
1982-12-30,25.68,24.38,13.84
1982-12-31,8.09,7.35,0.67
1983-01-01,5.12,5.04,11.57
1983-01-02,8.0,8.9,6.13
1983-01-03,2.27,2.46,0.01
1983-01-04,0.0,0.0,0.0
1983-01-05,0.0,0.0,0.0
1983-01-06,0.0,0.0,0.0
1983-01-07,0.0,0.0,0.0
1983-01-08,0.0,0.0,0.0
1983-01-09,0.0,0.0,0.0
1983-01-10,0.0,0.23,0.08
1983-01-11,0.0,0.08,0.18
1983-01-12,0.0,0.0,0.0
1983-01-13,0.0,0.0,0.0
1983-01-14,0.0,0.0,0.0
1983-01-15,0.0,0.0,0.0
1983-01-16,0.0,0.0,0.0
1983-01-17,0.0,0.0,0.0
1983-01-18,0.0,0.0,0.0
1983-01-19,0.0,0.64,0.34
1983-01-20,18.4,13.57,23.1
1983-01-21,27.87,33.83,34.05
1983-01-22,3.86,12.3,0.41
1983-01-23,2.37,1.51,0.99
1983-01-24,0.0,0.23,0.0
1983-01-25,0.0,0.0,0.0
1983-01-26,0.0,1.02,5.47
1983-01-27,11.07,11.33,11.95
1983-01-28,0.31,3.66,0.07
1983-01-29,0.0,0.24,0.25
1983-01-30,2.38,2.12,2.03
1983-01-31,0.0,0.68,0.0
1983-02-01,0.0,8.15,10.16
1983-02-02,28.07,22.52,27.82
1983-02-03,0.0,6.6,0.0
1983-02-04,0.0,0.0,0.0
1983-02-05,0.0,2.24,4.89
1983-02-06,23.12,16.62,21.21
1983-02-07,0.0,5.29,0.0
1983-02-08,0.0,0.0,0.0
1983-02-09,0.0,0.08,0.0
1983-02-10,2.92,1.99,4.09
1983-02-11,2.74,0.66,0.02
1983-02-12,0.0,0.91,10.02
1983-02-13,30.54,37.09,52.78
1983-02-14,36.49,29.45,19.81
1983-02-15,0.0,5.73,0.0
1983-02-16,0.0,0.55,1.4
1983-02-17,2.35,2.18,2.19
1983-02-18,0.0,0.66,0.0
1983-02-19,0.0,0.0,0.0
1983-02-20,0.0,0.0,0.0
1983-02-21,0.0,0.0,2.54
1983-02-22,4.67,7.37,4.44
1983-02-23,3.36,2.46,0.08
1983-02-24,0.0,0.03,0.0
1983-02-25,0.0,1.18,0.95
1983-02-26,0.0,0.39,0.0
1983-02-27,0.0,0.85,2.48
1983-02-28,12.01,14.28,16.94
1983-03-01,11.0,5.84,0.96
1983-03-02,0.0,0.39,0.0
1983-03-03,0.0,0.0,0.0
1983-03-04,0.0,0.0,0.52
1983-03-05,0.0,7.44,7.1
1983-03-06,61.45,49.61,47.19
1983-03-07,23.99,50.52,34.77
1983-03-08,0.0,11.6,0.02
1983-03-09,0.0,0.0,0.0
1983-03-10,0.0,0.0,0.58
1983-03-11,0.0,0.0,0.0
1983-03-12,0.0,0.0,0.0
1983-03-13,0.0,0.0,0.0
1983-03-14,0.0,0.0,0.0
1983-03-15,0.0,3.97,6.45
1983-03-16,11.65,10.96,9.36
1983-03-17,37.6,34.61,49.26
1983-03-18,10.9,20.27,7.05
1983-03-19,0.0,3.27,0.1
1983-03-20,0.0,11.72,17.83
1983-03-21,18.37,20.87,13.61
1983-03-22,0.0,5.76,0.0
1983-03-23,0.0,0.7,1.16
1983-03-24,9.62,6.31,8.54
1983-03-25,0.75,2.03,0.18
1983-03-26,0.0,3.71,4.55
1983-03-27,34.6,31.22,38.65
1983-03-28,0.0,9.99,0.0
1983-03-29,0.0,0.0,0.0
1983-03-30,0.0,6.85,10.42
1983-03-31,11.92,4.74,4.94
1983-04-01,0.0,1.85,0.09
1983-04-02,7.97,2.55,6.67
1983-04-03,0.0,0.73,0.0
1983-04-04,0.0,0.0,0.0
1983-04-05,0.0,0.0,0.0
1983-04-06,0.0,0.0,0.61
1983-04-07,18.98,13.31,22.35
1983-04-08,44.8,39.97,47.78
1983-04-09,56.29,50.3,36.39
1983-04-10,0.0,12.82,0.0
1983-04-11,0.0,0.0,0.0
1983-04-12,0.0,0.0,0.0
1983-04-13,0.0,0.0,0.0
1983-04-14,0.0,4.92,10.22
1983-04-15,31.3,24.51,26.24
1983-04-16,0.0,7.62,0.0
1983-04-17,0.0,0.0,0.0
1983-04-18,0.35,8.96,9.03
1983-04-19,16.01,3.97,2.05
1983-04-20,0.0,0.33,0.0
1983-04-21,0.0,0.0,0.0
1983-04-22,0.0,5.73,1.16
1983-04-23,66.83,39.52,63.53
1983-04-24,0.0,12.54,1.88
1983-04-25,0.0,0.0,0.0
1983-04-26,0.0,0.0,0.0
1983-04-27,0.0,0.0,0.0
1983-04-28,0.0,0.0,0.0
1983-04-29,0.0,0.0,0.0
1983-04-30,0.0,0.0,0.0
1983-05-01,0.0,0.0,0.0
1983-05-02,0.0,0.0,0.0
1983-05-03,0.0,2.1,3.52
1983-05-04,6.7,4.56,4.58
1983-05-05,0.0,1.29,0.0
1983-05-06,0.0,0.0,0.0
1983-05-07,0.0,0.0,0.0
1983-05-08,0.0,0.0,0.08
1983-05-09,0.0,0.0,0.0
1983-05-10,0.0,0.0,0.45
1983-05-11,0.0,0.0,0.73
1983-05-12,0.0,0.57,0.27
1983-05-13,0.0,0.25,0.01
1983-05-14,0.0,0.02,0.0
1983-05-15,0.0,0.0,0.35
1983-05-16,2.12,29.34,32.3
1983-05-17,6.01,9.78,0.0
1983-05-18,0.0,0.0,0.0
1983-05-19,0.0,0.0,0.0
1983-05-20,0.0,0.0,0.0
1983-05-21,0.0,0.0,0.0
1983-05-22,0.0,0.58,10.58
1983-05-23,11.73,8.02,0.31
1983-05-24,0.0,2.61,0.0
1983-05-25,0.0,0.0,0.0
1983-05-26,0.0,0.0,0.0
1983-05-27,0.0,0.0,0.0
1983-05-28,0.0,0.0,0.0
1983-05-29,0.0,0.0,0.0
1983-05-30,0.0,0.0,6.21
1983-05-31,0.0,1.33,1.03
1983-06-01,0.28,0.44,0.04
1983-06-02,0.0,0.0,0.0
1983-06-03,0.0,0.01,1.38
1983-06-04,0.0,12.76,11.9
1983-06-05,16.22,7.85,12.93
1983-06-06,0.0,17.54,13.5
1983-06-07,24.12,32.34,41.18
1983-06-08,39.43,9.07,3.39
1983-06-09,0.0,0.03,0.06
1983-06-10,0.0,0.0,0.0
1983-06-11,0.0,0.0,0.0
1983-06-12,0.0,0.0,0.0
1983-06-13,0.0,0.05,0.05
1983-06-14,0.0,0.02,0.02
1983-06-15,0.0,0.0,3.92
1983-06-16,0.0,0.0,0.23
1983-06-17,0.0,0.0,0.03
1983-06-18,0.0,0.01,2.9
1983-06-19,0.0,4.25,1.78
1983-06-20,2.45,2.31,12.78
1983-06-21,26.78,41.16,57.52
1983-06-22,29.99,20.93,9.88
1983-06-23,16.56,15.04,25.68
1983-06-24,11.57,18.23,6.37
1983-06-25,4.61,6.83,4.59
1983-06-26,0.0,0.81,0.21
1983-06-27,0.0,3.49,17.48
1983-06-28,27.73,28.88,22.0
1983-06-29,21.0,13.03,17.67
1983-06-30,13.67,15.48,1.18
1983-07-01,0.0,4.74,0.04
1983-07-02,0.0,1.34,1.07
1983-07-03,9.36,5.04,6.2
1983-07-04,2.35,3.49,2.1
1983-07-05,0.0,2.47,1.81
1983-07-06,6.06,4.67,9.69
1983-07-07,0.0,1.94,2.96
1983-07-08,0.0,0.42,2.9
1983-07-09,0.0,0.07,0.59
1983-07-10,0.0,0.0,0.0
1983-07-11,0.0,0.0,0.0
1983-07-12,0.0,0.0,0.0
1983-07-13,0.0,0.0,0.0
1983-07-14,0.0,1.62,0.0
1983-07-15,13.23,7.87,4.99
1983-07-16,0.0,2.44,0.0
1983-07-17,0.0,0.17,0.0
1983-07-18,0.0,0.06,0.15
1983-07-19,0.0,0.1,1.64
1983-07-20,0.0,2.51,0.16
1983-07-21,0.0,0.83,1.58
1983-07-22,0.0,0.68,0.53
1983-07-23,0.0,0.43,0.0
1983-07-24,0.0,0.13,0.0
1983-07-25,0.0,0.9,7.63
1983-07-26,3.23,1.95,2.38
1983-07-27,4.08,0.55,0.19
1983-07-28,0.0,0.0,1.57
1983-07-29,0.0,0.81,1.04
1983-07-30,2.0,3.97,5.47
1983-07-31,6.3,6.61,22.45
1983-08-01,10.34,7.68,9.43
1983-08-02,17.57,2.68,1.56
1983-08-03,3.56,2.03,0.66
1983-08-04,0.0,1.4,4.07
1983-08-05,0.0,1.94,8.83
1983-08-06,0.0,3.82,6.2
1983-08-07,9.14,11.44,12.84
1983-08-08,23.41,4.81,6.55
1983-08-09,5.52,13.36,2.99
1983-08-10,0.0,4.34,15.81
1983-08-11,6.35,7.98,3.46
1983-08-12,6.3,7.51,14.19
1983-08-13,9.41,1.87,1.75
1983-08-14,0.0,0.95,0.9
1983-08-15,0.0,1.69,5.56
1983-08-16,0.0,0.47,0.0
1983-08-17,0.0,0.0,0.0
1983-08-18,0.0,0.0,0.0
1983-08-19,0.0,0.0,0.0
1983-08-20,0.0,0.0,0.18
1983-08-21,0.0,0.14,0.0
1983-08-22,0.0,0.05,0.0
1983-08-23,0.0,0.14,0.0
1983-08-24,0.0,0.05,0.0
1983-08-25,0.0,0.0,1.4
1983-08-26,0.0,2.82,10.54
1983-08-27,0.02,2.68,1.31
1983-08-28,0.0,0.58,1.67
1983-08-29,0.0,0.09,4.89
1983-08-30,0.0,14.65,5.47
1983-08-31,21.92,9.95,15.08
1983-09-01,14.81,19.18,25.29
1983-09-02,13.02,6.0,1.53
1983-09-03,0.02,1.54,1.64
1983-09-04,0.0,2.04,2.69
1983-09-05,10.61,6.54,11.35
1983-09-06,7.74,2.01,0.87
1983-09-07,0.0,0.0,0.03
1983-09-08,0.0,0.0,0.0
1983-09-09,0.0,0.0,0.0
1983-09-10,0.0,0.0,0.0
1983-09-11,0.0,4.38,11.89
1983-09-12,21.99,33.44,25.87
1983-09-13,34.37,25.37,17.43
1983-09-14,3.78,4.9,0.48
1983-09-15,0.0,0.0,0.0
1983-09-16,0.0,0.15,0.33
1983-09-17,0.0,0.05,0.83
1983-09-18,0.0,2.88,3.93
1983-09-19,4.34,3.95,13.66
1983-09-20,6.79,3.73,9.96
1983-09-21,6.84,7.55,5.99
1983-09-22,13.04,2.21,0.07
1983-09-23,0.0,0.0,0.0
1983-09-24,0.0,0.0,0.0
1983-09-25,0.0,0.0,0.0
1983-09-26,0.0,0.0,0.0
1983-09-27,0.0,0.0,0.0
1983-09-28,0.0,0.0,0.0
1983-09-29,0.0,0.0,0.0
1983-09-30,0.0,0.0,0.0
1983-10-01,0.0,0.0,0.0
1983-10-02,0.0,0.0,0.0
1983-10-03,0.0,1.33,2.19
1983-10-04,1.76,3.86,4.05
1983-10-05,0.0,1.31,0.97
1983-10-06,0.39,0.24,0.23
1983-10-07,0.0,0.06,0.0
1983-10-08,0.0,1.34,0.7
1983-10-09,6.09,0.65,0.96
1983-10-10,0.0,0.32,3.81
1983-10-11,5.14,5.28,5.76
1983-10-12,6.34,6.0,2.71
1983-10-13,15.65,8.74,11.45
1983-10-14,3.79,2.48,0.0
1983-10-15,0.0,0.01,0.0
1983-10-16,0.0,0.0,0.0
1983-10-17,0.0,3.32,5.19
1983-10-18,4.37,1.11,0.75
1983-10-19,0.0,0.0,0.0
1983-10-20,0.0,0.0,0.0
1983-10-21,0.0,0.0,0.0
1983-10-22,0.0,0.09,0.25
1983-10-23,0.8,0.47,1.14
1983-10-24,0.34,0.15,0.04
1983-10-25,0.0,0.0,0.0
1983-10-26,0.0,0.0,0.0
1983-10-27,0.0,0.0,0.0
1983-10-28,0.0,0.0,0.0
1983-10-29,0.0,0.0,0.0
1983-10-30,0.0,0.0,0.0
1983-10-31,0.0,0.0,0.0
1983-11-01,0.0,0.0,0.0
1983-11-02,0.0,0.0,0.0
1983-11-03,0.0,0.0,0.0
1983-11-04,0.0,0.44,0.68
1983-11-05,4.0,1.05,3.94
1983-11-06,0.0,0.9,0.0
1983-11-07,3.89,2.82,4.85
1983-11-08,4.0,1.5,0.86
1983-11-09,0.0,0.31,0.15
1983-11-10,0.0,0.04,0.0
1983-11-11,0.0,0.0,0.0
1983-11-12,0.0,0.0,0.0
1983-11-13,0.0,0.0,0.0
1983-11-14,0.0,0.05,2.59
1983-11-15,3.64,0.9,1.69
1983-11-16,2.39,0.3,0.03
1983-11-17,0.0,0.0,0.0
1983-11-18,0.0,0.0,0.0
1983-11-19,0.0,11.54,7.21
1983-11-20,49.64,30.16,54.24
1983-11-21,0.0,8.77,0.0
1983-11-22,0.0,0.0,0.0
1983-11-23,0.0,6.07,22.67
1983-11-24,46.39,39.28,67.11
1983-11-25,33.12,12.42,0.06
1983-11-26,0.0,0.01,0.0
1983-11-27,0.0,7.31,19.03
1983-11-28,23.44,14.51,23.73
1983-11-29,0.0,4.03,0.0
1983-11-30,0.0,0.0,0.0
1983-12-01,0.0,0.0,0.0
1983-12-02,0.0,0.02,0.0
1983-12-03,0.0,1.47,0.61
1983-12-04,0.88,2.97,6.33
1983-12-05,0.0,6.78,2.8
1983-12-06,12.63,7.96,10.56
1983-12-07,0.0,1.99,0.0
1983-12-08,0.0,0.0,0.0
1983-12-09,0.0,0.0,0.0
1983-12-10,0.0,0.0,0.0
1983-12-11,0.0,37.64,50.81
1983-12-12,58.78,12.55,4.75
1983-12-13,0.0,1.55,0.0
1983-12-14,9.37,2.76,8.55
1983-12-15,0.68,1.08,0.95
1983-12-16,0.0,0.58,0.57
1983-12-17,9.09,11.92,18.26
1983-12-18,7.31,7.83,2.29
1983-12-19,0.55,1.3,0.02
1983-12-20,0.0,0.0,0.0
1983-12-21,0.0,0.0,0.11
1983-12-22,0.2,0.95,0.54
1983-12-23,0.0,0.32,0.0
1983-12-24,0.0,0.0,0.0
1983-12-25,0.0,0.0,0.0
1983-12-26,0.0,0.0,0.0
1983-12-27,0.0,3.98,1.03
1983-12-28,20.02,19.51,53.94
1983-12-29,27.49,17.69,0.45
1983-12-30,0.0,3.88,0.0
1983-12-31,0.0,0.0,0.0
1984-01-01,0.0,0.0,0.0
1984-01-02,0.0,0.0,0.0
1984-01-03,0.0,0.0,0.0
1984-01-04,0.0,0.0,0.0
1984-01-05,0.0,0.0,0.0
1984-01-06,0.0,0.0,0.0
1984-01-07,0.0,0.0,0.0
1984-01-08,0.0,0.0,0.0
1984-01-09,0.0,0.59,1.08
1984-01-10,2.65,4.03,5.04
1984-01-11,3.13,1.28,0.39
1984-01-12,0.0,0.0,0.0
1984-01-13,0.0,0.0,0.0
1984-01-14,0.0,0.0,0.0
1984-01-15,0.0,0.23,0.74
1984-01-16,9.29,1.21,1.35
1984-01-17,7.55,0.91,5.36
1984-01-18,12.85,12.34,8.64
1984-01-19,21.86,4.06,5.9
1984-01-20,0.0,0.0,0.0
1984-01-21,0.0,0.0,0.0
1984-01-22,0.0,0.0,0.03
1984-01-23,0.0,4.9,0.01
1984-01-24,8.59,4.78,14.47
1984-01-25,4.06,5.55,4.44
1984-01-26,19.27,29.08,21.78
1984-01-27,35.45,18.55,31.78
1984-01-28,0.0,3.12,0.0
1984-01-29,0.0,0.0,0.0
1984-01-30,0.0,0.0,0.0
1984-01-31,0.0,0.0,0.0
1984-02-01,0.0,0.0,0.0
1984-02-02,0.0,0.0,0.0
1984-02-03,0.0,24.91,15.91
1984-02-04,37.21,11.44,14.92
1984-02-05,0.0,1.05,0.0
1984-02-06,0.0,0.0,0.0
1984-02-07,0.0,0.0,0.0
1984-02-08,0.0,0.0,0.0
1984-02-09,0.0,0.0,0.0
1984-02-10,0.0,0.0,0.0
1984-02-11,0.0,0.01,4.02
1984-02-12,0.0,14.35,2.15
1984-02-13,19.5,14.32,26.7
1984-02-14,0.0,3.18,0.02
1984-02-15,0.0,0.0,0.0
1984-02-16,0.0,0.0,0.0
1984-02-17,0.0,0.0,0.0
1984-02-18,0.0,0.0,0.0
1984-02-19,0.0,0.0,0.0
1984-02-20,0.0,0.62,0.0
1984-02-21,7.6,5.72,10.41
1984-02-22,7.02,6.48,4.52
1984-02-23,2.0,1.55,0.33
1984-02-24,0.0,0.0,0.0
1984-02-25,0.0,0.0,0.0
1984-02-26,0.0,14.09,0.0
1984-02-27,53.71,43.33,72.49
1984-02-28,0.0,12.99,2.08
1984-02-29,0.0,6.49,1.04
1984-03-01,0.0,0.0,0.0
1984-03-02,0.0,0.0,0.0
1984-03-03,0.0,0.0,0.68
1984-03-04,0.0,0.0,0.0
1984-03-05,0.0,51.77,21.56
1984-03-06,78.22,36.68,68.77
1984-03-07,0.0,6.47,0.19
1984-03-08,0.0,0.0,0.0
1984-03-09,0.0,0.0,0.0
1984-03-10,0.0,0.0,0.0
1984-03-11,0.0,0.0,0.0
1984-03-12,0.0,0.77,0.18
1984-03-13,2.13,0.26,1.18
1984-03-14,0.0,0.0,0.0
1984-03-15,0.0,0.0,0.0
1984-03-16,0.0,0.0,0.0
1984-03-17,0.0,0.0,0.0
1984-03-18,0.0,0.0,0.0
1984-03-19,0.0,0.0,2.2
1984-03-20,0.0,18.47,21.35
1984-03-21,27.0,6.16,0.89
1984-03-22,0.0,0.0,0.0
1984-03-23,0.0,0.0,0.0
1984-03-24,0.0,2.73,2.68
1984-03-25,10.52,4.81,18.62
1984-03-26,0.0,9.43,8.19
1984-03-27,40.73,34.3,52.15
1984-03-28,26.33,10.8,1.16
1984-03-29,0.0,0.09,0.0
1984-03-30,0.0,0.0,0.0
1984-03-31,0.0,0.0,0.0
1984-04-01,0.0,0.0,0.0
1984-04-02,0.0,1.85,22.16
1984-04-03,61.31,72.56,55.87
1984-04-04,63.98,26.01,26.71
1984-04-05,0.0,0.68,0.0
1984-04-06,0.0,0.0,0.0
1984-04-07,0.0,0.0,0.0
1984-04-08,0.0,20.89,2.35
1984-04-09,57.32,41.01,67.01
1984-04-10,0.0,11.35,0.0
1984-04-11,0.0,0.0,0.0
1984-04-12,0.0,0.0,0.0
1984-04-13,0.0,0.0,0.0
1984-04-14,0.0,0.0,0.0
1984-04-15,0.0,0.0,0.0
1984-04-16,0.0,0.33,0.04
1984-04-17,0.0,0.26,0.62
1984-04-18,0.13,0.13,0.26
1984-04-19,0.0,0.03,0.0
1984-04-20,0.0,0.04,0.0
1984-04-21,0.0,0.01,0.0
1984-04-22,0.0,1.75,2.11
1984-04-23,20.14,8.01,16.43
1984-04-24,0.0,2.48,0.0
1984-04-25,0.0,0.0,0.0
1984-04-26,0.0,0.0,0.0
1984-04-27,0.0,0.0,0.16
1984-04-28,0.0,1.12,0.27
1984-04-29,0.0,0.37,0.04
1984-04-30,0.0,0.0,0.0
1984-05-01,0.0,0.1,0.17
1984-05-02,0.0,0.03,0.03
1984-05-03,0.0,0.24,0.65
1984-05-04,0.86,0.54,0.26
1984-05-05,0.0,0.15,0.0
1984-05-06,0.0,0.0,0.03
1984-05-07,0.0,0.0,1.1
1984-05-08,0.0,11.04,10.41
1984-05-09,12.81,3.68,3.06
1984-05-10,0.0,0.0,0.0
1984-05-11,0.0,0.0,0.0
1984-05-12,0.0,0.0,0.0
1984-05-13,0.0,0.0,0.0
1984-05-14,0.0,0.73,0.02
1984-05-15,0.0,0.24,1.19
1984-05-16,0.0,0.0,0.0
1984-05-17,0.0,0.0,0.0
1984-05-18,0.0,0.0,0.0
1984-05-19,0.0,0.0,0.0
1984-05-20,0.0,0.0,0.06
1984-05-21,0.0,4.72,3.43
1984-05-22,17.78,10.33,10.33
1984-05-23,32.3,15.17,28.17
1984-05-24,21.84,18.8,8.0
1984-05-25,11.94,15.12,9.24
1984-05-26,3.97,12.91,6.86
1984-05-27,0.0,3.17,3.95
1984-05-28,0.0,1.82,17.81
1984-05-29,12.75,25.91,17.37
1984-05-30,26.33,8.44,4.16
1984-05-31,0.0,0.0,0.0
1984-06-01,0.0,0.0,0.0
1984-06-02,0.0,0.0,0.0
1984-06-03,0.0,0.0,0.0
1984-06-04,0.0,0.0,0.0
1984-06-05,0.0,0.0,0.0
1984-06-06,0.0,0.0,0.0
1984-06-07,0.0,0.0,0.0
1984-06-08,0.0,0.0,0.0
1984-06-09,0.0,0.0,0.0
1984-06-10,0.0,0.0,0.0
1984-06-11,0.0,1.72,0.45
1984-06-12,0.0,0.73,2.86
1984-06-13,3.11,0.55,1.53
1984-06-14,3.92,4.45,5.98
1984-06-15,7.25,1.64,1.93
1984-06-16,0.0,2.94,4.82
1984-06-17,0.0,1.5,5.97
1984-06-18,0.0,1.35,2.17
1984-06-19,0.0,0.39,0.0
1984-06-20,0.0,0.0,0.27
1984-06-21,0.0,20.05,0.47
1984-06-22,27.12,18.1,41.75
1984-06-23,18.79,3.91,6.59
1984-06-24,0.0,1.15,0.92
1984-06-25,5.23,0.37,1.66
1984-06-26,0.0,0.0,3.49
1984-06-27,0.0,8.45,5.83
1984-06-28,0.43,9.02,12.07
1984-06-29,11.62,11.32,13.53
1984-06-30,23.34,10.46,27.12
1984-07-01,14.59,12.75,12.6
1984-07-02,17.78,18.05,12.29
1984-07-03,0.0,19.81,3.29
1984-07-04,0.0,5.15,0.15
1984-07-05,0.0,0.1,1.57
1984-07-06,0.0,0.01,3.76
1984-07-07,0.0,0.0,0.02
1984-07-08,0.0,0.47,0.31
1984-07-09,0.0,0.23,0.0
1984-07-10,0.0,0.03,0.0
1984-07-11,0.0,4.34,2.21
1984-07-12,11.27,8.03,18.59
1984-07-13,0.0,2.21,1.74
1984-07-14,0.88,2.89,6.59
1984-07-15,0.0,2.51,1.79
1984-07-16,0.0,4.77,3.14
1984-07-17,13.57,9.73,15.43
1984-07-18,26.1,19.21,22.42
1984-07-19,30.33,17.89,10.75
1984-07-20,32.11,5.51,6.16
1984-07-21,21.05,10.39,17.74
1984-07-22,21.23,4.05,1.35
1984-07-23,8.14,3.36,2.45
1984-07-24,9.51,4.79,7.58
1984-07-25,13.23,1.5,1.32
1984-07-26,0.0,0.34,0.63
1984-07-27,10.27,0.99,1.25
1984-07-28,14.94,9.12,19.48
1984-07-29,40.85,37.86,43.44
1984-07-30,56.69,40.64,48.73
1984-07-31,29.78,13.86,10.09
1984-08-01,7.77,6.71,7.85
1984-08-02,3.61,7.7,10.64
1984-08-03,10.97,4.54,6.85
1984-08-04,0.0,1.39,1.22
1984-08-05,0.0,1.16,0.05
1984-08-06,0.0,0.33,0.14
1984-08-07,0.0,0.0,0.0
1984-08-08,0.0,0.0,0.0
1984-08-09,0.0,0.0,0.0
1984-08-10,0.0,0.0,0.53
1984-08-11,0.0,0.88,2.46
1984-08-12,5.87,2.47,4.45
1984-08-13,5.09,2.58,4.65
1984-08-14,6.87,4.12,3.7
1984-08-15,0.0,1.17,0.12
1984-08-16,0.0,0.21,0.01
1984-08-17,0.0,0.12,3.83
1984-08-18,0.28,13.64,10.92
1984-08-19,3.48,9.46,5.86
1984-08-20,18.11,10.2,11.12
1984-08-21,20.95,2.86,0.67
1984-08-22,0.0,0.01,0.0
1984-08-23,0.0,8.35,8.03
1984-08-24,7.69,8.61,9.53
1984-08-25,10.63,8.74,6.44
1984-08-26,16.38,16.39,11.45
1984-08-27,10.26,6.09,7.44
1984-08-28,0.0,0.88,0.07
1984-08-29,0.0,0.32,0.03
1984-08-30,0.0,0.06,0.0
1984-08-31,0.0,0.0,0.0
1984-09-01,0.0,0.0,2.27
1984-09-02,0.0,4.96,10.29
1984-09-03,0.0,18.35,13.54
1984-09-04,11.98,21.96,8.82
1984-09-05,13.72,7.9,13.96
1984-09-06,0.0,0.94,1.23
1984-09-07,0.0,0.04,0.21
1984-09-08,0.0,0.0,0.0
1984-09-09,0.0,0.0,0.0
1984-09-10,0.0,0.0,0.0
1984-09-11,0.0,0.0,0.0
1984-09-12,0.0,0.0,0.0
1984-09-13,0.0,0.0,0.0
1984-09-14,0.0,0.0,0.0
1984-09-15,0.0,0.0,0.0
1984-09-16,0.0,0.0,0.0
1984-09-17,0.0,0.0,0.0
1984-09-18,0.0,0.0,0.0
1984-09-19,0.0,0.0,0.0
1984-09-20,0.0,0.0,0.05
1984-09-21,0.0,0.0,0.01
1984-09-22,0.0,0.0,0.0
1984-09-23,0.0,0.0,0.0
1984-09-24,0.0,0.0,0.0
1984-09-25,0.0,0.0,0.0
1984-09-26,0.0,0.0,0.0
1984-09-27,0.0,0.0,0.0
1984-09-28,0.0,0.0,0.0
1984-09-29,0.0,0.0,0.0
1984-09-30,0.0,0.0,0.0
1984-10-01,0.0,0.0,0.0
1984-10-02,0.0,0.0,0.0
1984-10-03,0.0,0.0,0.0
1984-10-04,0.0,0.0,0.0
1984-10-05,0.0,0.0,0.0
1984-10-06,0.0,0.0,0.0
1984-10-07,0.0,0.0,0.0
1984-10-08,0.0,1.66,0.0
1984-10-09,0.0,0.55,0.84
1984-10-10,0.0,0.0,0.0
1984-10-11,0.0,0.0,0.0
1984-10-12,0.0,0.0,0.0
1984-10-13,0.0,0.0,0.0
1984-10-14,0.0,1.42,0.0
1984-10-15,3.84,4.52,6.89
1984-10-16,6.95,1.35,0.03
1984-10-17,0.0,0.0,0.0
1984-10-18,0.0,0.96,0.92
1984-10-19,0.0,1.95,0.0
1984-10-20,0.0,0.54,0.12
1984-10-21,0.0,0.01,0.0
1984-10-22,0.0,0.01,0.0
1984-10-23,0.0,0.0,0.0
1984-10-24,0.0,0.0,0.0
1984-10-25,0.0,0.0,0.0
1984-10-26,0.0,0.0,0.0
1984-10-27,0.0,0.11,2.33
1984-10-28,2.61,11.52,8.64
1984-10-29,25.18,3.83,7.88
1984-10-30,0.52,17.7,5.06
1984-10-31,17.7,6.26,26.98
1984-11-01,0.0,0.12,0.02
1984-11-02,0.0,0.06,0.43
1984-11-03,2.54,2.43,2.94
1984-11-04,6.85,0.8,0.25
1984-11-05,0.0,0.0,0.23
1984-11-06,0.0,0.0,0.0
1984-11-07,0.0,0.0,0.0
1984-11-08,0.0,0.0,0.0
1984-11-09,0.0,0.0,0.0
1984-11-10,0.0,5.27,2.26
1984-11-11,6.54,2.97,6.95
1984-11-12,0.0,0.4,0.0
1984-11-13,0.0,0.0,0.0
1984-11-14,0.0,0.0,0.0
1984-11-15,0.0,0.0,0.0
1984-11-16,0.0,0.0,0.0
1984-11-17,0.0,0.0,0.0
1984-11-18,0.0,1.95,0.0
1984-11-19,12.42,14.53,17.22
1984-11-20,12.99,4.63,1.29
1984-11-21,0.48,3.67,0.74
1984-11-22,6.14,1.24,3.9
1984-11-23,0.0,0.0,0.0
1984-11-24,0.0,0.0,0.0
1984-11-25,0.0,0.0,0.0
1984-11-26,0.0,0.0,0.0
1984-11-27,0.0,4.25,1.56
1984-11-28,12.55,7.34,10.77
1984-11-29,0.0,1.97,0.0
1984-11-30,0.0,0.06,3.24
1984-12-01,1.66,12.85,1.99
1984-12-02,0.67,4.4,8.01
1984-12-03,0.0,0.04,0.09
1984-12-04,0.0,2.19,1.18
1984-12-05,9.93,5.11,9.33
1984-12-06,4.09,2.63,0.06
1984-12-07,0.0,0.39,0.0
1984-12-08,0.0,0.0,0.0
1984-12-09,0.0,0.0,0.0
1984-12-10,0.0,0.0,0.0
1984-12-11,0.0,0.0,0.0
1984-12-12,0.0,0.0,0.03
1984-12-13,0.0,0.0,0.0
1984-12-14,0.0,0.0,0.0
1984-12-15,0.0,0.0,0.0
1984-12-16,0.0,0.0,0.0
1984-12-17,0.0,0.0,0.0
1984-12-18,0.0,0.0,0.0
1984-12-19,0.0,0.0,0.0
1984-12-20,0.0,0.0,0.0
1984-12-21,0.0,0.0,0.0
1984-12-22,0.0,0.01,0.18
1984-12-23,0.0,0.0,0.0
1984-12-24,0.0,0.0,0.0
1984-12-25,0.0,0.0,0.0
1984-12-26,0.0,0.0,0.0
1984-12-27,0.0,0.0,0.0
1984-12-28,0.0,0.0,0.0
1984-12-29,0.0,0.0,0.0
1984-12-30,0.0,0.0,0.0
1984-12-31,0.0,0.0,0.0
1985-01-01,0.0,0.0,5.51
1985-01-02,0.0,22.53,20.34
1985-01-03,65.59,31.55,45.49
1985-01-04,13.07,8.18,2.13
1985-01-05,0.0,0.06,0.0
1985-01-06,0.0,0.0,0.0
1985-01-07,0.0,0.0,0.0
1985-01-08,0.0,0.0,0.0
1985-01-09,0.0,0.0,0.0
1985-01-10,0.0,0.0,0.0
1985-01-11,0.0,0.0,0.0
1985-01-12,0.0,0.0,0.0
1985-01-13,0.0,0.0,0.0
1985-01-14,0.0,0.0,0.0
1985-01-15,0.0,0.0,0.0
1985-01-16,0.0,0.0,0.0
1985-01-17,0.0,3.28,4.14
1985-01-18,0.0,1.09,0.21
1985-01-19,0.0,0.39,0.0
1985-01-20,1.98,1.45,1.45
1985-01-21,0.0,0.44,0.0
1985-01-22,0.0,0.0,0.0
1985-01-23,0.0,0.0,0.38
1985-01-24,0.0,4.57,4.92
1985-01-25,7.99,1.52,0.95
1985-01-26,0.0,0.0,0.0
1985-01-27,0.0,3.17,0.12
1985-01-28,11.36,5.24,10.15
1985-01-29,0.0,1.4,0.0
1985-01-30,5.0,5.04,5.01
1985-01-31,10.81,1.68,1.17
1985-02-01,0.69,2.88,2.08
1985-02-02,10.11,2.58,3.36
1985-02-03,0.01,2.49,0.0
1985-02-04,5.82,8.15,5.32
1985-02-05,3.23,4.5,9.82
1985-02-06,5.04,2.44,2.54
1985-02-07,0.0,0.59,0.0
1985-02-08,0.0,0.0,0.0
1985-02-09,0.0,0.0,0.0
1985-02-10,0.0,1.29,0.0
1985-02-11,12.08,12.59,18.91
1985-02-12,24.53,4.05,0.43
1985-02-13,0.0,0.0,0.0
1985-02-14,0.0,0.27,0.0
1985-02-15,0.0,0.09,0.47
1985-02-16,0.0,0.0,0.0
1985-02-17,0.0,0.0,0.0
1985-02-18,0.0,0.0,0.0
1985-02-19,0.0,0.0,0.0
1985-02-20,0.0,0.0,0.0
1985-02-21,0.0,0.0,0.0
1985-02-22,0.0,0.0,0.0
1985-02-23,0.0,0.02,0.0
1985-02-24,0.0,0.21,0.28
1985-02-25,0.0,0.07,0.0
1985-02-26,0.0,0.0,0.0
1985-02-27,0.0,0.0,0.0
1985-02-28,0.0,0.0,0.33
1985-03-01,0.31,6.98,8.7
1985-03-02,0.84,2.33,1.25
1985-03-03,0.0,0.0,0.0
1985-03-04,0.0,0.0,0.0
1985-03-05,0.0,0.0,0.0
1985-03-06,0.0,0.0,0.0
1985-03-07,0.0,0.0,0.0
1985-03-08,0.0,0.0,0.0
1985-03-09,0.0,0.0,0.0
1985-03-10,0.0,0.0,0.0
1985-03-11,0.0,0.0,0.0
1985-03-12,0.0,0.0,0.0
1985-03-13,0.0,0.0,0.0
1985-03-14,0.0,0.0,0.0
1985-03-15,0.0,2.26,10.58
1985-03-16,25.27,33.29,25.04
1985-03-17,32.94,13.13,15.06
1985-03-18,0.0,0.76,0.0
1985-03-19,0.0,0.0,0.0
1985-03-20,0.0,5.93,0.9
1985-03-21,19.57,9.43,20.81
1985-03-22,3.23,2.49,0.08
1985-03-23,0.0,0.0,0.0
1985-03-24,0.0,0.0,0.0
1985-03-25,0.0,0.0,0.0
1985-03-26,0.0,0.0,0.0
1985-03-27,0.0,0.0,0.0
1985-03-28,0.0,0.0,0.0
1985-03-29,0.0,0.0,0.0
1985-03-30,0.0,0.0,0.0
1985-03-31,0.0,15.8,12.85
1985-04-01,7.96,5.27,0.13
1985-04-02,0.0,0.0,0.0
1985-04-03,0.0,0.0,0.0
1985-04-04,0.0,0.0,0.0
1985-04-05,0.0,0.99,0.0
1985-04-06,2.34,1.77,2.59
1985-04-07,0.0,0.48,0.0
1985-04-08,0.0,0.0,0.0
1985-04-09,0.0,0.0,0.0
1985-04-10,0.0,0.0,0.0
1985-04-11,0.0,0.09,0.0
1985-04-12,0.0,1.25,1.24
1985-04-13,6.3,3.8,8.02
1985-04-14,2.88,5.29,2.1
1985-04-15,3.61,4.77,3.29
1985-04-16,8.06,3.28,4.77
1985-04-17,0.0,0.72,0.0
1985-04-18,0.0,0.0,0.0
1985-04-19,0.0,0.0,2.12
1985-04-20,0.0,1.8,0.0
1985-04-21,0.0,0.6,0.21
1985-04-22,0.0,0.0,0.0
1985-04-23,0.0,1.02,1.83
1985-04-24,1.5,1.08,0.33
1985-04-25,0.0,0.25,0.17
1985-04-26,0.0,0.0,0.0
1985-04-27,0.0,0.0,0.0
1985-04-28,0.0,0.0,0.0
1985-04-29,0.0,0.0,0.01
1985-04-30,0.0,0.0,0.52
1985-05-01,0.0,0.0,1.15
1985-05-02,0.0,1.64,2.52
1985-05-03,0.0,0.55,0.01
1985-05-04,0.0,0.0,0.0
1985-05-05,0.0,0.0,0.0
1985-05-06,0.0,0.0,0.0
1985-05-07,0.0,0.0,1.62
1985-05-08,0.0,25.87,10.69
1985-05-09,40.68,17.08,29.87
1985-05-10,21.56,6.97,15.17
1985-05-11,0.02,1.38,0.31
1985-05-12,0.0,0.0,0.0
1985-05-13,0.0,0.0,0.0
1985-05-14,0.0,0.0,0.0
1985-05-15,0.0,0.0,0.0
1985-05-16,0.0,0.0,0.0
1985-05-17,0.0,0.0,0.0
1985-05-18,0.0,0.72,0.68
1985-05-19,1.32,0.41,0.34
1985-05-20,10.88,9.78,19.33
1985-05-21,0.24,3.84,2.45
1985-05-22,2.79,13.89,15.74
1985-05-23,24.23,7.64,11.35
1985-05-24,3.72,1.03,0.03
1985-05-25,0.0,0.0,0.0
1985-05-26,0.0,0.0,0.0
1985-05-27,0.0,0.0,0.0
1985-05-28,0.0,0.0,0.08
1985-05-29,0.0,0.77,1.46
1985-05-30,0.0,0.26,0.45
1985-05-31,0.0,0.0,0.0
1985-06-01,0.0,0.0,0.0
1985-06-02,0.0,0.0,0.0
1985-06-03,0.0,0.0,0.0
1985-06-04,0.0,0.0,0.0
1985-06-05,0.0,0.0,0.0
1985-06-06,0.0,0.0,0.0
1985-06-07,0.0,0.07,0.07
1985-06-08,0.0,0.8,1.31
1985-06-09,7.91,2.24,4.65
1985-06-10,5.87,3.14,8.36
1985-06-11,9.23,10.59,10.5
1985-06-12,20.25,16.93,4.39
1985-06-13,10.49,4.63,4.77
1985-06-14,10.8,6.01,23.61
1985-06-15,29.32,50.62,12.2
1985-06-16,43.12,21.94,28.72
1985-06-17,3.96,2.58,0.14
1985-06-18,1.91,0.58,2.23
1985-06-19,0.0,0.45,2.83
1985-06-20,0.0,0.11,0.01
1985-06-21,0.0,0.0,0.0
1985-06-22,0.0,0.0,0.0
1985-06-23,0.0,0.0,0.0
1985-06-24,0.0,0.0,0.0
1985-06-25,0.0,0.0,0.64
1985-06-26,0.0,0.46,0.61
1985-06-27,0.0,4.51,7.31
1985-06-28,17.53,14.42,21.19
1985-06-29,5.87,14.52,4.25
1985-06-30,13.89,4.57,5.08
1985-07-01,0.0,0.89,0.18
1985-07-02,5.38,7.49,8.09
1985-07-03,13.31,4.71,2.07
1985-07-04,13.6,9.61,7.76
1985-07-05,19.52,12.37,30.5
1985-07-06,34.14,36.54,16.44
1985-07-07,27.18,11.62,10.53
1985-07-08,0.0,0.16,0.0
1985-07-09,0.0,0.0,0.19
1985-07-10,0.0,0.0,0.57
1985-07-11,0.0,2.18,1.48
1985-07-12,10.61,4.5,3.75
1985-07-13,0.0,1.83,0.83
1985-07-14,0.0,0.2,0.0
1985-07-15,2.22,2.4,1.08
1985-07-16,8.32,1.55,5.59
1985-07-17,15.73,13.34,8.53
1985-07-18,3.8,5.84,2.15
1985-07-19,3.69,1.55,0.5
1985-07-20,0.0,0.35,0.0
1985-07-21,0.0,0.15,3.15
1985-07-22,0.0,0.08,5.46
1985-07-23,0.0,13.29,5.07
1985-07-24,0.0,7.93,28.54
1985-07-25,23.8,18.86,20.43
1985-07-26,24.97,12.06,1.39
1985-07-27,0.0,2.13,0.47
1985-07-28,4.51,3.33,6.24
1985-07-29,1.71,4.18,2.47
1985-07-30,11.17,14.33,7.9
1985-07-31,9.08,9.75,8.0
1985-08-01,3.04,2.92,15.49
1985-08-02,24.77,27.26,8.19
1985-08-03,17.6,10.47,12.5
1985-08-04,0.0,0.67,0.29
1985-08-05,0.0,0.06,2.92
1985-08-06,0.0,7.56,12.3
1985-08-07,25.39,20.52,32.27
1985-08-08,19.91,18.45,7.08
1985-08-09,17.27,7.81,5.95
1985-08-10,5.47,4.18,4.46
1985-08-11,8.83,1.69,5.81
1985-08-12,0.0,3.11,5.75
1985-08-13,16.31,11.13,1.09
1985-08-14,6.99,4.25,2.36
1985-08-15,9.67,0.29,0.05
1985-08-16,0.0,0.07,0.0
1985-08-17,0.0,0.02,0.0
1985-08-18,0.0,0.0,0.0
1985-08-19,0.0,0.07,0.02
1985-08-20,0.0,0.73,6.02
1985-08-21,8.0,4.47,3.75
1985-08-22,0.0,2.38,0.0
1985-08-23,0.0,9.01,6.07
1985-08-24,16.52,12.95,9.31
1985-08-25,25.83,23.44,31.45
1985-08-26,11.58,11.84,13.87
1985-08-27,8.15,7.27,9.52
1985-08-28,12.24,8.56,24.55
1985-08-29,15.85,4.74,1.8
1985-08-30,28.73,22.53,34.87
1985-08-31,47.16,35.43,61.68
1985-09-01,27.11,22.88,7.78
1985-09-02,5.78,6.57,5.4
1985-09-03,0.0,0.74,0.53
1985-09-04,10.31,2.38,4.2
1985-09-05,0.0,6.35,2.35
1985-09-06,7.23,1.85,0.13
1985-09-07,0.0,2.18,0.44
1985-09-08,0.0,0.8,0.01
1985-09-09,0.0,0.02,0.0
1985-09-10,0.0,0.0,0.11
1985-09-11,0.0,0.55,0.73
1985-09-12,0.0,0.21,0.55
1985-09-13,0.0,1.04,1.4
1985-09-14,0.0,0.34,1.49
1985-09-15,0.0,0.0,0.0
1985-09-16,0.0,0.0,0.0
1985-09-17,0.0,0.09,0.07
1985-09-18,0.0,0.03,0.87
1985-09-19,0.0,1.56,1.3
1985-09-20,0.0,4.14,0.78
1985-09-21,2.31,4.15,2.35
1985-09-22,0.0,2.36,0.75
1985-09-23,2.27,0.71,1.03
1985-09-24,1.81,2.03,2.05
1985-09-25,2.33,0.65,0.0
1985-09-26,0.0,0.0,0.0
1985-09-27,0.0,0.0,0.0
1985-09-28,0.0,0.0,0.0
1985-09-29,0.0,0.0,4.32
1985-09-30,0.0,10.53,1.98
1985-10-01,3.79,3.84,3.51
1985-10-02,6.33,3.41,2.69
1985-10-03,10.93,1.12,1.11
1985-10-04,0.0,1.62,1.56
1985-10-05,0.0,0.55,0.01
1985-10-06,0.0,0.02,0.0
1985-10-07,0.0,0.0,0.0
1985-10-08,0.0,0.0,0.0
1985-10-09,0.0,0.0,0.0
1985-10-10,0.0,0.05,0.0
1985-10-11,0.0,0.02,0.0
1985-10-12,0.0,0.0,0.0
1985-10-13,0.0,0.0,0.0
1985-10-14,0.0,0.04,0.04
1985-10-15,0.0,0.03,0.03
1985-10-16,0.0,0.01,0.0
1985-10-17,0.0,0.0,0.0
1985-10-18,0.0,0.0,1.62
1985-10-19,0.0,2.69,0.0
1985-10-20,0.0,0.9,0.29
1985-10-21,0.0,0.43,2.64
1985-10-22,0.0,3.41,1.87
1985-10-23,0.0,1.09,1.08
1985-10-24,0.0,0.0,0.0
1985-10-25,0.0,0.0,0.47
1985-10-26,0.0,0.92,0.84
1985-10-27,8.62,14.19,11.78
1985-10-28,21.4,7.75,12.23
1985-10-29,17.09,8.74,9.64
1985-10-30,43.37,49.73,52.82
1985-10-31,53.7,65.55,26.19
1985-11-01,23.09,22.22,16.21
1985-11-02,1.23,2.5,0.01
1985-11-03,0.0,5.32,3.58
1985-11-04,0.0,1.7,0.0
1985-11-05,0.0,0.0,0.0
1985-11-06,0.0,0.0,0.0
1985-11-07,0.0,0.36,0.72
1985-11-08,0.0,0.12,0.34
1985-11-09,0.0,0.0,0.0
1985-11-10,0.0,0.0,0.0
1985-11-11,0.0,0.0,0.0
1985-11-12,0.0,0.0,0.0
1985-11-13,0.0,0.0,0.0
1985-11-14,0.0,0.0,0.0
1985-11-15,0.0,0.0,0.0
1985-11-16,0.0,0.0,0.0
1985-11-17,0.0,0.0,0.0
1985-11-18,0.0,0.0,0.0
1985-11-19,0.0,0.0,7.57
1985-11-20,0.0,8.87,4.77
1985-11-21,52.41,64.32,54.47
1985-11-22,72.62,21.47,22.67
1985-11-23,0.0,0.34,0.0
1985-11-24,0.0,0.0,0.07
1985-11-25,0.0,0.68,0.3
1985-11-26,0.0,0.58,0.13
1985-11-27,0.0,0.12,0.0
1985-11-28,0.0,0.2,0.36
1985-11-29,9.56,3.94,6.93
1985-11-30,11.0,9.91,16.15
1985-12-01,23.86,16.54,4.4
1985-12-02,19.76,4.95,6.65
1985-12-03,0.0,0.13,0.0
1985-12-04,0.0,0.0,0.0
1985-12-05,0.0,0.0,0.0
1985-12-06,0.0,0.0,0.04
1985-12-07,0.0,0.0,0.0
1985-12-08,0.0,0.0,0.0
1985-12-09,0.0,0.0,0.0
1985-12-10,0.0,0.0,0.0
1985-12-11,0.0,6.11,0.05
1985-12-12,33.89,63.91,39.02
1985-12-13,64.01,40.73,47.68
1985-12-14,7.36,6.7,0.6
1985-12-15,0.0,0.0,0.04
1985-12-16,0.0,0.0,0.0
1985-12-17,0.0,0.0,0.0
1985-12-18,0.0,0.0,0.0
1985-12-19,0.0,0.0,0.0
1985-12-20,0.0,0.0,0.0
1985-12-21,0.0,0.0,0.04
1985-12-22,0.0,0.0,0.0
1985-12-23,0.0,1.45,0.03
1985-12-24,3.36,1.67,3.6
1985-12-25,0.0,0.4,0.0
1985-12-26,0.0,0.14,0.04
1985-12-27,0.0,0.05,0.05
1985-12-28,0.0,4.9,4.17
1985-12-29,8.87,1.67,3.34
1985-12-30,0.0,0.01,0.0
1985-12-31,0.0,8.86,6.51
1986-01-01,0.0,2.95,1.6
1986-01-02,0.0,0.16,0.0
1986-01-03,0.0,0.15,11.06
1986-01-04,1.39,12.5,10.85
1986-01-05,19.49,4.16,4.9
1986-01-06,0.0,0.45,0.0
1986-01-07,2.16,1.03,3.18
1986-01-08,0.0,0.29,0.03
1986-01-09,0.0,9.17,0.59
1986-01-10,34.45,29.28,50.74
1986-01-11,17.04,9.12,2.69
1986-01-12,0.0,0.13,0.0
1986-01-13,0.0,0.0,0.0
1986-01-14,0.0,0.0,0.0
1986-01-15,0.0,0.0,0.0
1986-01-16,0.0,0.0,0.0
1986-01-17,0.0,0.0,0.03
1986-01-18,0.0,1.37,1.26
1986-01-19,0.0,0.46,0.19
1986-01-20,0.0,0.0,0.0
1986-01-21,0.0,0.0,0.0
1986-01-22,0.0,0.0,0.0
1986-01-23,0.0,0.0,0.0
1986-01-24,0.0,0.0,0.0
1986-01-25,0.0,7.92,1.89
1986-01-26,9.74,3.14,10.43
1986-01-27,0.0,0.17,0.0
1986-01-28,0.0,0.0,0.0
1986-01-29,0.0,0.0,0.0
1986-01-30,0.0,0.0,0.0
1986-01-31,0.0,0.0,0.0
1986-02-01,0.0,0.0,0.0
1986-02-02,0.0,0.0,0.0
1986-02-03,0.0,0.0,0.0
1986-02-04,0.0,0.0,0.52
1986-02-05,13.97,36.75,55.2
1986-02-06,46.14,26.08,16.68
1986-02-07,1.16,14.34,0.0
1986-02-08,30.7,22.03,66.18
1986-02-09,21.96,45.88,8.93
1986-02-10,43.09,36.27,27.87
1986-02-11,22.05,13.18,16.29
1986-02-12,0.0,1.83,0.0
1986-02-13,0.0,0.0,0.0
1986-02-14,0.0,5.19,0.54
1986-02-15,8.0,1.73,6.55
1986-02-16,0.0,0.0,0.0
1986-02-17,0.0,5.8,0.09
1986-02-18,14.85,11.04,18.21
1986-02-19,0.0,3.03,0.0
1986-02-20,0.0,0.0,0.0
1986-02-21,0.0,0.0,0.0
1986-02-22,0.0,5.42,2.31
1986-02-23,7.39,1.81,6.48
1986-02-24,0.0,0.0,0.0
1986-02-25,0.0,0.0,0.0
1986-02-26,0.0,0.0,0.0
1986-02-27,0.0,0.0,0.18
1986-02-28,0.0,0.17,0.11
1986-03-01,0.0,0.06,0.09
1986-03-02,0.0,0.0,0.0
1986-03-03,0.0,3.52,0.0
1986-03-04,12.4,5.95,16.09
1986-03-05,5.05,1.59,0.07
1986-03-06,0.0,0.0,0.19
1986-03-07,0.0,0.0,0.0
1986-03-08,0.0,0.0,0.0
1986-03-09,0.0,0.0,0.0
1986-03-10,0.0,0.0,0.0
1986-03-11,0.0,0.0,0.0
1986-03-12,0.0,0.0,0.01
1986-03-13,0.0,11.1,16.08
1986-03-14,37.99,19.57,38.3
1986-03-15,0.0,5.29,2.75
1986-03-16,0.46,0.6,1.06
1986-03-17,0.0,0.2,0.0
1986-03-18,0.0,0.01,0.0
1986-03-19,0.0,1.97,6.46
1986-03-20,10.81,9.12,7.03
1986-03-21,7.82,2.82,0.45
1986-03-22,0.0,0.0,0.0
1986-03-23,0.0,0.0,0.0
1986-03-24,0.0,0.0,0.0
1986-03-25,0.0,0.0,0.0
1986-03-26,0.0,0.0,0.0
1986-03-27,0.0,0.0,0.0
1986-03-28,0.0,0.0,0.0
1986-03-29,0.0,0.0,0.0
1986-03-30,0.0,0.0,0.0
1986-03-31,0.0,0.0,0.0
1986-04-01,0.0,0.0,0.0
1986-04-02,0.0,0.0,0.0
1986-04-03,0.0,0.0,0.0
1986-04-04,0.0,0.0,0.0
1986-04-05,0.0,0.0,0.0
1986-04-06,0.0,0.0,0.54
1986-04-07,0.0,0.0,0.0
1986-04-08,0.0,0.0,0.0
1986-04-09,0.0,0.0,0.0
1986-04-10,0.0,0.0,0.0
1986-04-11,0.0,0.0,0.0
1986-04-12,0.0,2.48,1.48
1986-04-13,0.07,0.83,0.92
1986-04-14,0.0,0.0,0.0
1986-04-15,0.0,0.11,0.11
1986-04-16,0.0,0.04,0.0
1986-04-17,0.0,0.0,0.0
1986-04-18,0.0,0.0,0.0
1986-04-19,0.0,0.04,0.0
1986-04-20,0.0,3.78,1.81
1986-04-21,5.95,3.53,1.27
1986-04-22,2.77,0.87,1.91
1986-04-23,0.0,0.04,0.0
1986-04-24,0.0,0.0,0.0
1986-04-25,0.0,0.0,0.0
1986-04-26,0.0,0.0,0.0
1986-04-27,0.0,0.0,0.0
1986-04-28,0.0,0.0,0.0
1986-04-29,0.0,0.0,0.0
1986-04-30,0.0,0.0,0.0
1986-05-01,0.0,0.0,0.0
1986-05-02,0.0,0.0,0.04
1986-05-03,0.0,0.0,0.0
1986-05-04,0.0,0.0,0.0
1986-05-05,0.0,0.0,0.0
1986-05-06,0.0,0.0,0.0
1986-05-07,0.0,0.0,0.0
1986-05-08,0.0,0.0,0.0
1986-05-09,0.0,0.0,0.0
1986-05-10,0.0,0.0,0.0
1986-05-11,0.0,0.0,0.0
1986-05-12,0.0,0.1,0.08
1986-05-13,0.0,0.04,0.11
1986-05-14,0.0,1.26,0.64
1986-05-15,0.0,0.42,0.0
1986-05-16,0.0,0.0,0.0
1986-05-17,0.0,0.0,0.0
1986-05-18,0.0,0.12,6.02
1986-05-19,39.69,24.71,43.88
1986-05-20,42.8,8.69,3.74
1986-05-21,0.0,0.16,0.0
1986-05-22,0.0,0.0,0.0
1986-05-23,0.0,0.0,0.0
1986-05-24,0.0,0.0,0.0
1986-05-25,0.0,0.0,0.0
1986-05-26,0.0,0.0,0.0
1986-05-27,0.0,0.07,0.0
1986-05-28,0.0,0.11,0.03
1986-05-29,0.0,0.5,0.31
1986-05-30,0.12,0.56,0.14
1986-05-31,2.46,0.35,0.41
1986-06-01,0.0,0.31,0.04
1986-06-02,0.0,0.08,1.08
1986-06-03,0.0,7.62,2.57
1986-06-04,0.0,2.54,0.0
1986-06-05,0.0,0.0,0.0
1986-06-06,0.0,0.03,0.64
1986-06-07,0.0,0.01,0.13
1986-06-08,0.0,3.44,3.67
1986-06-09,0.0,1.31,2.47
1986-06-10,0.0,0.51,5.4
1986-06-11,7.28,8.63,6.31
1986-06-12,2.92,9.05,7.41
1986-06-13,0.0,3.71,3.02
1986-06-14,5.98,0.57,13.49
1986-06-15,9.35,37.87,12.87
1986-06-16,0.31,12.82,1.08
1986-06-17,0.0,0.09,0.02
1986-06-18,3.4,1.83,6.17
1986-06-19,0.0,1.64,2.34
1986-06-20,0.01,0.79,3.47
1986-06-21,1.03,1.12,1.04
1986-06-22,0.0,0.33,3.6
1986-06-23,0.0,0.0,0.0
1986-06-24,0.0,1.15,0.6
1986-06-25,3.15,1.07,0.61
1986-06-26,0.0,0.23,6.14
1986-06-27,0.0,25.13,7.31
1986-06-28,0.73,11.5,2.25
1986-06-29,0.0,3.01,4.87
1986-06-30,6.66,5.23,4.62
1986-07-01,0.41,2.31,4.09
1986-07-02,10.2,16.73,7.02
1986-07-03,17.07,5.55,7.59
1986-07-04,0.0,0.02,14.54
1986-07-05,0.0,19.79,1.69
1986-07-06,4.48,12.88,3.08
1986-07-07,0.0,2.64,2.15
1986-07-08,0.0,0.18,0.09
1986-07-09,0.0,0.0,0.0
1986-07-10,0.0,4.09,6.99
1986-07-11,0.0,3.75,7.46
1986-07-12,20.43,12.63,2.83
1986-07-13,0.0,11.54,4.23
1986-07-14,0.0,4.09,2.71
1986-07-15,12.39,0.61,1.19
1986-07-16,0.0,23.69,13.47
1986-07-17,4.15,7.89,0.53
1986-07-18,0.0,0.0,0.0
1986-07-19,0.0,0.0,0.0
1986-07-20,0.0,0.24,1.62
1986-07-21,19.6,17.81,9.94
1986-07-22,9.95,7.36,11.02
1986-07-23,39.38,40.25,27.22
1986-07-24,28.29,14.75,2.42
1986-07-25,0.0,0.85,2.63
1986-07-26,8.57,1.51,11.33
1986-07-27,1.72,1.81,1.59
1986-07-28,10.72,1.93,2.64
1986-07-29,0.0,6.19,3.42
1986-07-30,0.0,2.04,5.08
1986-07-31,0.0,0.05,0.05
1986-08-01,0.0,0.0,1.17
1986-08-02,0.0,17.44,7.44
1986-08-03,0.0,6.03,7.12
1986-08-04,13.17,20.84,10.87
1986-08-05,14.53,7.22,9.95
1986-08-06,9.09,17.45,12.73
1986-08-07,18.37,5.78,0.03
1986-08-08,0.0,2.0,0.29
1986-08-09,3.77,1.69,1.22
1986-08-10,2.0,3.73,7.05
1986-08-11,10.75,15.5,5.9
1986-08-12,29.57,13.15,30.57
1986-08-13,34.28,23.02,23.94
1986-08-14,9.67,9.97,8.89
1986-08-15,11.09,3.98,13.8
1986-08-16,4.51,1.89,2.62
1986-08-17,0.0,0.54,1.65
1986-08-18,0.0,0.08,0.02
1986-08-19,0.0,9.11,13.41
1986-08-20,29.57,26.48,21.27
1986-08-21,15.81,26.92,7.88
1986-08-22,4.51,7.3,0.83
1986-08-23,0.0,0.31,0.17
1986-08-24,0.0,0.0,0.0
1986-08-25,0.0,2.04,0.86
1986-08-26,17.8,1.01,8.83
1986-08-27,25.12,15.99,8.76
1986-08-28,22.4,23.35,15.93
1986-08-29,44.6,39.83,63.72
1986-08-30,35.62,11.86,2.51
1986-08-31,6.61,0.52,6.12
1986-09-01,16.54,19.35,7.65
1986-09-02,17.94,22.27,8.33
1986-09-03,3.65,7.78,4.04
1986-09-04,4.17,10.09,3.26
1986-09-05,14.46,3.3,12.03
1986-09-06,0.0,0.07,0.05
1986-09-07,0.0,0.0,0.0
1986-09-08,0.0,0.6,0.54
1986-09-09,0.0,0.27,2.21
1986-09-10,0.0,3.17,5.96
1986-09-11,0.0,2.64,1.74
1986-09-12,5.56,0.86,0.44
1986-09-13,0.0,0.11,0.07
1986-09-14,0.0,0.3,0.02
1986-09-15,0.0,8.5,1.65
1986-09-16,0.0,3.13,1.39
1986-09-17,0.0,2.72,0.52
1986-09-18,5.14,3.69,0.68
1986-09-19,0.0,0.95,1.64
1986-09-20,0.0,0.0,0.0
1986-09-21,0.0,0.0,3.84
1986-09-22,0.0,7.02,0.33
1986-09-23,3.32,4.13,1.31
1986-09-24,0.0,0.6,0.0
1986-09-25,0.0,0.01,0.0
1986-09-26,0.0,0.0,0.0
1986-09-27,0.0,0.0,0.0
1986-09-28,0.0,0.0,0.78
1986-09-29,0.0,2.43,0.95
1986-09-30,0.0,0.81,0.13
1986-10-01,0.0,9.23,5.71
1986-10-02,29.61,4.05,6.83
1986-10-03,0.0,1.49,0.0
1986-10-04,0.0,0.39,0.21
1986-10-05,0.0,0.25,1.17
1986-10-06,0.0,1.0,0.09
1986-10-07,0.0,0.3,0.27
1986-10-08,0.0,0.02,1.48
1986-10-09,6.52,6.56,11.82
1986-10-10,17.63,6.67,6.39
1986-10-11,24.4,6.61,0.93
1986-10-12,0.0,2.55,0.02
1986-10-13,0.0,2.23,3.8
1986-10-14,9.97,8.25,9.74
1986-10-15,13.09,2.53,0.0
1986-10-16,0.0,0.0,0.0
1986-10-17,0.0,0.0,0.0
1986-10-18,0.0,0.0,0.0
1986-10-19,0.0,0.0,0.0
1986-10-20,0.0,0.0,0.0
1986-10-21,0.0,0.0,0.0
1986-10-22,0.0,0.0,0.0
1986-10-23,0.0,0.0,0.0
1986-10-24,0.0,0.32,3.64
1986-10-25,11.62,18.14,16.62
1986-10-26,18.93,6.02,0.09
1986-10-27,0.0,0.0,0.0
1986-10-28,0.0,0.0,0.2
1986-10-29,0.0,0.28,0.5
1986-10-30,0.0,0.1,0.02
1986-10-31,0.0,0.0,0.0
1986-11-01,0.0,0.0,0.0
1986-11-02,0.0,0.0,0.0
1986-11-03,0.0,0.0,0.0
1986-11-04,0.0,0.0,0.0
1986-11-05,0.0,0.02,0.08
1986-11-06,0.0,0.87,0.99
1986-11-07,0.0,0.35,0.15
1986-11-08,0.0,0.02,0.0
1986-11-09,0.0,0.0,0.0
1986-11-10,0.0,0.0,0.0
1986-11-11,0.0,1.27,1.35
1986-11-12,0.0,0.42,1.01
1986-11-13,0.0,0.0,0.0
1986-11-14,0.0,0.0,0.0
1986-11-15,0.0,0.38,4.99
1986-11-16,3.43,1.82,0.93
1986-11-17,2.58,6.68,29.97
1986-11-18,36.04,33.89,2.06
1986-11-19,0.0,12.25,0.08
1986-11-20,6.5,7.94,16.86
1986-11-21,6.22,2.47,0.71
1986-11-22,0.0,0.06,0.0
1986-11-23,0.0,0.02,0.07
1986-11-24,0.0,0.0,0.0
1986-11-25,0.0,5.95,2.25
1986-11-26,20.9,18.31,18.41
1986-11-27,16.08,9.97,0.1
1986-11-28,10.49,12.12,16.44
1986-11-29,38.11,32.49,37.57
1986-11-30,28.18,22.78,36.41
1986-12-01,9.11,6.92,4.38
1986-12-02,0.98,1.54,2.33
1986-12-03,0.0,0.23,0.0
1986-12-04,0.0,0.0,0.0
1986-12-05,0.0,0.0,0.0
1986-12-06,0.0,0.0,0.0
1986-12-07,0.0,0.0,0.0
1986-12-08,0.0,0.02,4.25
1986-12-09,20.4,21.45,0.7
1986-12-10,25.39,34.5,27.83
1986-12-11,31.11,21.46,58.6
1986-12-12,22.27,11.99,14.63
1986-12-13,0.0,2.63,0.0
1986-12-14,0.0,0.0,0.0
1986-12-15,0.0,2.78,0.03
1986-12-16,5.99,2.62,6.52
1986-12-17,0.11,0.57,1.13
1986-12-18,0.0,0.29,2.56
1986-12-19,3.99,3.5,1.98
1986-12-20,5.34,1.2,3.69
1986-12-21,0.0,0.56,0.43
1986-12-22,3.49,5.53,3.69
1986-12-23,25.21,19.52,32.62
1986-12-24,9.02,5.98,0.52
1986-12-25,0.0,0.02,0.0
1986-12-26,0.0,0.0,0.0
1986-12-27,0.0,0.0,0.0
1986-12-28,0.0,0.0,0.0
1986-12-29,0.0,0.0,0.0
1986-12-30,0.0,0.0,0.0
1986-12-31,1.1,14.8,15.06
1987-01-01,26.19,9.42,13.38
1987-01-02,0.0,1.5,0.0
1987-01-03,0.0,8.18,0.43
1987-01-04,28.67,16.85,31.33
1987-01-05,8.82,4.71,0.16
1987-01-06,0.0,0.0,0.0
1987-01-07,0.0,0.0,0.0
1987-01-08,0.0,0.0,0.0
1987-01-09,0.0,5.71,0.0
1987-01-10,17.0,8.61,15.92
1987-01-11,0.0,2.23,0.0
1987-01-12,0.0,0.0,0.0
1987-01-13,0.0,0.0,0.0
1987-01-14,0.0,1.28,3.62
1987-01-15,11.48,9.6,36.72
1987-01-16,25.29,30.91,11.14
1987-01-17,18.25,10.84,6.82
1987-01-18,3.29,6.63,5.88
1987-01-19,17.04,8.01,12.74
1987-01-20,0.0,1.99,0.0
1987-01-21,8.08,9.64,5.74
1987-01-22,18.74,8.01,16.53
1987-01-23,0.0,1.6,0.0
1987-01-24,0.0,2.81,0.0
1987-01-25,10.24,6.64,14.44
1987-01-26,0.0,1.9,0.0
1987-01-27,0.0,0.0,0.0
1987-01-28,0.0,0.0,0.0
1987-01-29,0.0,0.06,1.03
1987-01-30,1.37,1.31,0.01
1987-01-31,0.0,0.43,0.31
1987-02-01,0.0,0.18,0.0
1987-02-02,7.58,7.18,8.62
1987-02-03,0.0,2.38,0.0
1987-02-04,0.0,0.95,0.0
1987-02-05,7.04,4.7,11.04
1987-02-06,3.31,2.82,1.71
1987-02-07,5.79,4.4,4.85
1987-02-08,2.09,1.32,1.17
1987-02-09,0.0,0.0,0.0
1987-02-10,0.0,0.0,0.0
1987-02-11,0.0,0.0,0.0
1987-02-12,0.0,0.0,0.0
1987-02-13,0.0,0.0,0.0
1987-02-14,0.0,0.0,0.0
1987-02-15,0.0,16.62,12.17
1987-02-16,36.09,21.4,28.31
1987-02-17,0.0,5.32,0.07
1987-02-18,0.0,0.01,0.0
1987-02-19,0.0,0.0,0.0
1987-02-20,0.0,6.24,1.33
1987-02-21,17.11,11.11,41.57
1987-02-22,22.35,29.56,30.35
1987-02-23,31.2,8.86,0.58
1987-02-24,2.12,2.39,3.23
1987-02-25,3.66,1.13,1.24
1987-02-26,1.15,0.86,0.84
1987-02-27,0.0,0.32,1.71
1987-02-28,9.1,11.51,4.18
1987-03-01,16.58,3.83,19.18
1987-03-02,0.0,0.0,0.0
1987-03-03,0.0,0.0,0.0
1987-03-04,0.0,0.0,0.0
1987-03-05,0.0,0.0,0.04
1987-03-06,0.0,0.36,0.0
1987-03-07,11.9,17.06,22.53
1987-03-08,13.8,6.37,3.35
1987-03-09,2.43,0.33,1.64
1987-03-10,0.0,0.03,0.0
1987-03-11,0.0,2.76,1.94
1987-03-12,3.02,2.11,4.28
1987-03-13,0.0,0.4,0.0
1987-03-14,0.0,0.0,0.0
1987-03-15,0.0,0.0,0.07
1987-03-16,0.0,0.0,0.0
1987-03-17,0.0,0.0,0.0
1987-03-18,10.17,42.94,56.61
1987-03-19,55.62,14.31,9.37
1987-03-20,0.0,0.0,0.0
1987-03-21,0.0,0.0,0.0
1987-03-22,0.0,0.0,0.0
1987-03-23,0.0,0.14,0.0
1987-03-24,0.36,1.86,1.39
1987-03-25,2.19,1.03,9.06
1987-03-26,9.94,12.06,26.49
1987-03-27,24.96,23.3,15.36
1987-03-28,21.71,8.87,4.21
1987-03-29,28.89,40.6,70.55
1987-03-30,48.58,37.02,36.13
1987-03-31,23.75,7.92,4.47
1987-04-01,0.0,0.0,0.04
1987-04-02,0.0,0.01,0.51
1987-04-03,5.71,5.89,6.45
1987-04-04,0.0,1.97,0.0
1987-04-05,0.0,0.0,0.0
1987-04-06,0.0,0.0,0.0
1987-04-07,0.0,0.0,0.0
1987-04-08,0.0,0.0,0.0
1987-04-09,0.0,0.0,0.0
1987-04-10,0.0,0.0,0.04
1987-04-11,0.0,0.01,0.0
1987-04-12,0.0,0.0,0.0
1987-04-13,0.0,0.1,0.31
1987-04-14,0.27,0.71,0.26
1987-04-15,0.0,0.23,0.01
1987-04-16,0.0,0.09,0.13
1987-04-17,0.0,0.16,0.02
1987-04-18,0.0,0.04,0.04
1987-04-19,0.0,0.0,0.0
1987-04-20,0.0,0.0,0.0
1987-04-21,0.0,0.0,0.0
1987-04-22,0.0,0.0,0.0
1987-04-23,0.0,0.0,0.0
1987-04-24,0.0,0.0,0.0
1987-04-25,0.0,0.0,0.14
1987-04-26,0.0,0.0,0.0
1987-04-27,0.0,0.0,0.0
1987-04-28,0.0,0.0,0.0
1987-04-29,0.0,0.0,0.0
1987-04-30,0.0,0.0,0.0
1987-05-01,0.0,0.0,0.0
1987-05-02,0.0,0.0,0.0
1987-05-03,0.0,0.0,0.0
1987-05-04,0.0,0.02,0.11
1987-05-05,0.0,0.61,0.34
1987-05-06,0.0,0.2,8.89
1987-05-07,0.0,6.48,2.66
1987-05-08,8.33,2.48,3.66
1987-05-09,0.0,0.11,0.01
1987-05-10,0.0,2.7,3.94
1987-05-11,0.35,3.34,1.91
1987-05-12,11.44,9.64,4.8
1987-05-13,28.95,35.33,6.77
1987-05-14,0.0,11.28,14.96
1987-05-15,11.54,13.23,11.34
1987-05-16,6.64,8.56,8.91
1987-05-17,7.91,3.33,10.3
1987-05-18,0.0,5.32,3.5
1987-05-19,7.18,1.64,2.26
1987-05-20,0.0,0.5,1.41
1987-05-21,8.33,4.36,7.11
1987-05-22,15.3,3.0,3.71
1987-05-23,0.0,0.54,0.02
1987-05-24,0.0,0.42,0.1
1987-05-25,0.0,0.83,0.14
1987-05-26,0.0,0.23,0.02
1987-05-27,0.0,0.0,1.96
1987-05-28,0.0,0.06,0.77
1987-05-29,0.0,0.02,0.0
1987-05-30,0.0,0.0,0.0
1987-05-31,0.0,0.0,0.0
1987-06-01,0.0,0.0,0.83
1987-06-02,0.0,0.38,1.0
1987-06-03,1.0,2.58,3.81
1987-06-04,0.0,8.2,1.88
1987-06-05,7.33,3.47,0.62
1987-06-06,0.0,0.34,0.66
1987-06-07,0.0,0.0,0.0
1987-06-08,0.0,0.0,0.0
1987-06-09,0.0,0.0,0.0
1987-06-10,0.0,0.0,0.0
1987-06-11,0.0,0.0,0.16
1987-06-12,0.0,0.46,5.52
1987-06-13,8.26,13.24,30.25
1987-06-14,36.0,31.0,29.32
1987-06-15,21.85,31.48,20.45
1987-06-16,28.91,38.02,21.1
1987-06-17,7.86,18.73,17.04
1987-06-18,0.15,3.7,2.79
1987-06-19,0.0,4.65,4.05
1987-06-20,27.77,21.41,20.99
1987-06-21,9.76,13.2,11.6
1987-06-22,3.39,5.09,15.12
1987-06-23,17.44,22.57,14.78
1987-06-24,8.42,8.8,5.12
1987-06-25,3.27,6.4,4.83
1987-06-26,10.08,10.05,13.63
1987-06-27,9.2,3.36,1.75
1987-06-28,0.0,0.22,0.0
1987-06-29,0.0,0.23,0.13
1987-06-30,0.0,1.48,0.4
1987-07-01,4.17,3.59,4.99
1987-07-02,0.0,3.28,14.67
1987-07-03,10.65,19.46,6.43
1987-07-04,8.22,12.08,24.04
1987-07-05,23.12,20.3,5.55
1987-07-06,0.0,7.57,4.44
1987-07-07,7.44,6.22,3.88
1987-07-08,9.19,5.16,1.09
1987-07-09,0.0,1.16,1.91
1987-07-10,0.0,1.06,0.39
1987-07-11,0.0,0.59,0.02
1987-07-12,0.0,0.08,0.45
1987-07-13,0.0,0.02,6.18
1987-07-14,0.0,2.04,3.59
1987-07-15,0.0,0.81,2.16
1987-07-16,0.0,0.04,0.0
1987-07-17,0.0,0.06,0.01
1987-07-18,0.0,0.13,0.22
1987-07-19,1.44,0.61,0.39
1987-07-20,1.97,2.36,1.77
1987-07-21,0.0,0.86,1.9
1987-07-22,0.0,0.05,0.0
1987-07-23,0.0,0.04,0.0
1987-07-24,0.0,7.86,0.0
1987-07-25,0.0,2.64,6.53
1987-07-26,12.14,12.18,4.48
1987-07-27,2.38,4.98,2.89
1987-07-28,3.3,2.99,0.73
1987-07-29,0.0,1.25,3.22
1987-07-30,0.0,0.67,7.39
1987-07-31,5.63,6.23,11.32
1987-08-01,0.0,2.2,8.34
1987-08-02,2.65,0.83,8.84
1987-08-03,0.0,2.66,2.76
1987-08-04,3.02,3.19,4.0
1987-08-05,4.18,5.24,0.54
1987-08-06,0.37,3.52,2.84
1987-08-07,0.0,2.05,1.24
1987-08-08,0.0,0.46,1.57
1987-08-09,0.0,0.0,0.0
1987-08-10,0.0,0.0,1.65
1987-08-11,0.0,0.32,10.74
1987-08-12,33.26,31.77,30.69
1987-08-13,27.56,47.06,40.75
1987-08-14,48.68,67.11,46.78
1987-08-15,46.34,23.75,11.58
1987-08-16,0.68,1.86,3.67
1987-08-17,18.78,12.69,2.51
1987-08-18,0.0,4.42,2.71
1987-08-19,0.0,1.8,3.01
1987-08-20,0.0,0.58,0.0
1987-08-21,0.0,0.01,0.0
1987-08-22,0.0,0.0,0.0
1987-08-23,0.0,0.01,0.0
1987-08-24,0.0,0.0,0.0
1987-08-25,0.0,0.7,4.69
1987-08-26,0.0,0.23,0.0
1987-08-27,0.0,0.0,0.0
1987-08-28,0.0,0.29,5.64
1987-08-29,0.0,1.17,1.13
1987-08-30,0.0,0.36,0.6
1987-08-31,0.0,2.34,2.55
1987-09-01,8.09,1.19,5.49
1987-09-02,9.05,4.79,11.17
1987-09-03,0.0,1.55,5.26
1987-09-04,4.47,7.37,8.71
1987-09-05,18.01,17.58,20.24
1987-09-06,9.04,6.77,1.62
1987-09-07,1.29,3.62,3.14
1987-09-08,0.84,3.7,3.46
1987-09-09,0.0,1.21,1.23
1987-09-10,0.0,0.11,0.03
1987-09-11,18.1,11.81,10.19
1987-09-12,11.01,12.05,11.37
1987-09-13,0.0,2.7,0.39
1987-09-14,0.0,0.0,0.0
1987-09-15,0.0,0.0,0.0
1987-09-16,0.0,0.0,0.0
1987-09-17,0.87,0.52,0.59
1987-09-18,0.0,1.45,2.0
1987-09-19,11.93,13.32,9.22
1987-09-20,5.85,4.49,0.1
1987-09-21,0.0,0.07,0.0
1987-09-22,0.0,0.0,0.0
1987-09-23,0.0,0.0,0.0
1987-09-24,0.0,0.0,0.0
1987-09-25,0.0,0.0,0.0
1987-09-26,0.0,0.0,0.0
1987-09-27,0.0,0.0,0.0
1987-09-28,0.0,0.05,1.46
1987-09-29,0.0,2.7,3.35
1987-09-30,5.95,4.88,2.36
1987-10-01,0.0,1.33,0.0
1987-10-02,0.0,0.0,0.0
1987-10-03,0.0,0.0,0.0
1987-10-04,0.0,0.0,0.0
1987-10-05,0.0,0.0,0.54
1987-10-06,0.0,0.0,0.0
1987-10-07,0.0,0.0,0.0
1987-10-08,0.0,0.0,0.0
1987-10-09,0.0,0.0,0.0
1987-10-10,0.0,0.0,0.0
1987-10-11,0.0,0.0,0.0
1987-10-12,0.0,0.0,0.0
1987-10-13,0.0,0.0,0.0
1987-10-14,0.0,0.0,0.0
1987-10-15,0.0,0.0,0.0
1987-10-16,0.0,0.0,0.0
1987-10-17,0.0,0.0,0.0
1987-10-18,0.0,0.0,0.0
1987-10-19,0.0,0.0,0.0
1987-10-20,0.0,0.0,0.0
1987-10-21,0.0,0.0,0.0
1987-10-22,0.0,0.0,0.0
1987-10-23,0.0,0.0,0.0
1987-10-24,0.0,0.0,0.0
1987-10-25,0.0,0.0,0.0
1987-10-26,0.0,0.12,0.12
1987-10-27,1.0,0.21,0.31
1987-10-28,0.0,0.06,0.0
1987-10-29,0.0,0.0,0.0
1987-10-30,0.0,0.0,0.0
1987-10-31,0.0,0.0,0.0
1987-11-01,0.0,0.0,0.0
1987-11-02,0.0,0.46,0.0
1987-11-03,10.93,14.77,31.4
1987-11-04,17.37,10.58,26.03
1987-11-05,3.08,2.55,0.15
1987-11-06,0.0,0.21,0.0
1987-11-07,0.0,0.0,0.0
1987-11-08,0.0,0.0,0.0
1987-11-09,0.0,4.64,3.48
1987-11-10,2.29,1.81,2.6
1987-11-11,0.0,0.09,0.0
1987-11-12,0.0,0.0,0.0
1987-11-13,0.0,0.0,0.0
1987-11-14,0.0,0.0,0.0
1987-11-15,0.0,0.0,0.0
1987-11-16,0.0,22.9,0.64
1987-11-17,81.88,54.58,99.78
1987-11-18,3.18,15.66,2.21
1987-11-19,1.85,1.13,0.7
1987-11-20,0.28,0.38,0.03
1987-11-21,0.0,0.0,0.0
1987-11-22,0.0,0.0,0.07
1987-11-23,0.0,0.0,0.09
1987-11-24,0.0,0.07,0.0
1987-11-25,2.15,0.11,0.18
1987-11-26,0.0,0.36,0.57
1987-11-27,5.22,1.71,3.77
1987-11-28,0.0,1.15,0.21
1987-11-29,0.0,0.27,0.2
1987-11-30,0.0,0.29,0.0
1987-12-01,0.0,0.09,0.0
1987-12-02,0.0,0.0,0.0
1987-12-03,0.0,0.0,0.0
1987-12-04,0.0,0.0,0.0
1987-12-05,0.0,0.0,0.0
1987-12-06,0.0,0.0,0.0
1987-12-07,0.0,0.0,0.0
1987-12-08,0.0,0.0,0.0
1987-12-09,0.0,0.0,0.07
1987-12-10,0.0,1.22,0.28
1987-12-11,0.0,0.41,0.01
1987-12-12,0.0,0.57,0.37
1987-12-13,0.0,0.19,1.21
1987-12-14,0.0,0.21,1.03
1987-12-15,5.01,10.44,10.01
1987-12-16,0.75,3.46,0.02
1987-12-17,0.0,0.0,0.0
1987-12-18,0.0,0.0,0.0
1987-12-19,0.0,0.0,0.0
1987-12-20,0.0,0.0,0.09
1987-12-21,1.03,3.11,5.84
1987-12-22,7.01,2.42,2.54
1987-12-23,0.0,0.46,0.0
1987-12-24,0.0,0.0,0.0
1987-12-25,0.0,0.21,0.0
1987-12-26,0.0,0.14,0.13
1987-12-27,0.0,0.02,0.13
1987-12-28,0.0,1.17,0.85
1987-12-29,0.1,0.39,0.21
1987-12-30,0.0,0.0,0.0
1987-12-31,0.0,2.07,0.85
1988-01-01,0.5,6.32,3.07
1988-01-02,1.81,6.77,5.99
1988-01-03,6.65,6.72,15.3
1988-01-04,0.0,1.7,2.45
1988-01-05,0.0,0.0,0.38
1988-01-06,0.0,0.0,2.01
1988-01-07,3.59,7.27,3.52
1988-01-08,11.31,4.15,6.68
1988-01-09,7.12,4.32,7.6
1988-01-10,0.0,1.25,0.03
1988-01-11,0.0,0.0,0.0
1988-01-12,0.0,0.0,0.0
1988-01-13,0.0,0.0,0.0
1988-01-14,0.0,0.0,0.0
1988-01-15,0.0,0.0,0.0
1988-01-16,0.0,0.93,0.0
1988-01-17,3.73,1.67,9.08
1988-01-18,5.53,8.36,2.49
1988-01-19,9.69,8.06,2.6
1988-01-20,18.63,16.69,27.97
1988-01-21,9.18,5.05,0.67
1988-01-22,0.0,0.03,0.0
1988-01-23,0.0,0.09,3.66
1988-01-24,2.0,3.77,1.24
1988-01-25,6.02,3.37,5.72
1988-01-26,0.0,0.71,0.0
1988-01-27,0.0,0.0,0.0
1988-01-28,0.0,0.0,0.0
1988-01-29,0.0,0.0,0.0
1988-01-30,0.0,0.0,0.0
1988-01-31,0.0,0.0,0.0
1988-02-01,0.0,0.0,0.0
1988-02-02,0.0,0.0,0.0
1988-02-03,0.0,0.0,0.78
1988-02-04,0.0,1.76,5.0
1988-02-05,4.7,7.26,3.52
1988-02-06,6.71,3.01,3.24
1988-02-07,0.0,0.38,0.0
1988-02-08,0.0,0.04,0.2
1988-02-09,0.0,0.0,0.0
1988-02-10,0.0,0.0,0.0
1988-02-11,0.0,0.39,0.0
1988-02-12,0.28,0.41,1.2
1988-02-13,0.0,0.09,0.0
1988-02-14,0.0,4.41,1.33
1988-02-15,14.68,8.27,16.84
1988-02-16,3.19,2.27,0.0
1988-02-17,0.0,1.53,0.0
1988-02-18,47.17,81.53,54.12
1988-02-19,95.61,50.51,87.98
1988-02-20,28.31,14.67,7.14
1988-02-21,8.36,2.28,0.12
1988-02-22,0.0,0.0,0.0
1988-02-23,0.0,0.0,0.0
1988-02-24,0.0,0.0,0.0
1988-02-25,0.0,0.0,0.0
1988-02-26,0.0,0.0,0.0
1988-02-27,0.0,0.0,0.0
1988-02-28,0.0,0.0,0.0
1988-02-29,0.0,0.0,0.0
1988-03-01,0.0,0.0,0.0
1988-03-02,0.0,0.0,15.69
1988-03-03,16.63,70.85,31.69
1988-03-04,78.78,45.42,52.21
1988-03-05,0.49,7.45,0.05
1988-03-06,0.0,0.06,0.02
1988-03-07,0.0,0.0,0.0
1988-03-08,0.0,8.73,2.57
1988-03-09,18.01,10.34,27.27
1988-03-10,8.28,3.04,3.18
1988-03-11,0.0,0.19,0.0
1988-03-12,0.0,0.9,0.33
1988-03-13,0.67,0.3,1.08
1988-03-14,0.0,0.0,0.0
1988-03-15,0.0,0.0,0.0
1988-03-16,0.0,0.0,0.0
1988-03-17,0.0,0.58,1.22
1988-03-18,6.31,4.18,8.51
1988-03-19,5.72,1.33,0.24
1988-03-20,0.0,0.0,0.0
1988-03-21,0.0,0.0,0.0
1988-03-22,0.0,0.0,0.0
1988-03-23,0.0,0.0,0.0
1988-03-24,0.0,0.0,6.66
1988-03-25,6.57,8.67,7.1
1988-03-26,12.37,11.39,13.58
1988-03-27,11.51,2.83,0.09
1988-03-28,0.0,0.0,0.0
1988-03-29,0.0,0.0,0.0
1988-03-30,0.0,0.0,0.0
1988-03-31,0.0,0.0,0.0
1988-04-01,0.0,0.0,0.0
1988-04-02,0.0,0.14,0.19
1988-04-03,0.0,0.57,0.15
1988-04-04,0.0,0.17,0.42
1988-04-05,0.0,0.0,0.0
1988-04-06,0.0,0.73,0.76
1988-04-07,0.0,0.28,0.04
1988-04-08,0.0,0.01,0.04
1988-04-09,0.0,0.0,0.0
1988-04-10,0.0,0.0,4.82
1988-04-11,3.45,8.4,5.17
1988-04-12,5.23,7.67,6.17
1988-04-13,5.07,1.62,0.0
1988-04-14,0.0,0.0,0.0
1988-04-15,0.0,0.0,0.0
1988-04-16,0.0,0.0,0.0
1988-04-17,0.0,0.0,0.0
1988-04-18,0.0,15.24,7.69
1988-04-19,39.79,26.34,43.22
1988-04-20,0.0,7.09,0.0
1988-04-21,0.0,0.0,0.0
1988-04-22,0.0,0.34,0.0
1988-04-23,0.0,0.11,0.69
1988-04-24,0.0,0.39,0.75
1988-04-25,1.0,0.98,0.72
1988-04-26,0.9,0.38,0.43
1988-04-27,0.0,0.03,0.0
1988-04-28,0.0,0.0,0.33
1988-04-29,0.0,0.32,0.39
1988-04-30,7.8,11.03,10.73
1988-05-01,17.1,6.89,7.35
1988-05-02,0.0,1.08,0.0
1988-05-03,0.0,0.0,0.0
1988-05-04,0.0,0.0,0.0
1988-05-05,0.0,0.0,0.0
1988-05-06,0.0,0.0,0.74
1988-05-07,0.0,0.0,0.0
1988-05-08,0.0,0.0,0.0
1988-05-09,0.0,0.0,0.0
1988-05-10,0.0,0.84,0.71
1988-05-11,2.36,0.35,0.35
1988-05-12,0.0,0.36,1.38
1988-05-13,1.08,1.49,0.98
1988-05-14,1.07,0.46,0.43
1988-05-15,0.0,0.0,0.0
1988-05-16,0.0,0.0,0.09
1988-05-17,0.0,0.1,0.02
1988-05-18,0.0,0.03,0.88
1988-05-19,0.0,0.0,0.02
1988-05-20,0.0,0.0,0.0
1988-05-21,0.0,0.0,0.0
1988-05-22,0.0,0.0,0.0
1988-05-23,0.0,0.0,0.44
1988-05-24,0.0,1.85,2.78
1988-05-25,6.96,2.05,10.0
1988-05-26,0.0,0.48,0.19
1988-05-27,0.0,0.0,0.0
1988-05-28,0.0,0.0,0.0
1988-05-29,0.0,0.0,0.0
1988-05-30,0.0,0.0,0.0
1988-05-31,0.0,0.0,0.0
1988-06-01,0.0,0.0,0.0
1988-06-02,0.0,0.0,0.21
1988-06-03,0.0,0.82,0.0
1988-06-04,0.0,0.72,17.63
1988-06-05,14.59,11.01,7.32
1988-06-06,17.41,8.9,4.58
1988-06-07,16.83,3.28,1.33
1988-06-08,10.85,1.48,2.48
1988-06-09,2.55,2.72,0.05
1988-06-10,0.0,0.8,0.03
1988-06-11,0.0,0.0,0.0
1988-06-12,0.0,0.0,0.0
1988-06-13,0.0,0.0,0.0
1988-06-14,0.0,0.0,0.0
1988-06-15,0.0,0.0,0.0
1988-06-16,0.0,0.0,0.0
1988-06-17,0.0,0.0,0.0
1988-06-18,0.0,0.0,0.33
1988-06-19,0.0,2.64,1.9
1988-06-20,12.34,1.33,1.44
1988-06-21,0.0,2.13,1.59
1988-06-22,0.0,0.79,0.0
1988-06-23,0.0,0.05,0.0
1988-06-24,0.0,0.0,0.1
1988-06-25,0.0,2.63,4.5
1988-06-26,15.07,12.78,8.49
1988-06-27,1.71,4.1,2.97
1988-06-28,0.0,0.88,0.77
1988-06-29,0.0,0.31,6.74
1988-06-30,0.0,5.62,10.12
1988-07-01,12.12,9.62,6.83
1988-07-02,10.93,15.16,2.74
1988-07-03,15.81,6.81,36.28
1988-07-04,3.98,1.08,0.94
1988-07-05,0.0,0.07,0.23
1988-07-06,0.0,0.0,0.01
1988-07-07,0.0,0.0,0.0
1988-07-08,0.0,0.0,0.0
1988-07-09,0.0,0.0,0.0
1988-07-10,0.0,2.53,5.55
1988-07-11,6.86,10.43,10.31
1988-07-12,6.41,3.68,2.14
1988-07-13,0.0,0.16,9.3
1988-07-14,0.0,3.34,3.92
1988-07-15,0.0,16.08,6.17
1988-07-16,22.99,13.03,20.99
1988-07-17,21.22,5.38,4.21
1988-07-18,0.0,0.97,1.05
1988-07-19,0.0,0.9,4.71
1988-07-20,1.23,1.79,0.23
1988-07-21,0.0,2.47,7.36
1988-07-22,16.8,16.35,14.92
1988-07-23,8.13,7.27,8.43
1988-07-24,8.04,1.43,7.02
1988-07-25,0.0,1.15,15.15
1988-07-26,0.0,23.34,14.13
1988-07-27,0.0,11.43,7.63
1988-07-28,3.59,1.89,0.3
1988-07-29,0.0,1.36,0.12
1988-07-30,3.1,2.67,12.55
1988-07-31,11.76,11.11,5.55
1988-08-01,12.41,15.59,9.38
1988-08-02,6.51,7.3,2.33
1988-08-03,16.42,6.36,9.58
1988-08-04,0.0,2.74,0.15
1988-08-05,0.0,0.6,0.2
1988-08-06,0.0,0.15,0.36
1988-08-07,0.0,0.02,0.01
1988-08-08,0.0,0.06,0.69
1988-08-09,9.96,4.38,1.81
1988-08-10,4.96,2.12,1.06
1988-08-11,3.12,0.97,2.53
1988-08-12,11.92,3.81,3.5
1988-08-13,0.0,1.29,1.08
1988-08-14,17.16,13.64,21.74
1988-08-15,43.63,27.42,27.0
1988-08-16,11.06,10.26,5.94
1988-08-17,3.77,2.07,1.55
1988-08-18,0.0,0.4,0.0
1988-08-19,0.0,0.0,0.0
1988-08-20,0.0,1.25,4.05
1988-08-21,4.0,2.63,4.8
1988-08-22,0.12,0.82,0.36
1988-08-23,0.0,0.07,7.75
1988-08-24,10.62,21.18,8.95
1988-08-25,7.63,9.72,3.43
1988-08-26,0.0,1.03,2.54
1988-08-27,0.52,8.03,11.91
1988-08-28,5.02,2.72,6.18
1988-08-29,0.0,0.02,2.03
1988-08-30,0.0,8.95,10.73
1988-08-31,29.08,5.39,10.34
1988-09-01,20.01,5.11,4.59
1988-09-02,0.0,3.91,6.51
1988-09-03,10.63,3.94,3.91
1988-09-04,29.81,29.91,18.17
1988-09-05,62.39,26.75,50.55
1988-09-06,0.0,5.71,2.63
1988-09-07,0.0,0.1,1.96
1988-09-08,3.06,2.71,17.68
1988-09-09,21.3,40.12,21.19
1988-09-10,60.91,13.58,5.32
1988-09-11,0.0,0.23,0.01
1988-09-12,0.0,0.02,0.0
1988-09-13,0.0,0.0,0.0
1988-09-14,0.0,0.0,0.28
1988-09-15,0.0,6.79,1.01
1988-09-16,15.97,6.17,8.47
1988-09-17,7.24,1.94,1.07
1988-09-18,1.84,0.93,1.64
1988-09-19,0.0,0.26,0.0
1988-09-20,0.0,0.01,2.54
1988-09-21,0.0,0.0,0.0
1988-09-22,0.0,0.0,0.0
1988-09-23,0.0,0.0,3.55
1988-09-24,0.0,0.05,0.32
1988-09-25,0.0,1.11,3.43
1988-09-26,1.58,1.73,5.39
1988-09-27,0.63,0.46,5.84
1988-09-28,0.0,0.0,0.0
1988-09-29,0.0,0.58,1.7
1988-09-30,0.0,8.35,4.89
1988-10-01,0.0,2.86,1.91
1988-10-02,0.0,5.92,19.19
1988-10-03,28.83,28.78,20.84
1988-10-04,11.57,9.23,0.05
1988-10-05,0.0,0.1,0.0
1988-10-06,0.0,0.0,0.0
1988-10-07,0.0,0.0,0.0
1988-10-08,0.0,0.0,0.0
1988-10-09,0.0,0.0,0.0
1988-10-10,0.0,0.0,0.0
1988-10-11,0.0,0.0,0.0
1988-10-12,0.0,0.0,0.0
1988-10-13,0.0,0.0,0.0
1988-10-14,0.0,0.0,0.0
1988-10-15,0.0,0.0,0.0
1988-10-16,0.0,0.0,0.0
1988-10-17,0.0,0.0,0.0
1988-10-18,0.0,0.0,0.0
1988-10-19,0.0,0.0,0.0
1988-10-20,0.0,0.11,0.0
1988-10-21,0.0,0.48,0.66
1988-10-22,0.0,0.16,0.0
1988-10-23,0.0,0.0,0.0
1988-10-24,0.0,0.0,0.0
1988-10-25,0.0,0.0,0.0
1988-10-26,0.0,0.0,2.25
1988-10-27,0.0,4.39,0.0
1988-10-28,0.0,1.48,0.21
1988-10-29,0.0,2.18,6.03
1988-10-30,0.0,1.71,0.87
1988-10-31,1.23,0.46,0.47
1988-11-01,0.0,0.04,0.08
1988-11-02,0.0,0.0,0.0
1988-11-03,0.0,0.01,3.07
1988-11-04,1.42,7.18,1.8
1988-11-05,19.9,10.48,18.61
1988-11-06,0.0,2.7,0.0
1988-11-07,0.0,0.0,0.0
1988-11-08,0.0,0.0,0.0
1988-11-09,0.0,0.0,0.0
1988-11-10,0.0,0.0,0.0
1988-11-11,0.0,0.0,0.0
1988-11-12,0.0,0.02,0.0
1988-11-13,0.0,0.01,0.01
1988-11-14,0.0,0.0,0.0
1988-11-15,0.0,0.0,0.0
1988-11-16,0.0,2.52,1.16
1988-11-17,7.48,1.76,9.06
1988-11-18,0.0,0.31,0.0
1988-11-19,0.0,0.0,0.16
1988-11-20,0.0,8.16,12.46
1988-11-21,10.86,2.78,0.0
1988-11-22,2.8,2.18,3.52
1988-11-23,2.32,0.72,0.31
1988-11-24,0.0,0.0,0.0
1988-11-25,0.0,0.0,0.0
1988-11-26,0.0,0.15,0.0
1988-11-27,26.44,25.97,17.33
1988-11-28,2.44,8.64,1.17
1988-11-29,0.0,0.0,0.0
1988-11-30,0.0,0.0,0.16
1988-12-01,0.0,0.0,0.0
1988-12-02,0.0,0.0,0.0
1988-12-03,0.0,0.0,0.0
1988-12-04,0.0,0.0,0.0
1988-12-05,0.0,0.0,0.0
1988-12-06,0.0,0.0,0.0
1988-12-07,0.0,0.0,0.0
1988-12-08,0.0,0.0,0.0
1988-12-09,0.0,0.0,0.0
1988-12-10,0.0,2.24,5.23
1988-12-11,14.7,15.21,22.38
1988-12-12,11.0,7.36,1.03
1988-12-13,0.0,0.85,0.55
1988-12-14,0.0,0.0,0.0
1988-12-15,0.0,0.45,0.3
1988-12-16,1.04,0.72,1.04
1988-12-17,0.0,0.19,0.0
1988-12-18,0.0,0.0,0.0
1988-12-19,0.0,0.0,0.0
1988-12-20,0.0,0.0,0.0
1988-12-21,0.0,0.15,0.23
1988-12-22,0.0,0.05,0.0
1988-12-23,0.0,0.0,0.0
1988-12-24,0.0,0.0,0.0
1988-12-25,0.0,0.0,0.0
1988-12-26,0.0,0.0,0.0
1988-12-27,0.0,0.12,0.0
1988-12-28,0.0,0.73,3.38
1988-12-29,3.51,0.3,0.01
1988-12-30,0.0,0.02,0.14
1988-12-31,1.75,0.28,0.69
1989-01-01,1.73,0.52,0.54
1989-01-02,0.0,0.16,0.0
1989-01-03,0.0,0.01,0.05
1989-01-04,0.0,0.0,0.0
1989-01-05,0.0,0.0,0.0
1989-01-06,0.0,0.0,0.0
1989-01-07,0.0,0.0,0.0
1989-01-08,0.0,0.0,0.0
1989-01-09,0.0,0.0,0.0
1989-01-10,0.0,0.0,0.0
1989-01-11,0.0,0.0,0.0
1989-01-12,0.0,0.28,0.17
1989-01-13,0.0,0.61,1.25
1989-01-14,0.54,0.19,0.05
1989-01-15,0.0,2.6,0.17
1989-01-16,0.0,0.86,3.05
1989-01-17,0.0,0.0,0.0
1989-01-18,0.0,0.0,0.0
1989-01-19,0.0,0.0,0.1
1989-01-20,0.0,2.45,3.1
1989-01-21,5.2,0.88,1.25
1989-01-22,2.4,2.69,3.99
1989-01-23,0.0,0.89,0.0
1989-01-24,0.0,0.0,0.68
1989-01-25,0.0,0.0,0.0
1989-01-26,0.0,0.0,0.0
1989-01-27,0.0,0.0,0.0
1989-01-28,0.0,0.0,0.0
1989-01-29,0.0,0.0,0.11
1989-01-30,0.0,1.62,0.7
1989-01-31,0.0,0.54,0.01
1989-02-01,0.0,0.0,0.0
1989-02-02,0.0,0.0,0.0
1989-02-03,0.0,0.0,0.52
1989-02-04,0.0,0.0,0.14
1989-02-05,0.0,0.0,0.82
1989-02-06,0.0,1.08,2.97
1989-02-07,4.48,6.42,7.58
1989-02-08,2.92,2.02,0.0
1989-02-09,0.0,0.0,0.0
1989-02-10,0.0,0.0,0.0
1989-02-11,0.0,0.0,0.0
1989-02-12,0.0,0.0,0.0
1989-02-13,0.0,0.0,0.0
1989-02-14,0.0,0.0,0.0
1989-02-15,0.0,0.0,0.0
1989-02-16,0.0,0.0,0.66
1989-02-17,0.0,0.0,0.0
1989-02-18,0.0,0.0,0.0
1989-02-19,0.0,0.0,0.0
1989-02-20,0.0,0.23,0.81
1989-02-21,27.34,46.77,51.52
1989-02-22,35.19,16.08,6.73
1989-02-23,0.0,0.17,0.0
1989-02-24,0.0,0.0,0.0
1989-02-25,0.0,0.0,0.0
1989-02-26,0.0,0.0,0.0
1989-02-27,0.0,0.79,0.22
1989-02-28,0.0,1.01,1.53
1989-03-01,0.0,1.62,1.98
1989-03-02,16.38,12.45,10.27
1989-03-03,19.11,4.01,7.79
1989-03-04,0.02,0.2,0.0
1989-03-05,0.0,0.2,0.01
1989-03-06,0.0,0.07,0.11
1989-03-07,0.0,0.01,0.0
1989-03-08,0.0,0.02,0.0
1989-03-09,0.0,0.01,0.09
1989-03-10,0.0,0.0,0.0
1989-03-11,0.0,0.0,0.0
1989-03-12,0.0,0.0,0.0
1989-03-13,0.0,0.0,0.0
1989-03-14,0.0,0.0,0.0
1989-03-15,0.0,0.0,0.0
1989-03-16,0.0,1.6,3.46
1989-03-17,0.0,0.56,0.09
1989-03-18,0.0,0.01,0.01
1989-03-19,0.0,0.0,0.0
1989-03-20,0.0,0.0,0.02
1989-03-21,0.0,28.63,24.56
1989-03-22,35.69,32.16,21.66
1989-03-23,42.3,17.93,47.6
1989-03-24,11.19,3.49,0.1
1989-03-25,0.0,0.01,0.0
1989-03-26,0.0,0.0,0.0
1989-03-27,0.0,0.0,0.0
1989-03-28,0.0,0.0,0.04
1989-03-29,0.0,2.66,1.24
1989-03-30,9.32,4.6,8.59
1989-03-31,0.0,1.24,0.0
1989-04-01,0.0,0.0,0.0
1989-04-02,0.0,0.0,0.0
1989-04-03,0.0,0.0,0.0
1989-04-04,0.0,0.09,0.2
1989-04-05,3.79,5.98,7.22
1989-04-06,11.31,1.98,0.0
1989-04-07,0.0,0.0,0.0
1989-04-08,0.0,0.07,0.46
1989-04-09,10.64,13.62,7.22
1989-04-10,2.18,5.94,3.27
1989-04-11,2.28,0.86,0.3
1989-04-12,0.0,0.13,0.0
1989-04-13,0.0,0.0,0.04
1989-04-14,0.0,7.83,0.0
1989-04-15,12.36,7.17,16.9
1989-04-16,0.53,1.52,0.03
1989-04-17,0.0,0.0,0.0
1989-04-18,0.0,18.84,9.54
1989-04-19,0.0,6.28,1.31
1989-04-20,0.0,1.39,0.63
1989-04-21,0.0,0.46,0.06
1989-04-22,0.0,0.0,0.0
1989-04-23,0.0,0.0,0.0
1989-04-24,0.0,0.0,0.0
1989-04-25,0.0,0.0,0.0
1989-04-26,0.0,0.0,0.0
1989-04-27,0.0,0.0,0.37
1989-04-28,0.0,0.72,0.0
1989-04-29,0.0,3.89,3.08
1989-04-30,5.66,3.3,3.81
1989-05-01,16.37,18.35,18.47
1989-05-02,11.18,5.89,0.26
1989-05-03,0.0,0.0,0.0
1989-05-04,0.0,0.0,0.0
1989-05-05,0.0,0.4,1.16
1989-05-06,0.0,3.28,1.24
1989-05-07,0.0,1.05,0.0
1989-05-08,0.0,0.0,0.0
1989-05-09,0.0,1.59,0.5
1989-05-10,14.64,12.99,22.63
1989-05-11,30.79,4.15,0.35
1989-05-12,0.0,0.02,0.0
1989-05-13,0.0,0.01,0.05
1989-05-14,0.0,0.0,0.0
1989-05-15,0.0,0.0,0.37
1989-05-16,0.0,0.0,0.0
1989-05-17,0.0,0.0,0.0
1989-05-18,0.0,0.0,0.0
1989-05-19,0.0,0.0,0.0
1989-05-20,0.0,5.15,16.8
1989-05-21,25.96,15.74,10.98
1989-05-22,12.66,5.62,40.15
1989-05-23,24.04,38.42,12.46
1989-05-24,41.58,14.16,19.36
1989-05-25,0.0,0.48,0.0
1989-05-26,0.0,0.0,0.0
1989-05-27,0.0,0.0,0.0
1989-05-28,0.0,0.0,0.0
1989-05-29,0.0,0.0,0.0
1989-05-30,0.0,0.0,0.18
1989-05-31,0.0,0.0,0.0
1989-06-01,0.0,0.0,0.0
1989-06-02,0.0,0.99,0.63
1989-06-03,0.0,11.29,5.04
1989-06-04,0.0,3.65,5.59
1989-06-05,0.0,11.14,17.72
1989-06-06,23.44,12.9,33.56
1989-06-07,10.85,14.62,6.63
1989-06-08,27.95,42.97,64.73
1989-06-09,82.81,35.71,35.09
1989-06-10,16.58,17.44,10.15
1989-06-11,3.96,18.97,4.18
1989-06-12,0.0,5.23,3.13
1989-06-13,0.0,0.41,0.17
1989-06-14,0.0,0.14,0.1
1989-06-15,0.0,4.79,15.86
1989-06-16,30.52,27.3,32.07
1989-06-17,20.34,12.51,3.06
1989-06-18,19.52,10.65,0.73
1989-06-19,27.39,40.14,3.48
1989-06-20,4.08,16.86,5.08
1989-06-21,11.92,10.55,11.05
1989-06-22,8.63,4.71,4.46
1989-06-23,8.4,3.84,3.79
1989-06-24,0.0,1.9,3.49
1989-06-25,0.0,1.43,0.91
1989-06-26,0.0,3.8,3.26
1989-06-27,2.01,2.83,5.75
1989-06-28,2.88,3.48,5.81
1989-06-29,4.93,8.12,17.69
1989-06-30,30.7,23.75,13.23
1989-07-01,13.13,19.41,12.05
1989-07-02,11.44,9.27,20.69
1989-07-03,11.24,7.43,7.28
1989-07-04,7.89,7.42,15.57
1989-07-05,15.8,27.01,14.15
1989-07-06,3.64,12.63,5.39
1989-07-07,0.0,1.76,0.58
1989-07-08,0.0,0.12,0.2
1989-07-09,0.0,0.37,0.09
1989-07-10,0.0,0.12,0.0
1989-07-11,0.0,0.0,1.23
1989-07-12,0.0,3.04,4.4
1989-07-13,8.99,10.33,13.85
1989-07-14,21.15,9.61,8.49
1989-07-15,10.11,4.43,4.22
1989-07-16,14.83,3.89,7.91
1989-07-17,0.0,1.12,3.55
1989-07-18,0.0,4.21,5.74
1989-07-19,0.0,7.16,11.48
1989-07-20,17.22,12.63,17.3
1989-07-21,21.32,15.62,17.77
1989-07-22,20.02,9.65,18.85
1989-07-23,16.82,11.36,6.2
1989-07-24,6.41,4.76,2.36
1989-07-25,5.11,1.1,1.73
1989-07-26,0.0,0.19,0.04
1989-07-27,0.0,0.0,0.0
1989-07-28,0.0,0.0,0.0
1989-07-29,0.0,1.19,0.38
1989-07-30,0.0,0.69,2.04
1989-07-31,0.0,0.36,0.1
1989-08-01,1.41,0.28,0.04
1989-08-02,0.0,0.07,2.43
1989-08-03,0.0,3.55,0.98
1989-08-04,0.0,1.18,0.01
1989-08-05,0.0,0.0,0.0
1989-08-06,0.0,0.0,0.0
1989-08-07,0.0,0.57,4.06
1989-08-08,7.54,17.57,9.64
1989-08-09,0.0,6.1,1.28
1989-08-10,0.0,0.12,0.12
1989-08-11,0.0,0.23,0.0
1989-08-12,0.0,0.93,5.31
1989-08-13,9.72,5.96,11.0
1989-08-14,4.2,4.28,2.03
1989-08-15,6.33,2.58,1.42
1989-08-16,0.0,1.1,0.83
1989-08-17,4.37,7.28,3.57
1989-08-18,0.0,3.46,0.49
1989-08-19,1.46,4.91,2.39
1989-08-20,0.27,3.33,2.97
1989-08-21,0.0,2.9,7.6
1989-08-22,0.0,2.03,1.09
1989-08-23,0.0,0.42,0.23
1989-08-24,0.0,0.0,0.0
1989-08-25,0.0,0.23,10.2
1989-08-26,13.98,19.05,9.96
1989-08-27,18.47,16.5,15.23
1989-08-28,13.97,14.37,15.57
1989-08-29,0.0,4.06,1.05
1989-08-30,2.88,0.41,0.3
1989-08-31,1.58,5.57,2.13
1989-09-01,6.17,8.15,12.29
1989-09-02,10.67,2.37,4.06
1989-09-03,0.0,0.85,4.38
1989-09-04,16.86,3.87,16.35
1989-09-05,0.0,1.68,0.1
1989-09-06,0.0,0.16,0.03
1989-09-07,0.0,0.0,0.0
1989-09-08,0.0,0.0,0.0
1989-09-09,0.0,0.0,0.0
1989-09-10,0.0,0.0,0.0
1989-09-11,0.0,0.0,0.0
1989-09-12,0.0,0.0,0.0
1989-09-13,0.0,0.01,0.17
1989-09-14,0.0,1.43,1.69
1989-09-15,0.0,3.76,0.11
1989-09-16,3.94,2.89,2.58
1989-09-17,0.2,0.63,0.24
1989-09-18,0.0,0.01,0.01
1989-09-19,0.0,0.0,0.0
1989-09-20,0.0,0.0,0.0
1989-09-21,0.0,0.0,0.59
1989-09-22,0.0,0.43,1.1
1989-09-23,0.0,0.29,4.88
1989-09-24,8.93,27.11,28.13
1989-09-25,41.5,39.46,20.14
1989-09-26,26.46,14.24,3.76
1989-09-27,5.72,1.97,0.01
1989-09-28,0.0,0.2,0.62
1989-09-29,0.0,0.48,2.92
1989-09-30,7.96,26.35,24.81
1989-10-01,25.12,30.53,27.86
1989-10-02,2.39,7.27,0.52
1989-10-03,0.0,0.0,0.0
1989-10-04,0.0,0.0,0.0
1989-10-05,0.0,0.0,0.0
1989-10-06,0.0,0.01,0.0
1989-10-07,0.0,15.42,3.98
1989-10-08,35.32,5.22,12.75
1989-10-09,0.0,0.07,0.0
1989-10-10,0.0,0.09,0.0
1989-10-11,0.0,0.03,0.0
1989-10-12,0.0,0.0,0.0
1989-10-13,0.0,0.25,0.23
1989-10-14,0.0,0.08,0.07
1989-10-15,0.0,0.0,0.0
1989-10-16,0.0,0.0,0.01
1989-10-17,0.0,8.42,3.83
1989-10-18,25.94,19.27,30.82
1989-10-19,4.17,5.49,0.03
1989-10-20,0.0,0.03,0.03
1989-10-21,0.0,0.01,0.03
1989-10-22,0.0,0.0,0.0
1989-10-23,0.0,0.0,0.0
1989-10-24,0.0,0.0,0.0
1989-10-25,0.0,0.0,0.0
1989-10-26,0.0,0.0,0.0
1989-10-27,0.0,0.0,0.0
1989-10-28,0.0,0.0,0.0
1989-10-29,0.0,0.0,0.0
1989-10-30,0.0,0.0,0.0
1989-10-31,0.0,0.0,0.0
1989-11-01,0.0,0.0,0.0
1989-11-02,0.0,0.4,0.31
1989-11-03,0.0,0.15,0.13
1989-11-04,0.0,0.01,0.0
1989-11-05,0.0,0.0,0.0
1989-11-06,0.0,5.36,2.02
1989-11-07,18.56,13.79,29.13
1989-11-08,16.39,31.45,16.38
1989-11-09,35.78,10.65,25.99
1989-11-10,0.0,0.5,0.0
1989-11-11,0.0,0.0,0.0
1989-11-12,0.0,0.0,0.0
1989-11-13,0.0,0.0,0.0
1989-11-14,0.0,0.0,0.05
1989-11-15,0.0,2.89,0.67
1989-11-16,5.54,2.55,5.6
1989-11-17,0.0,0.53,0.0
1989-11-18,0.0,0.02,0.1
1989-11-19,0.0,0.01,0.0
1989-11-20,0.0,0.0,0.0
1989-11-21,0.0,0.0,1.87
1989-11-22,0.31,3.38,1.27
1989-11-23,18.32,7.43,7.4
1989-11-24,0.0,2.1,0.0
1989-11-25,0.0,0.0,0.0
1989-11-26,0.0,1.78,3.43
1989-11-27,0.0,0.61,0.11
1989-11-28,10.77,14.77,11.33
1989-11-29,5.99,4.92,3.86
1989-11-30,0.0,0.0,0.0
1989-12-01,0.0,0.0,0.0
1989-12-02,0.0,0.0,0.0
1989-12-03,0.0,0.0,0.0
1989-12-04,0.0,0.0,0.0
1989-12-05,0.0,0.0,0.0
1989-12-06,0.0,0.06,0.0
1989-12-07,0.0,13.32,6.5
1989-12-08,52.34,28.64,64.59
1989-12-09,20.73,8.81,0.92
1989-12-10,0.0,0.25,0.0
1989-12-11,0.0,0.0,6.48
1989-12-12,3.33,6.96,5.36
1989-12-13,12.44,2.32,0.57
1989-12-14,0.0,0.0,1.54
1989-12-15,0.0,6.08,0.52
1989-12-16,9.12,2.29,13.3
1989-12-17,0.0,2.24,0.0
1989-12-18,8.17,8.37,15.33
1989-12-19,14.22,13.46,10.67
1989-12-20,6.84,3.94,0.67
1989-12-21,0.0,0.1,0.14
1989-12-22,0.0,1.11,0.06
1989-12-23,3.07,0.66,3.45
1989-12-24,0.0,0.1,0.0
1989-12-25,0.0,0.0,0.0
1989-12-26,0.0,0.0,0.35
1989-12-27,0.0,0.02,0.03
1989-12-28,0.0,0.01,0.03
1989-12-29,0.0,0.0,0.0
1989-12-30,0.0,0.0,0.31
1989-12-31,0.0,11.41,35.28
1990-01-01,57.36,3.8,8.79
1990-01-02,0.0,0.0,0.0
1990-01-03,0.0,0.0,0.0
1990-01-04,0.0,0.0,2.06
1990-01-05,0.0,7.93,1.98
1990-01-06,12.79,8.93,20.56
1990-01-07,16.2,22.57,17.55
1990-01-08,26.97,6.82,3.94
1990-01-09,0.0,0.06,0.0
1990-01-10,0.0,0.02,0.1
1990-01-11,0.0,0.0,0.0
1990-01-12,0.0,0.0,0.0
1990-01-13,0.0,0.0,0.0
1990-01-14,0.0,0.0,0.0
1990-01-15,0.0,0.0,0.0
1990-01-16,0.0,0.0,0.0
1990-01-17,0.0,0.0,0.0
1990-01-18,0.0,0.0,0.0
1990-01-19,0.0,0.0,0.0
1990-01-20,0.0,4.29,0.72
1990-01-21,8.29,4.31,9.18
1990-01-22,1.57,0.96,0.0
1990-01-23,0.0,0.0,0.0
1990-01-24,0.0,1.64,2.56
1990-01-25,10.92,9.35,7.79
1990-01-26,6.75,2.93,0.4
1990-01-27,0.0,0.0,0.0
1990-01-28,0.0,0.0,0.0
1990-01-29,0.0,2.7,3.85
1990-01-30,4.93,3.94,0.4
1990-01-31,6.17,1.01,4.69
1990-02-01,0.0,0.03,0.0
1990-02-02,0.0,0.08,0.07
1990-02-03,2.61,4.21,0.15
1990-02-04,2.76,3.39,3.07
1990-02-05,0.0,0.66,0.08
1990-02-06,0.0,0.0,0.08
1990-02-07,0.0,0.03,0.0
1990-02-08,0.0,0.2,0.16
1990-02-09,0.0,1.57,4.31
1990-02-10,21.56,30.59,26.61
1990-02-11,23.87,10.03,1.82
1990-02-12,0.0,0.0,0.0
1990-02-13,0.0,0.0,0.0
1990-02-14,0.0,0.0,0.0
1990-02-15,0.0,0.0,0.69
1990-02-16,0.0,23.6,24.32
1990-02-17,18.09,8.29,6.09
1990-02-18,0.04,6.07,2.89
1990-02-19,20.07,16.32,22.28
1990-02-20,7.61,5.21,4.24
1990-02-21,0.0,0.14,0.6
1990-02-22,0.77,30.06,38.11
1990-02-23,36.58,10.04,3.02
1990-02-24,0.0,0.01,0.0
1990-02-25,0.0,0.0,0.0
1990-02-26,0.0,0.0,0.0
1990-02-27,0.0,0.0,0.15
1990-02-28,0.0,0.0,0.0
1990-03-01,0.0,0.0,0.0
1990-03-02,1.51,3.24,1.5
1990-03-03,6.66,1.08,2.47
1990-03-04,0.0,0.0,0.0
1990-03-05,0.0,0.0,0.0
1990-03-06,0.0,0.0,0.0
1990-03-07,0.0,0.0,0.0
1990-03-08,0.0,0.0,0.0
1990-03-09,0.0,0.0,0.0
1990-03-10,0.0,0.0,0.0
1990-03-11,0.0,0.0,0.0
1990-03-12,0.0,0.0,0.0
1990-03-13,0.0,0.0,0.0
1990-03-14,0.0,0.0,0.0
1990-03-15,0.0,0.0,0.0
1990-03-16,0.0,11.32,20.02
1990-03-17,42.61,26.7,32.78
1990-03-18,8.19,7.64,0.05
1990-03-19,0.0,0.0,0.0
1990-03-20,0.0,0.0,0.0
1990-03-21,0.0,0.0,0.0
1990-03-22,0.0,0.0,0.0
1990-03-23,0.0,0.0,0.0
1990-03-24,0.0,0.0,0.0
1990-03-25,0.0,0.0,0.0
1990-03-26,0.0,0.0,0.0
1990-03-27,0.0,0.0,0.0
1990-03-28,0.0,0.53,0.0
1990-03-29,0.0,0.21,7.78
1990-03-30,29.66,30.46,32.77
1990-03-31,40.05,10.22,10.06
1990-04-01,0.0,0.55,1.97
1990-04-02,10.74,5.35,12.23
1990-04-03,2.25,1.72,0.65
1990-04-04,0.0,0.0,0.0
1990-04-05,0.0,0.0,0.0
1990-04-06,0.0,0.06,0.0
1990-04-07,0.0,0.03,0.06
1990-04-08,0.0,0.0,0.0
1990-04-09,0.0,0.0,0.0
1990-04-10,0.0,10.46,1.2
1990-04-11,11.27,4.65,20.45
1990-04-12,0.0,0.39,0.0
1990-04-13,0.0,0.0,0.0
1990-04-14,0.0,1.14,0.08
1990-04-15,3.24,0.97,2.52
1990-04-16,0.0,0.2,0.0
1990-04-17,0.0,0.0,0.0
1990-04-18,0.0,0.0,0.0
1990-04-19,0.0,0.0,0.0
1990-04-20,0.0,0.0,0.0
1990-04-21,0.0,0.0,0.37
1990-04-22,0.0,3.34,0.08
1990-04-23,11.64,2.47,2.1
1990-04-24,0.0,0.45,0.03
1990-04-25,0.0,0.0,0.0
1990-04-26,0.0,0.0,0.0
1990-04-27,0.0,8.61,3.1
1990-04-28,28.2,28.71,35.07
1990-04-29,0.0,8.61,0.0
1990-04-30,0.0,0.0,0.0
1990-05-01,0.0,0.0,0.0
1990-05-02,0.0,0.0,0.0
1990-05-03,0.0,0.0,0.0
1990-05-04,0.0,0.0,0.13
1990-05-05,0.0,5.26,3.5
1990-05-06,3.12,1.75,1.47
1990-05-07,0.0,0.0,0.18
1990-05-08,0.0,1.03,0.0
1990-05-09,5.95,11.22,15.77
1990-05-10,9.58,3.63,2.75
1990-05-11,0.0,0.0,0.0
1990-05-12,0.0,0.33,0.0
1990-05-13,0.02,1.19,1.66
1990-05-14,0.0,0.36,0.0
1990-05-15,0.0,0.07,0.0
1990-05-16,0.65,0.29,0.3
1990-05-17,0.0,0.14,0.22
1990-05-18,0.0,0.19,0.08
1990-05-19,0.0,0.06,0.89
1990-05-20,0.0,6.99,2.05
1990-05-21,6.9,7.27,7.21
1990-05-22,8.67,1.65,3.6
1990-05-23,0.0,0.0,0.0
1990-05-24,0.0,0.0,0.0
1990-05-25,0.0,0.0,0.0
1990-05-26,0.0,0.0,0.0
1990-05-27,0.0,0.0,3.64
1990-05-28,0.0,1.35,13.17
1990-05-29,0.0,0.45,0.04
1990-05-30,0.0,0.0,0.0
1990-05-31,0.0,0.0,0.0
1990-06-01,0.0,0.0,0.65
1990-06-02,0.0,10.09,3.13
1990-06-03,9.99,3.36,6.83
1990-06-04,0.0,7.29,2.97
1990-06-05,9.66,3.03,3.01
1990-06-06,0.0,2.62,1.56
1990-06-07,3.74,0.83,2.98
1990-06-08,0.5,4.05,4.49
1990-06-09,3.64,2.9,3.53
1990-06-10,9.13,2.04,1.68
1990-06-11,0.0,0.51,0.19
1990-06-12,0.0,0.0,0.0
1990-06-13,0.0,0.0,0.0
1990-06-14,0.0,0.0,0.0
1990-06-15,0.0,0.0,0.31
1990-06-16,0.0,5.6,6.99
1990-06-17,16.43,28.13,31.27
1990-06-18,22.65,9.14,2.35
1990-06-19,0.0,0.13,0.0
1990-06-20,0.0,0.0,0.0
1990-06-21,0.0,0.39,9.32
1990-06-22,11.64,8.47,9.21
1990-06-23,11.21,2.87,1.56
1990-06-24,0.0,0.03,0.0
1990-06-25,0.0,0.0,0.05
1990-06-26,0.0,0.91,0.99
1990-06-27,0.0,0.32,0.2
1990-06-28,0.0,0.01,0.12
1990-06-29,0.0,0.64,0.13
1990-06-30,0.0,0.21,2.08
1990-07-01,0.0,1.86,4.74
1990-07-02,4.64,7.86,11.0
1990-07-03,27.93,5.17,12.24
1990-07-04,6.16,5.69,9.11
1990-07-05,3.24,1.83,0.75
1990-07-06,0.0,0.08,0.02
1990-07-07,0.0,0.0,0.21
1990-07-08,0.0,0.0,0.42
1990-07-09,0.0,1.38,1.82
1990-07-10,0.41,1.2,1.13
1990-07-11,0.0,0.83,1.97
1990-07-12,11.83,2.79,9.13
1990-07-13,26.7,23.01,35.48
1990-07-14,39.75,17.14,17.03
1990-07-15,18.19,3.25,0.35
1990-07-16,0.0,0.02,0.18
1990-07-17,0.0,1.06,0.61
1990-07-18,0.0,1.2,14.59
1990-07-19,11.13,9.68,11.45
1990-07-20,0.0,3.13,0.62
1990-07-21,0.0,2.61,4.53
1990-07-22,7.43,5.03,2.24
1990-07-23,0.72,1.73,0.29
1990-07-24,0.0,0.12,0.02
1990-07-25,0.0,0.0,0.0
1990-07-26,0.0,1.91,0.11
1990-07-27,0.0,0.68,0.82
1990-07-28,0.0,0.02,0.07
1990-07-29,0.0,0.0,0.0
1990-07-30,0.0,0.0,0.0
1990-07-31,0.0,0.01,0.0
1990-08-01,0.0,1.0,0.19
1990-08-02,0.0,1.37,0.45
1990-08-03,0.33,0.35,1.33
1990-08-04,0.0,4.56,12.01
1990-08-05,0.0,20.62,0.9
1990-08-06,7.0,19.62,24.85
1990-08-07,0.0,4.42,1.32
1990-08-08,0.0,1.06,1.96
1990-08-09,3.31,1.33,0.65
1990-08-10,0.0,0.33,0.01
1990-08-11,0.0,0.0,0.0
1990-08-12,0.0,0.39,0.01
1990-08-13,0.0,0.13,0.06
1990-08-14,0.0,0.0,0.12
1990-08-15,0.0,2.0,0.7
1990-08-16,0.0,0.7,3.56
1990-08-17,2.94,8.66,4.78
1990-08-18,9.35,12.78,11.54
1990-08-19,0.0,4.17,0.6
1990-08-20,2.38,2.78,1.33
1990-08-21,0.0,1.89,1.39
1990-08-22,0.0,1.21,2.43
1990-08-23,3.3,0.86,2.84
1990-08-24,0.23,6.73,13.43
1990-08-25,9.75,9.05,7.67
1990-08-26,1.64,4.59,0.21
1990-08-27,0.0,17.76,0.48
1990-08-28,12.02,5.74,25.05
1990-08-29,0.0,0.02,0.12
1990-08-30,0.0,6.61,8.37
1990-08-31,2.22,4.0,6.08
1990-09-01,0.0,0.61,0.42
1990-09-02,0.0,0.04,0.3
1990-09-03,0.0,0.11,1.16
1990-09-04,0.0,0.78,0.0
1990-09-05,0.0,0.25,0.17
1990-09-06,0.0,0.32,0.35
1990-09-07,0.0,0.11,0.0
1990-09-08,0.0,0.0,0.0
1990-09-09,0.0,0.0,3.36
1990-09-10,0.0,8.71,2.87
1990-09-11,16.08,17.43,8.06
1990-09-12,0.0,5.17,2.8
1990-09-13,0.0,0.24,8.49
1990-09-14,0.0,17.59,2.86
1990-09-15,4.07,5.98,2.53
1990-09-16,0.0,0.7,0.09
1990-09-17,0.0,0.22,0.0
1990-09-18,0.0,0.0,0.0
1990-09-19,0.0,0.0,0.0
1990-09-20,0.0,0.0,0.0
1990-09-21,0.0,0.0,0.0
1990-09-22,0.0,0.0,0.0
1990-09-23,0.0,0.0,0.0
1990-09-24,0.0,0.0,0.0
1990-09-25,0.0,0.0,0.0
1990-09-26,0.0,0.0,0.0
1990-09-27,0.0,0.0,0.0
1990-09-28,0.0,14.58,31.61
1990-09-29,18.83,21.09,15.56
1990-09-30,18.08,6.53,0.87
1990-10-01,1.18,0.65,0.0
1990-10-02,0.0,0.09,0.03
1990-10-03,0.0,0.0,0.0
1990-10-04,0.0,12.56,8.17
1990-10-05,0.0,4.19,0.0
1990-10-06,0.0,0.0,0.0
1990-10-07,0.0,0.0,0.0
1990-10-08,0.0,0.0,0.0
1990-10-09,0.0,0.2,0.13
1990-10-10,0.0,1.19,2.58
1990-10-11,4.29,0.77,1.55
1990-10-12,0.1,0.13,0.52
1990-10-13,0.0,0.0,0.0
1990-10-14,0.0,0.0,0.0
1990-10-15,0.0,0.0,0.0
1990-10-16,0.0,0.0,0.1
1990-10-17,0.0,6.01,4.87
1990-10-18,20.48,11.77,11.05
1990-10-19,0.0,3.26,0.0
1990-10-20,0.0,0.0,0.0
1990-10-21,0.0,0.0,0.51
1990-10-22,0.0,8.19,4.48
1990-10-23,0.0,2.76,4.82
1990-10-24,0.0,0.01,0.0
1990-10-25,0.0,0.0,0.0
1990-10-26,0.0,0.0,0.0
1990-10-27,0.0,0.0,0.0
1990-10-28,0.0,0.0,0.0
1990-10-29,0.0,0.0,0.0
1990-10-30,0.0,0.0,0.0
1990-10-31,0.0,0.0,0.0
1990-11-01,0.0,0.0,0.0
1990-11-02,0.0,0.0,0.0
1990-11-03,0.0,0.0,0.0
1990-11-04,0.0,0.0,0.0
1990-11-05,0.0,1.71,0.97
1990-11-06,1.2,0.57,0.09
1990-11-07,0.0,0.0,0.0
1990-11-08,0.0,0.0,0.0
1990-11-09,0.0,7.78,18.84
1990-11-10,34.66,2.59,4.61
1990-11-11,0.0,0.0,0.0
1990-11-12,0.0,0.0,0.0
1990-11-13,0.0,0.0,0.0
1990-11-14,0.0,0.0,0.0
1990-11-15,0.0,0.0,0.0
1990-11-16,0.0,0.0,0.0
1990-11-17,0.0,0.0,0.0
1990-11-18,0.0,0.0,0.0
1990-11-19,0.0,0.0,0.0
1990-11-20,0.0,0.0,0.0
1990-11-21,0.0,0.0,0.0
1990-11-22,0.0,0.1,1.33
1990-11-23,0.83,2.11,1.57
1990-11-24,5.51,0.69,0.85
1990-11-25,0.0,0.0,0.0
1990-11-26,0.0,0.02,0.07
1990-11-27,0.0,0.04,0.14
1990-11-28,1.94,3.21,1.16
1990-11-29,0.04,1.16,2.13
1990-11-30,0.0,0.03,0.0
1990-12-01,0.0,0.0,0.0
1990-12-02,0.0,0.0,0.0
1990-12-03,0.0,12.67,19.85
1990-12-04,15.56,5.77,3.06
1990-12-05,0.0,0.51,0.0
1990-12-06,0.0,0.74,0.0
1990-12-07,5.09,5.53,9.86
1990-12-08,6.29,1.76,0.99
1990-12-09,0.0,0.0,0.0
1990-12-10,0.0,0.0,0.0
1990-12-11,0.0,0.0,0.0
1990-12-12,0.0,0.01,0.0
1990-12-13,0.0,0.0,0.0
1990-12-14,0.0,0.0,0.0
1990-12-15,0.0,0.0,0.0
1990-12-16,0.0,0.15,0.15
1990-12-17,0.0,0.05,2.96
1990-12-18,0.0,10.58,8.54
1990-12-19,30.23,40.78,24.96
1990-12-20,19.34,12.82,6.57
1990-12-21,0.0,0.13,0.19
1990-12-22,0.0,0.19,0.24
1990-12-23,0.0,5.82,1.55
1990-12-24,3.86,2.04,4.44
1990-12-25,0.0,0.04,0.0
1990-12-26,0.0,0.0,0.0
1990-12-27,0.0,0.0,0.0
1990-12-28,0.0,0.08,0.0
1990-12-29,0.0,0.03,0.73
1990-12-30,0.0,2.74,0.0
1990-12-31,4.41,3.03,1.21
1991-01-01,0.0,2.48,1.71
1991-01-02,2.69,0.61,0.21
1991-01-03,0.0,0.01,0.05
1991-01-04,0.0,0.0,0.0
1991-01-05,0.0,0.0,0.0
1991-01-06,0.0,0.03,2.93
1991-01-07,4.66,5.44,6.56
1991-01-08,7.13,1.81,0.01
1991-01-09,0.0,0.01,0.0
1991-01-10,0.0,42.47,10.54
1991-01-11,81.56,58.49,126.55
1991-01-12,20.11,15.75,3.43
1991-01-13,0.0,0.32,0.0
1991-01-14,0.0,0.0,0.0
1991-01-15,0.0,15.12,27.33
1991-01-16,19.41,5.05,10.53
1991-01-17,0.0,0.01,0.0
1991-01-18,0.0,2.79,0.38
1991-01-19,41.77,71.51,78.41
1991-01-20,63.93,23.53,11.67
1991-01-21,0.0,0.0,0.0
1991-01-22,0.0,0.0,0.0
1991-01-23,0.0,7.65,0.04
1991-01-24,51.5,50.72,76.92
1991-01-25,44.8,16.73,8.77
1991-01-26,0.0,0.23,0.0
1991-01-27,0.0,24.37,0.35
1991-01-28,48.14,23.93,87.06
1991-01-29,26.7,49.35,27.63
1991-01-30,44.9,20.11,20.65
1991-01-31,12.62,7.98,4.19
1991-02-01,0.0,2.91,0.72
1991-02-02,0.0,0.28,0.92
1991-02-03,0.0,0.0,0.0
1991-02-04,0.0,0.0,0.0
1991-02-05,0.0,0.0,1.42
1991-02-06,0.0,3.55,3.83
1991-02-07,10.23,6.63,17.91
1991-02-08,0.0,1.82,0.0
1991-02-09,0.0,0.0,0.0
1991-02-10,0.0,0.0,0.09
1991-02-11,0.0,0.0,0.1
1991-02-12,0.0,0.0,0.0
1991-02-13,0.0,3.8,0.48
1991-02-14,8.75,3.07,8.17
1991-02-15,0.0,0.6,0.0
1991-02-16,0.0,0.02,0.0
1991-02-17,0.0,0.01,0.01
1991-02-18,0.0,0.0,0.0
1991-02-19,0.0,0.0,0.0
1991-02-20,0.0,0.02,0.68
1991-02-21,0.0,0.08,0.25
1991-02-22,1.0,5.18,5.13
1991-02-23,10.81,1.72,3.82
1991-02-24,0.0,0.0,0.0
1991-02-25,0.0,0.0,0.0
1991-02-26,0.0,0.0,0.0
1991-02-27,0.0,0.0,0.0
1991-02-28,0.0,0.0,0.0
1991-03-01,0.0,35.42,21.04
1991-03-02,114.36,95.9,136.94
1991-03-03,99.45,69.41,55.54
1991-03-04,4.7,13.79,0.69
1991-03-05,0.0,0.0,0.0
1991-03-06,0.0,0.0,0.0
1991-03-07,0.0,0.0,0.23
1991-03-08,0.0,0.63,2.08
1991-03-09,0.0,0.21,0.0
1991-03-10,0.0,0.0,0.0
1991-03-11,0.0,0.0,0.0
1991-03-12,0.0,0.34,0.0
1991-03-13,0.1,1.23,1.6
1991-03-14,4.16,0.37,0.47
1991-03-15,0.0,3.55,0.88
1991-03-16,9.29,9.24,18.16
1991-03-17,40.17,37.94,51.46
1991-03-18,32.81,16.78,18.85
1991-03-19,2.4,1.68,1.32
1991-03-20,0.0,0.0,0.0
1991-03-21,0.0,0.0,0.0
1991-03-22,0.0,0.0,0.0
1991-03-23,0.0,0.0,0.0
1991-03-24,0.0,0.0,0.0
1991-03-25,0.0,0.0,0.0
1991-03-26,0.0,0.02,0.0
1991-03-27,0.0,0.01,0.05
1991-03-28,0.0,0.0,0.49
1991-03-29,0.0,12.32,11.84
1991-03-30,30.95,4.11,13.1
1991-03-31,0.0,0.0,0.0
1991-04-01,0.0,0.0,0.0
1991-04-02,0.0,0.0,0.0
1991-04-03,0.0,0.0,0.0
1991-04-04,0.0,0.0,0.11
1991-04-05,0.0,2.0,1.81
1991-04-06,2.68,0.67,0.74
1991-04-07,0.0,0.03,3.51
1991-04-08,18.92,34.87,13.23
1991-04-09,23.62,24.42,31.07
1991-04-10,26.08,16.24,32.94
1991-04-11,0.0,4.0,0.02
1991-04-12,0.0,0.0,0.0
1991-04-13,0.0,0.0,0.0
1991-04-14,0.0,0.0,0.0
1991-04-15,0.0,1.06,0.64
1991-04-16,0.02,5.66,0.25
1991-04-17,15.92,3.74,11.11
1991-04-18,9.59,2.96,7.81
1991-04-19,15.82,10.75,20.18
1991-04-20,15.96,5.72,5.5
1991-04-21,0.0,0.8,0.17
1991-04-22,0.0,1.21,0.03
1991-04-23,12.97,12.6,13.08
1991-04-24,7.88,4.86,0.43
1991-04-25,15.64,14.0,26.94
1991-04-26,14.91,10.57,6.13
1991-04-27,15.73,2.0,2.26
1991-04-28,0.0,0.0,0.0
1991-04-29,0.0,0.06,2.18
1991-04-30,4.8,5.08,6.46
1991-05-01,11.88,12.21,8.72
1991-05-02,16.79,3.51,6.21
1991-05-03,0.0,0.0,0.0
1991-05-04,0.0,1.69,3.19
1991-05-05,0.0,3.47,5.95
1991-05-06,12.0,19.07,23.76
1991-05-07,24.31,6.04,2.65
1991-05-08,0.0,0.1,17.49
1991-05-09,9.82,5.2,12.42
1991-05-10,21.63,27.31,5.38
1991-05-11,40.63,10.34,15.92
1991-05-12,6.97,4.91,6.28
1991-05-13,14.14,6.7,5.34
1991-05-14,5.47,1.87,6.93
1991-05-15,0.0,3.55,4.27
1991-05-16,0.0,2.98,4.01
1991-05-17,3.71,3.63,6.66
1991-05-18,20.01,9.28,5.68
1991-05-19,13.28,4.44,6.57
1991-05-20,39.6,9.95,5.85
1991-05-21,0.0,3.7,1.7
1991-05-22,2.83,0.47,0.16
1991-05-23,0.08,1.86,6.9
1991-05-24,0.01,16.64,14.05
1991-05-25,27.0,9.41,30.04
1991-05-26,10.96,16.14,11.65
1991-05-27,37.38,62.96,18.35
1991-05-28,9.75,20.48,3.21
1991-05-29,0.0,0.38,0.08
1991-05-30,0.0,0.0,0.0
1991-05-31,0.0,0.0,0.11
1991-06-01,0.0,1.12,0.32
1991-06-02,10.09,6.59,11.1
1991-06-03,9.01,3.15,2.82
1991-06-04,11.9,5.13,3.53
1991-06-05,0.0,8.46,8.73
1991-06-06,0.0,2.31,9.36
1991-06-07,0.0,0.01,0.0
1991-06-08,0.0,0.0,0.0
1991-06-09,0.0,0.09,0.36
1991-06-10,0.0,0.03,0.0
1991-06-11,0.0,0.0,0.0
1991-06-12,0.0,0.0,0.0
1991-06-13,0.0,0.0,0.05
1991-06-14,0.0,0.23,0.12
1991-06-15,0.0,0.08,4.89
1991-06-16,0.0,8.82,4.31
1991-06-17,0.0,11.3,3.58
1991-06-18,6.84,10.46,11.02
1991-06-19,9.07,4.35,1.39
1991-06-20,9.48,2.68,9.13
1991-06-21,0.85,0.72,6.06
1991-06-22,0.0,0.8,8.55
1991-06-23,7.9,9.25,1.48
1991-06-24,0.0,4.48,2.47
1991-06-25,14.84,11.94,5.92
1991-06-26,18.87,12.6,24.02
1991-06-27,12.77,14.48,9.17
1991-06-28,1.77,3.85,1.07
1991-06-29,0.0,3.58,4.42
1991-06-30,3.96,1.56,1.84
1991-07-01,0.0,0.37,0.12
1991-07-02,0.0,0.08,0.15
1991-07-03,0.0,1.57,4.0
1991-07-04,13.33,5.06,9.57
1991-07-05,10.42,7.26,40.13
1991-07-06,36.13,48.7,26.53
1991-07-07,23.76,28.48,11.64
1991-07-08,23.7,8.18,15.72
1991-07-09,18.89,5.22,27.65
1991-07-10,15.42,23.24,8.72
1991-07-11,25.69,12.01,18.48
1991-07-12,0.0,1.57,0.57
1991-07-13,0.0,0.0,2.61
1991-07-14,0.0,5.65,4.08
1991-07-15,11.14,2.59,15.22
1991-07-16,31.0,15.78,15.15
1991-07-17,32.63,23.86,37.14
1991-07-18,20.68,9.39,9.02
1991-07-19,0.0,1.17,0.08
1991-07-20,1.1,2.05,0.31
1991-07-21,9.13,1.01,2.21
1991-07-22,0.0,0.27,0.04
1991-07-23,0.0,0.05,0.19
1991-07-24,0.0,0.52,6.04
1991-07-25,11.27,17.62,16.54
1991-07-26,22.39,9.04,8.34
1991-07-27,9.5,3.59,4.46
1991-07-28,6.81,2.15,1.58
1991-07-29,8.32,8.24,7.33
1991-07-30,8.4,8.14,8.92
1991-07-31,16.54,2.37,6.77
1991-08-01,0.0,6.72,5.18
1991-08-02,13.98,4.2,11.66
1991-08-03,9.18,4.17,1.04
1991-08-04,5.22,4.33,10.13
1991-08-05,16.96,2.47,0.9
1991-08-06,0.0,1.6,0.41
1991-08-07,1.96,0.48,0.31
1991-08-08,0.0,0.04,3.79
1991-08-09,0.0,4.71,9.22
1991-08-10,7.51,10.29,15.77
1991-08-11,13.89,21.85,5.14
1991-08-12,2.46,7.57,3.08
1991-08-13,0.0,4.45,1.76
1991-08-14,7.98,7.95,10.08
1991-08-15,10.0,2.59,0.55
1991-08-16,0.0,0.13,0.07
1991-08-17,0.0,3.25,9.23
1991-08-18,0.0,3.24,2.65
1991-08-19,4.79,5.63,4.75
1991-08-20,13.4,1.64,0.88
1991-08-21,0.0,0.0,0.0
1991-08-22,0.0,0.0,1.89
1991-08-23,0.0,6.06,0.85
1991-08-24,40.35,7.68,20.56
1991-08-25,24.03,3.53,0.79
1991-08-26,0.0,0.67,0.18
1991-08-27,3.55,2.69,2.82
1991-08-28,0.0,1.8,0.16
1991-08-29,0.0,5.58,4.05
1991-08-30,0.0,2.7,2.67
1991-08-31,0.0,0.31,0.0
1991-09-01,0.0,0.0,0.0
1991-09-02,0.0,0.22,0.82
1991-09-03,0.01,1.47,1.84
1991-09-04,0.0,0.47,0.28
1991-09-05,0.0,0.09,0.0
1991-09-06,0.0,1.09,0.0
1991-09-07,0.0,0.56,0.66
1991-09-08,0.0,1.26,0.0
1991-09-09,0.0,0.66,2.68
1991-09-10,0.0,0.09,0.0
1991-09-11,0.0,0.0,0.0
1991-09-12,0.0,0.12,0.18
1991-09-13,0.0,0.04,0.17
1991-09-14,0.0,0.0,0.0
1991-09-15,0.0,0.0,0.0
1991-09-16,0.0,0.07,0.0
1991-09-17,0.0,5.95,1.57
1991-09-18,2.16,1.98,17.23
1991-09-19,0.0,1.15,1.52
1991-09-20,0.0,0.38,1.1
1991-09-21,0.0,0.0,0.0
1991-09-22,0.0,0.0,0.0
1991-09-23,0.0,0.0,0.0
1991-09-24,0.0,3.11,2.09
1991-09-25,11.43,7.58,10.64
1991-09-26,0.0,2.18,0.0
1991-09-27,0.0,0.0,0.0
1991-09-28,0.0,0.0,0.28
1991-09-29,0.0,0.38,0.31
1991-09-30,0.0,0.34,0.07
1991-10-01,0.0,1.77,0.98
1991-10-02,6.67,4.46,6.36
1991-10-03,1.91,1.3,1.39
1991-10-04,0.0,3.33,0.0
1991-10-05,16.54,20.81,25.35
1991-10-06,16.64,6.6,0.94
1991-10-07,0.0,0.01,0.0
1991-10-08,0.0,0.0,0.0
1991-10-09,0.0,0.0,0.0
1991-10-10,0.0,0.0,0.0
1991-10-11,0.0,0.0,0.0
1991-10-12,0.0,0.0,0.0
1991-10-13,0.0,0.0,0.0
1991-10-14,0.0,0.0,0.0
1991-10-15,0.0,0.26,0.66
1991-10-16,0.0,0.09,0.0
1991-10-17,0.0,0.0,0.0
1991-10-18,0.0,0.0,0.0
1991-10-19,0.0,0.0,0.0
1991-10-20,0.0,0.0,0.0
1991-10-21,0.0,0.0,0.0
1991-10-22,0.0,0.0,0.07
1991-10-23,0.0,4.07,3.31
1991-10-24,0.0,1.36,3.41
1991-10-25,0.0,0.0,0.0
1991-10-26,0.0,0.0,0.0
1991-10-27,0.0,0.0,0.0
1991-10-28,0.0,0.0,0.0
1991-10-29,0.0,0.0,0.0
1991-10-30,0.0,0.0,0.0
1991-10-31,0.0,0.0,0.0
1991-11-01,0.0,4.57,4.4
1991-11-02,3.62,1.59,0.03
1991-11-03,0.2,1.08,0.96
1991-11-04,0.0,0.35,0.26
1991-11-05,0.0,0.0,0.0
1991-11-06,0.0,0.0,0.0
1991-11-07,0.0,0.0,0.0
1991-11-08,0.0,0.0,0.0
1991-11-09,0.0,0.0,0.0
1991-11-10,0.0,0.0,0.0
1991-11-11,0.0,0.0,0.0
1991-11-12,0.0,0.0,0.0
1991-11-13,0.0,0.0,0.0
1991-11-14,0.0,0.0,0.0
1991-11-15,0.0,0.0,0.0
1991-11-16,0.0,0.0,0.0
1991-11-17,0.0,0.0,0.0
1991-11-18,0.0,0.0,0.0
1991-11-19,0.0,0.0,0.0
1991-11-20,0.0,0.37,0.05
1991-11-21,0.0,4.16,4.26
1991-11-22,8.55,4.22,8.85
1991-11-23,0.0,0.96,0.0
1991-11-24,0.0,0.0,0.0
1991-11-25,0.0,0.0,0.0
1991-11-26,0.0,0.0,0.0
1991-11-27,0.0,0.0,0.0
1991-11-28,0.0,0.0,0.0
1991-11-29,0.0,0.0,0.0
1991-11-30,0.0,0.0,0.0
1991-12-01,0.0,0.06,0.11
1991-12-02,0.0,0.05,0.14
1991-12-03,6.76,15.06,24.19
1991-12-04,22.07,5.02,1.35
1991-12-05,0.0,0.0,0.0
1991-12-06,0.0,0.0,0.0
1991-12-07,0.0,0.0,0.0
1991-12-08,0.0,0.02,0.05
1991-12-09,0.0,3.41,0.84
1991-12-10,7.33,5.46,9.16
1991-12-11,0.0,1.44,0.0
1991-12-12,0.0,0.02,0.0
1991-12-13,0.0,0.01,0.01
1991-12-14,0.0,2.62,5.19
1991-12-15,0.46,0.87,0.0
1991-12-16,0.0,0.0,0.0
1991-12-17,0.0,0.0,0.0
1991-12-18,0.0,0.0,0.0
1991-12-19,0.0,0.0,0.0
1991-12-20,0.0,0.0,0.0
1991-12-21,0.0,0.0,0.0
1991-12-22,0.0,0.0,4.99
1991-12-23,0.0,4.11,1.27
1991-12-24,7.47,1.37,0.39
1991-12-25,0.0,0.0,0.0
1991-12-26,0.0,0.0,2.86
1991-12-27,0.0,3.69,1.23
1991-12-28,6.29,1.26,1.51
1991-12-29,0.0,0.01,0.0
1991-12-30,0.0,0.0,0.0
1991-12-31,0.0,0.07,0.0
1992-01-01,0.0,0.1,0.05
1992-01-02,0.0,0.28,0.45
1992-01-03,0.0,0.09,0.15
1992-01-04,0.0,0.0,0.0
1992-01-05,0.0,0.0,0.0
1992-01-06,0.0,0.0,0.0
1992-01-07,0.0,0.0,0.0
1992-01-08,0.0,1.39,0.27
1992-01-09,7.68,0.5,0.41
1992-01-10,0.0,0.01,0.0
1992-01-11,0.0,0.0,0.0
1992-01-12,0.0,4.78,2.4
1992-01-13,22.63,37.35,47.97
1992-01-14,56.93,11.92,5.88
1992-01-15,0.0,0.0,0.0
1992-01-16,0.0,0.0,0.0
1992-01-17,0.0,0.0,0.0
1992-01-18,0.0,5.67,4.08
1992-01-19,13.4,8.41,14.39
1992-01-20,0.0,2.17,0.0
1992-01-21,0.0,0.0,0.0
1992-01-22,0.0,14.62,0.0
1992-01-23,42.5,25.93,47.85
1992-01-24,0.0,7.02,0.0
1992-01-25,0.0,0.0,0.0
1992-01-26,0.0,0.0,0.0
1992-01-27,0.0,2.85,1.16
1992-01-28,13.14,18.48,27.44
1992-01-29,10.88,10.34,2.96
1992-01-30,11.92,9.25,14.3
1992-01-31,0.0,2.58,0.0
1992-02-01,0.0,0.0,0.0
1992-02-02,0.0,0.0,0.0
1992-02-03,0.0,0.0,0.0
1992-02-04,0.0,3.63,1.01
1992-02-05,8.31,9.59,19.84
1992-02-06,11.72,8.08,8.03
1992-02-07,0.0,1.82,0.04
1992-02-08,0.0,0.02,0.08
1992-02-09,0.0,0.0,0.0
1992-02-10,0.0,0.0,0.0
1992-02-11,0.0,0.0,0.0
1992-02-12,0.0,0.0,0.0
1992-02-13,0.0,0.12,1.58
1992-02-14,0.0,1.62,3.58
1992-02-15,30.28,19.0,18.49
1992-02-16,36.83,9.83,13.24
1992-02-17,36.01,47.76,78.19
1992-02-18,63.07,46.59,38.16
1992-02-19,41.74,10.47,4.27
1992-02-20,0.0,0.04,0.1
1992-02-21,0.0,1.27,0.0
1992-02-22,3.62,6.68,3.32
1992-02-23,6.34,3.0,5.48
1992-02-24,0.0,0.64,0.79
1992-02-25,4.22,7.31,5.22
1992-02-26,0.0,2.4,2.5
1992-02-27,0.0,0.0,0.0
1992-02-28,0.0,0.0,0.0
1992-02-29,0.0,0.0,0.0
1992-03-01,0.0,0.0,0.0
1992-03-02,0.0,0.0,0.0
1992-03-03,0.0,0.0,0.0
1992-03-04,0.0,0.0,0.47
1992-03-05,0.0,12.7,9.69
1992-03-06,19.96,10.36,19.51
1992-03-07,7.37,2.04,1.65
1992-03-08,0.0,0.0,0.0
1992-03-09,0.0,0.0,0.0
1992-03-10,0.0,12.42,9.24
1992-03-11,9.48,4.15,0.84
1992-03-12,0.0,0.0,0.0
1992-03-13,0.0,0.0,0.0
1992-03-14,0.0,0.0,0.0
1992-03-15,0.0,0.0,0.0
1992-03-16,0.0,0.0,0.0
1992-03-17,0.0,0.0,0.0
1992-03-18,0.0,8.05,0.66
1992-03-19,15.76,10.31,12.31
1992-03-20,0.0,2.54,0.0
1992-03-21,0.0,0.0,0.0
1992-03-22,0.0,1.81,1.14
1992-03-23,2.84,2.25,3.92
1992-03-24,0.0,0.55,2.9
1992-03-25,0.0,14.84,14.6
1992-03-26,14.26,4.95,5.99
1992-03-27,0.0,0.0,0.01
1992-03-28,0.0,0.0,0.0
1992-03-29,0.0,0.0,0.0
1992-03-30,5.18,0.81,1.23
1992-03-31,0.0,0.27,0.6
1992-04-01,0.0,0.0,0.0
1992-04-02,0.0,0.0,0.0
1992-04-03,0.0,0.0,0.0
1992-04-04,0.0,0.0,0.0
1992-04-05,0.0,0.0,0.0
1992-04-06,0.0,1.22,0.75
1992-04-07,0.52,0.66,0.83
1992-04-08,0.0,0.09,0.0
1992-04-09,0.0,0.0,0.0
1992-04-10,0.0,0.0,0.01
1992-04-11,0.0,0.13,0.77
1992-04-12,0.0,0.82,0.21
1992-04-13,0.0,0.63,0.08
1992-04-14,0.0,0.12,0.0
1992-04-15,0.0,0.0,0.0
1992-04-16,0.0,0.0,0.0
1992-04-17,0.0,0.0,0.0
1992-04-18,0.0,0.0,0.0
1992-04-19,0.0,4.44,4.31
1992-04-20,3.37,2.74,1.56
1992-04-21,4.13,5.39,5.04
1992-04-22,10.84,1.66,1.67
1992-04-23,0.0,0.0,0.0
1992-04-24,0.0,0.0,0.0
1992-04-25,0.0,0.0,0.0
1992-04-26,0.0,0.0,0.0
1992-04-27,0.0,0.0,0.0
1992-04-28,0.0,0.0,0.0
1992-04-29,0.0,0.0,0.0
1992-04-30,0.0,0.0,0.0
1992-05-01,0.0,0.0,0.0
1992-05-02,0.0,0.0,0.0
1992-05-03,0.0,0.0,0.0
1992-05-04,0.0,0.0,0.0
1992-05-05,0.0,0.0,0.0
1992-05-06,0.0,1.45,0.42
1992-05-07,1.78,0.51,0.02
1992-05-08,0.0,0.11,0.09
1992-05-09,0.0,0.03,0.0
1992-05-10,0.0,0.0,0.0
1992-05-11,0.0,0.0,0.0
1992-05-12,0.0,0.0,0.0
1992-05-13,0.0,0.0,0.0
1992-05-14,0.0,0.0,0.0
1992-05-15,0.0,0.0,0.0
1992-05-16,0.0,5.36,4.78
1992-05-17,0.0,2.4,0.33
1992-05-18,0.0,0.2,0.0
1992-05-19,0.0,0.0,0.0
1992-05-20,0.0,0.0,0.0
1992-05-21,0.0,0.0,0.0
1992-05-22,0.0,0.0,0.0
1992-05-23,0.0,0.0,0.0
1992-05-24,0.0,0.0,1.66
1992-05-25,0.0,12.67,5.8
1992-05-26,0.0,7.21,4.27
1992-05-27,4.41,4.28,14.27
1992-05-28,4.64,21.19,30.39
1992-05-29,30.5,31.18,24.69
1992-05-30,1.48,11.93,1.05
1992-05-31,1.16,1.26,2.43
1992-06-01,0.0,0.0,0.0
1992-06-02,0.0,0.1,0.0
1992-06-03,9.02,18.71,19.02
1992-06-04,18.37,6.28,12.78
1992-06-05,0.0,0.02,0.01
1992-06-06,0.0,0.55,0.49
1992-06-07,0.0,1.29,1.43
1992-06-08,28.32,26.6,27.04
1992-06-09,61.07,46.97,23.49
1992-06-10,34.65,14.76,27.2
1992-06-11,6.41,1.81,11.27
1992-06-12,13.15,20.7,16.51
1992-06-13,12.93,14.08,34.37
1992-06-14,9.18,6.04,6.49
1992-06-15,4.27,4.74,17.87
1992-06-16,5.66,1.45,2.44
1992-06-17,0.0,0.5,0.27
1992-06-18,0.0,0.14,0.0
1992-06-19,0.0,1.5,0.13
1992-06-20,0.0,0.5,0.12
1992-06-21,0.0,0.0,0.01
1992-06-22,0.0,0.0,0.02
1992-06-23,0.0,17.76,7.39
1992-06-24,2.11,5.94,24.35
1992-06-25,0.0,0.15,1.42
1992-06-26,0.34,3.31,4.27
1992-06-27,1.98,3.96,17.33
1992-06-28,29.85,37.6,24.44
1992-06-29,12.28,30.74,14.05
1992-06-30,7.55,17.66,14.54
1992-07-01,9.52,11.16,7.92
1992-07-02,24.74,2.44,3.32
1992-07-03,0.0,0.06,0.01
1992-07-04,0.0,0.02,0.01
1992-07-05,0.0,0.0,0.0
1992-07-06,0.0,0.0,0.0
1992-07-07,0.0,0.0,0.55
1992-07-08,0.0,0.2,0.05
1992-07-09,0.0,0.07,0.0
1992-07-10,0.0,0.0,0.0
1992-07-11,0.0,0.0,0.0
1992-07-12,0.0,0.0,0.93
1992-07-13,0.0,0.62,6.62
1992-07-14,0.21,4.73,4.99
1992-07-15,13.65,8.66,4.8
1992-07-16,14.2,13.64,19.37
1992-07-17,22.0,10.81,8.72
1992-07-18,9.17,5.62,4.18
1992-07-19,13.0,6.3,5.34
1992-07-20,10.52,5.1,5.52
1992-07-21,10.24,13.09,12.27
1992-07-22,0.0,5.52,3.38
1992-07-23,6.23,3.11,17.72
1992-07-24,10.76,3.41,16.39
1992-07-25,0.0,2.1,0.68
1992-07-26,0.0,0.71,3.63
1992-07-27,0.0,0.87,0.26
1992-07-28,0.74,0.94,1.53
1992-07-29,0.07,0.35,4.16
1992-07-30,0.0,1.53,6.44
1992-07-31,4.89,1.71,0.04
1992-08-01,0.0,0.41,1.63
1992-08-02,0.0,1.68,4.36
1992-08-03,1.98,4.77,12.58
1992-08-04,3.67,3.59,8.55
1992-08-05,9.92,6.38,3.42
1992-08-06,15.56,3.71,3.72
1992-08-07,15.69,13.85,5.2
1992-08-08,23.73,13.85,7.99
1992-08-09,0.0,4.54,4.51
1992-08-10,0.0,1.62,3.27
1992-08-11,0.0,1.95,11.14
1992-08-12,0.0,9.48,19.0
1992-08-13,42.06,42.4,44.6
1992-08-14,62.74,32.7,23.41
1992-08-15,28.76,8.18,7.41
1992-08-16,9.62,2.47,2.71
1992-08-17,11.55,8.07,4.68
1992-08-18,0.0,12.29,10.49
1992-08-19,22.39,15.61,12.06
1992-08-20,16.61,5.49,1.34
1992-08-21,8.65,5.72,14.27
1992-08-22,15.8,7.9,23.72
1992-08-23,8.64,5.6,4.97
1992-08-24,7.89,2.8,4.59
1992-08-25,6.35,2.16,1.71
1992-08-26,0.0,3.83,9.76
1992-08-27,0.0,13.31,10.08
1992-08-28,27.45,6.89,8.12
1992-08-29,0.0,0.94,0.07
1992-08-30,0.0,0.0,0.0
1992-08-31,0.0,0.0,0.0
1992-09-01,0.0,0.0,0.8
1992-09-02,0.0,15.58,6.58
1992-09-03,0.0,5.75,4.71
1992-09-04,0.04,6.75,4.02
1992-09-05,12.07,10.11,29.04
1992-09-06,14.84,24.5,22.48
1992-09-07,1.74,8.66,5.24
1992-09-08,0.0,1.93,5.72
1992-09-09,0.0,0.49,0.83
1992-09-10,0.0,0.55,0.77
1992-09-11,0.0,0.99,0.0
1992-09-12,0.0,2.39,0.2
1992-09-13,0.0,0.71,0.05
1992-09-14,0.0,1.0,0.16
1992-09-15,0.0,0.33,0.08
1992-09-16,0.0,0.32,2.31
1992-09-17,0.0,0.11,4.55
1992-09-18,0.0,0.51,0.74
1992-09-19,0.0,0.17,2.07
1992-09-20,0.0,7.13,3.33
1992-09-21,0.0,2.38,0.37
1992-09-22,0.0,0.55,0.82
1992-09-23,0.0,1.15,0.86
1992-09-24,0.0,0.32,3.21
1992-09-25,0.0,0.03,4.59
1992-09-26,0.0,8.57,4.3
1992-09-27,12.24,6.54,3.79
1992-09-28,0.0,1.23,0.15
1992-09-29,0.0,0.0,0.0
1992-09-30,0.0,0.0,0.0
1992-10-01,0.0,0.0,0.2
1992-10-02,0.0,9.25,5.95
1992-10-03,35.79,38.75,28.96
1992-10-04,23.97,12.5,8.06
1992-10-05,0.0,0.2,0.0
1992-10-06,0.0,0.0,0.0
1992-10-07,0.0,0.0,0.17
1992-10-08,0.0,0.31,0.17
1992-10-09,0.0,0.1,0.6
1992-10-10,0.0,0.0,0.0
1992-10-11,0.0,0.0,0.0
1992-10-12,0.0,0.0,0.0
1992-10-13,0.0,0.0,0.0
1992-10-14,0.0,0.0,0.0
1992-10-15,0.0,0.0,0.0
1992-10-16,0.0,0.0,0.0
1992-10-17,0.0,0.01,0.02
1992-10-18,0.0,0.0,0.0
1992-10-19,0.0,0.0,0.0
1992-10-20,0.0,0.0,0.0
1992-10-21,0.0,0.0,0.0
1992-10-22,0.0,0.0,0.0
1992-10-23,0.0,0.0,0.0
1992-10-24,0.0,0.01,0.0
1992-10-25,0.0,0.0,0.0
1992-10-26,0.0,0.0,0.42
1992-10-27,0.0,1.95,2.44
1992-10-28,0.0,1.15,0.28
1992-10-29,1.96,0.57,1.15
1992-10-30,3.62,7.03,13.59
1992-10-31,1.34,2.3,0.21
1992-11-01,0.0,4.05,0.68
1992-11-02,16.03,11.21,17.63
1992-11-03,0.55,3.45,0.05
1992-11-04,0.0,17.99,23.95
1992-11-05,26.28,20.1,23.96
1992-11-06,8.07,4.71,1.5
1992-11-07,0.0,0.0,0.0
1992-11-08,0.0,0.34,0.06
1992-11-09,0.0,0.11,0.01
1992-11-10,0.0,0.0,0.02
1992-11-11,0.0,5.24,7.46
1992-11-12,28.98,31.41,45.48
1992-11-13,47.93,9.89,4.94
1992-11-14,0.0,0.0,0.0
1992-11-15,0.0,0.0,0.0
1992-11-16,0.0,0.0,0.0
1992-11-17,0.0,0.01,0.0
1992-11-18,0.0,0.01,0.0
1992-11-19,0.0,0.0,0.0
1992-11-20,0.0,4.91,3.6
1992-11-21,23.36,13.94,30.72
1992-11-22,5.36,18.2,9.85
1992-11-23,0.0,4.8,3.01
1992-11-24,0.0,2.13,6.57
1992-11-25,6.33,2.86,5.89
1992-11-26,7.01,3.11,6.18
1992-11-27,3.24,1.79,0.57
1992-11-28,0.0,0.33,0.0
1992-11-29,0.0,0.0,0.24
1992-11-30,0.0,0.0,0.44
1992-12-01,0.0,0.34,0.0
1992-12-02,1.0,0.28,0.51
1992-12-03,0.0,0.05,0.0
1992-12-04,0.0,0.25,0.03
1992-12-05,0.0,0.1,0.6
1992-12-06,0.0,0.0,0.04
1992-12-07,0.0,1.56,1.84
1992-12-08,2.72,0.52,0.0
1992-12-09,0.0,9.33,0.33
1992-12-10,29.42,13.57,25.3
1992-12-11,0.0,3.49,0.0
1992-12-12,0.0,0.0,0.0
1992-12-13,0.0,0.0,0.0
1992-12-14,0.0,0.0,0.0
1992-12-15,0.0,0.0,0.0
1992-12-16,0.0,0.15,0.56
1992-12-17,0.82,5.07,5.79
1992-12-18,6.01,1.67,0.05
1992-12-19,0.0,0.0,0.0
1992-12-20,0.0,0.71,0.18
1992-12-21,0.0,0.24,0.0
1992-12-22,0.0,0.02,0.03
1992-12-23,0.0,0.01,0.0
1992-12-24,0.0,0.0,0.0
1992-12-25,0.0,0.0,0.0
1992-12-26,0.0,2.35,1.62
1992-12-27,0.0,0.78,0.78
1992-12-28,0.0,0.0,0.0
1992-12-29,0.0,0.01,0.0
1992-12-30,0.0,0.0,0.0
1992-12-31,0.0,0.0,0.0
1993-01-01,0.0,0.0,0.0
1993-01-02,0.0,0.0,0.0
1993-01-03,0.0,0.0,0.0
1993-01-04,0.0,1.14,0.14
1993-01-05,2.92,1.63,1.71
1993-01-06,0.74,10.72,4.45
1993-01-07,29.73,50.33,63.7
1993-01-08,81.83,56.8,74.79
1993-01-09,9.76,14.26,2.92
1993-01-10,0.0,1.33,0.0
1993-01-11,3.73,6.2,6.55
1993-01-12,15.3,15.31,20.0
1993-01-13,13.18,4.59,1.08
1993-01-14,0.0,0.05,1.55
1993-01-15,0.0,10.93,8.7
1993-01-16,12.01,5.32,9.74
1993-01-17,0.0,0.56,0.02
1993-01-18,0.0,0.0,0.02
1993-01-19,0.0,1.45,0.08
1993-01-20,0.0,0.87,7.84
1993-01-21,9.55,22.64,38.41
1993-01-22,17.74,7.5,0.38
1993-01-23,0.0,0.0,0.0
1993-01-24,0.0,14.03,12.43
1993-01-25,18.08,5.58,7.66
1993-01-26,0.0,2.48,2.27
1993-01-27,0.0,0.73,0.12
1993-01-28,0.0,0.0,0.0
1993-01-29,0.0,0.19,0.0
1993-01-30,0.0,0.1,0.24
1993-01-31,0.0,0.01,0.0
1993-02-01,0.0,0.0,0.0
1993-02-02,0.0,0.0,0.0
1993-02-03,0.0,0.0,0.0
1993-02-04,0.0,0.0,0.0
1993-02-05,0.0,0.0,0.54
1993-02-06,0.0,12.4,3.98
1993-02-07,18.96,13.9,18.23
1993-02-08,0.09,3.25,1.74
1993-02-09,0.0,0.0,0.0
1993-02-10,0.0,0.0,0.07
1993-02-11,0.0,2.93,2.86
1993-02-12,6.05,0.98,2.17
1993-02-13,0.0,0.0,0.0
1993-02-14,0.0,0.0,0.0
1993-02-15,0.0,0.0,0.0
1993-02-16,0.0,11.75,17.25
1993-02-17,11.81,3.92,0.63
1993-02-18,0.0,0.0,0.0
1993-02-19,0.0,0.0,0.0
1993-02-20,0.0,0.0,0.0
1993-02-21,0.0,1.24,3.12
1993-02-22,11.97,14.78,17.01
1993-02-23,0.0,4.79,0.03
1993-02-24,0.0,0.0,0.06
1993-02-25,0.0,17.21,6.67
1993-02-26,21.88,7.03,24.4
1993-02-27,0.0,0.43,0.0
1993-02-28,0.0,0.0,0.0
1993-03-01,0.0,0.0,0.0
1993-03-02,0.0,12.86,12.78
1993-03-03,33.56,40.67,46.76
1993-03-04,42.65,12.13,25.41
1993-03-05,0.0,0.0,0.0
1993-03-06,0.0,0.0,0.0
1993-03-07,0.0,0.0,0.0
1993-03-08,0.0,0.0,0.0
1993-03-09,0.0,0.0,0.0
1993-03-10,0.0,0.0,0.0
1993-03-11,0.0,0.0,1.59
1993-03-12,0.0,32.55,4.52
1993-03-13,30.6,12.76,50.72
1993-03-14,0.0,0.64,0.0
1993-03-15,0.0,0.0,0.0
1993-03-16,0.0,2.05,1.36
1993-03-17,2.59,6.86,11.38
1993-03-18,8.21,2.06,3.72
1993-03-19,0.0,0.0,0.0
1993-03-20,0.0,0.0,0.0
1993-03-21,0.0,0.0,0.0
1993-03-22,0.0,1.0,0.1
1993-03-23,0.0,1.0,1.65
1993-03-24,0.01,0.29,1.32
1993-03-25,0.0,5.03,1.93
1993-03-26,11.53,6.76,14.75
1993-03-27,0.16,1.7,5.28
1993-03-28,0.0,0.0,0.0
1993-03-29,0.0,0.0,1.68
1993-03-30,0.0,10.35,3.91
1993-03-31,16.57,15.07,23.2
1993-04-01,2.11,3.87,9.05
1993-04-02,0.0,0.0,0.0
1993-04-03,0.0,0.0,0.0
1993-04-04,0.0,1.91,1.71
1993-04-05,4.14,0.94,0.71
1993-04-06,0.0,0.1,0.0
1993-04-07,0.0,0.0,0.0
1993-04-08,0.0,0.0,0.06
1993-04-09,0.0,1.42,1.61
1993-04-10,1.58,0.47,0.22
1993-04-11,0.0,0.0,0.0
1993-04-12,0.0,0.0,0.0
1993-04-13,0.0,0.0,0.0
1993-04-14,0.0,0.0,0.0
1993-04-15,0.0,3.27,2.88
1993-04-16,5.36,1.09,0.7
1993-04-17,0.0,0.0,0.0
1993-04-18,0.0,0.0,0.0
1993-04-19,0.0,0.0,0.0
1993-04-20,0.0,0.0,0.01
1993-04-21,0.0,1.13,2.13
1993-04-22,0.0,0.38,0.0
1993-04-23,0.0,0.0,0.0
1993-04-24,0.0,0.0,0.0
1993-04-25,0.0,4.33,0.17
1993-04-26,8.67,5.43,4.76
1993-04-27,2.54,1.33,0.0
1993-04-28,0.0,0.0,0.0
1993-04-29,0.0,0.0,0.0
1993-04-30,0.0,0.0,0.0
1993-05-01,0.0,0.0,0.03
1993-05-02,0.0,0.45,0.04
1993-05-03,1.72,2.4,3.16
1993-05-04,4.0,1.31,5.07
1993-05-05,0.0,0.19,0.36
1993-05-06,0.0,0.0,0.0
1993-05-07,0.0,0.0,0.0
1993-05-08,0.0,0.02,0.02
1993-05-09,0.0,0.16,0.17
1993-05-10,0.0,0.05,0.0
1993-05-11,0.0,0.0,0.0
1993-05-12,0.0,0.0,0.0
1993-05-13,0.0,0.0,0.0
1993-05-14,0.0,0.0,0.0
1993-05-15,0.0,0.0,0.0
1993-05-16,0.0,0.0,0.0
1993-05-17,0.0,0.0,0.0
1993-05-18,0.0,0.0,0.0
1993-05-19,0.0,1.01,0.71
1993-05-20,2.26,0.34,0.45
1993-05-21,0.0,0.0,0.0
1993-05-22,0.0,0.0,0.0
1993-05-23,0.0,0.0,0.0
1993-05-24,0.0,0.06,0.01
1993-05-25,0.0,0.02,0.02
1993-05-26,0.0,0.08,0.06
1993-05-27,0.0,0.03,0.0
1993-05-28,0.0,0.0,1.49
1993-05-29,0.0,7.05,6.96
1993-05-30,0.02,2.37,0.54
1993-05-31,2.22,14.26,0.93
1993-06-01,0.0,4.75,14.08
1993-06-02,0.0,0.0,0.0
1993-06-03,0.0,0.0,0.0
1993-06-04,0.0,0.0,0.0
1993-06-05,0.0,0.0,0.0
1993-06-06,0.0,0.0,0.33
1993-06-07,0.0,0.23,0.06
1993-06-08,0.0,0.08,0.0
1993-06-09,0.0,0.0,0.53
1993-06-10,0.0,6.86,4.76
1993-06-11,8.15,14.19,6.94
1993-06-12,8.96,3.97,10.76
1993-06-13,0.56,1.56,0.41
1993-06-14,0.0,4.94,7.11
1993-06-15,0.0,1.47,0.62
1993-06-16,0.0,0.0,0.0
1993-06-17,0.0,0.0,0.0
1993-06-18,0.0,0.0,0.0
1993-06-19,0.0,0.0,0.0
1993-06-20,0.0,0.0,0.0
1993-06-21,0.0,0.04,0.13
1993-06-22,0.0,0.01,0.18
1993-06-23,0.0,0.0,4.04
1993-06-24,0.0,3.25,2.42
1993-06-25,13.63,12.32,9.96
1993-06-26,12.03,8.56,13.71
1993-06-27,3.77,2.98,6.15
1993-06-28,6.01,1.99,12.53
1993-06-29,10.17,5.61,11.84
1993-06-30,18.74,7.19,21.9
1993-07-01,15.69,5.59,1.78
1993-07-02,12.83,4.44,2.38
1993-07-03,0.0,1.72,1.45
1993-07-04,2.18,4.31,2.48
1993-07-05,0.0,1.36,1.9
1993-07-06,0.0,5.94,3.01
1993-07-07,2.14,10.87,10.77
1993-07-08,19.0,6.47,6.39
1993-07-09,0.0,1.77,0.83
1993-07-10,0.0,12.24,10.18
1993-07-11,6.23,17.14,16.65
1993-07-12,11.43,5.2,2.14
1993-07-13,0.0,1.11,1.63
1993-07-14,5.71,4.36,6.87
1993-07-15,6.04,12.05,7.23
1993-07-16,0.0,3.89,4.42
1993-07-17,0.0,1.41,0.49
1993-07-18,0.0,1.42,1.2
1993-07-19,0.0,1.46,6.19
1993-07-20,13.69,17.48,6.19
1993-07-21,0.0,10.05,14.69
1993-07-22,13.37,19.92,14.95
1993-07-23,5.88,7.02,3.74
1993-07-24,0.0,1.32,1.49
1993-07-25,0.95,0.34,3.47
1993-07-26,0.0,0.0,3.9
1993-07-27,0.0,2.0,1.12
1993-07-28,0.0,0.76,1.41
1993-07-29,0.0,1.24,11.46
1993-07-30,0.04,2.53,1.28
1993-07-31,0.0,0.71,0.0
1993-08-01,0.0,0.0,0.0
1993-08-02,0.0,23.23,17.18
1993-08-03,28.88,10.9,3.1
1993-08-04,4.19,3.1,9.22
1993-08-05,16.18,17.7,12.13
1993-08-06,0.0,5.94,2.98
1993-08-07,0.0,0.09,0.06
1993-08-08,0.0,0.0,0.9
1993-08-09,0.0,3.25,3.27
1993-08-10,0.0,8.45,17.48
1993-08-11,0.0,3.09,3.93
1993-08-12,0.0,0.77,0.58
1993-08-13,0.41,0.73,1.65
1993-08-14,0.0,9.13,13.87
1993-08-15,8.62,3.02,0.06
1993-08-16,0.0,0.04,0.02
1993-08-17,0.0,0.01,0.83
1993-08-18,0.0,0.48,0.11
1993-08-19,0.0,0.32,4.77
1993-08-20,0.0,1.01,1.44
1993-08-21,0.0,0.32,1.59
1993-08-22,0.0,0.0,1.27
1993-08-23,0.0,2.64,2.06
1993-08-24,0.0,0.88,0.05
1993-08-25,0.0,0.0,8.41
1993-08-26,0.0,21.87,1.37
1993-08-27,4.36,15.17,15.62
1993-08-28,10.89,4.16,5.34
1993-08-29,0.02,2.11,24.55
1993-08-30,12.84,7.53,7.47
1993-08-31,14.18,4.05,1.69
1993-09-01,6.9,6.4,3.11
1993-09-02,6.65,2.57,4.08
1993-09-03,2.69,8.98,5.39
1993-09-04,11.19,7.0,9.78
1993-09-05,10.43,6.18,1.93
1993-09-06,4.18,3.1,8.71
1993-09-07,8.49,20.44,31.33
1993-09-08,35.55,19.67,14.15
1993-09-09,17.23,5.91,4.52
1993-09-10,4.43,1.85,0.55
1993-09-11,6.57,1.12,2.04
1993-09-12,0.0,0.25,0.02
1993-09-13,0.0,0.53,0.6
1993-09-14,0.0,1.65,0.71
1993-09-15,0.0,0.6,0.48
1993-09-16,0.0,0.04,1.56
1993-09-17,0.0,2.36,1.18
1993-09-18,0.0,1.87,11.83
1993-09-19,0.0,0.36,2.71
1993-09-20,0.0,1.57,1.59
1993-09-21,0.0,1.16,0.2
1993-09-22,0.0,0.46,0.19
1993-09-23,0.0,0.08,0.0
1993-09-24,0.0,0.0,0.0
1993-09-25,0.0,0.0,0.0
1993-09-26,0.0,0.06,0.0
1993-09-27,0.0,0.58,0.2
1993-09-28,0.0,0.2,0.01
1993-09-29,0.0,0.0,0.0
1993-09-30,0.0,0.0,0.0
1993-10-01,0.0,0.0,0.0
1993-10-02,0.0,0.0,0.0
1993-10-03,0.0,0.0,0.0
1993-10-04,0.0,0.0,0.0
1993-10-05,0.0,0.0,0.0
1993-10-06,0.0,0.52,0.13
1993-10-07,2.0,1.8,2.51
1993-10-08,1.52,0.97,0.0
1993-10-09,0.0,0.24,2.22
1993-10-10,0.0,0.03,0.06
1993-10-11,0.0,0.0,0.0
1993-10-12,0.0,0.0,0.0
1993-10-13,0.0,0.0,0.4
1993-10-14,0.0,0.48,0.6
1993-10-15,10.22,25.23,12.22
1993-10-16,24.45,18.97,28.29
1993-10-17,6.23,3.54,0.58
1993-10-18,0.0,0.0,0.0
1993-10-19,0.0,0.0,0.0
1993-10-20,0.0,0.0,0.0
1993-10-21,0.0,0.38,0.23
1993-10-22,0.0,0.13,0.06
1993-10-23,0.0,2.2,1.53
1993-10-24,1.53,0.73,0.09
1993-10-25,0.0,0.01,0.0
1993-10-26,0.0,0.0,0.0
1993-10-27,0.0,0.0,0.0
1993-10-28,0.0,0.0,0.0
1993-10-29,0.0,13.98,9.01
1993-10-30,52.68,37.91,53.11
1993-10-31,8.04,11.08,4.56
1993-11-01,0.0,0.0,0.0
1993-11-02,0.0,0.0,0.0
1993-11-03,0.0,0.0,0.0
1993-11-04,0.0,0.37,0.11
1993-11-05,20.54,22.14,29.17
1993-11-06,45.39,14.25,20.39
1993-11-07,0.0,2.3,0.0
1993-11-08,0.0,0.42,0.0
1993-11-09,6.29,7.88,7.7
1993-11-10,13.81,6.1,13.29
1993-11-11,0.0,1.17,0.0
1993-11-12,0.0,0.0,0.0
1993-11-13,0.0,0.0,0.0
1993-11-14,0.0,0.0,0.0
1993-11-15,0.0,0.0,0.0
1993-11-16,0.0,0.0,0.0
1993-11-17,0.0,1.45,0.82
1993-11-18,0.0,0.56,0.08
1993-11-19,0.0,0.81,0.0
1993-11-20,0.0,0.26,0.61
1993-11-21,0.0,0.0,0.0
1993-11-22,0.0,0.0,0.0
1993-11-23,0.0,0.0,0.0
1993-11-24,0.0,0.0,0.0
1993-11-25,0.0,0.0,0.05
1993-11-26,0.0,3.21,2.94
1993-11-27,11.48,3.68,13.32
1993-11-28,0.0,0.87,0.09
1993-11-29,0.0,0.0,0.0
1993-11-30,0.0,0.0,0.0
1993-12-01,0.0,0.0,0.0
1993-12-02,0.0,0.0,0.0
1993-12-03,0.0,0.0,0.0
1993-12-04,0.0,2.99,1.04
1993-12-05,3.51,1.0,2.16
1993-12-06,0.0,0.0,0.0
1993-12-07,0.0,0.0,0.0
1993-12-08,0.0,0.0,0.0
1993-12-09,0.0,0.0,0.0
1993-12-10,0.0,1.83,1.45
1993-12-11,4.67,0.61,0.36
1993-12-12,0.0,0.0,0.05
1993-12-13,0.0,6.22,0.69
1993-12-14,18.9,9.58,18.03
1993-12-15,0.0,2.5,0.0
1993-12-16,0.0,0.0,0.0
1993-12-17,0.0,0.0,0.0
1993-12-18,0.0,0.03,0.0
1993-12-19,0.0,0.7,0.24
1993-12-20,16.84,26.17,24.62
1993-12-21,38.04,8.65,10.95
1993-12-22,0.0,6.15,1.06
1993-12-23,12.01,4.79,15.24
1993-12-24,0.0,6.96,0.74
1993-12-25,6.28,2.03,2.81
1993-12-26,0.0,0.0,0.0
1993-12-27,0.0,0.0,0.06
1993-12-28,0.0,0.0,0.21
1993-12-29,0.0,0.17,0.03
1993-12-30,0.0,0.06,0.0
1993-12-31,0.0,4.95,0.0
1994-01-01,0.0,17.55,8.62
1994-01-02,22.54,5.33,16.23
1994-01-03,12.64,16.01,9.33
1994-01-04,4.09,5.33,2.64
1994-01-05,0.0,0.0,0.0
1994-01-06,0.0,0.0,0.0
1994-01-07,0.0,1.55,0.47
1994-01-08,4.07,0.59,1.62
1994-01-09,0.0,0.02,0.0
1994-01-10,0.0,0.0,0.0
1994-01-11,0.0,1.16,0.87
1994-01-12,3.17,2.42,1.22
1994-01-13,14.17,14.95,18.67
1994-01-14,0.0,4.77,3.91
1994-01-15,0.0,0.01,0.0
1994-01-16,0.0,0.0,0.0
1994-01-17,0.0,27.14,24.67
1994-01-18,25.41,9.05,14.09
1994-01-19,0.0,0.0,0.0
1994-01-20,0.0,0.0,0.0
1994-01-21,0.0,0.0,0.0
1994-01-22,0.0,0.0,0.0
1994-01-23,0.0,0.0,0.0
1994-01-24,0.0,0.0,0.0
1994-01-25,0.0,0.0,0.0
1994-01-26,0.0,0.0,0.0
1994-01-27,0.0,12.75,0.12
1994-01-28,51.81,35.57,68.98
1994-01-29,23.45,22.04,23.65
1994-01-30,26.63,13.26,24.19
1994-01-31,10.09,3.13,2.1
1994-02-01,0.0,0.0,0.0
1994-02-02,0.0,0.0,0.0
1994-02-03,0.0,0.0,0.0
1994-02-04,0.0,0.0,0.0
1994-02-05,0.0,1.86,3.52
1994-02-06,11.45,12.33,15.56
1994-02-07,12.08,3.9,0.0
1994-02-08,0.0,0.0,0.0
1994-02-09,0.0,0.54,0.0
1994-02-10,0.0,1.36,1.96
1994-02-11,13.69,9.66,12.19
1994-02-12,13.56,3.09,0.0
1994-02-13,0.0,0.0,0.0
1994-02-14,0.0,0.0,0.0
1994-02-15,0.0,0.0,0.0
1994-02-16,0.0,0.35,0.0
1994-02-17,0.0,0.12,0.06
1994-02-18,0.0,0.0,0.0
1994-02-19,0.0,0.03,0.0
1994-02-20,0.0,0.01,0.02
1994-02-21,0.0,0.17,0.14
1994-02-22,0.0,0.12,0.0
1994-02-23,12.72,19.31,17.24
1994-02-24,12.52,7.57,11.66
1994-02-25,0.0,0.38,0.0
1994-02-26,0.0,0.0,0.0
1994-02-27,0.0,0.0,0.0
1994-02-28,0.0,0.0,0.0
1994-03-01,0.0,95.74,42.12
1994-03-02,90.55,50.52,70.96
1994-03-03,0.0,6.2,0.04
1994-03-04,0.0,0.1,0.04
1994-03-05,0.0,0.03,0.05
1994-03-06,0.0,0.0,0.0
1994-03-07,0.0,0.0,0.0
1994-03-08,0.0,0.0,0.0
1994-03-09,0.0,3.76,2.6
1994-03-10,6.8,1.68,4.38
1994-03-11,0.0,0.14,0.0
1994-03-12,0.0,0.0,0.0
1994-03-13,0.0,0.0,0.0
1994-03-14,0.0,0.0,0.0
1994-03-15,0.0,0.0,0.0
1994-03-16,0.0,0.0,0.0
1994-03-17,0.0,0.0,0.0
1994-03-18,0.0,0.0,0.0
1994-03-19,0.0,0.0,0.0
1994-03-20,0.0,0.0,0.0
1994-03-21,0.0,0.0,0.0
1994-03-22,0.0,0.0,0.0
1994-03-23,0.0,1.56,1.38
1994-03-24,0.75,8.58,1.4
1994-03-25,28.63,16.94,43.52
1994-03-26,0.0,4.75,0.0
1994-03-27,0.0,0.87,0.41
1994-03-28,24.73,30.35,24.11
1994-03-29,23.8,12.22,19.53
1994-03-30,0.0,0.73,0.0
1994-03-31,0.0,0.0,0.0
1994-04-01,0.0,0.0,0.0
1994-04-02,0.0,0.0,0.0
1994-04-03,0.0,7.31,0.0
1994-04-04,1.41,3.26,6.29
1994-04-05,0.0,0.27,0.0
1994-04-06,0.0,7.87,3.79
1994-04-07,1.68,2.64,3.84
1994-04-08,0.0,0.39,0.0
1994-04-09,0.0,0.13,0.25
1994-04-10,0.0,0.0,0.0
1994-04-11,0.0,0.0,0.0
1994-04-12,0.23,22.51,14.74
1994-04-13,34.4,24.26,36.42
1994-04-14,19.45,5.67,0.51
1994-04-15,0.0,3.57,0.14
1994-04-16,11.71,3.73,10.79
1994-04-17,0.0,0.85,0.09
1994-04-18,0.0,0.0,0.0
1994-04-19,0.0,0.01,0.0
1994-04-20,0.0,1.4,0.0
1994-04-21,6.61,11.32,19.21
1994-04-22,12.2,6.21,15.03
1994-04-23,11.49,3.51,3.24
1994-04-24,0.0,0.88,0.0
1994-04-25,0.0,0.0,0.0
1994-04-26,0.0,0.0,0.09
1994-04-27,0.0,0.0,0.61
1994-04-28,0.0,0.0,0.19
1994-04-29,0.0,0.0,0.0
1994-04-30,0.0,0.0,0.01
1994-05-01,0.0,0.9,0.57
1994-05-02,0.0,2.37,5.6
1994-05-03,4.12,17.63,13.73
1994-05-04,26.46,5.65,16.33
1994-05-05,0.0,0.0,0.0
1994-05-06,0.0,0.0,0.0
1994-05-07,0.0,0.0,0.0
1994-05-08,0.0,2.68,0.7
1994-05-09,0.0,1.1,0.46
1994-05-10,0.0,0.73,0.88
1994-05-11,0.0,1.96,0.15
1994-05-12,0.0,2.94,0.18
1994-05-13,0.0,0.79,0.08
1994-05-14,0.0,0.0,0.0
1994-05-15,0.0,12.34,13.16
1994-05-16,25.6,4.52,8.53
1994-05-17,0.0,0.13,0.04
1994-05-18,0.0,0.0,0.0
1994-05-19,0.0,0.0,0.0
1994-05-20,0.0,0.0,0.0
1994-05-21,0.0,0.0,0.0
1994-05-22,0.0,0.0,0.0
1994-05-23,0.0,0.0,0.0
1994-05-24,0.0,0.0,0.0
1994-05-25,0.0,0.0,0.0
1994-05-26,0.0,0.0,0.0
1994-05-27,0.0,0.66,2.17
1994-05-28,0.0,2.2,7.64
1994-05-29,0.0,5.61,9.36
1994-05-30,12.02,13.12,14.39
1994-05-31,17.98,8.14,5.12
1994-06-01,7.78,1.44,2.07
1994-06-02,0.0,0.34,0.05
1994-06-03,0.0,0.47,0.47
1994-06-04,0.0,3.46,9.55
1994-06-05,23.62,9.9,23.49
1994-06-06,24.07,27.34,19.57
1994-06-07,23.59,13.04,14.02
1994-06-08,4.86,2.14,0.71
1994-06-09,0.0,14.32,7.26
1994-06-10,19.69,10.24,30.81
1994-06-11,5.45,2.29,10.73
1994-06-12,0.0,0.31,3.51
1994-06-13,0.46,0.05,0.14
1994-06-14,0.0,0.68,0.1
1994-06-15,0.0,5.84,4.07
1994-06-16,24.59,14.75,15.3
1994-06-17,21.72,14.28,22.11
1994-06-18,19.76,12.91,13.4
1994-06-19,12.24,4.7,4.26
1994-06-20,3.48,5.83,2.79
1994-06-21,13.39,2.57,3.18
1994-06-22,8.81,5.61,6.74
1994-06-23,20.76,21.89,26.68
1994-06-24,28.86,22.97,7.51
1994-06-25,18.01,16.43,26.75
1994-06-26,15.76,8.35,4.77
1994-06-27,0.0,1.56,0.38
1994-06-28,0.0,0.0,0.0
1994-06-29,0.0,0.28,0.67
1994-06-30,5.01,0.66,0.71
1994-07-01,0.0,0.2,3.48
1994-07-02,1.19,10.93,12.22
1994-07-03,35.07,35.49,30.63
1994-07-04,23.59,21.23,51.23
1994-07-05,6.88,7.33,9.13
1994-07-06,7.22,10.17,17.75
1994-07-07,8.46,11.66,10.85
1994-07-08,5.47,3.44,1.52
1994-07-09,0.19,2.31,1.23
1994-07-10,0.89,0.89,3.35
1994-07-11,2.67,1.41,3.68
1994-07-12,3.67,3.89,7.88
1994-07-13,6.85,2.68,3.57
1994-07-14,3.99,2.95,3.39
1994-07-15,0.0,0.81,0.98
1994-07-16,0.0,0.0,0.0
1994-07-17,0.0,0.0,1.09
1994-07-18,0.0,3.04,2.23
1994-07-19,7.3,6.49,3.74
1994-07-20,16.19,11.39,32.64
1994-07-21,18.48,5.74,21.54
1994-07-22,0.0,1.64,1.64
1994-07-23,9.19,3.95,1.21
1994-07-24,3.0,1.94,1.44
1994-07-25,0.0,1.46,4.55
1994-07-26,9.86,8.67,16.4
1994-07-27,17.34,13.62,17.75
1994-07-28,20.51,11.9,14.42
1994-07-29,9.23,5.56,8.94
1994-07-30,13.14,11.28,6.37
1994-07-31,7.95,8.26,4.03
1994-08-01,6.98,1.6,5.18
1994-08-02,0.0,0.62,0.9
1994-08-03,9.68,18.1,5.39
1994-08-04,14.9,11.41,13.49
1994-08-05,0.0,5.64,6.13
1994-08-06,13.98,1.62,4.87
1994-08-07,0.55,22.53,13.32
1994-08-08,7.16,7.47,10.47
1994-08-09,0.0,0.0,0.08
1994-08-10,0.0,0.12,1.13
1994-08-11,0.0,13.61,3.8
1994-08-12,17.46,10.59,16.22
1994-08-13,14.77,13.12,10.05
1994-08-14,31.19,22.83,29.31
1994-08-15,75.43,102.07,36.55
1994-08-16,84.18,58.33,79.54
1994-08-17,9.81,14.7,12.88
1994-08-18,5.28,6.97,6.51
1994-08-19,10.4,12.48,11.61
1994-08-20,18.2,19.09,16.83
1994-08-21,11.92,8.65,4.73
1994-08-22,12.47,2.98,1.06
1994-08-23,0.0,0.64,0.02
1994-08-24,0.0,0.02,0.36
1994-08-25,0.0,0.4,0.33
1994-08-26,0.0,0.13,0.11
1994-08-27,0.0,1.56,5.01
1994-08-28,0.0,3.24,12.3
1994-08-29,0.0,1.14,0.36
1994-08-30,0.0,0.08,0.0
1994-08-31,0.0,0.29,4.67
1994-09-01,0.0,5.16,2.73
1994-09-02,0.0,2.7,3.87
1994-09-03,12.08,1.65,3.16
1994-09-04,0.0,0.44,0.4
1994-09-05,0.0,0.0,0.0
1994-09-06,0.0,0.0,0.0
1994-09-07,0.0,0.06,0.03
1994-09-08,0.0,0.02,1.48
1994-09-09,0.0,18.59,13.23
1994-09-10,6.83,7.77,11.29
1994-09-11,7.38,13.5,5.59
1994-09-12,0.02,4.52,16.36
1994-09-13,0.0,0.06,0.23
1994-09-14,0.0,0.71,1.15
1994-09-15,6.98,9.53,16.9
1994-09-16,57.96,85.79,48.36
1994-09-17,25.76,41.11,43.49
1994-09-18,24.39,5.73,5.54
1994-09-19,0.0,1.73,1.17
1994-09-20,0.0,0.44,0.0
1994-09-21,0.0,0.0,0.0
1994-09-22,0.0,0.0,1.43
1994-09-23,0.0,33.46,48.66
1994-09-24,30.0,14.69,9.2
1994-09-25,8.75,7.54,3.47
1994-09-26,0.88,2.5,2.24
1994-09-27,0.0,0.13,0.0
1994-09-28,0.0,0.0,0.0
1994-09-29,0.0,0.0,0.0
1994-09-30,0.0,0.0,1.75
1994-10-01,0.0,34.84,20.15
1994-10-02,90.33,122.18,140.74
1994-10-03,81.0,36.89,23.27
1994-10-04,0.0,0.38,0.24
1994-10-05,0.0,0.12,0.0
1994-10-06,0.0,0.0,0.0
1994-10-07,0.0,0.0,0.43
1994-10-08,0.0,1.47,0.22
1994-10-09,0.0,1.27,1.27
1994-10-10,15.4,23.97,17.76
1994-10-11,32.4,20.3,20.88
1994-10-12,31.47,25.47,30.92
1994-10-13,8.8,7.11,1.3
1994-10-14,0.0,0.01,0.0
1994-10-15,0.0,0.0,0.0
1994-10-16,0.0,0.0,0.0
1994-10-17,0.0,0.0,0.0
1994-10-18,0.0,0.0,0.0
1994-10-19,0.0,0.0,0.0
1994-10-20,0.0,0.0,0.0
1994-10-21,0.0,0.0,0.19
1994-10-22,0.0,1.26,0.76
1994-10-23,0.0,0.42,0.08
1994-10-24,0.0,0.0,0.0
1994-10-25,0.0,0.0,0.1
1994-10-26,0.0,0.05,0.0
1994-10-27,0.0,0.02,0.0
1994-10-28,0.0,0.11,0.0
1994-10-29,0.0,5.75,0.78
1994-10-30,15.35,11.61,18.0
1994-10-31,4.39,5.87,2.08
1994-11-01,1.25,0.91,0.09
1994-11-02,0.0,0.01,0.0
1994-11-03,0.0,0.0,0.0
1994-11-04,0.0,0.0,0.0
1994-11-05,0.0,0.0,0.0
1994-11-06,0.0,1.19,0.38
1994-11-07,0.11,0.39,0.89
1994-11-08,0.0,0.0,0.0
1994-11-09,0.0,0.0,0.05
1994-11-10,0.0,11.57,5.3
1994-11-11,2.49,3.86,9.65
1994-11-12,0.0,0.1,0.01
1994-11-13,0.0,0.03,0.08
1994-11-14,0.0,0.0,0.0
1994-11-15,0.0,0.0,0.0
1994-11-16,0.0,0.01,0.0
1994-11-17,0.0,0.0,0.0
1994-11-18,0.0,0.0,0.0
1994-11-19,0.0,0.0,0.0
1994-11-20,0.0,0.13,0.0
1994-11-21,0.0,0.04,0.07
1994-11-22,0.0,0.0,0.0
1994-11-23,0.0,0.0,0.0
1994-11-24,0.0,0.0,0.0
1994-11-25,0.0,0.0,0.0
1994-11-26,0.0,0.08,0.01
1994-11-27,0.0,0.03,0.01
1994-11-28,0.0,0.16,3.05
1994-11-29,24.22,36.47,39.78
1994-11-30,30.11,12.59,4.02
1994-12-01,0.0,0.15,0.0
1994-12-02,0.0,0.0,0.0
1994-12-03,0.0,1.93,1.0
1994-12-04,8.06,16.81,24.18
1994-12-05,7.21,5.39,2.11
1994-12-06,0.0,0.0,0.0
1994-12-07,0.0,0.0,0.0
1994-12-08,0.0,0.0,0.0
1994-12-09,0.0,0.0,0.0
1994-12-10,0.0,11.41,6.82
1994-12-11,28.05,12.44,23.03
1994-12-12,0.0,2.88,0.0
1994-12-13,0.0,0.0,0.0
1994-12-14,0.0,0.0,0.0
1994-12-15,0.0,0.0,0.0
1994-12-16,0.0,0.02,0.02
1994-12-17,0.0,0.16,0.13
1994-12-18,0.0,0.05,0.02
1994-12-19,0.0,0.0,0.0
1994-12-20,0.0,0.0,0.0
1994-12-21,0.0,0.01,0.13
1994-12-22,1.0,0.64,0.3
1994-12-23,2.24,0.21,0.22
1994-12-24,0.0,0.0,0.0
1994-12-25,0.0,0.0,0.0
1994-12-26,0.0,0.0,0.0
1994-12-27,0.0,0.0,0.0
1994-12-28,0.0,0.0,0.0
1994-12-29,0.0,11.73,9.77
1994-12-30,8.77,4.05,6.68
1994-12-31,0.0,0.05,0.71
1995-01-01,1.39,0.07,2.73
1995-01-02,0.0,0.02,0.43
1995-01-03,0.0,0.0,0.0
1995-01-04,0.0,0.0,0.0
1995-01-05,0.0,0.0,0.0
1995-01-06,0.0,7.9,3.8
1995-01-07,8.22,4.64,10.35
1995-01-08,0.0,0.67,0.09
1995-01-09,0.0,0.0,0.0
1995-01-10,0.0,0.0,0.0
1995-01-11,0.0,0.0,0.0
1995-01-12,0.0,0.0,0.0
1995-01-13,0.0,8.21,6.12
1995-01-14,22.29,11.5,17.52
1995-01-15,6.32,7.88,9.46
1995-01-16,6.91,1.65,2.31
1995-01-17,0.0,0.01,0.0
1995-01-18,0.0,0.97,1.12
1995-01-19,8.19,5.62,6.71
1995-01-20,2.4,1.77,0.27
1995-01-21,0.0,0.0,0.0
1995-01-22,0.0,5.92,0.0
1995-01-23,18.81,16.76,33.11
1995-01-24,0.0,4.93,0.95
1995-01-25,0.0,0.0,0.0
1995-01-26,0.0,0.0,0.0
1995-01-27,0.0,1.36,0.55
1995-01-28,0.14,0.52,1.69
1995-01-29,0.0,0.02,0.4
1995-01-30,0.0,0.0,0.26
1995-01-31,0.0,0.0,0.0
1995-02-01,0.0,0.0,0.0
1995-02-02,0.0,0.0,0.95
1995-02-03,0.0,6.25,2.88
1995-02-04,8.06,2.88,8.71
1995-02-05,0.0,0.27,0.07
1995-02-06,0.0,0.0,0.03
1995-02-07,0.0,0.27,0.0
1995-02-08,0.0,0.09,0.15
1995-02-09,0.0,0.57,0.08
1995-02-10,0.9,2.37,1.91
1995-02-11,12.96,17.0,15.39
1995-02-12,18.48,6.34,17.11
1995-02-13,0.0,2.45,1.58
1995-02-14,3.21,0.72,0.75
1995-02-15,0.0,0.06,0.07
1995-02-16,0.13,0.02,0.08
1995-02-17,0.0,3.2,2.34
1995-02-18,10.5,9.91,15.49
1995-02-19,6.76,8.4,2.27
1995-02-20,10.79,4.92,11.24
1995-02-21,0.0,1.04,0.0
1995-02-22,0.0,0.0,0.0
1995-02-23,0.0,0.0,0.0
1995-02-24,0.0,0.0,0.0
1995-02-25,0.0,0.0,0.0
1995-02-26,0.0,0.0,0.0
1995-02-27,0.0,0.0,0.06
1995-02-28,0.0,5.18,7.52
1995-03-01,7.59,3.19,4.65
1995-03-02,0.0,0.49,0.0
1995-03-03,0.0,0.0,0.0
1995-03-04,0.0,0.94,0.0
1995-03-05,2.43,0.66,1.2
1995-03-06,0.0,0.11,0.12
1995-03-07,0.0,2.04,1.84
1995-03-08,11.13,10.07,12.23
1995-03-09,0.0,3.13,0.0
1995-03-10,0.0,0.0,0.0
1995-03-11,0.0,0.0,0.0
1995-03-12,0.0,0.0,0.0
1995-03-13,0.0,0.0,0.0
1995-03-14,0.0,0.55,0.39
1995-03-15,3.29,8.92,12.92
1995-03-16,10.94,13.4,15.45
1995-03-17,6.67,4.65,5.32
1995-03-18,0.81,2.77,0.61
1995-03-19,0.0,0.79,0.79
1995-03-20,0.0,0.0,0.0
1995-03-21,0.0,0.0,0.0
1995-03-22,0.0,0.0,0.0
1995-03-23,0.0,0.0,0.0
1995-03-24,0.0,0.0,0.0
1995-03-25,0.0,0.0,0.0
1995-03-26,0.0,0.0,0.0
1995-03-27,0.0,0.0,0.1
1995-03-28,0.0,0.93,0.86
1995-03-29,5.57,4.99,8.01
1995-03-30,5.93,11.33,4.77
1995-03-31,46.37,42.76,63.39
1995-04-01,22.69,13.26,8.76
1995-04-02,0.0,0.03,0.04
1995-04-03,0.0,0.0,0.38
1995-04-04,0.0,0.21,0.05
1995-04-05,0.92,0.99,0.68
1995-04-06,2.45,0.39,0.45
1995-04-07,0.0,0.03,0.0
1995-04-08,0.0,0.0,0.0
1995-04-09,0.0,0.0,0.0
1995-04-10,0.0,0.0,0.0
1995-04-11,0.0,25.89,26.76
1995-04-12,33.88,12.61,20.56
1995-04-13,0.0,1.33,0.0
1995-04-14,0.0,0.0,0.0
1995-04-15,0.0,0.0,0.0
1995-04-16,0.0,0.0,0.0
1995-04-17,0.0,0.0,0.0
1995-04-18,0.0,0.0,0.0
1995-04-19,0.0,0.0,0.0
1995-04-20,0.0,0.0,0.0
1995-04-21,0.0,4.81,5.78
1995-04-22,0.0,1.64,0.08
1995-04-23,0.0,1.42,2.01
1995-04-24,12.04,8.53,10.96
1995-04-25,0.0,2.69,0.01
1995-04-26,0.0,0.0,0.0
1995-04-27,0.0,0.0,0.0
1995-04-28,0.0,0.0,0.0
1995-04-29,0.0,0.0,0.0
1995-04-30,0.0,0.0,0.0
1995-05-01,0.0,0.09,0.0
1995-05-02,0.0,0.03,0.2
1995-05-03,0.0,0.0,0.0
1995-05-04,0.0,0.0,0.0
1995-05-05,0.0,0.0,0.0
1995-05-06,0.0,0.0,0.0
1995-05-07,0.0,0.0,0.0
1995-05-08,0.0,0.0,0.0
1995-05-09,0.0,0.0,1.29
1995-05-10,26.77,9.87,25.73
1995-05-11,30.65,46.64,43.39
1995-05-12,46.66,32.11,50.83
1995-05-13,29.7,5.89,5.84
1995-05-14,0.0,0.0,0.1
1995-05-15,0.0,0.0,0.03
1995-05-16,0.0,0.0,0.0
1995-05-17,0.0,0.0,0.0
1995-05-18,0.0,0.0,0.0
1995-05-19,0.0,0.63,0.83
1995-05-20,0.0,0.21,0.22
1995-05-21,0.0,0.0,0.0
1995-05-22,0.0,0.0,0.02
1995-05-23,0.0,0.0,0.0
1995-05-24,0.0,0.0,0.0
1995-05-25,0.0,0.0,0.0
1995-05-26,0.0,0.0,0.0
1995-05-27,0.0,0.0,0.0
1995-05-28,0.0,0.0,0.03
1995-05-29,0.0,1.84,0.51
1995-05-30,0.0,0.66,1.16
1995-05-31,0.0,0.02,0.04
1995-06-01,0.0,0.28,0.52
1995-06-02,0.0,0.32,0.1
1995-06-03,0.0,0.07,6.71
1995-06-04,0.0,35.26,17.4
1995-06-05,81.23,64.35,138.43
1995-06-06,46.71,17.53,4.4
1995-06-07,0.0,0.0,0.0
1995-06-08,0.0,0.0,0.0
1995-06-09,0.0,0.0,0.0
1995-06-10,0.0,4.01,0.2
1995-06-11,18.41,19.17,16.5
1995-06-12,4.9,6.67,3.8
1995-06-13,0.0,0.24,0.25
1995-06-14,0.0,0.0,0.0
1995-06-15,0.0,0.0,0.0
1995-06-16,0.0,0.0,0.0
1995-06-17,0.0,0.0,0.0
1995-06-18,0.0,0.0,0.19
1995-06-19,0.0,2.37,2.93
1995-06-20,9.6,10.59,6.74
1995-06-21,16.12,4.38,2.19
1995-06-22,0.0,0.41,2.38
1995-06-23,0.0,3.26,1.92
1995-06-24,0.0,1.09,0.76
1995-06-25,0.64,1.15,0.92
1995-06-26,1.06,1.73,1.85
1995-06-27,0.0,2.96,1.5
1995-06-28,0.0,0.86,0.06
1995-06-29,0.0,0.87,0.17
1995-06-30,0.0,0.33,0.56
1995-07-01,0.0,0.19,6.38
1995-07-02,0.0,5.26,2.21
1995-07-03,14.31,4.6,15.0
1995-07-04,16.6,11.88,5.98
1995-07-05,0.0,3.64,1.15
1995-07-06,0.0,0.0,0.05
1995-07-07,0.0,0.0,0.0
1995-07-08,0.0,0.0,0.0
1995-07-09,0.0,1.74,1.28
1995-07-10,0.0,0.58,3.38
1995-07-11,0.0,10.17,3.2
1995-07-12,0.0,4.52,4.42
1995-07-13,0.0,4.74,3.39
1995-07-14,12.36,3.96,6.75
1995-07-15,0.0,0.83,0.51
1995-07-16,0.0,0.0,1.29
1995-07-17,15.72,25.29,22.85
1995-07-18,13.8,11.62,7.37
1995-07-19,8.6,2.74,5.74
1995-07-20,0.12,13.03,5.98
1995-07-21,5.8,10.8,11.82
1995-07-22,8.91,11.03,5.85
1995-07-23,0.0,10.48,9.18
1995-07-24,10.63,12.71,7.07
1995-07-25,18.43,5.41,6.88
1995-07-26,10.4,3.0,2.88
1995-07-27,10.56,4.45,7.67
1995-07-28,21.51,14.59,8.91
1995-07-29,14.94,7.87,18.58
1995-07-30,6.02,3.42,10.29
1995-07-31,0.0,1.12,2.53
1995-08-01,7.08,1.26,1.42
1995-08-02,0.0,11.77,21.26
1995-08-03,38.24,28.02,36.75
1995-08-04,23.75,12.05,7.47
1995-08-05,10.35,1.34,0.27
1995-08-06,0.0,0.2,0.14
1995-08-07,0.0,0.07,0.72
1995-08-08,0.0,3.61,1.44
1995-08-09,21.1,1.49,3.62
1995-08-10,0.0,0.14,0.17
1995-08-11,0.0,0.17,0.36
1995-08-12,0.0,5.01,3.34
1995-08-13,13.6,2.59,0.93
1995-08-14,0.0,0.31,0.18
1995-08-15,0.0,4.89,4.33
1995-08-16,0.0,5.76,1.89
1995-08-17,0.0,1.39,0.08
1995-08-18,0.0,0.0,2.11
1995-08-19,0.0,21.12,13.67
1995-08-20,9.64,7.08,25.67
1995-08-21,0.0,0.57,0.85
1995-08-22,0.0,0.5,0.53
1995-08-23,0.0,2.08,2.63
1995-08-24,4.19,2.3,3.55
1995-08-25,3.05,4.3,3.83
1995-08-26,9.95,2.29,2.92
1995-08-27,5.25,1.36,1.34
1995-08-28,0.0,0.53,0.0
1995-08-29,0.0,0.06,0.0
1995-08-30,0.0,0.0,0.0
1995-08-31,0.0,0.0,0.0
1995-09-01,0.0,0.0,0.0
1995-09-02,0.0,0.0,0.0
1995-09-03,0.0,0.0,0.0
1995-09-04,0.0,0.0,0.0
1995-09-05,0.0,1.92,0.12
1995-09-06,0.0,0.79,1.34
1995-09-07,0.0,0.14,0.08
1995-09-08,0.0,0.56,1.66
1995-09-09,4.01,1.06,0.23
1995-09-10,0.0,0.3,0.4
1995-09-11,0.0,0.0,0.0
1995-09-12,0.0,0.15,0.54
1995-09-13,0.0,2.91,0.47
1995-09-14,6.41,1.11,0.67
1995-09-15,0.0,0.07,1.69
1995-09-16,1.94,17.45,9.66
1995-09-17,22.49,22.69,12.52
1995-09-18,74.65,5.63,7.63
1995-09-19,0.0,0.0,0.0
1995-09-20,0.0,0.0,0.0
1995-09-21,0.0,0.0,0.0
1995-09-22,0.0,0.0,0.01
1995-09-23,0.0,3.56,4.63
1995-09-24,0.0,1.19,4.72
1995-09-25,0.0,0.17,1.94
1995-09-26,19.12,19.54,39.05
1995-09-27,0.0,6.49,0.22
1995-09-28,0.0,0.0,0.0
1995-09-29,0.0,0.0,0.0
1995-09-30,0.0,0.0,0.0
1995-10-01,0.0,0.0,0.05
1995-10-02,0.0,0.07,0.08
1995-10-03,0.0,17.36,25.94
1995-10-04,39.81,30.19,43.55
1995-10-05,26.45,8.97,14.49
1995-10-06,0.0,0.28,0.0
1995-10-07,0.0,0.0,0.0
1995-10-08,0.0,0.0,0.0
1995-10-09,0.0,0.0,1.8
1995-10-10,0.0,16.53,8.26
1995-10-11,15.78,18.99,30.71
1995-10-12,16.7,4.54,0.64
1995-10-13,0.0,0.02,0.83
1995-10-14,0.0,12.95,11.81
1995-10-15,10.14,4.35,4.7
1995-10-16,0.0,0.01,0.0
1995-10-17,0.0,0.0,0.0
1995-10-18,0.0,0.0,0.06
1995-10-19,0.0,1.36,0.04
1995-10-20,0.0,1.41,0.99
1995-10-21,0.0,0.34,0.0
1995-10-22,0.0,0.0,0.01
1995-10-23,0.0,0.0,0.0
1995-10-24,0.0,0.0,0.0
1995-10-25,0.0,0.0,0.0
1995-10-26,0.0,0.08,0.0
1995-10-27,0.0,4.26,1.7
1995-10-28,9.22,2.51,10.22
1995-10-29,0.0,0.37,0.11
1995-10-30,0.0,0.0,0.0
1995-10-31,0.0,0.05,0.08
1995-11-01,0.0,2.19,7.67
1995-11-02,4.34,8.62,16.76
1995-11-03,10.42,17.45,30.95
1995-11-04,22.97,7.09,0.65
1995-11-05,0.0,0.72,0.0
1995-11-06,0.0,0.03,0.56
1995-11-07,0.0,5.74,5.14
1995-11-08,15.1,2.46,4.4
1995-11-09,0.0,0.18,0.0
1995-11-10,0.0,0.04,0.08
1995-11-11,5.02,8.79,20.71
1995-11-12,24.68,4.71,1.54
1995-11-13,0.0,0.63,0.0
1995-11-14,0.0,0.01,0.11
1995-11-15,0.0,0.0,0.0
1995-11-16,0.0,0.03,0.01
1995-11-17,0.0,0.01,0.04
1995-11-18,0.0,0.0,0.0
1995-11-19,0.0,0.0,0.0
1995-11-20,0.0,0.41,0.17
1995-11-21,1.0,0.15,0.21
1995-11-22,0.0,0.0,0.0
1995-11-23,0.0,2.02,0.19
1995-11-24,5.99,2.49,6.69
1995-11-25,0.0,0.68,1.24
1995-11-26,0.0,0.02,0.0
1995-11-27,0.0,0.14,2.6
1995-11-28,0.0,9.9,9.54
1995-11-29,27.73,7.03,5.46
1995-11-30,0.0,1.25,0.0
1995-12-01,0.0,0.0,0.0
1995-12-02,0.0,0.0,0.0
1995-12-03,0.0,0.0,0.0
1995-12-04,0.0,0.07,0.24
1995-12-05,0.0,0.98,0.02
1995-12-06,6.15,11.12,17.68
1995-12-07,6.79,6.9,5.6
1995-12-08,0.0,3.1,0.18
1995-12-09,9.34,12.85,19.22
1995-12-10,10.51,4.09,2.86
1995-12-11,0.0,0.01,0.0
1995-12-12,0.0,0.0,0.0
1995-12-13,0.0,0.0,0.0
1995-12-14,0.0,0.01,0.05
1995-12-15,0.0,0.02,0.0
1995-12-16,0.0,0.02,0.05
1995-12-17,0.0,0.01,0.05
1995-12-18,0.0,8.54,2.6
1995-12-19,23.24,15.02,25.03
1995-12-20,0.0,4.06,0.0
1995-12-21,0.0,0.0,0.0
1995-12-22,0.0,2.39,0.0
1995-12-23,12.01,0.8,1.7
1995-12-24,0.0,0.0,0.0
1995-12-25,0.0,0.0,0.0
1995-12-26,0.0,0.0,0.0
1995-12-27,0.0,0.0,0.0
1995-12-28,0.0,0.0,0.0
1995-12-29,0.0,0.0,0.0
1995-12-30,0.0,3.27,0.29
1995-12-31,9.36,8.65,7.96
1996-01-01,16.65,14.38,16.06
1996-01-02,23.77,5.11,7.64
1996-01-03,0.0,0.39,0.32
1996-01-04,0.0,0.0,0.0
1996-01-05,0.0,0.0,0.0
1996-01-06,0.0,5.15,4.09
1996-01-07,12.0,5.23,9.92
1996-01-08,0.0,1.17,0.0
1996-01-09,0.0,0.0,0.0
1996-01-10,0.0,0.0,0.0
1996-01-11,0.0,4.71,0.06
1996-01-12,6.31,1.66,6.22
1996-01-13,0.0,0.03,0.0
1996-01-14,0.0,0.0,0.0
1996-01-15,0.0,0.0,0.0
1996-01-16,0.0,0.0,0.0
1996-01-17,0.0,0.0,0.0
1996-01-18,0.0,3.37,1.18
1996-01-19,9.87,1.2,3.27
1996-01-20,0.0,0.02,0.0
1996-01-21,0.0,0.0,0.0
1996-01-22,0.0,0.0,0.0
1996-01-23,0.0,0.82,0.0
1996-01-24,7.4,9.29,12.21
1996-01-25,8.55,3.01,0.0
1996-01-26,0.0,6.1,1.5
1996-01-27,12.19,7.88,13.2
1996-01-28,0.0,1.95,0.23
1996-01-29,0.0,0.04,0.0
1996-01-30,0.0,0.29,0.39
1996-01-31,0.0,0.13,0.55
1996-02-01,0.0,0.31,0.74
1996-02-02,1.26,18.11,22.01
1996-02-03,35.22,6.0,5.88
1996-02-04,0.0,0.0,0.0
1996-02-05,0.0,0.05,0.67
1996-02-06,0.0,0.02,0.15
1996-02-07,0.0,0.0,0.0
1996-02-08,0.0,0.0,0.0
1996-02-09,0.0,0.0,0.0
1996-02-10,0.0,0.0,0.0
1996-02-11,0.0,0.0,0.0
1996-02-12,0.0,0.0,0.0
1996-02-13,0.0,0.0,0.0
1996-02-14,0.0,0.31,0.97
1996-02-15,0.0,1.94,0.08
1996-02-16,0.0,0.61,0.1
1996-02-17,0.0,0.0,0.0
1996-02-18,0.0,0.0,0.0
1996-02-19,0.0,26.46,4.95
1996-02-20,35.59,17.61,51.56
1996-02-21,0.0,2.98,0.15
1996-02-22,0.0,0.03,0.0
1996-02-23,0.0,0.02,0.11
1996-02-24,0.0,0.0,0.01
1996-02-25,0.0,0.11,0.3
1996-02-26,0.0,0.08,0.0
1996-02-27,0.0,0.54,0.15
1996-02-28,2.95,5.6,6.04
1996-02-29,8.44,10.17,17.08
1996-03-01,22.14,14.75,28.13
1996-03-02,9.43,3.84,6.49
1996-03-03,0.0,0.0,0.0
1996-03-04,0.0,0.0,0.0
1996-03-05,0.0,0.04,0.01
1996-03-06,0.0,0.83,5.65
1996-03-07,12.22,24.56,24.24
1996-03-08,31.3,8.11,7.46
1996-03-09,0.0,0.0,0.06
1996-03-10,0.0,0.64,0.0
1996-03-11,3.8,2.87,2.83
1996-03-12,0.0,0.89,0.0
1996-03-13,0.0,0.0,0.0
1996-03-14,0.0,0.0,0.0
1996-03-15,0.0,0.54,0.09
1996-03-16,0.18,0.71,1.86
1996-03-17,12.0,23.95,4.22
1996-03-18,30.47,14.04,38.11
1996-03-19,2.55,2.06,1.17
1996-03-20,0.0,0.01,0.0
1996-03-21,0.0,0.0,0.0
1996-03-22,0.0,0.0,0.0
1996-03-23,0.0,0.0,0.0
1996-03-24,0.0,0.0,7.06
1996-03-25,0.0,31.09,47.65
1996-03-26,39.49,10.48,3.99
1996-03-27,6.71,5.73,3.72
1996-03-28,13.84,2.7,4.41
1996-03-29,2.37,4.5,0.08
1996-03-30,18.31,32.91,56.56
1996-03-31,22.8,11.06,9.43
1996-04-01,0.0,0.19,1.79
1996-04-02,0.0,0.0,0.0
1996-04-03,0.0,0.0,0.0
1996-04-04,0.0,0.01,0.03
1996-04-05,0.0,1.16,0.42
1996-04-06,8.12,5.9,15.85
1996-04-07,3.28,1.84,0.01
1996-04-08,0.0,0.0,0.0
1996-04-09,0.0,0.0,0.0
1996-04-10,0.0,0.0,0.0
1996-04-11,0.0,0.0,0.0
1996-04-12,0.0,0.0,0.0
1996-04-13,0.0,1.03,0.86
1996-04-14,0.0,8.64,1.72
1996-04-15,26.7,16.94,40.78
1996-04-16,12.27,4.72,1.49
1996-04-17,0.0,0.0,0.0
1996-04-18,0.0,0.06,0.14
1996-04-19,0.0,0.02,0.03
1996-04-20,0.0,0.0,0.0
1996-04-21,0.0,0.0,0.0
1996-04-22,0.0,0.0,0.0
1996-04-23,0.0,3.81,2.52
1996-04-24,10.99,1.27,3.3
1996-04-25,0.0,0.0,0.0
1996-04-26,0.0,0.0,0.0
1996-04-27,0.0,0.0,0.0
1996-04-28,0.0,0.0,0.0
1996-04-29,0.0,36.5,9.59
1996-04-30,35.31,14.56,37.64
1996-05-01,0.0,0.81,0.12
1996-05-02,0.0,0.0,0.0
1996-05-03,0.0,0.0,0.0
1996-05-04,0.0,0.0,0.06
1996-05-05,0.0,0.0,0.0
1996-05-06,0.0,0.01,0.03
1996-05-07,0.0,0.01,0.05
1996-05-08,0.0,0.0,0.81
1996-05-09,0.0,0.0,0.0
1996-05-10,0.0,0.0,0.0
1996-05-11,0.0,0.34,0.0
1996-05-12,0.0,0.11,0.07
1996-05-13,0.0,0.0,0.0
1996-05-14,0.0,0.0,0.0
1996-05-15,0.0,0.0,0.0
1996-05-16,0.0,0.0,0.0
1996-05-17,0.0,0.0,0.0
1996-05-18,0.0,0.0,0.48
1996-05-19,0.0,1.03,0.0
1996-05-20,0.0,0.34,0.0
1996-05-21,0.0,0.0,0.0
1996-05-22,0.0,0.21,0.0
1996-05-23,0.0,4.35,0.11
1996-05-24,0.0,1.43,2.78
1996-05-25,0.0,0.96,3.78
1996-05-26,7.79,4.24,0.09
1996-05-27,0.0,1.31,1.06
1996-05-28,0.0,19.84,25.73
1996-05-29,17.19,10.58,4.33
1996-05-30,0.0,1.32,0.02
1996-05-31,0.0,0.0,0.0
1996-06-01,0.0,0.0,0.0
1996-06-02,0.0,0.0,0.0
1996-06-03,0.0,0.04,0.81
1996-06-04,0.0,6.6,1.88
1996-06-05,0.0,2.2,0.0
1996-06-06,0.0,5.2,0.0
1996-06-07,0.0,5.43,4.65
1996-06-08,15.68,2.6,7.22
1996-06-09,18.98,1.58,2.87
1996-06-10,0.0,0.54,0.09
1996-06-11,0.0,0.06,0.0
1996-06-12,0.0,0.57,0.02
1996-06-13,1.18,0.8,3.91
1996-06-14,4.09,10.45,5.33
1996-06-15,21.98,14.47,6.2
1996-06-16,11.29,3.81,9.39
1996-06-17,8.08,2.6,16.86
1996-06-18,9.99,3.12,1.01
1996-06-19,0.0,2.21,0.83
1996-06-20,4.05,0.8,15.21
1996-06-21,0.0,2.43,4.21
1996-06-22,6.62,2.06,3.64
1996-06-23,0.0,0.43,1.14
1996-06-24,0.0,0.0,0.0
1996-06-25,0.0,0.09,5.33
1996-06-26,0.0,12.93,1.12
1996-06-27,0.0,4.3,0.22
1996-06-28,0.0,0.0,0.03
1996-06-29,0.0,0.0,0.0
1996-06-30,0.0,0.0,0.0
1996-07-01,0.0,0.0,0.0
1996-07-02,0.0,0.0,0.0
1996-07-03,0.0,2.13,0.34
1996-07-04,11.72,8.77,10.71
1996-07-05,15.92,18.31,22.31
1996-07-06,34.92,15.08,15.0
1996-07-07,30.9,8.41,6.05
1996-07-08,16.94,7.91,7.44
1996-07-09,18.3,2.24,4.84
1996-07-10,1.26,0.06,0.0
1996-07-11,0.0,0.84,0.0
1996-07-12,0.0,2.94,0.54
1996-07-13,0.0,6.66,16.39
1996-07-14,13.84,6.73,6.42
1996-07-15,10.0,3.44,6.39
1996-07-16,9.14,7.06,13.44
1996-07-17,0.0,2.2,1.8
1996-07-18,0.0,0.02,0.0
1996-07-19,0.0,0.0,0.0
1996-07-20,0.0,0.0,0.0
1996-07-21,0.0,0.08,0.0
1996-07-22,0.0,0.03,0.26
1996-07-23,0.0,13.21,13.2
1996-07-24,17.05,12.59,18.85
1996-07-25,27.79,11.34,6.1
1996-07-26,21.02,2.87,0.01
1996-07-27,0.0,0.0,0.21
1996-07-28,0.0,0.12,0.0
1996-07-29,0.0,0.07,0.31
1996-07-30,0.0,0.06,0.0
1996-07-31,0.0,2.51,16.41
1996-08-01,7.83,10.83,18.25
1996-08-02,22.07,20.59,10.03
1996-08-03,14.64,6.7,4.5
1996-08-04,0.0,2.93,4.27
1996-08-05,10.24,6.36,3.36
1996-08-06,14.45,18.5,2.69
1996-08-07,20.44,16.82,8.95
1996-08-08,22.37,12.23,3.02
1996-08-09,15.76,5.62,11.63
1996-08-10,4.6,8.26,29.56
1996-08-11,0.0,6.27,2.73
1996-08-12,29.73,7.87,21.28
1996-08-13,12.72,2.44,0.69
1996-08-14,0.0,0.88,0.35
1996-08-15,0.0,0.27,0.04
1996-08-16,0.0,0.0,0.0
1996-08-17,0.0,0.64,0.06
1996-08-18,0.0,1.34,0.22
1996-08-19,0.0,0.54,1.38
1996-08-20,0.0,0.05,0.09
1996-08-21,0.0,0.0,0.0
1996-08-22,0.0,0.35,0.11
1996-08-23,0.0,0.12,4.42
1996-08-24,0.0,11.45,4.41
1996-08-25,3.46,4.86,9.72
1996-08-26,10.06,5.0,0.69
1996-08-27,0.0,2.21,2.03
1996-08-28,16.13,25.02,17.79
1996-08-29,4.01,14.31,4.32
1996-08-30,6.0,7.43,17.46
1996-08-31,19.24,16.91,7.66
1996-09-01,12.82,18.92,12.92
1996-09-02,21.38,23.56,60.88
1996-09-03,6.15,9.09,2.82
1996-09-04,0.0,0.93,1.07
1996-09-05,0.0,1.42,0.17
1996-09-06,0.0,0.47,0.0
1996-09-07,0.0,0.0,0.01
1996-09-08,0.0,0.01,0.12
1996-09-09,0.0,0.1,2.95
1996-09-10,10.43,12.1,31.98
1996-09-11,0.0,4.28,3.87
1996-09-12,0.0,0.09,0.25
1996-09-13,0.0,0.13,0.0
1996-09-14,0.0,0.04,0.02
1996-09-15,0.0,1.78,0.61
1996-09-16,17.41,18.64,26.42
1996-09-17,12.26,11.18,15.59
1996-09-18,9.15,1.72,1.07
1996-09-19,0.0,0.0,6.51
1996-09-20,0.0,1.89,2.82
1996-09-21,6.23,4.12,1.66
1996-09-22,1.29,1.19,0.38
1996-09-23,0.0,0.01,0.0
1996-09-24,0.0,0.0,0.16
1996-09-25,0.0,0.0,0.0
1996-09-26,0.0,2.44,0.0
1996-09-27,0.0,1.69,10.57
1996-09-28,3.65,13.52,19.57
1996-09-29,15.53,14.57,4.11
1996-09-30,25.48,10.46,12.81
1996-10-01,38.66,24.44,13.35
1996-10-02,80.51,10.99,6.77
1996-10-03,32.92,1.28,1.09
1996-10-04,0.0,0.02,0.0
1996-10-05,0.0,0.21,0.13
1996-10-06,5.8,22.12,47.07
1996-10-07,63.44,112.59,79.13
1996-10-08,69.88,35.09,21.22
1996-10-09,0.0,0.0,0.04
1996-10-10,0.0,0.0,0.0
1996-10-11,0.0,0.0,0.0
1996-10-12,0.0,0.0,0.0
1996-10-13,0.0,0.0,0.0
1996-10-14,0.0,0.0,0.0
1996-10-15,0.0,0.0,0.0
1996-10-16,0.0,0.0,0.0
1996-10-17,0.0,0.0,0.0
1996-10-18,0.0,0.0,0.0
1996-10-19,0.0,0.0,0.0
1996-10-20,0.0,0.0,0.0
1996-10-21,0.0,0.0,0.0
1996-10-22,0.0,0.3,0.0
1996-10-23,1.65,0.29,0.54
1996-10-24,0.0,0.06,0.02
1996-10-25,0.0,0.0,0.0
1996-10-26,0.0,0.0,0.0
1996-10-27,0.0,0.0,0.0
1996-10-28,0.0,0.0,0.0
1996-10-29,0.0,0.0,0.0
1996-10-30,0.0,0.0,0.0
1996-10-31,0.0,0.0,0.0
1996-11-01,0.0,0.0,0.08
1996-11-02,0.0,1.1,1.52
1996-11-03,3.59,0.37,0.08
1996-11-04,0.0,0.0,0.0
1996-11-05,0.0,0.0,0.0
1996-11-06,0.0,0.0,0.0
1996-11-07,0.0,3.71,0.78
1996-11-08,12.46,6.94,9.32
1996-11-09,0.0,1.9,0.1
1996-11-10,0.0,0.0,0.0
1996-11-11,0.0,0.0,0.0
1996-11-12,0.0,0.0,0.0
1996-11-13,0.0,0.0,0.0
1996-11-14,0.0,0.0,0.0
1996-11-15,0.0,0.0,0.0
1996-11-16,0.0,0.0,0.0
1996-11-17,0.0,0.0,0.0
1996-11-18,0.0,0.04,0.01
1996-11-19,0.0,1.48,1.76
1996-11-20,5.67,0.71,0.01
1996-11-21,7.69,4.23,10.33
1996-11-22,7.42,1.46,0.03
1996-11-23,0.0,0.02,0.0
1996-11-24,0.0,0.0,0.0
1996-11-25,0.0,3.75,4.94
1996-11-26,6.0,1.25,1.21
1996-11-27,0.0,0.0,0.0
1996-11-28,0.0,0.0,0.0
1996-11-29,0.0,0.0,0.0
1996-11-30,0.0,6.69,4.47
1996-12-01,27.09,21.76,35.84
1996-12-02,14.83,6.51,1.42
1996-12-03,0.0,0.0,0.14
1996-12-04,0.0,0.01,0.01
1996-12-05,0.0,2.25,0.85
1996-12-06,0.0,10.9,0.16
1996-12-07,32.86,28.1,69.02
1996-12-08,0.0,8.24,0.28
1996-12-09,0.0,0.0,0.0
1996-12-10,0.0,0.0,0.0
1996-12-11,0.0,0.13,0.29
1996-12-12,0.0,3.68,7.24
1996-12-13,0.0,1.28,0.2
1996-12-14,0.0,0.02,0.0
1996-12-15,0.0,0.0,0.0
1996-12-16,0.0,3.8,0.54
1996-12-17,12.02,5.25,15.62
1996-12-18,0.0,21.72,17.27
1996-12-19,23.52,7.36,11.62
1996-12-20,0.0,0.19,0.0
1996-12-21,0.0,0.0,0.0
1996-12-22,0.0,0.0,0.0
1996-12-23,0.0,0.0,1.2
1996-12-24,0.0,3.69,3.7
1996-12-25,7.0,1.23,0.95
1996-12-26,0.0,0.16,1.58
1996-12-27,0.0,0.05,0.37
1996-12-28,0.0,0.0,0.0
1996-12-29,0.0,0.0,0.0
1996-12-30,0.0,0.07,0.18
1996-12-31,0.0,0.91,0.0
1997-01-01,0.0,1.19,0.99
1997-01-02,0.0,0.3,0.16
1997-01-03,0.0,0.0,0.0
1997-01-04,0.0,1.27,0.0
1997-01-05,2.29,2.79,5.85
1997-01-06,4.36,2.31,2.14
1997-01-07,3.31,10.63,14.04
1997-01-08,21.49,17.03,11.01
1997-01-09,23.69,9.22,37.2
1997-01-10,0.0,1.58,0.08
1997-01-11,0.0,0.01,0.11
1997-01-12,0.0,0.0,0.03
1997-01-13,0.0,0.0,0.0
1997-01-14,0.0,0.0,0.0
1997-01-15,0.0,4.07,0.04
1997-01-16,15.2,7.9,17.11
1997-01-17,0.0,2.18,0.08
1997-01-18,0.0,0.0,0.0
1997-01-19,0.0,0.0,0.0
1997-01-20,0.0,0.0,0.02
1997-01-21,0.0,0.0,0.02
1997-01-22,0.0,0.0,0.27
1997-01-23,0.0,0.69,1.54
1997-01-24,0.0,15.57,1.36
1997-01-25,40.34,18.15,40.76
1997-01-26,0.0,4.35,0.0
1997-01-27,0.0,0.0,0.03
1997-01-28,0.0,0.27,0.71
1997-01-29,0.0,6.87,4.57
1997-01-30,9.15,3.14,7.3
1997-01-31,0.0,0.29,0.0
1997-02-01,0.0,0.0,0.0
1997-02-02,0.0,0.0,0.0
1997-02-03,0.0,0.0,0.0
1997-02-04,0.0,0.0,0.0
1997-02-05,0.0,0.0,0.03
1997-02-06,0.0,0.0,0.0
1997-02-07,0.0,1.49,1.01
1997-02-08,0.0,0.57,2.0
1997-02-09,0.0,0.04,0.07
1997-02-10,0.0,0.08,0.04
1997-02-11,0.0,0.04,0.15
1997-02-12,0.0,0.01,0.0
1997-02-13,0.0,29.82,25.99
1997-02-14,44.92,47.42,49.46
1997-02-15,21.79,13.27,11.39
1997-02-16,0.0,0.26,0.1
1997-02-17,0.0,0.0,0.0
1997-02-18,0.0,0.0,0.0
1997-02-19,0.0,0.0,0.0
1997-02-20,0.0,0.0,0.0
1997-02-21,0.0,9.01,0.0
1997-02-22,23.46,8.46,23.52
1997-02-23,0.0,3.78,0.24
1997-02-24,3.98,3.38,4.33
1997-02-25,3.29,4.24,10.73
1997-02-26,2.54,1.19,0.12
1997-02-27,0.0,0.03,0.03
1997-02-28,0.0,0.0,0.0
1997-03-01,0.0,0.0,0.0
1997-03-02,0.0,0.04,0.0
1997-03-03,0.0,0.09,0.15
1997-03-04,0.0,0.03,0.03
1997-03-05,0.0,0.42,0.0
1997-03-06,0.39,0.31,1.3
1997-03-07,0.0,0.06,0.0
1997-03-08,0.0,0.0,0.0
1997-03-09,0.0,0.0,0.0
1997-03-10,0.0,0.0,0.0
1997-03-11,0.0,0.0,0.0
1997-03-12,0.0,0.05,0.0
1997-03-13,0.0,1.53,0.79
1997-03-14,7.15,5.98,6.53
1997-03-15,0.0,1.83,0.0
1997-03-16,0.0,0.0,0.0
1997-03-17,0.0,0.01,0.0
1997-03-18,0.0,0.37,0.6
1997-03-19,0.0,0.98,1.89
1997-03-20,2.98,3.6,3.42
1997-03-21,9.1,9.45,15.87
1997-03-22,0.0,2.78,1.56
1997-03-23,0.0,0.0,0.0
1997-03-24,0.0,0.0,0.0
1997-03-25,0.0,3.52,0.27
1997-03-26,10.91,2.86,3.0
1997-03-27,0.0,0.56,0.0
1997-03-28,0.0,2.86,4.12
1997-03-29,9.0,1.52,5.19
1997-03-30,9.35,9.73,2.78
1997-03-31,13.66,3.18,6.35
1997-04-01,0.0,0.0,0.0
1997-04-02,0.0,0.0,0.0
1997-04-03,0.0,0.0,0.0
1997-04-04,0.0,0.0,0.0
1997-04-05,0.0,0.0,0.08
1997-04-06,0.0,2.16,4.51
1997-04-07,3.2,0.72,0.0
1997-04-08,0.0,0.0,0.0
1997-04-09,0.0,0.0,0.0
1997-04-10,0.0,0.0,0.35
1997-04-11,0.0,9.36,3.45
1997-04-12,17.56,8.76,17.4
1997-04-13,6.64,2.54,0.32
1997-04-14,0.0,0.64,0.13
1997-04-15,0.0,0.16,0.85
1997-04-16,0.0,0.01,0.0
1997-04-17,0.0,0.0,0.0
1997-04-18,0.0,0.0,0.0
1997-04-19,0.0,0.0,0.0
1997-04-20,0.0,0.0,0.0
1997-04-21,0.0,0.54,0.39
1997-04-22,0.0,8.59,0.8
1997-04-23,33.22,18.0,34.53
1997-04-24,0.0,5.07,0.0
1997-04-25,0.0,1.08,0.0
1997-04-26,0.0,28.53,33.45
1997-04-27,39.56,27.59,25.75
1997-04-28,47.49,36.1,45.27
1997-04-29,0.0,10.01,1.23
1997-04-30,0.0,0.0,0.0
1997-05-01,0.0,0.0,0.0
1997-05-02,0.0,0.04,0.25
1997-05-03,0.0,2.02,7.47
1997-05-04,6.15,0.67,0.58
1997-05-05,0.0,0.0,0.0
1997-05-06,0.0,0.0,0.0
1997-05-07,0.0,0.0,0.0
1997-05-08,0.0,0.0,0.0
1997-05-09,0.0,0.0,0.0
1997-05-10,0.0,0.1,0.0
1997-05-11,0.0,0.03,0.41
1997-05-12,0.0,1.27,1.95
1997-05-13,0.0,0.42,0.0
1997-05-14,0.0,0.0,0.7
1997-05-15,0.0,2.26,3.33
1997-05-16,3.44,0.75,0.06
1997-05-17,0.0,0.0,0.0
1997-05-18,0.0,0.0,0.0
1997-05-19,0.0,26.66,9.13
1997-05-20,11.49,12.38,1.16
1997-05-21,0.0,3.0,1.87
1997-05-22,4.07,4.26,5.08
1997-05-23,12.0,12.37,19.05
1997-05-24,0.0,15.58,0.19
1997-05-25,43.0,37.21,47.15
1997-05-26,34.26,11.36,0.87
1997-05-27,0.0,0.16,2.96
1997-05-28,0.0,7.17,8.32
1997-05-29,0.11,2.38,0.0
1997-05-30,0.0,0.25,0.0
1997-05-31,0.0,11.96,14.82
1997-06-01,12.77,4.04,1.28
1997-06-02,0.0,0.46,2.17
1997-06-03,0.0,0.56,1.15
1997-06-04,0.0,0.43,0.01
1997-06-05,3.61,14.97,7.22
1997-06-06,0.0,5.11,0.21
1997-06-07,0.0,0.05,0.11
1997-06-08,0.0,0.71,2.59
1997-06-09,0.0,0.5,0.0
1997-06-10,0.0,0.19,5.57
1997-06-11,0.0,12.7,7.84
1997-06-12,10.44,6.4,8.31
1997-06-13,10.08,10.55,9.31
1997-06-14,0.0,4.26,5.06
1997-06-15,0.0,0.33,0.16
1997-06-16,0.0,0.45,0.0
1997-06-17,0.0,4.87,6.0
1997-06-18,13.04,8.27,16.69
1997-06-19,14.74,21.75,9.96
1997-06-20,3.08,10.18,6.02
1997-06-21,7.28,5.11,16.93
1997-06-22,8.0,6.43,6.98
1997-06-23,3.78,8.08,3.95
1997-06-24,10.77,6.22,15.59
1997-06-25,11.17,10.74,3.1
1997-06-26,2.71,4.37,3.99
1997-06-27,6.73,9.39,2.32
1997-06-28,0.3,4.88,10.0
1997-06-29,12.51,14.27,10.84
1997-06-30,9.0,6.88,7.5
1997-07-01,7.16,8.65,4.77
1997-07-02,21.4,2.62,4.7
1997-07-03,0.0,0.22,0.26
1997-07-04,0.0,1.19,0.6
1997-07-05,0.0,0.61,0.56
1997-07-06,7.72,1.57,2.95
1997-07-07,14.71,14.82,31.61
1997-07-08,31.52,8.73,3.9
1997-07-09,20.58,1.39,0.21
1997-07-10,0.0,0.31,0.65
1997-07-11,0.0,0.14,0.12
1997-07-12,0.0,0.55,1.06
1997-07-13,0.0,0.18,0.01
1997-07-14,0.0,0.0,0.0
1997-07-15,0.0,0.0,0.0
1997-07-16,0.0,0.05,12.98
1997-07-17,0.0,30.67,7.81
1997-07-18,1.57,14.11,10.51
1997-07-19,18.95,19.82,11.67
1997-07-20,11.7,14.34,8.93
1997-07-21,9.11,6.48,7.9
1997-07-22,5.97,2.16,3.13
1997-07-23,6.52,0.71,0.62
1997-07-24,0.0,1.24,2.22
1997-07-25,0.0,0.56,2.61
1997-07-26,1.78,6.39,1.56
1997-07-27,5.11,3.67,2.97
1997-07-28,0.26,3.46,16.83
1997-07-29,15.52,5.23,19.34
1997-07-30,10.12,5.56,10.15
1997-07-31,17.44,16.02,23.92
1997-08-01,30.77,13.09,11.19
1997-08-02,14.44,13.87,12.92
1997-08-03,15.54,14.34,17.97
1997-08-04,11.36,9.53,1.88
1997-08-05,0.0,1.99,0.0
1997-08-06,0.0,0.28,0.08
1997-08-07,0.0,4.6,6.75
1997-08-08,10.0,12.83,3.49
1997-08-09,4.39,7.46,10.27
1997-08-10,12.15,18.21,7.48
1997-08-11,2.88,5.75,3.68
1997-08-12,0.0,0.26,0.58
1997-08-13,0.0,0.08,5.12
1997-08-14,0.0,1.6,3.48
1997-08-15,5.0,5.08,7.0
1997-08-16,10.0,2.72,1.51
1997-08-17,3.06,0.4,0.03
1997-08-18,0.0,0.03,0.08
1997-08-19,0.0,2.07,1.91
1997-08-20,0.0,4.61,1.97
1997-08-21,13.98,1.45,4.64
1997-08-22,0.0,0.05,0.01
1997-08-23,0.0,0.0,0.0
1997-08-24,0.0,0.07,0.33
1997-08-25,0.0,0.02,0.0
1997-08-26,0.0,0.0,0.08
1997-08-27,0.0,0.0,0.01
1997-08-28,0.0,2.25,4.63
1997-08-29,0.0,0.75,0.55
1997-08-30,0.0,0.24,0.15
1997-08-31,0.0,0.08,0.53
1997-09-01,0.0,0.0,0.09
1997-09-02,0.0,0.0,0.0
1997-09-03,0.0,0.13,0.17
1997-09-04,0.0,0.04,0.0
1997-09-05,0.0,0.0,0.0
1997-09-06,0.0,0.0,0.0
1997-09-07,0.0,0.0,0.09
1997-09-08,0.0,0.98,0.45
1997-09-09,0.0,0.95,0.78
1997-09-10,0.0,4.54,3.88
1997-09-11,0.0,1.45,0.11
1997-09-12,0.0,0.0,0.0
1997-09-13,0.0,0.0,0.18
1997-09-14,0.0,0.0,0.0
1997-09-15,0.0,0.0,0.0
1997-09-16,0.0,2.0,4.51
1997-09-17,0.0,1.36,0.1
1997-09-18,0.0,3.17,0.65
1997-09-19,0.0,0.98,0.04
1997-09-20,0.0,0.0,0.0
1997-09-21,0.0,0.51,0.08
1997-09-22,0.0,0.43,2.53
1997-09-23,0.0,0.15,0.37
1997-09-24,2.4,2.61,4.23
1997-09-25,7.3,13.71,7.07
1997-09-26,20.45,17.8,45.63
1997-09-27,15.51,6.78,1.17
1997-09-28,0.0,1.35,2.82
1997-09-29,0.0,0.2,0.05
1997-09-30,0.0,0.0,0.0
1997-10-01,0.0,0.0,0.08
1997-10-02,0.0,0.0,0.0
1997-10-03,0.0,0.0,0.0
1997-10-04,0.0,0.0,0.0
1997-10-05,0.0,0.02,0.0
1997-10-06,0.0,0.01,0.0
1997-10-07,0.0,0.0,0.0
1997-10-08,0.0,0.0,0.0
1997-10-09,0.0,0.0,0.01
1997-10-10,0.0,0.0,0.0
1997-10-11,0.0,0.37,0.02
1997-10-12,0.0,0.12,0.03
1997-10-13,0.0,0.13,0.0
1997-10-14,0.0,0.88,1.69
1997-10-15,0.0,0.33,0.05
1997-10-16,0.0,0.02,0.01
1997-10-17,0.0,0.02,0.1
1997-10-18,0.0,0.01,0.01
1997-10-19,0.0,0.0,0.0
1997-10-20,0.0,0.0,0.0
1997-10-21,0.0,0.03,0.0
1997-10-22,0.0,0.01,0.03
1997-10-23,0.0,9.08,0.91
1997-10-24,0.0,36.77,35.37
1997-10-25,34.3,26.03,0.0
1997-10-26,44.68,42.04,17.87
1997-10-27,72.02,26.09,58.92
1997-10-28,0.0,4.64,0.0
1997-10-29,0.0,0.02,0.15
1997-10-30,0.0,1.81,0.0
1997-10-31,17.87,27.86,37.85
1997-11-01,38.92,35.2,14.94
1997-11-02,26.33,8.78,28.78
1997-11-03,0.0,0.02,0.0
1997-11-04,0.0,0.0,0.0
1997-11-05,0.0,0.0,0.0
1997-11-06,0.0,7.6,3.93
1997-11-07,8.68,2.53,11.53
1997-11-08,0.0,0.0,0.0
1997-11-09,0.0,0.0,0.0
1997-11-10,0.0,0.0,0.0
1997-11-11,0.0,0.84,0.0
1997-11-12,24.13,50.72,43.45
1997-11-13,60.64,23.65,37.15
1997-11-14,21.02,2.28,10.5
1997-11-15,0.0,0.0,0.0
1997-11-16,0.0,0.0,0.08
1997-11-17,0.0,0.0,0.0
1997-11-18,0.0,0.29,0.0
1997-11-19,2.0,0.26,0.79
1997-11-20,0.0,5.94,0.0
1997-11-21,0.0,2.69,10.2
1997-11-22,0.0,0.24,0.0
1997-11-23,0.0,0.0,0.48
1997-11-24,0.0,0.0,0.0
1997-11-25,0.0,0.0,0.0
1997-11-26,0.0,0.0,0.08
1997-11-27,0.0,0.0,0.0
1997-11-28,0.0,13.91,0.08
1997-11-29,33.77,25.76,38.81
1997-11-30,34.54,7.2,9.73
1997-12-01,0.0,0.05,0.0
1997-12-02,0.0,0.0,0.3
1997-12-03,0.0,3.33,0.77
1997-12-04,8.28,2.3,5.2
1997-12-05,0.0,0.4,0.0
1997-12-06,0.0,0.0,0.0
1997-12-07,0.0,0.0,0.0
1997-12-08,0.0,6.22,4.53
1997-12-09,19.17,2.82,6.8
1997-12-10,9.93,0.32,1.6
1997-12-11,0.0,2.57,0.16
1997-12-12,7.18,3.7,4.31
1997-12-13,6.63,7.76,8.67
1997-12-14,10.2,3.63,6.16
1997-12-15,3.01,0.99,0.98
1997-12-16,0.0,0.2,0.0
1997-12-17,0.0,0.01,0.06
1997-12-18,0.0,0.0,0.08
1997-12-19,0.0,0.0,0.0
1997-12-20,0.0,0.0,0.0
1997-12-21,0.0,1.66,0.0
1997-12-22,4.9,7.59,12.02
1997-12-23,2.8,9.01,12.42
1997-12-24,14.39,21.61,23.62
1997-12-25,25.92,6.51,0.2
1997-12-26,0.76,1.5,0.72
1997-12-27,7.9,2.85,3.58
1997-12-28,0.0,2.76,0.0
1997-12-29,6.63,1.22,3.74
1997-12-30,0.0,0.19,0.0
1997-12-31,0.0,0.0,0.0
1998-01-01,0.0,0.0,0.0
1998-01-02,0.0,0.0,0.0
1998-01-03,0.0,0.0,0.0
1998-01-04,0.0,0.0,0.0
1998-01-05,0.0,0.16,0.88
1998-01-06,4.67,4.65,3.55
1998-01-07,25.96,37.25,35.56
1998-01-08,37.15,13.55,14.0
1998-01-09,0.0,0.55,0.0
1998-01-10,0.0,0.0,0.0
1998-01-11,0.0,1.11,0.0
1998-01-12,0.0,5.0,2.59
1998-01-13,13.74,7.08,9.89
1998-01-14,9.55,8.54,5.91
1998-01-15,13.5,7.06,13.23
1998-01-16,8.6,2.62,0.96
1998-01-17,0.0,0.36,0.08
1998-01-18,0.0,0.9,0.0
1998-01-19,2.2,0.97,2.7
1998-01-20,0.0,0.23,0.0
1998-01-21,0.0,1.01,0.0
1998-01-22,0.0,13.61,14.59
1998-01-23,20.2,9.02,12.18
1998-01-24,0.0,1.53,0.09
1998-01-25,0.0,0.04,0.0
1998-01-26,0.0,0.7,0.13
1998-01-27,2.02,1.1,2.55
1998-01-28,0.0,0.29,0.0
1998-01-29,0.0,0.0,0.0
1998-01-30,0.0,0.0,0.0
1998-01-31,0.0,1.89,4.8
1998-02-01,0.0,5.46,0.09
1998-02-02,25.59,37.15,48.96
1998-02-03,34.7,19.51,17.9
1998-02-04,3.21,2.63,2.3
1998-02-05,0.0,0.02,0.0
1998-02-06,0.0,0.0,0.0
1998-02-07,0.0,0.0,0.0
1998-02-08,0.0,0.0,0.04
1998-02-09,0.0,0.0,0.04
1998-02-10,0.0,1.56,0.0
1998-02-11,10.74,4.95,10.11
1998-02-12,0.51,3.24,0.07
1998-02-13,3.67,1.33,1.88
1998-02-14,0.0,0.92,2.46
1998-02-15,0.0,10.75,5.38
1998-02-16,28.88,26.42,14.61
1998-02-17,35.21,7.81,26.08
1998-02-18,0.0,0.23,0.67
1998-02-19,0.0,1.63,2.08
1998-02-20,5.72,1.01,1.95
1998-02-21,0.0,2.13,10.19
1998-02-22,1.92,28.34,28.54
1998-02-23,29.52,9.23,0.02
1998-02-24,0.0,0.0,0.0
1998-02-25,0.0,0.17,0.0
1998-02-26,0.0,4.55,0.44
1998-02-27,13.19,4.13,12.88
1998-02-28,0.11,0.95,2.03
1998-03-01,0.0,0.07,0.14
1998-03-02,0.0,0.01,0.0
1998-03-03,0.0,0.0,0.0
1998-03-04,0.0,1.56,0.0
1998-03-05,5.73,6.38,7.49
1998-03-06,12.21,8.19,5.63
1998-03-07,33.65,67.14,85.54
1998-03-08,70.08,47.19,31.13
1998-03-09,34.53,8.5,14.8
1998-03-10,0.0,0.0,0.0
1998-03-11,0.0,0.0,0.0
1998-03-12,0.0,0.0,0.0
1998-03-13,0.0,0.0,0.0
1998-03-14,0.0,0.0,0.0
1998-03-15,0.0,0.0,0.0
1998-03-16,0.0,0.52,0.01
1998-03-17,0.0,1.5,3.73
1998-03-18,12.64,11.97,14.61
1998-03-19,22.87,17.35,14.79
1998-03-20,15.69,4.93,1.95
1998-03-21,0.0,0.14,0.0
1998-03-22,0.0,0.0,0.0
1998-03-23,0.0,0.0,0.0
1998-03-24,0.0,0.0,0.0
1998-03-25,0.0,0.0,0.0
1998-03-26,0.0,0.0,0.0
1998-03-27,0.0,0.0,0.0
1998-03-28,0.0,0.0,0.0
1998-03-29,0.0,0.0,0.0
1998-03-30,0.0,0.08,0.0
1998-03-31,0.0,0.09,0.25
1998-04-01,0.0,0.04,0.13
1998-04-02,0.0,0.01,0.6
1998-04-03,0.0,0.0,0.56
1998-04-04,0.0,0.0,0.0
1998-04-05,0.0,0.0,0.0
1998-04-06,0.0,0.47,0.05
1998-04-07,0.0,3.85,1.27
1998-04-08,7.09,7.61,6.77
1998-04-09,11.31,2.85,6.95
1998-04-10,0.0,0.24,0.0
1998-04-11,0.0,0.0,0.0
1998-04-12,0.0,0.0,0.0
1998-04-13,0.0,0.0,0.0
1998-04-14,0.0,0.0,0.0
1998-04-15,0.0,0.0,0.0
1998-04-16,0.0,0.0,0.0
1998-04-17,0.0,0.0,0.05
1998-04-18,0.0,1.45,0.0
1998-04-19,6.21,9.78,19.53
1998-04-20,0.0,3.1,0.0
1998-04-21,0.0,0.0,0.0
1998-04-22,0.0,0.0,0.0
1998-04-23,0.0,0.0,0.0
1998-04-24,0.0,0.0,0.0
1998-04-25,0.0,0.0,0.0
1998-04-26,0.0,0.0,0.0
1998-04-27,0.0,0.0,0.0
1998-04-28,0.0,0.03,0.1
1998-04-29,0.0,0.02,0.1
1998-04-30,0.0,1.48,1.01
1998-05-01,0.0,0.49,0.38
1998-05-02,0.0,0.66,1.32
1998-05-03,0.0,3.3,0.0
1998-05-04,8.17,1.1,0.99
1998-05-05,0.0,0.05,0.0
1998-05-06,0.0,0.21,0.1
1998-05-07,1.8,0.63,0.49
1998-05-08,0.0,0.19,0.0
1998-05-09,0.0,0.1,0.01
1998-05-10,0.0,0.2,0.22
1998-05-11,0.0,0.06,0.0
1998-05-12,0.0,0.0,0.0
1998-05-13,0.0,0.0,0.0
1998-05-14,0.0,0.0,0.0
1998-05-15,0.0,0.0,0.0
1998-05-16,0.0,0.0,0.0
1998-05-17,0.0,0.0,0.0
1998-05-18,0.0,0.0,0.0
1998-05-19,0.0,0.0,0.03
1998-05-20,0.0,0.0,0.08
1998-05-21,0.0,0.0,0.0
1998-05-22,0.0,0.0,0.0
1998-05-23,0.0,0.0,0.0
1998-05-24,0.0,0.0,0.08
1998-05-25,0.0,0.0,0.0
1998-05-26,0.0,0.0,0.01
1998-05-27,0.0,0.06,0.0
1998-05-28,0.0,0.02,0.0
1998-05-29,0.0,0.24,0.98
1998-05-30,0.0,0.33,0.29
1998-05-31,3.47,4.76,10.6
1998-06-01,0.0,1.56,0.46
1998-06-02,0.0,0.0,0.0
1998-06-03,0.0,0.0,0.0
1998-06-04,0.0,0.21,0.0
1998-06-05,0.0,0.78,0.59
1998-06-06,2.3,1.17,1.12
1998-06-07,0.0,0.31,0.03
1998-06-08,0.0,0.0,0.0
1998-06-09,0.0,2.16,2.24
1998-06-10,0.0,0.72,0.01
1998-06-11,0.0,0.0,0.0
1998-06-12,0.0,0.0,0.0
1998-06-13,0.0,0.0,0.0
1998-06-14,0.0,0.0,0.0
1998-06-15,0.0,0.0,0.0
1998-06-16,0.0,0.0,0.01
1998-06-17,0.0,0.0,0.01
1998-06-18,0.0,2.25,0.02
1998-06-19,0.55,1.55,2.89
1998-06-20,1.95,4.65,1.62
1998-06-21,0.0,1.46,8.26
1998-06-22,0.0,0.1,4.91
1998-06-23,0.0,12.62,15.85
1998-06-24,0.93,4.2,3.34
1998-06-25,0.0,4.73,0.1
1998-06-26,0.0,1.58,3.99
1998-06-27,0.0,1.7,0.25
1998-06-28,0.0,0.57,9.1
1998-06-29,0.0,0.0,4.37
1998-06-30,0.0,0.0,0.01
1998-07-01,0.0,3.54,5.21
1998-07-02,0.0,1.18,0.0
1998-07-03,0.0,0.1,0.02
1998-07-04,0.0,1.42,1.92
1998-07-05,0.0,0.53,0.35
1998-07-06,0.0,0.02,0.04
1998-07-07,0.0,0.26,0.38
1998-07-08,0.0,0.32,4.88
1998-07-09,5.23,10.87,6.58
1998-07-10,11.86,3.61,0.98
1998-07-11,0.0,0.01,0.02
1998-07-12,0.0,4.2,0.74
1998-07-13,30.68,54.34,34.62
1998-07-14,25.83,38.63,7.51
1998-07-15,0.02,7.03,13.06
1998-07-16,0.0,0.52,3.41
1998-07-17,0.88,2.99,3.76
1998-07-18,10.83,2.45,6.47
1998-07-19,6.69,4.28,3.66
1998-07-20,22.29,7.35,11.55
1998-07-21,16.99,7.04,6.49
1998-07-22,13.01,8.24,6.52
1998-07-23,7.32,10.52,8.74
1998-07-24,15.73,7.14,4.91
1998-07-25,5.87,5.47,8.6
1998-07-26,1.94,1.34,6.24
1998-07-27,0.0,25.78,17.63
1998-07-28,10.55,19.82,3.55
1998-07-29,19.7,26.3,31.2
1998-07-30,20.47,35.32,24.52
1998-07-31,0.0,12.76,5.31
1998-08-01,9.64,8.4,26.72
1998-08-02,0.0,2.43,0.0
1998-08-03,0.0,0.01,0.0
1998-08-04,0.0,0.0,0.0
1998-08-05,0.0,0.57,0.11
1998-08-06,0.0,0.37,0.65
1998-08-07,2.12,3.26,3.6
1998-08-08,3.87,8.74,8.87
1998-08-09,15.07,2.99,5.45
1998-08-10,0.0,1.17,1.63
1998-08-11,0.0,0.34,0.0
1998-08-12,0.0,1.16,0.81
1998-08-13,0.0,3.2,5.54
1998-08-14,9.13,9.88,13.88
1998-08-15,15.24,6.14,4.83
1998-08-16,6.61,2.59,3.08
1998-08-17,2.44,2.7,7.31
1998-08-18,3.52,14.46,1.1
1998-08-19,8.53,11.44,7.99
1998-08-20,0.0,2.29,11.15
1998-08-21,0.0,1.27,2.45
1998-08-22,4.0,1.37,0.99
1998-08-23,0.0,0.35,0.0
1998-08-24,0.0,0.01,0.0
1998-08-25,0.0,0.0,0.0
1998-08-26,0.0,0.0,0.0
1998-08-27,0.0,0.0,0.0
1998-08-28,0.0,0.0,0.41
1998-08-29,0.0,9.56,8.99
1998-08-30,0.0,5.66,3.34
1998-08-31,0.0,4.26,5.33
1998-09-01,0.0,10.95,0.63
1998-09-02,82.57,84.33,45.54
1998-09-03,112.48,30.88,61.72
1998-09-04,0.0,1.29,0.5
1998-09-05,0.0,0.0,0.0
1998-09-06,0.0,9.86,11.08
1998-09-07,0.0,3.29,0.39
1998-09-08,0.0,0.0,0.0
1998-09-09,0.0,0.13,0.16
1998-09-10,0.0,0.04,0.04
1998-09-11,0.0,0.0,0.0
1998-09-12,0.0,0.0,0.0
1998-09-13,0.0,0.0,0.0
1998-09-14,0.0,0.85,0.1
1998-09-15,0.73,2.47,3.72
1998-09-16,0.0,3.82,3.06
1998-09-17,8.61,6.41,2.31
1998-09-18,0.0,4.83,2.14
1998-09-19,8.07,3.52,3.71
1998-09-20,14.17,9.73,8.06
1998-09-21,24.27,13.35,11.52
1998-09-22,14.2,5.74,1.21
1998-09-23,7.97,1.18,0.1
1998-09-24,0.0,0.42,0.05
1998-09-25,0.0,1.36,2.58
1998-09-26,12.64,4.3,2.61
1998-09-27,0.0,2.36,1.19
1998-09-28,0.0,10.8,0.16
1998-09-29,65.39,86.99,72.35
1998-09-30,59.22,38.7,26.06
1998-10-01,0.0,3.7,0.08
1998-10-02,0.0,0.03,0.0
1998-10-03,0.0,2.02,1.56
1998-10-04,0.02,1.17,0.82
1998-10-05,0.0,0.17,0.19
1998-10-06,0.0,0.24,0.42
1998-10-07,0.0,1.69,0.95
1998-10-08,0.0,0.72,0.23
1998-10-09,0.0,0.06,0.0
1998-10-10,0.0,0.0,0.0
1998-10-11,0.0,0.0,0.0
1998-10-12,0.0,0.0,0.0
1998-10-13,0.0,0.0,0.0
1998-10-14,0.0,0.0,0.0
1998-10-15,0.0,0.0,0.0
1998-10-16,0.0,0.0,0.0
1998-10-17,0.0,0.0,0.0
1998-10-18,0.0,0.47,0.07
1998-10-19,0.0,0.18,0.0
1998-10-20,0.0,0.01,0.01
1998-10-21,0.0,0.0,0.0
1998-10-22,0.0,0.0,0.0
1998-10-23,0.0,0.0,0.0
1998-10-24,0.0,0.0,0.0
1998-10-25,0.0,0.0,0.0
1998-10-26,0.0,0.0,0.0
1998-10-27,0.0,0.0,0.0
1998-10-28,0.0,0.0,0.0
1998-10-29,0.0,0.0,0.0
1998-10-30,0.0,0.0,0.0
1998-10-31,0.0,0.0,0.0
1998-11-01,0.0,0.45,0.0
1998-11-02,0.0,0.19,1.68
1998-11-03,3.31,0.17,1.22
1998-11-04,0.0,0.05,0.0
1998-11-05,0.0,0.0,0.0
1998-11-06,0.0,0.0,0.0
1998-11-07,0.0,0.0,0.0
1998-11-08,0.0,0.0,0.0
1998-11-09,0.0,0.0,0.0
1998-11-10,0.0,0.32,2.8
1998-11-11,0.8,8.04,6.12
1998-11-12,0.0,2.64,0.0
1998-11-13,0.0,0.0,0.02
1998-11-14,0.0,0.39,0.0
1998-11-15,0.0,3.35,0.92
1998-11-16,12.45,5.34,9.88
1998-11-17,0.0,1.46,0.21
1998-11-18,0.0,0.01,0.0
1998-11-19,0.0,0.0,0.08
1998-11-20,0.0,0.31,0.85
1998-11-21,0.0,0.48,0.0
1998-11-22,1.13,0.28,1.09
1998-11-23,3.69,2.7,7.22
1998-11-24,0.0,0.88,0.03
1998-11-25,0.0,0.0,0.0
1998-11-26,0.0,0.0,0.04
1998-11-27,0.0,0.0,0.06
1998-11-28,0.0,0.0,0.0
1998-11-29,0.0,0.0,0.02
1998-11-30,0.0,0.0,0.0
1998-12-01,0.0,0.0,0.0
1998-12-02,0.0,0.0,0.05
1998-12-03,0.0,0.0,0.06
1998-12-04,0.0,0.0,0.02
1998-12-05,0.0,0.0,0.07
1998-12-06,0.0,0.0,0.09
1998-12-07,0.0,0.12,0.38
1998-12-08,0.0,3.73,0.44
1998-12-09,0.8,1.4,1.13
1998-12-10,0.0,0.06,0.0
1998-12-11,0.0,0.23,1.01
1998-12-12,0.0,2.46,0.0
1998-12-13,7.0,3.67,5.87
1998-12-14,0.0,0.96,0.0
1998-12-15,0.0,0.0,0.08
1998-12-16,0.0,0.0,0.0
1998-12-17,0.0,0.0,0.0
1998-12-18,0.0,0.0,0.03
1998-12-19,0.0,0.0,0.0
1998-12-20,0.0,0.0,0.39
1998-12-21,0.0,0.0,1.14
1998-12-22,0.0,4.17,5.97
1998-12-23,0.0,1.39,1.45
1998-12-24,0.0,3.29,4.26
1998-12-25,3.64,10.79,0.0
1998-12-26,16.4,7.86,18.66
1998-12-27,0.0,1.86,0.1
1998-12-28,0.0,1.9,0.86
1998-12-29,5.93,1.66,2.24
1998-12-30,0.0,0.35,0.0
1998-12-31,0.0,1.05,0.0
1999-01-01,0.0,1.52,0.0
1999-01-02,21.31,16.28,8.93
1999-01-03,0.0,5.3,12.23
1999-01-04,0.0,0.0,2.52
1999-01-05,0.0,0.0,0.04
1999-01-06,0.0,0.0,0.0
1999-01-07,0.0,0.0,0.0
1999-01-08,0.0,1.25,0.0
1999-01-09,20.01,12.64,16.86
1999-01-10,11.06,4.07,0.2
1999-01-11,0.0,0.0,0.03
1999-01-12,0.0,0.0,0.0
1999-01-13,0.0,0.08,0.0
1999-01-14,0.6,0.35,3.16
1999-01-15,1.37,0.11,0.18
1999-01-16,0.0,0.12,0.0
1999-01-17,0.0,3.48,2.56
1999-01-18,2.05,1.83,5.36
1999-01-19,0.0,0.32,0.0
1999-01-20,0.0,0.03,0.01
1999-01-21,0.0,0.07,0.16
1999-01-22,0.0,5.27,0.62
1999-01-23,48.05,37.04,50.32
1999-01-24,33.54,11.76,0.12
1999-01-25,0.0,0.0,0.0
1999-01-26,0.0,0.0,0.0
1999-01-27,0.0,0.0,0.03
1999-01-28,0.0,0.0,0.0
1999-01-29,0.0,0.16,0.11
1999-01-30,0.0,1.26,0.0
1999-01-31,5.93,2.49,5.34
1999-02-01,6.51,5.04,7.54
1999-02-02,0.22,1.45,0.13
1999-02-03,0.0,3.32,2.37
1999-02-04,0.0,1.12,1.62
1999-02-05,0.0,0.01,0.01
1999-02-06,0.0,0.05,0.0
1999-02-07,0.0,0.02,0.0
1999-02-08,0.0,0.01,0.0
1999-02-09,0.0,0.01,0.03
1999-02-10,0.0,0.0,0.0
1999-02-11,0.0,0.49,0.0
1999-02-12,0.0,0.54,0.52
1999-02-13,0.0,0.12,0.0
1999-02-14,0.0,0.06,0.0
1999-02-15,0.0,0.02,0.0
1999-02-16,0.0,0.51,0.0
1999-02-17,9.01,13.9,3.5
1999-02-18,18.27,6.13,28.08
1999-02-19,0.0,1.34,3.07
1999-02-20,0.0,1.06,0.0
1999-02-21,4.0,0.44,0.52
1999-02-22,0.0,0.06,0.0
1999-02-23,0.0,1.54,0.57
1999-02-24,6.98,0.59,1.65
1999-02-25,0.0,0.02,0.0
1999-02-26,0.0,0.73,0.0
1999-02-27,0.0,3.99,0.0
1999-02-28,13.33,4.69,12.18
1999-03-01,0.0,1.56,0.0
1999-03-02,0.0,4.09,0.0
1999-03-03,13.36,9.16,16.28
1999-03-04,0.0,2.61,0.0
1999-03-05,0.0,0.22,0.0
1999-03-06,4.28,2.45,10.3
1999-03-07,0.0,0.79,0.2
1999-03-08,0.0,3.2,0.02
1999-03-09,12.8,8.38,18.39
1999-03-10,0.0,2.44,0.14
1999-03-11,0.0,0.0,0.0
1999-03-12,0.0,0.97,0.0
1999-03-13,0.0,7.02,0.0
1999-03-14,29.85,18.98,32.19
1999-03-15,0.0,5.58,0.0
1999-03-16,0.0,0.0,0.0
1999-03-17,0.0,0.0,0.0
1999-03-18,0.0,0.0,0.0
1999-03-19,0.0,0.06,0.0
1999-03-20,0.0,0.53,0.0
1999-03-21,2.13,1.13,1.49
1999-03-22,0.0,0.32,0.0
1999-03-23,0.0,0.0,0.0
1999-03-24,0.0,0.11,0.0
1999-03-25,0.0,1.27,0.0
1999-03-26,4.01,0.41,4.07
1999-03-27,0.0,0.0,0.0
1999-03-28,0.0,0.0,0.0
1999-03-29,0.0,0.11,0.0
1999-03-30,0.0,0.88,0.04
1999-03-31,0.0,2.18,2.35
1999-04-01,6.46,4.88,8.43
1999-04-02,0.0,1.42,0.0
1999-04-03,0.0,0.0,0.17
1999-04-04,0.0,0.0,0.0
1999-04-05,0.0,0.0,0.08
1999-04-06,0.0,0.0,0.0
1999-04-07,0.0,0.0,0.0
1999-04-08,0.0,0.0,0.0
1999-04-09,0.0,0.0,0.0
1999-04-10,0.0,0.0,0.0
1999-04-11,0.0,0.0,0.0
1999-04-12,0.0,0.0,0.0
1999-04-13,0.0,0.0,0.0
1999-04-14,0.0,0.0,0.0
1999-04-15,0.0,0.12,0.0
1999-04-16,0.0,0.04,0.0
1999-04-17,0.0,0.0,0.0
1999-04-18,0.0,0.0,0.0
1999-04-19,0.0,0.0,0.0
1999-04-20,0.0,0.0,0.0
1999-04-21,0.0,0.0,0.0
1999-04-22,0.0,0.0,0.08
1999-04-23,0.0,0.0,0.11
1999-04-24,0.0,0.0,0.01
1999-04-25,0.0,2.52,5.51
1999-04-26,0.0,0.96,0.01
1999-04-27,0.0,9.53,4.74
1999-04-28,20.07,8.7,3.11
1999-04-29,11.97,5.41,4.85
1999-04-30,5.99,1.19,0.02
1999-05-01,0.0,0.0,0.0
1999-05-02,0.0,0.0,0.0
1999-05-03,0.0,0.0,0.0
1999-05-04,0.0,3.42,0.0
1999-05-05,6.11,1.99,3.3
1999-05-06,0.53,15.76,0.06
1999-05-07,58.09,45.76,56.74
1999-05-08,10.05,13.54,0.0
1999-05-09,0.0,0.0,0.0
1999-05-10,0.0,0.0,0.0
1999-05-11,0.0,1.32,4.06
1999-05-12,0.0,10.22,11.59
1999-05-13,2.31,3.36,1.86
1999-05-14,0.0,0.04,0.65
1999-05-15,0.0,0.0,0.0
1999-05-16,0.0,0.0,0.0
1999-05-17,0.0,0.0,0.0
1999-05-18,0.0,0.0,0.0
1999-05-19,0.0,0.0,0.0
1999-05-20,0.0,0.0,0.0
1999-05-21,0.0,3.26,2.17
1999-05-22,0.0,4.53,5.71
1999-05-23,0.0,1.15,0.24
1999-05-24,0.0,0.0,0.62
1999-05-25,0.0,0.0,0.0
1999-05-26,0.0,3.6,6.06
1999-05-27,9.0,3.86,12.1
1999-05-28,0.0,0.97,0.0
1999-05-29,0.0,14.73,12.2
1999-05-30,26.24,4.9,0.0
1999-05-31,0.0,0.0,2.92
1999-06-01,0.0,2.4,1.37
1999-06-02,0.0,0.8,0.0
1999-06-03,0.0,0.24,0.0
1999-06-04,2.34,6.36,0.49
1999-06-05,7.16,2.67,8.47
1999-06-06,9.91,7.94,11.0
1999-06-07,12.34,10.0,4.87
1999-06-08,16.3,5.57,1.09
1999-06-09,0.0,1.14,0.03
1999-06-10,0.0,21.51,20.3
1999-06-11,1.04,10.54,5.12
1999-06-12,11.82,4.27,11.26
1999-06-13,0.0,6.58,0.83
1999-06-14,19.33,9.6,14.28
1999-06-15,0.43,3.05,8.75
1999-06-16,0.0,0.51,2.98
1999-06-17,8.54,0.2,0.26
1999-06-18,0.0,0.03,0.0
1999-06-19,0.0,0.0,0.0
1999-06-20,0.0,0.09,0.27
1999-06-21,3.92,1.23,0.78
1999-06-22,0.0,6.25,5.86
1999-06-23,2.92,3.72,5.53
1999-06-24,8.02,1.68,1.78
1999-06-25,8.36,4.99,15.23
1999-06-26,3.28,3.04,0.63
1999-06-27,12.5,17.45,20.5
1999-06-28,10.76,12.3,18.59
1999-06-29,2.04,7.85,3.67
1999-06-30,20.49,5.3,23.87
1999-07-01,0.14,2.65,1.78
1999-07-02,6.28,2.04,0.09
1999-07-03,7.49,5.59,1.73
1999-07-04,9.08,5.41,9.81
1999-07-05,0.0,3.11,0.69
1999-07-06,20.2,20.49,1.71
1999-07-07,20.93,7.47,34.47
1999-07-08,0.0,0.8,0.31
1999-07-09,0.0,9.03,7.15
1999-07-10,11.2,7.82,8.67
1999-07-11,5.46,4.86,1.66
1999-07-12,17.31,13.68,2.47
1999-07-13,24.71,31.52,43.82
1999-07-14,15.57,11.38,1.26
1999-07-15,0.0,5.51,6.69
1999-07-16,22.25,10.15,10.38
1999-07-17,33.74,15.53,13.38
1999-07-18,22.44,9.29,8.42
1999-07-19,27.34,5.1,10.09
1999-07-20,0.0,1.14,0.01
1999-07-21,0.0,0.0,0.02
1999-07-22,0.0,0.38,0.0
1999-07-23,0.0,0.13,0.68
1999-07-24,0.0,0.01,1.19
1999-07-25,23.29,9.16,4.02
1999-07-26,0.0,3.05,0.04
1999-07-27,0.0,4.19,2.35
1999-07-28,0.0,1.4,0.71
1999-07-29,0.0,0.01,0.01
1999-07-30,0.0,0.08,0.09
1999-07-31,0.0,0.02,0.02
1999-08-01,0.0,0.0,2.1
1999-08-02,0.0,1.65,1.82
1999-08-03,22.51,13.73,5.45
1999-08-04,0.0,4.39,4.72
1999-08-05,0.0,0.0,0.0
1999-08-06,0.0,0.3,0.0
1999-08-07,0.0,3.54,2.59
1999-08-08,22.48,12.93,15.92
1999-08-09,11.28,4.3,2.48
1999-08-10,3.72,0.85,4.68
1999-08-11,0.0,0.57,0.16
1999-08-12,0.0,0.51,0.0
1999-08-13,0.63,4.84,0.62
1999-08-14,39.71,26.7,19.73
1999-08-15,7.15,9.79,14.96
1999-08-16,14.33,0.67,4.18
1999-08-17,0.0,0.07,0.4
1999-08-18,0.0,1.37,0.5
1999-08-19,0.0,0.48,0.08
1999-08-20,0.0,0.31,1.12
1999-08-21,4.6,3.95,3.47
1999-08-22,0.0,6.0,3.87
1999-08-23,0.0,2.13,0.27
1999-08-24,0.0,1.52,0.57
1999-08-25,1.71,7.26,6.42
1999-08-26,0.0,2.27,0.12
1999-08-27,0.0,0.0,0.0
1999-08-28,0.0,0.0,0.0
1999-08-29,0.0,0.0,1.57
1999-08-30,0.0,0.0,0.58
1999-08-31,0.0,0.0,0.0
1999-09-01,0.0,0.0,0.0
1999-09-02,0.0,0.0,0.0
1999-09-03,0.0,0.0,0.0
1999-09-04,0.0,0.0,0.0
1999-09-05,0.0,2.24,1.96
1999-09-06,0.0,0.75,5.03
1999-09-07,0.0,1.9,15.2
1999-09-08,0.0,1.04,4.7
1999-09-09,16.01,35.16,46.46
1999-09-10,0.0,11.68,0.26
1999-09-11,0.0,0.0,0.0
1999-09-12,0.0,0.0,0.0
1999-09-13,0.0,0.24,0.0
1999-09-14,0.0,0.08,0.0
1999-09-15,0.0,0.0,0.0
1999-09-16,0.0,0.0,0.0
1999-09-17,0.0,0.0,0.0
1999-09-18,0.0,4.98,0.0
1999-09-19,14.14,6.03,1.69
1999-09-20,17.98,9.98,5.46
1999-09-21,5.46,2.84,3.28
1999-09-22,0.0,0.0,0.0
1999-09-23,0.0,0.0,0.0
1999-09-24,0.0,0.0,0.0
1999-09-25,0.0,0.87,0.0
1999-09-26,0.0,5.35,1.25
1999-09-27,26.22,41.53,24.92
1999-09-28,6.27,13.32,5.13
1999-09-29,0.0,0.01,0.24
1999-09-30,0.0,0.0,0.0
1999-10-01,0.0,0.0,0.0
1999-10-02,0.0,1.87,0.0
1999-10-03,0.0,0.84,0.0
1999-10-04,9.38,5.11,4.22
1999-10-05,0.0,1.68,0.62
1999-10-06,0.0,0.0,0.05
1999-10-07,0.0,0.11,0.0
1999-10-08,0.0,0.69,0.75
1999-10-09,8.48,8.31,18.26
1999-10-10,22.66,8.14,20.96
1999-10-11,15.9,12.14,41.97
1999-10-12,0.0,3.44,0.5
1999-10-13,0.0,0.0,0.0
1999-10-14,0.0,0.0,0.0
1999-10-15,0.0,0.0,0.0
1999-10-16,0.0,0.0,0.0
1999-10-17,0.0,0.0,0.0
1999-10-18,0.0,0.0,0.0
1999-10-19,0.0,0.0,0.0
1999-10-20,0.0,0.0,0.0
1999-10-21,0.0,0.51,0.45
1999-10-22,0.0,0.17,0.09
1999-10-23,0.0,0.0,0.0
1999-10-24,0.0,0.0,0.0
1999-10-25,0.0,0.0,0.0
1999-10-26,0.0,0.0,0.0
1999-10-27,0.0,0.0,0.0
1999-10-28,0.0,0.0,0.0
1999-10-29,0.0,0.0,0.0
1999-10-30,0.0,0.0,0.0
1999-10-31,0.0,5.73,0.0
1999-11-01,62.67,36.87,46.9
1999-11-02,0.0,11.65,1.02
1999-11-03,0.0,0.0,0.05
1999-11-04,0.0,0.0,0.0
1999-11-05,0.0,0.0,0.0
1999-11-06,0.0,0.0,0.0
1999-11-07,0.0,0.0,0.0
1999-11-08,0.0,0.0,0.0
1999-11-09,0.0,0.0,0.0
1999-11-10,0.0,0.0,0.0
1999-11-11,0.0,0.0,0.0
1999-11-12,0.0,0.0,0.0
1999-11-13,0.0,0.0,0.0
1999-11-14,0.0,0.0,0.0
1999-11-15,0.0,0.0,0.0
1999-11-16,0.0,0.0,0.0
1999-11-17,0.0,0.0,0.0
1999-11-18,0.0,0.0,0.0
1999-11-19,0.0,0.0,0.0
1999-11-20,0.0,0.1,0.38
1999-11-21,0.0,2.14,3.93
1999-11-22,0.0,0.7,0.01
1999-11-23,0.0,0.06,0.0
1999-11-24,0.0,1.11,0.08
1999-11-25,1.1,0.77,4.28
1999-11-26,0.0,0.14,7.46
1999-11-27,0.0,0.01,0.0
1999-11-28,0.0,0.0,0.0
1999-11-29,0.0,0.0,0.07
1999-11-30,0.0,0.0,0.0
1999-12-01,0.0,0.0,0.0
1999-12-02,0.0,0.0,0.0
1999-12-03,0.0,0.0,0.0
1999-12-04,0.0,1.31,0.0
1999-12-05,0.0,2.74,0.0
1999-12-06,5.17,0.77,2.78
1999-12-07,0.0,0.0,0.0
1999-12-08,0.0,0.05,0.0
1999-12-09,0.0,0.1,0.0
1999-12-10,0.0,0.19,0.0
1999-12-11,0.0,3.32,0.0
1999-12-12,0.0,4.45,0.0
1999-12-13,6.5,5.7,21.84
1999-12-14,7.94,1.57,0.41
1999-12-15,0.0,0.02,0.0
1999-12-16,0.0,0.0,0.0
1999-12-17,0.0,3.03,0.0
1999-12-18,15.02,3.09,0.0
1999-12-19,9.2,4.02,22.7
1999-12-20,0.0,12.76,1.38
1999-12-21,23.75,15.45,25.4
1999-12-22,16.77,3.87,1.39
1999-12-23,0.0,0.01,0.0
1999-12-24,0.0,0.0,0.0
1999-12-25,0.0,0.0,0.0
1999-12-26,0.0,0.0,0.0
1999-12-27,0.0,0.0,0.0
1999-12-28,0.0,0.0,0.0
1999-12-29,0.0,0.0,0.0
1999-12-30,0.0,0.58,0.0
1999-12-31,0.0,0.19,0.91
2000-01-01,0.0,0.58,0.14
2000-01-02,0.0,0.38,0.02
2000-01-03,0.0,0.21,0.09
2000-01-04,3.0,2.46,3.88
2000-01-05,0.0,0.8,0.0
2000-01-06,0.0,0.0,0.02
2000-01-07,0.0,0.01,0.0
2000-01-08,0.0,2.3,0.03
2000-01-09,11.16,3.25,0.76
2000-01-10,16.72,6.15,7.97
2000-01-11,0.0,1.77,1.38
2000-01-12,0.0,0.0,0.37
2000-01-13,0.0,1.65,1.48
2000-01-14,0.0,0.55,2.12
2000-01-15,0.0,0.0,0.0
2000-01-16,0.0,0.0,0.0
2000-01-17,0.0,0.0,0.0
2000-01-18,0.0,0.74,0.0
2000-01-19,3.0,0.57,2.36
2000-01-20,0.0,0.11,0.0
2000-01-21,0.0,0.0,0.0
2000-01-22,0.0,6.11,0.0
2000-01-23,28.07,13.91,13.51
2000-01-24,33.57,9.99,16.65
2000-01-25,0.0,2.01,0.0
2000-01-26,0.0,0.0,0.0
2000-01-27,0.0,0.59,0.0
2000-01-28,4.0,2.99,3.02
2000-01-29,3.02,1.72,1.18
2000-01-30,6.28,4.86,5.24
2000-01-31,0.0,1.53,0.0
2000-02-01,0.0,0.0,0.0
2000-02-02,0.0,0.0,0.0
2000-02-03,0.0,0.0,0.0
2000-02-04,0.0,0.0,0.0
2000-02-05,0.0,0.0,0.0
2000-02-06,0.0,0.0,0.0
2000-02-07,0.0,0.0,0.0
2000-02-08,0.0,0.0,0.0
2000-02-09,0.0,0.0,0.0
2000-02-10,0.0,0.0,0.0
2000-02-11,0.0,0.0,0.0
2000-02-12,0.0,1.24,0.02
2000-02-13,0.0,3.95,0.09
2000-02-14,11.39,5.45,15.34
2000-02-15,0.0,1.47,0.0
2000-02-16,0.0,0.02,0.0
2000-02-17,0.0,0.0,0.1
2000-02-18,0.0,0.0,0.0
2000-02-19,0.0,0.49,0.03
2000-02-20,0.0,0.16,0.66
2000-02-21,0.0,0.0,0.2
2000-02-22,0.0,0.0,0.0
2000-02-23,0.0,0.0,0.48
2000-02-24,0.0,0.0,0.0
2000-02-25,0.0,0.0,0.0
2000-02-26,0.0,1.2,0.0
2000-02-27,21.21,14.67,27.63
2000-02-28,0.0,4.76,0.0
2000-02-29,0.0,2.38,0.0
2000-03-01,0.0,0.0,0.0
2000-03-02,0.0,0.07,0.0
2000-03-03,0.0,0.08,0.0
2000-03-04,0.0,0.02,0.01
2000-03-05,0.0,0.0,0.0
2000-03-06,0.0,1.22,0.0
2000-03-07,0.0,0.41,0.0
2000-03-08,0.0,0.0,0.0
2000-03-09,0.0,0.0,0.0
2000-03-10,0.0,0.12,0.0
2000-03-11,12.46,1.18,2.23
2000-03-12,0.0,0.38,4.89
2000-03-13,0.0,5.15,0.02
2000-03-14,0.0,1.98,0.02
2000-03-15,0.0,3.52,0.0
2000-03-16,24.27,16.51,39.19
2000-03-17,0.0,5.48,2.01
2000-03-18,0.0,1.16,0.0
2000-03-19,16.97,12.03,4.79
2000-03-20,15.51,5.24,12.08
2000-03-21,0.0,0.45,0.0
2000-03-22,0.0,0.0,0.0
2000-03-23,0.0,0.59,0.0
2000-03-24,0.0,0.2,0.0
2000-03-25,0.0,0.07,0.0
2000-03-26,11.47,6.86,7.37
2000-03-27,10.61,2.65,3.42
2000-03-28,0.0,0.12,0.0
2000-03-29,16.38,4.11,0.0
2000-03-30,9.39,7.03,26.45
2000-03-31,0.0,1.89,0.11
2000-04-01,0.0,0.0,0.0
2000-04-02,0.0,0.04,0.1
2000-04-03,0.0,0.54,0.11
2000-04-04,3.04,1.21,3.48
2000-04-05,0.0,0.35,0.0
2000-04-06,0.0,0.03,0.0
2000-04-07,0.0,0.01,0.0
2000-04-08,0.0,0.16,0.31
2000-04-09,0.0,0.05,0.0
2000-04-10,0.0,0.0,0.0
2000-04-11,0.0,0.0,0.0
2000-04-12,0.0,0.0,0.0
2000-04-13,0.0,0.0,0.0
2000-04-14,0.0,0.0,0.0
2000-04-15,0.0,0.0,0.14
2000-04-16,0.0,1.98,0.04
2000-04-17,0.0,1.3,0.0
2000-04-18,0.0,0.21,0.0
2000-04-19,0.0,0.0,0.0
2000-04-20,0.0,0.0,0.0
2000-04-21,0.0,0.0,0.0
2000-04-22,0.0,0.0,0.0
2000-04-23,0.0,0.67,0.0
2000-04-24,22.61,14.43,26.15
2000-04-25,0.0,4.74,0.7
2000-04-26,0.0,0.07,0.0
2000-04-27,0.0,2.89,0.0
2000-04-28,4.19,3.03,4.4
2000-04-29,0.0,0.69,0.0
2000-04-30,0.0,0.02,0.0
2000-05-01,0.0,0.01,0.0
2000-05-02,0.0,0.0,0.0
2000-05-03,0.0,0.0,0.0
2000-05-04,0.0,0.0,0.0
2000-05-05,0.0,0.0,0.0
2000-05-06,0.0,0.0,0.0
2000-05-07,0.0,0.0,0.0
2000-05-08,0.0,0.0,0.0
2000-05-09,0.0,0.0,0.0
2000-05-10,0.0,0.0,0.0
2000-05-11,0.0,0.0,0.0
2000-05-12,0.0,0.0,0.0
2000-05-13,0.0,0.0,0.0
2000-05-14,0.0,0.0,0.03
2000-05-15,0.0,0.0,0.0
2000-05-16,0.0,0.0,0.0
2000-05-17,0.0,0.0,0.0
2000-05-18,0.0,0.0,0.0
2000-05-19,0.0,0.0,0.0
2000-05-20,0.0,0.0,0.0
2000-05-21,0.0,0.0,0.0
2000-05-22,14.11,1.66,1.25
2000-05-23,0.0,0.55,0.6
2000-05-24,0.0,0.0,0.0
2000-05-25,0.0,0.02,0.0
2000-05-26,0.0,7.4,3.2
2000-05-27,0.0,2.47,0.02
2000-05-28,0.0,0.0,0.0
2000-05-29,0.0,0.0,0.0
2000-05-30,0.0,0.0,0.51
2000-05-31,0.0,0.0,0.0
2000-06-01,0.0,0.0,0.0
2000-06-02,0.0,0.0,0.0
2000-06-03,0.0,0.0,0.0
2000-06-04,0.0,0.0,0.0
2000-06-05,0.12,1.77,3.11
2000-06-06,2.88,0.59,0.0
2000-06-07,0.0,0.0,0.0
2000-06-08,0.0,0.0,0.0
2000-06-09,0.0,0.0,0.0
2000-06-10,0.0,0.04,0.0
2000-06-11,0.0,0.01,0.0
2000-06-12,0.0,1.3,0.18
2000-06-13,7.82,0.44,0.05
2000-06-14,0.0,0.0,0.22
2000-06-15,0.0,0.59,0.83
2000-06-16,5.01,1.53,0.24
2000-06-17,8.89,3.18,2.36
2000-06-18,11.87,2.49,1.65
2000-06-19,0.0,3.18,1.18
2000-06-20,15.37,2.37,0.41
2000-06-21,15.35,11.67,5.07
2000-06-22,0.0,4.52,2.16
2000-06-23,10.39,7.33,4.3
2000-06-24,18.45,5.03,17.83
2000-06-25,7.56,3.22,6.62
2000-06-26,7.99,2.22,6.79
2000-06-27,0.0,3.42,1.78
2000-06-28,13.92,8.68,13.88
2000-06-29,11.22,10.97,8.34
2000-06-30,7.04,2.8,3.73
2000-07-01,0.0,2.13,0.99
2000-07-02,0.0,0.71,0.07
2000-07-03,0.0,0.0,0.0
2000-07-04,0.0,0.0,0.0
2000-07-05,0.0,0.0,0.0
2000-07-06,0.0,0.0,0.0
2000-07-07,0.0,0.0,0.0
2000-07-08,0.0,1.77,0.52
2000-07-09,0.0,0.59,0.0
2000-07-10,0.0,0.1,0.06
2000-07-11,0.0,0.53,0.16
2000-07-12,21.49,5.72,9.87
2000-07-13,17.53,15.29,6.52
2000-07-14,41.15,8.5,3.75
2000-07-15,0.0,1.34,0.13
2000-07-16,0.0,0.0,0.0
2000-07-17,0.0,0.0,2.45
2000-07-18,0.0,0.0,0.0
2000-07-19,0.0,1.16,0.0
2000-07-20,0.0,2.27,0.53
2000-07-21,0.0,0.86,0.5
2000-07-22,9.32,4.34,3.35
2000-07-23,16.15,21.46,12.07
2000-07-24,13.05,21.02,5.25
2000-07-25,13.2,6.23,8.99
2000-07-26,5.0,3.67,1.42
2000-07-27,0.39,1.06,2.42
2000-07-28,0.0,12.67,0.0
2000-07-29,0.0,5.49,14.43
2000-07-30,0.22,1.64,0.0
2000-07-31,7.4,3.59,1.72
2000-08-01,11.75,4.05,5.75
2000-08-02,8.12,10.22,6.93
2000-08-03,14.63,6.49,2.45
2000-08-04,22.75,32.24,19.68
2000-08-05,2.78,13.99,0.95
2000-08-06,0.0,1.21,0.0
2000-08-07,0.0,0.0,0.08
2000-08-08,0.0,1.25,0.48
2000-08-09,0.88,25.54,0.0
2000-08-10,0.0,9.25,19.19
2000-08-11,0.0,31.29,25.69
2000-08-12,0.0,10.34,0.32
2000-08-13,0.0,0.0,0.0
2000-08-14,0.0,0.0,0.0
2000-08-15,0.0,0.0,0.0
2000-08-16,0.0,0.0,0.0
2000-08-17,0.0,0.0,0.0
2000-08-18,0.0,0.07,2.33
2000-08-19,0.0,0.02,1.71
2000-08-20,0.0,11.54,8.98
2000-08-21,0.99,5.56,5.74
2000-08-22,0.0,0.57,0.01
2000-08-23,0.0,0.0,0.0
2000-08-24,0.0,0.0,0.0
2000-08-25,0.0,4.46,15.7
2000-08-26,0.0,1.49,0.26
2000-08-27,0.0,5.74,0.0
2000-08-28,0.0,1.91,3.06
2000-08-29,0.0,0.0,0.0
2000-08-30,0.0,0.0,0.0
2000-08-31,0.0,1.12,0.28
2000-09-01,28.03,18.67,10.16
2000-09-02,19.97,7.84,9.92
2000-09-03,0.0,1.4,0.23
2000-09-04,18.87,7.38,0.88
2000-09-05,27.29,20.2,25.56
2000-09-06,59.25,56.21,47.05
2000-09-07,35.49,17.29,2.13
2000-09-08,0.0,0.18,0.02
2000-09-09,0.0,1.81,0.0
2000-09-10,0.0,2.18,0.34
2000-09-11,0.0,0.56,0.0
2000-09-12,0.0,0.01,0.0
2000-09-13,0.0,0.0,0.0
2000-09-14,0.0,0.02,0.09
2000-09-15,0.0,0.44,0.15
2000-09-16,0.0,1.06,0.0
2000-09-17,18.62,11.51,3.83
2000-09-18,17.53,4.71,6.04
2000-09-19,0.0,0.33,0.0
2000-09-20,0.0,0.16,0.03
2000-09-21,3.31,32.07,5.04
2000-09-22,111.2,121.26,46.49
2000-09-23,18.15,39.94,6.7
2000-09-24,0.0,1.87,0.17
2000-09-25,0.0,0.83,0.01
2000-09-26,8.07,0.27,1.4
2000-09-27,0.0,0.03,0.0
2000-09-28,0.0,0.0,0.0
2000-09-29,0.0,0.0,0.0
2000-09-30,0.0,0.0,0.0
2000-10-01,0.0,0.0,0.0
2000-10-02,0.0,0.0,0.0
2000-10-03,0.0,0.0,0.0
2000-10-04,0.0,0.0,0.0
2000-10-05,0.0,0.58,0.0
2000-10-06,13.43,19.16,13.71
2000-10-07,0.0,6.32,0.0
2000-10-08,0.0,0.0,0.0
2000-10-09,0.0,0.0,0.0
2000-10-10,0.0,0.0,0.0
2000-10-11,0.0,0.0,0.0
2000-10-12,0.0,0.0,0.0
2000-10-13,0.0,0.0,0.0
2000-10-14,0.0,0.0,0.0
2000-10-15,0.0,0.0,0.0
2000-10-16,0.0,0.0,0.0
2000-10-17,0.0,0.0,0.0
2000-10-18,0.0,0.0,0.0
2000-10-19,0.0,0.0,0.0
2000-10-20,0.0,0.0,0.0
2000-10-21,0.0,0.0,0.0
2000-10-22,0.0,0.0,0.0
2000-10-23,0.0,0.0,0.0
2000-10-24,0.0,0.0,0.0
2000-10-25,0.0,0.0,0.0
2000-10-26,0.0,0.0,0.0
2000-10-27,0.0,0.0,0.0
2000-10-28,0.0,0.0,0.0
2000-10-29,0.0,0.0,0.0
2000-10-30,0.0,0.0,0.0
2000-10-31,0.0,0.0,0.0
2000-11-01,0.0,0.0,0.0
2000-11-02,0.0,0.0,0.0
2000-11-03,0.0,0.0,0.0
2000-11-04,0.0,0.0,0.0
2000-11-05,0.0,0.0,0.0
2000-11-06,0.0,0.0,0.0
2000-11-07,0.0,0.0,0.0
2000-11-08,0.0,0.71,0.0
2000-11-09,11.03,7.0,6.75
2000-11-10,0.0,2.26,0.09
2000-11-11,0.0,0.0,0.0
2000-11-12,0.0,0.33,0.0
2000-11-13,0.0,2.52,0.0
2000-11-14,7.71,1.63,3.33
2000-11-15,0.0,0.35,0.0
2000-11-16,4.42,4.5,0.0
2000-11-17,9.98,5.98,5.61
2000-11-18,2.7,4.93,2.05
2000-11-19,12.34,7.14,7.28
2000-11-20,6.61,2.0,0.2
2000-11-21,0.0,0.0,0.0
2000-11-22,0.0,0.0,0.0
2000-11-23,0.0,5.93,0.02
2000-11-24,51.31,20.03,3.77
2000-11-25,55.75,9.48,9.13
2000-11-26,0.0,1.15,0.0
2000-11-27,0.0,0.0,0.0
2000-11-28,0.0,0.0,0.0
2000-11-29,0.0,0.0,0.0
2000-11-30,0.0,0.0,0.0
2000-12-01,0.0,0.04,0.0
2000-12-02,0.0,0.01,0.0
2000-12-03,0.0,0.0,0.0
2000-12-04,0.0,0.0,0.0
2000-12-05,0.0,0.0,0.0
2000-12-06,0.0,0.0,0.0
2000-12-07,0.0,0.0,0.0
2000-12-08,0.0,0.0,0.0
2000-12-09,0.0,5.94,0.0
2000-12-10,5.75,1.98,2.21
2000-12-11,0.0,0.1,0.0
2000-12-12,0.0,0.03,0.12
2000-12-13,0.0,0.57,0.25
2000-12-14,7.72,2.62,4.82
2000-12-15,2.59,4.18,0.07
2000-12-16,1.59,4.21,0.15
2000-12-17,0.0,1.52,6.32
2000-12-18,0.0,1.79,0.0
2000-12-19,3.98,2.89,2.43
2000-12-20,0.0,1.27,0.0
2000-12-21,0.0,1.13,0.0
2000-12-22,3.0,0.32,0.83
2000-12-23,0.0,0.0,0.0
2000-12-24,0.0,0.0,0.0
2000-12-25,0.0,0.0,0.0
2000-12-26,0.0,1.06,0.0
2000-12-27,0.0,13.06,0.0
2000-12-28,26.29,21.53,28.0
2000-12-29,16.63,5.76,0.25
2000-12-30,0.0,0.0,0.0
2000-12-31,8.32,0.0,0.0
2001-01-01,0.0,0.0,0.0
2001-01-02,0.0,0.0,0.0
2001-01-03,0.0,0.0,0.0
2001-01-04,0.0,0.0,0.0
2001-01-05,0.0,0.0,0.0
2001-01-06,0.0,0.0,0.0
2001-01-07,0.0,0.45,0.0
2001-01-08,5.64,2.29,2.14
2001-01-09,0.0,0.71,0.0
2001-01-10,0.0,0.59,0.0
2001-01-11,6.74,9.64,1.0
2001-01-12,0.0,3.15,3.79
2001-01-13,0.0,0.0,0.0
2001-01-14,0.0,0.0,0.0
2001-01-15,0.0,0.0,0.0
2001-01-16,0.0,0.0,0.11
2001-01-17,0.0,0.0,0.01
2001-01-18,0.0,0.44,0.0
2001-01-19,12.04,11.87,4.98
2001-01-20,12.03,4.38,2.26
2001-01-21,0.0,0.16,0.0
2001-01-22,0.0,0.0,0.0
2001-01-23,0.0,0.0,0.0
2001-01-24,0.0,0.0,0.0
2001-01-25,0.0,0.0,0.0
2001-01-26,0.0,0.0,0.0
2001-01-27,0.0,0.0,0.0
2001-01-28,0.0,0.57,0.0
2001-01-29,0.0,3.32,0.0
2001-01-30,11.0,7.23,8.44
2001-01-31,10.86,10.1,6.07
2001-02-01,5.56,3.32,0.8
2001-02-02,4.63,0.95,1.0
2001-02-03,0.0,0.56,0.12
2001-02-04,1.81,0.49,0.22
2001-02-05,0.0,0.13,0.0
2001-02-06,0.0,0.0,0.0
2001-02-07,0.0,0.0,0.03
2001-02-08,0.0,0.0,0.0
2001-02-09,0.0,1.47,0.01
2001-02-10,5.0,1.96,3.24
2001-02-11,0.0,0.49,0.0
2001-02-12,0.0,0.0,0.0
2001-02-13,0.0,0.0,0.0
2001-02-14,0.0,0.0,0.02
2001-02-15,0.0,0.04,0.08
2001-02-16,0.0,0.53,0.5
2001-02-17,2.0,0.34,0.69
2001-02-18,0.0,0.06,0.0
2001-02-19,0.0,0.0,0.0
2001-02-20,0.0,0.0,0.0
2001-02-21,0.0,0.0,0.0
2001-02-22,0.02,2.32,1.47
2001-02-23,0.0,0.77,0.0
2001-02-24,0.0,0.46,0.0
2001-02-25,0.0,0.77,0.0
2001-02-26,0.72,0.21,1.25
2001-02-27,0.0,0.0,0.03
2001-02-28,0.0,2.16,1.56
2001-03-01,5.72,7.29,8.54
2001-03-02,4.1,3.3,0.29
2001-03-03,0.0,13.88,0.82
2001-03-04,30.12,12.48,22.59
2001-03-05,0.0,2.66,0.0
2001-03-06,0.0,0.0,0.0
2001-03-07,0.0,0.0,0.0
2001-03-08,0.0,0.51,0.0
2001-03-09,0.0,12.0,9.13
2001-03-10,3.06,3.94,0.1
2001-03-11,0.0,0.7,0.0
2001-03-12,50.19,26.99,1.41
2001-03-13,43.71,10.84,37.83
2001-03-14,6.19,14.97,0.03
2001-03-15,25.91,10.96,32.82
2001-03-16,0.0,3.26,0.01
2001-03-17,17.14,12.0,0.67
2001-03-18,16.33,11.28,11.02
2001-03-19,17.84,18.94,2.86
2001-03-20,26.24,12.34,24.12
2001-03-21,0.0,2.28,0.17
2001-03-22,0.0,0.0,0.0
2001-03-23,0.0,0.0,0.0
2001-03-24,0.0,0.62,0.02
2001-03-25,8.07,3.8,4.06
2001-03-26,0.0,1.2,0.0
2001-03-27,0.0,1.84,0.0
2001-03-28,18.75,9.24,0.0
2001-03-29,25.75,24.32,26.59
2001-03-30,8.45,7.24,1.91
2001-03-31,0.0,0.03,0.29
2001-04-01,0.0,0.0,0.01
2001-04-02,0.0,0.05,0.0
2001-04-03,2.72,6.16,0.02
2001-04-04,11.33,12.51,14.53
2001-04-05,0.0,3.49,0.0
2001-04-06,0.0,0.0,0.08
2001-04-07,0.0,0.0,0.0
2001-04-08,0.0,0.0,0.0
2001-04-09,0.0,0.0,0.0
2001-04-10,0.0,0.0,0.0
2001-04-11,0.0,0.0,0.03
2001-04-12,0.0,0.0,0.05
2001-04-13,0.0,0.0,0.0
2001-04-14,0.0,6.06,3.03
2001-04-15,0.0,3.08,0.75
2001-04-16,0.0,0.35,0.8
2001-04-17,0.0,0.0,0.0
2001-04-18,0.0,0.0,0.0
2001-04-19,0.0,0.0,0.0
2001-04-20,0.0,0.0,0.0
2001-04-21,0.0,0.0,0.0
2001-04-22,0.0,0.0,0.0
2001-04-23,0.0,1.76,0.0
2001-04-24,0.0,0.77,0.06
2001-04-25,4.13,0.99,1.19
2001-04-26,0.0,0.31,0.0
2001-04-27,0.0,0.0,0.0
2001-04-28,0.0,0.0,0.0
2001-04-29,0.0,0.0,0.0
2001-04-30,0.0,0.0,0.0
2001-05-01,0.0,0.0,0.0
2001-05-02,0.0,0.37,0.0
2001-05-03,0.0,0.12,0.18
2001-05-04,0.0,0.0,0.0
2001-05-05,0.0,0.0,0.0
2001-05-06,0.0,0.0,0.0
2001-05-07,0.0,0.0,0.0
2001-05-08,0.0,0.0,0.0
2001-05-09,0.0,0.14,0.0
2001-05-10,0.0,0.05,0.0
2001-05-11,0.0,0.0,2.07
2001-05-12,0.0,6.19,0.28
2001-05-13,0.0,2.06,4.09
2001-05-14,0.0,0.0,0.0
2001-05-15,0.0,0.0,0.0
2001-05-16,0.0,0.0,0.0
2001-05-17,0.0,0.0,0.0
2001-05-18,0.0,0.0,0.0
2001-05-19,0.0,0.02,0.38
2001-05-20,11.3,10.46,11.84
2001-05-21,0.0,3.99,0.07
2001-05-22,0.0,0.44,1.22
2001-05-23,0.0,0.09,1.11
2001-05-24,0.0,0.0,0.01
2001-05-25,0.0,0.0,0.0
2001-05-26,0.0,0.0,0.0
2001-05-27,0.0,0.0,0.0
2001-05-28,0.0,3.22,5.65
2001-05-29,51.18,11.01,6.26
2001-05-30,0.0,3.5,1.77
2001-05-31,0.0,4.12,1.3
2001-06-01,7.68,7.39,4.81
2001-06-02,0.0,2.02,0.02
2001-06-03,0.0,0.86,0.0
2001-06-04,0.0,2.72,2.47
2001-06-05,0.0,0.81,0.72
2001-06-06,19.57,12.25,12.43
2001-06-07,5.3,8.4,6.56
2001-06-08,12.62,10.33,15.0
2001-06-09,16.58,14.44,10.95
2001-06-10,14.86,10.03,7.51
2001-06-11,88.93,114.01,40.27
2001-06-12,59.54,58.97,64.26
2001-06-13,0.0,7.53,4.75
2001-06-14,10.1,1.77,8.56
2001-06-15,0.0,0.56,0.0
2001-06-16,0.0,4.64,4.56
2001-06-17,1.06,1.76,0.08
2001-06-18,0.0,0.72,0.39
2001-06-19,0.0,0.61,1.71
2001-06-20,8.17,3.4,1.01
2001-06-21,0.0,3.65,0.22
2001-06-22,26.45,21.77,13.39
2001-06-23,14.92,8.91,13.15
2001-06-24,0.0,0.65,0.29
2001-06-25,0.0,0.0,0.0
2001-06-26,0.0,0.0,0.0
2001-06-27,0.0,7.66,1.06
2001-06-28,12.48,6.38,0.34
2001-06-29,12.71,8.35,4.23
2001-06-30,15.66,6.93,4.61
2001-07-01,12.87,1.62,1.65
2001-07-02,0.0,0.66,0.43
2001-07-03,15.39,10.52,4.66
2001-07-04,5.87,4.85,0.13
2001-07-05,0.0,0.98,1.12
2001-07-06,11.69,11.99,5.32
2001-07-07,0.0,4.09,0.75
2001-07-08,0.0,0.49,1.54
2001-07-09,0.0,4.16,0.41
2001-07-10,23.11,19.69,26.28
2001-07-11,23.52,8.83,2.36
2001-07-12,12.9,1.0,7.27
2001-07-13,0.0,1.13,1.83
2001-07-14,0.0,1.12,1.04
2001-07-15,0.0,0.25,0.84
2001-07-16,0.0,0.0,0.0
2001-07-17,0.0,0.31,0.0
2001-07-18,0.0,3.22,0.76
2001-07-19,12.14,7.2,3.52
2001-07-20,0.0,5.85,0.44
2001-07-21,12.71,1.32,5.36
2001-07-22,0.0,0.02,0.12
2001-07-23,0.0,2.71,0.09
2001-07-24,34.67,24.05,18.29
2001-07-25,21.47,9.17,8.04
2001-07-26,5.46,2.95,11.15
2001-07-27,6.4,2.82,1.04
2001-07-28,5.61,6.6,3.01
2001-07-29,3.95,2.55,0.44
2001-07-30,4.18,5.59,3.65
2001-07-31,18.36,16.68,25.76
2001-08-01,3.85,7.65,7.12
2001-08-02,3.8,8.0,4.75
2001-08-03,10.57,4.13,0.79
2001-08-04,0.05,18.55,0.19
2001-08-05,58.45,47.13,20.17
2001-08-06,65.08,30.16,40.47
2001-08-07,18.58,10.36,6.62
2001-08-08,1.21,2.67,2.36
2001-08-09,0.0,0.35,0.05
2001-08-10,0.0,10.47,12.55
2001-08-11,9.98,5.63,1.43
2001-08-12,5.07,6.62,1.93
2001-08-13,8.34,3.2,0.0
2001-08-14,5.67,6.19,2.44
2001-08-15,0.0,3.17,0.19
2001-08-16,5.5,8.68,0.85
2001-08-17,0.0,7.37,0.42
2001-08-18,8.08,4.89,3.13
2001-08-19,11.63,9.97,2.59
2001-08-20,0.0,2.95,0.09
2001-08-21,0.0,0.0,0.0
2001-08-22,0.0,0.0,0.0
2001-08-23,0.0,0.0,0.0
2001-08-24,0.0,0.0,0.0
2001-08-25,0.0,0.0,0.0
2001-08-26,0.0,0.0,0.04
2001-08-27,0.0,0.0,0.1
2001-08-28,0.0,0.0,0.1
2001-08-29,0.0,0.0,1.16
2001-08-30,0.0,0.16,0.24
2001-08-31,0.98,4.31,3.23
2001-09-01,16.57,7.22,3.4
2001-09-02,14.24,20.45,16.18
2001-09-03,9.82,21.09,20.01
2001-09-04,15.6,22.66,10.98
2001-09-05,0.0,5.92,0.07
2001-09-06,12.97,20.5,13.53
2001-09-07,0.0,7.71,0.05
2001-09-08,0.0,0.41,0.11
2001-09-09,0.0,0.04,0.02
2001-09-10,0.0,0.39,0.09
2001-09-11,5.21,3.04,0.91
2001-09-12,0.0,1.8,0.26
2001-09-13,2.42,0.65,3.08
2001-09-14,0.0,1.84,0.01
2001-09-15,0.0,0.57,0.0
2001-09-16,0.0,0.0,0.0
2001-09-17,0.0,1.42,0.0
2001-09-18,0.0,0.47,0.01
2001-09-19,0.0,0.94,0.0
2001-09-20,0.0,3.2,1.01
2001-09-21,0.0,0.96,0.05
2001-09-22,0.0,5.22,2.05
2001-09-23,20.65,16.59,3.99
2001-09-24,41.34,13.82,17.79
2001-09-25,0.0,9.2,0.12
2001-09-26,0.0,2.08,0.0
2001-09-27,0.0,0.0,0.07
2001-09-28,0.0,0.0,0.0
2001-09-29,0.0,0.0,0.0
2001-09-30,0.0,0.0,0.0
2001-10-01,0.0,0.0,0.0
2001-10-02,0.0,0.0,0.0
2001-10-03,0.0,0.0,0.0
2001-10-04,0.0,0.14,0.0
2001-10-05,0.0,0.45,0.03
2001-10-06,10.15,19.25,18.68
2001-10-07,0.0,6.37,0.0
2001-10-08,0.0,0.0,0.0
2001-10-09,0.0,0.0,0.0
2001-10-10,0.0,0.0,0.0
2001-10-11,0.0,0.14,0.0
2001-10-12,0.0,3.07,3.35
2001-10-13,0.0,6.08,0.23
2001-10-14,32.91,23.33,28.36
2001-10-15,0.0,7.21,0.27
2001-10-16,0.0,0.0,0.0
2001-10-17,0.0,0.0,0.0
2001-10-18,0.0,0.0,0.0
2001-10-19,0.0,0.0,0.0
2001-10-20,0.0,0.0,0.0
2001-10-21,0.0,0.0,0.0
2001-10-22,0.0,0.0,0.0
2001-10-23,0.0,0.0,0.0
2001-10-24,0.0,14.15,4.71
2001-10-25,0.0,4.72,0.12
2001-10-26,0.0,0.0,0.0
2001-10-27,0.0,0.0,0.0
2001-10-28,0.0,0.0,0.0
2001-10-29,0.0,0.0,0.0
2001-10-30,0.0,0.0,0.0
2001-10-31,0.0,0.0,0.0
2001-11-01,0.0,0.0,0.0
2001-11-02,0.0,0.0,0.0
2001-11-03,0.0,0.0,0.0
2001-11-04,0.0,0.0,0.0
2001-11-05,0.0,0.0,0.0
2001-11-06,0.0,0.0,0.0
2001-11-07,0.0,0.0,0.0
2001-11-08,0.0,0.0,0.0
2001-11-09,0.0,0.0,0.0
2001-11-10,0.0,0.0,0.0
2001-11-11,0.0,0.0,0.0
2001-11-12,0.0,0.18,0.0
2001-11-13,0.0,0.23,0.0
2001-11-14,0.0,0.06,0.42
2001-11-15,0.0,0.0,0.0
2001-11-16,0.0,0.0,0.0
2001-11-17,0.0,0.0,0.0
2001-11-18,0.0,0.0,0.0
2001-11-19,0.0,0.0,0.0
2001-11-20,0.0,0.0,0.0
2001-11-21,0.0,0.0,0.0
2001-11-22,0.0,4.4,0.0
2001-11-23,33.92,24.91,28.41
2001-11-24,0.0,8.15,0.08
2001-11-25,13.59,2.11,5.25
2001-11-26,0.0,0.66,0.03
2001-11-27,0.0,0.0,0.0
2001-11-28,0.0,0.0,0.0
2001-11-29,0.0,1.37,0.56
2001-11-30,6.03,3.51,5.49
2001-12-01,0.0,1.02,0.16
2001-12-02,0.0,0.0,0.0
2001-12-03,0.0,0.0,0.0
2001-12-04,0.0,0.0,0.02
2001-12-05,0.0,0.0,0.02
2001-12-06,0.0,0.17,0.0
2001-12-07,0.0,0.06,0.0
2001-12-08,0.0,0.79,0.42
2001-12-09,0.0,0.65,0.06
2001-12-10,3.98,0.36,0.01
2001-12-11,0.69,0.33,0.46
2001-12-12,0.0,0.09,0.0
2001-12-13,0.0,0.0,0.0
2001-12-14,0.0,0.0,0.64
2001-12-15,0.0,0.0,0.02
2001-12-16,0.0,0.63,0.0
2001-12-17,7.0,4.74,0.83
2001-12-18,0.0,1.53,5.04
2001-12-19,0.0,0.0,0.0
2001-12-20,0.0,0.0,0.0
2001-12-21,0.0,0.0,0.0
2001-12-22,0.0,4.26,0.0
2001-12-23,31.84,8.14,12.36
2001-12-24,0.0,2.62,2.4
2001-12-25,0.0,0.13,0.0
2001-12-26,0.0,0.0,0.0
2001-12-27,0.0,0.0,0.0
2001-12-28,0.0,0.0,0.0
2001-12-29,0.0,0.0,0.02
2001-12-30,0.0,0.0,0.0
2001-12-31,0.0,0.06,0.0
2002-01-01,26.18,2.97,0.67
2002-01-02,19.01,13.16,14.48
2002-01-03,0.14,4.15,0.09
2002-01-04,0.0,0.03,0.0
2002-01-05,0.0,3.73,0.0
2002-01-06,15.52,7.74,11.45
2002-01-07,1.42,2.17,0.08
2002-01-08,0.0,0.0,0.0
2002-01-09,0.0,0.0,0.0
2002-01-10,0.0,0.0,0.0
2002-01-11,0.0,2.21,0.06
2002-01-12,13.38,11.42,1.0
2002-01-13,12.42,4.58,15.3
2002-01-14,12.4,18.89,13.79
2002-01-15,37.52,6.3,0.09
2002-01-16,0.0,0.04,0.0
2002-01-17,0.0,0.0,0.0
2002-01-18,0.0,0.2,0.03
2002-01-19,0.0,2.87,0.3
2002-01-20,0.0,3.05,2.96
2002-01-21,21.54,26.35,12.64
2002-01-22,13.51,8.56,0.0
2002-01-23,0.0,0.0,0.0
2002-01-24,0.0,1.19,0.0
2002-01-25,4.57,7.51,6.59
2002-01-26,8.44,2.6,0.0
2002-01-27,8.85,8.91,8.9
2002-01-28,0.0,3.01,2.41
2002-01-29,0.0,0.02,0.11
2002-01-30,0.0,0.0,0.0
2002-01-31,0.0,0.02,0.05
2002-02-01,0.0,0.36,0.14
2002-02-02,0.0,0.12,0.08
2002-02-03,0.0,0.03,0.0
2002-02-04,0.0,0.51,0.0
2002-02-05,0.0,0.95,0.0
2002-02-06,0.0,9.42,16.44
2002-02-07,15.91,9.88,15.71
2002-02-08,0.0,2.28,0.0
2002-02-09,0.0,0.0,0.0
2002-02-10,0.0,0.0,0.0
2002-02-11,0.0,0.0,0.0
2002-02-12,0.0,0.0,0.0
2002-02-13,0.0,0.17,0.11
2002-02-14,0.0,0.06,0.02
2002-02-15,0.0,0.0,0.0
2002-02-16,0.0,0.0,0.0
2002-02-17,0.0,0.0,0.0
2002-02-18,0.0,0.0,0.0
2002-02-19,0.0,0.87,0.0
2002-02-20,2.85,10.49,22.4
2002-02-21,11.97,3.42,0.05
2002-02-22,0.0,0.01,0.0
2002-02-23,0.0,0.01,0.0
2002-02-24,0.0,0.0,0.0
2002-02-25,0.0,0.0,0.0
2002-02-26,0.0,0.0,0.06
2002-02-27,0.0,0.0,0.0
2002-02-28,0.0,5.99,0.0
2002-03-01,0.0,12.09,0.0
2002-03-02,68.47,46.96,38.47
2002-03-03,136.28,83.19,32.32
2002-03-04,0.0,22.88,0.04
2002-03-05,0.0,0.0,0.0
2002-03-06,0.0,0.0,0.0
2002-03-07,0.0,0.0,0.0
2002-03-08,0.0,0.0,0.0
2002-03-09,0.0,0.02,0.0
2002-03-10,0.0,0.01,0.34
2002-03-11,0.0,1.12,0.0
2002-03-12,18.17,12.72,19.07
2002-03-13,0.0,4.17,9.86
2002-03-14,0.0,0.02,0.04
2002-03-15,0.0,0.0,0.0
2002-03-16,0.0,0.0,0.0
2002-03-17,0.0,0.0,0.0
2002-03-18,0.0,0.0,0.03
2002-03-19,0.0,0.09,0.0
2002-03-20,0.0,3.57,0.0
2002-03-21,9.0,10.09,17.84
2002-03-22,0.0,2.97,0.0
2002-03-23,0.0,0.0,0.0
2002-03-24,0.0,0.0,0.0
2002-03-25,0.0,0.59,0.0
2002-03-26,9.53,5.81,17.27
2002-03-27,0.0,1.87,0.96
2002-03-28,0.0,0.0,0.0
2002-03-29,0.0,0.0,0.0
2002-03-30,0.0,0.79,0.0
2002-03-31,9.04,4.12,2.8
2002-04-01,10.34,1.98,14.01
2002-04-02,0.0,0.27,0.0
2002-04-03,4.08,2.58,5.91
2002-04-04,0.0,0.86,0.12
2002-04-05,0.0,0.0,0.0
2002-04-06,0.0,0.0,0.0
2002-04-07,0.0,0.0,0.0
2002-04-08,0.0,0.23,0.0
2002-04-09,0.0,1.65,7.94
2002-04-10,7.33,3.77,2.37
2002-04-11,9.86,3.24,3.89
2002-04-12,5.23,6.78,6.31
2002-04-13,4.07,3.38,2.05
2002-04-14,0.0,2.98,1.35
2002-04-15,0.44,1.32,0.18
2002-04-16,0.0,0.16,0.0
2002-04-17,0.0,0.0,0.08
2002-04-18,0.0,3.57,3.01
2002-04-19,0.0,1.39,3.91
2002-04-20,0.0,0.07,0.02
2002-04-21,0.0,0.0,0.0
2002-04-22,0.0,0.0,0.0
2002-04-23,0.0,0.0,0.0
2002-04-24,0.0,0.0,0.02
2002-04-25,0.0,0.0,0.01
2002-04-26,0.0,0.0,0.0
2002-04-27,0.0,0.0,0.0
2002-04-28,0.0,0.0,0.0
2002-04-29,0.0,0.08,0.17
2002-04-30,0.0,0.03,0.0
2002-05-01,0.0,0.0,0.0
2002-05-02,0.0,0.0,0.0
2002-05-03,0.0,0.0,0.0
2002-05-04,0.0,0.0,0.0
2002-05-05,0.0,0.0,0.0
2002-05-06,0.0,0.0,0.0
2002-05-07,0.0,0.0,0.0
2002-05-08,0.0,0.0,0.01
2002-05-09,0.0,0.0,0.0
2002-05-10,0.0,0.0,0.0
2002-05-11,0.0,0.0,0.0
2002-05-12,0.0,0.16,0.0
2002-05-13,8.41,3.03,0.62
2002-05-14,0.0,0.99,4.07
2002-05-15,0.0,0.0,0.0
2002-05-16,0.0,0.21,0.13
2002-05-17,0.0,1.84,0.06
2002-05-18,18.92,15.78,14.47
2002-05-19,14.28,9.58,13.18
2002-05-20,0.0,1.51,0.0
2002-05-21,0.0,0.0,0.0
2002-05-22,0.0,0.0,0.0
2002-05-23,0.0,0.0,0.0
2002-05-24,0.0,0.0,0.0
2002-05-25,0.0,0.0,0.0
2002-05-26,0.0,0.0,0.0
2002-05-27,0.0,0.0,0.0
2002-05-28,0.0,0.38,7.16
2002-05-29,0.0,2.52,0.8
2002-05-30,0.0,6.73,13.35
2002-05-31,0.0,1.98,0.23
2002-06-01,0.0,0.0,0.19
2002-06-02,0.0,0.0,0.04
2002-06-03,0.0,0.0,2.1
2002-06-04,0.0,2.56,2.08
2002-06-05,0.0,0.87,4.34
2002-06-06,25.44,6.12,10.94
2002-06-07,15.5,4.03,8.8
2002-06-08,21.51,9.47,8.02
2002-06-09,21.4,3.0,7.82
2002-06-10,0.0,0.1,0.13
2002-06-11,0.0,0.4,0.05
2002-06-12,0.0,0.12,0.01
2002-06-13,0.0,0.0,0.0
2002-06-14,0.0,3.14,1.61
2002-06-15,0.0,1.19,0.03
2002-06-16,0.0,0.73,0.0
2002-06-17,0.0,4.49,0.79
2002-06-18,16.49,1.98,2.37
2002-06-19,2.18,0.53,6.86
2002-06-20,9.6,0.39,0.17
2002-06-21,16.05,2.63,1.32
2002-06-22,10.98,6.78,0.03
2002-06-23,76.11,9.3,30.98
2002-06-24,18.49,8.84,5.6
2002-06-25,12.78,3.34,3.53
2002-06-26,19.18,15.65,23.34
2002-06-27,11.5,5.93,2.41
2002-06-28,0.0,3.11,1.13
2002-06-29,0.0,0.99,2.3
2002-06-30,5.25,1.86,2.39
2002-07-01,0.0,1.15,8.8
2002-07-02,0.0,0.59,0.11
2002-07-03,0.0,2.7,10.41
2002-07-04,14.84,5.17,14.8
2002-07-05,19.74,1.73,14.13
2002-07-06,0.0,0.45,0.22
2002-07-07,12.15,8.72,2.23
2002-07-08,8.63,16.13,23.32
2002-07-09,4.7,11.58,9.83
2002-07-10,0.0,2.66,0.34
2002-07-11,0.0,0.11,0.06
2002-07-12,0.0,0.48,1.55
2002-07-13,23.51,3.91,14.75
2002-07-14,11.11,4.83,14.42
2002-07-15,0.0,1.63,0.19
2002-07-16,0.0,0.15,0.0
2002-07-17,0.0,0.12,0.24
2002-07-18,0.0,0.48,0.0
2002-07-19,0.0,0.8,0.24
2002-07-20,11.16,5.16,8.97
2002-07-21,22.72,2.15,11.36
2002-07-22,9.13,4.37,4.29
2002-07-23,15.84,9.07,13.98
2002-07-24,12.2,11.15,10.4
2002-07-25,8.04,7.07,8.84
2002-07-26,10.46,2.94,1.52
2002-07-27,7.17,2.37,5.1
2002-07-28,16.69,21.58,24.53
2002-07-29,0.77,8.76,8.81
2002-07-30,16.57,1.5,8.48
2002-07-31,0.0,3.4,0.35
2002-08-01,31.41,18.86,20.99
2002-08-02,14.78,5.97,0.15
2002-08-03,0.0,4.53,1.78
2002-08-04,11.09,1.65,4.72
2002-08-05,11.54,2.3,0.97
2002-08-06,0.0,0.75,0.07
2002-08-07,0.0,0.27,0.68
2002-08-08,0.0,0.09,0.04
2002-08-09,0.0,0.0,0.0
2002-08-10,0.0,0.0,0.0
2002-08-11,0.0,0.0,0.0
2002-08-12,0.0,2.14,0.9
2002-08-13,3.51,1.46,1.53
2002-08-14,0.0,3.21,13.39
2002-08-15,0.0,1.04,0.4
2002-08-16,0.0,0.35,0.45
2002-08-17,0.0,2.81,3.64
2002-08-18,14.04,7.48,3.09
2002-08-19,13.91,19.04,6.87
2002-08-20,0.0,5.62,11.01
2002-08-21,0.0,0.14,1.21
2002-08-22,0.0,0.33,0.25
2002-08-23,0.0,0.1,0.02
2002-08-24,0.0,0.0,0.0
2002-08-25,0.0,10.36,3.94
2002-08-26,1.76,3.59,8.28
2002-08-27,13.17,9.58,11.01
2002-08-28,8.23,4.39,2.5
2002-08-29,17.01,3.51,2.15
2002-08-30,6.76,2.32,4.57
2002-08-31,9.48,1.71,5.09
2002-09-01,0.0,0.43,0.0
2002-09-02,0.0,0.0,0.0
2002-09-03,0.0,0.01,0.0
2002-09-04,0.0,0.93,0.36
2002-09-05,0.0,0.78,0.16
2002-09-06,15.54,4.2,3.76
2002-09-07,0.0,1.67,2.93
2002-09-08,0.0,0.19,0.16
2002-09-09,0.0,0.03,0.02
2002-09-10,0.0,0.0,0.0
2002-09-11,0.0,1.4,0.0
2002-09-12,1.12,31.66,0.56
2002-09-13,38.08,36.91,50.96
2002-09-14,33.98,45.42,92.46
2002-09-15,35.39,23.01,9.7
2002-09-16,0.0,3.96,0.1
2002-09-17,0.0,0.17,0.0
2002-09-18,0.0,0.44,0.0
2002-09-19,0.0,2.5,0.74
2002-09-20,11.62,1.72,2.81
2002-09-21,0.0,0.31,0.24
2002-09-22,0.0,0.59,0.01
2002-09-23,0.0,0.52,0.0
2002-09-24,15.48,26.88,32.11
2002-09-25,9.67,12.26,2.83
2002-09-26,16.04,19.41,31.3
2002-09-27,9.51,8.38,7.87
2002-09-28,0.0,0.76,0.0
2002-09-29,0.0,0.0,0.0
2002-09-30,0.0,0.0,0.13
2002-10-01,0.0,0.44,0.8
2002-10-02,0.0,0.15,0.0
2002-10-03,0.0,0.0,0.0
2002-10-04,15.36,1.42,2.56
2002-10-05,0.0,1.68,3.22
2002-10-06,2.34,4.85,0.48
2002-10-07,0.69,8.3,2.57
2002-10-08,4.41,3.32,9.53
2002-10-09,0.0,0.35,6.96
2002-10-10,0.0,0.0,0.0
2002-10-11,0.0,0.0,0.0
2002-10-12,0.0,0.3,0.0
2002-10-13,7.02,5.8,1.78
2002-10-14,16.16,18.55,1.39
2002-10-15,13.45,15.13,19.25
2002-10-16,0.0,3.19,0.3
2002-10-17,0.0,0.0,0.0
2002-10-18,0.0,0.0,0.0
2002-10-19,0.0,0.18,0.0
2002-10-20,0.0,0.09,0.0
2002-10-21,6.01,3.53,3.17
2002-10-22,0.0,2.03,0.01
2002-10-23,0.0,14.34,0.0
2002-10-24,12.25,6.87,12.22
2002-10-25,0.0,0.73,0.26
2002-10-26,0.0,0.38,0.69
2002-10-27,0.0,0.13,1.55
2002-10-28,0.0,2.69,2.05
2002-10-29,37.03,20.37,20.3
2002-10-30,0.0,6.5,27.24
2002-10-31,0.0,0.0,0.0
2002-11-01,0.0,0.0,0.0
2002-11-02,0.0,0.0,0.0
2002-11-03,0.0,1.28,0.0
2002-11-04,0.0,0.48,0.18
2002-11-05,0.0,20.13,5.84
2002-11-06,26.09,6.7,32.92
2002-11-07,0.0,0.0,0.0
2002-11-08,0.0,0.52,0.0
2002-11-09,0.0,2.64,0.44
2002-11-10,8.85,4.58,2.28
2002-11-11,7.67,30.15,1.32
2002-11-12,35.77,10.97,43.73
2002-11-13,0.0,0.45,0.15
2002-11-14,0.0,2.1,0.0
2002-11-15,0.0,6.93,0.0
2002-11-16,13.1,5.78,10.64
2002-11-17,8.11,1.24,0.34
2002-11-18,0.0,0.0,0.0
2002-11-19,0.0,0.0,0.0
2002-11-20,0.0,0.0,0.0
2002-11-21,0.0,0.0,0.0
2002-11-22,0.0,0.0,0.0
2002-11-23,0.0,0.0,0.0
2002-11-24,0.0,0.0,0.0
2002-11-25,0.0,0.0,0.0
2002-11-26,0.0,0.0,0.0
2002-11-27,0.0,0.0,0.0
2002-11-28,0.0,0.0,0.0
2002-11-29,0.0,0.0,0.0
2002-11-30,0.0,0.24,0.05
2002-12-01,0.0,0.08,0.0
2002-12-02,0.0,0.2,0.0
2002-12-03,0.0,0.11,0.0
2002-12-04,0.0,2.18,0.0
2002-12-05,11.62,11.67,9.21
2002-12-06,7.27,3.65,0.12
2002-12-07,0.0,0.0,0.0
2002-12-08,0.0,1.0,0.0
2002-12-09,2.98,2.83,1.46
2002-12-10,6.65,3.79,0.57
2002-12-11,3.02,1.55,1.79
2002-12-12,0.0,6.74,0.0
2002-12-13,15.37,6.18,15.13
2002-12-14,0.0,1.33,0.0
2002-12-15,0.0,0.0,0.0
2002-12-16,0.0,0.0,0.0
2002-12-17,0.0,0.0,0.0
2002-12-18,0.0,0.76,0.0
2002-12-19,0.0,5.4,0.0
2002-12-20,13.6,9.69,11.1
2002-12-21,0.0,2.66,0.0
2002-12-22,0.0,0.0,0.0
2002-12-23,0.0,2.25,0.07
2002-12-24,16.92,33.01,48.49
2002-12-25,48.37,10.75,0.0
2002-12-26,0.0,0.0,0.0
2002-12-27,0.0,0.0,0.0
2002-12-28,0.0,0.0,0.0
2002-12-29,0.0,0.0,0.0
2002-12-30,0.0,1.99,0.0
2002-12-31,7.45,19.5,30.67
2003-01-01,38.86,8.35,1.95
2003-01-02,0.0,0.73,0.0
2003-01-03,0.0,0.01,0.7
2003-01-04,0.0,0.0,0.0
2003-01-05,0.0,0.0,0.0
2003-01-06,0.0,0.0,0.0
2003-01-07,0.0,0.0,0.0
2003-01-08,0.0,0.0,0.0
2003-01-09,0.0,0.33,0.01
2003-01-10,0.0,0.29,0.83
2003-01-11,0.0,0.06,0.0
2003-01-12,0.0,0.77,0.06
2003-01-13,2.29,0.26,0.4
2003-01-14,0.0,0.0,0.0
2003-01-15,0.0,0.0,0.0
2003-01-16,0.0,0.0,0.01
2003-01-17,0.0,0.0,0.01
2003-01-18,0.0,0.0,0.0
2003-01-19,0.0,0.0,0.0
2003-01-20,0.0,0.0,0.0
2003-01-21,0.0,0.62,0.03
2003-01-22,0.0,0.47,0.59
2003-01-23,1.26,0.09,0.01
2003-01-24,0.0,0.0,0.0
2003-01-25,0.0,0.0,0.0
2003-01-26,0.0,0.0,0.0
2003-01-27,0.0,0.0,0.0
2003-01-28,0.0,0.0,0.0
2003-01-29,0.0,0.0,0.0
2003-01-30,0.0,1.1,0.41
2003-01-31,0.0,0.37,2.43
2003-02-01,0.0,0.0,0.0
2003-02-02,0.0,0.84,0.0
2003-02-03,0.0,2.9,0.39
2003-02-04,7.67,2.68,7.97
2003-02-05,0.0,3.81,0.0
2003-02-06,0.0,25.17,0.22
2003-02-07,26.94,8.47,32.0
2003-02-08,0.0,0.6,0.0
2003-02-09,3.98,4.62,2.55
2003-02-10,6.76,1.82,3.03
2003-02-11,0.0,0.11,0.0
2003-02-12,0.0,0.0,0.0
2003-02-13,0.0,0.0,0.0
2003-02-14,0.0,2.75,0.0
2003-02-15,0.0,9.11,0.0
2003-02-16,28.57,18.37,50.88
2003-02-17,22.18,5.21,0.2
2003-02-18,0.0,0.0,0.0
2003-02-19,0.0,0.0,0.02
2003-02-20,0.0,0.0,0.0
2003-02-21,0.0,4.16,0.11
2003-02-22,13.99,5.71,11.13
2003-02-23,0.0,1.49,0.0
2003-02-24,0.0,0.02,0.0
2003-02-25,0.0,4.88,0.0
2003-02-26,0.0,22.76,1.21
2003-02-27,68.99,35.88,52.98
2003-02-28,0.0,16.95,0.09
2003-03-01,36.45,31.84,45.76
2003-03-02,30.79,10.6,8.24
2003-03-03,27.67,10.63,10.48
2003-03-04,15.97,6.23,11.41
2003-03-05,1.88,2.64,1.71
2003-03-06,9.6,9.81,0.85
2003-03-07,22.68,19.84,27.32
2003-03-08,23.25,14.29,0.15
2003-03-09,36.55,21.92,41.19
2003-03-10,36.32,6.34,0.14
2003-03-11,0.0,0.44,0.0
2003-03-12,0.0,1.36,0.06
2003-03-13,6.94,4.46,8.76
2003-03-14,0.0,1.35,0.0
2003-03-15,0.0,0.0,0.4
2003-03-16,0.0,1.69,0.0
2003-03-17,9.69,6.21,14.81
2003-03-18,5.02,3.21,0.0
2003-03-19,25.2,2.78,5.0
2003-03-20,9.62,1.87,19.0
2003-03-21,8.46,0.36,2.12
2003-03-22,0.0,0.0,0.0
2003-03-23,0.0,0.0,0.0
2003-03-24,0.0,0.0,0.02
2003-03-25,0.0,0.0,0.0
2003-03-26,0.0,0.89,0.0
2003-03-27,6.18,1.18,11.66
2003-03-28,0.0,0.33,0.0
2003-03-29,0.0,3.22,0.52
2003-03-30,7.07,2.06,5.65
2003-03-31,0.0,0.33,0.0
2003-04-01,0.0,0.0,0.0
2003-04-02,0.0,0.0,0.0
2003-04-03,0.0,0.0,0.0
2003-04-04,0.0,0.0,0.02
2003-04-05,0.0,8.1,19.1
2003-04-06,0.0,2.7,0.0
2003-04-07,0.0,2.59,0.25
2003-04-08,18.43,15.34,21.57
2003-04-09,20.28,9.73,8.19
2003-04-10,8.17,1.64,0.0
2003-04-11,0.0,0.0,0.0
2003-04-12,0.0,0.0,0.0
2003-04-13,0.0,0.0,0.0
2003-04-14,0.0,0.0,0.0
2003-04-15,0.0,0.0,0.0
2003-04-16,0.0,0.0,0.0
2003-04-17,0.0,0.0,0.0
2003-04-18,0.0,0.0,0.02
2003-04-19,0.0,0.0,0.0
2003-04-20,0.0,0.0,0.0
2003-04-21,0.0,0.86,0.41
2003-04-22,0.0,0.29,2.33
2003-04-23,0.0,0.06,0.0
2003-04-24,0.0,1.92,0.0
2003-04-25,27.42,12.45,22.7
2003-04-26,23.11,3.94,0.0
2003-04-27,0.0,0.0,0.0
2003-04-28,0.0,0.0,0.0
2003-04-29,0.0,0.0,0.0
2003-04-30,0.0,0.0,0.0
2003-05-01,0.0,6.16,7.51
2003-05-02,0.0,2.05,1.41
2003-05-03,0.0,1.11,1.49
2003-05-04,0.0,0.37,0.18
2003-05-05,0.0,0.0,0.0
2003-05-06,0.0,0.0,0.0
2003-05-07,0.0,0.0,0.0
2003-05-08,0.0,0.0,0.0
2003-05-09,0.0,0.0,0.0
2003-05-10,0.0,0.0,0.0
2003-05-11,0.0,0.39,0.0
2003-05-12,0.0,0.13,0.65
2003-05-13,0.0,0.0,0.0
2003-05-14,0.0,0.0,0.0
2003-05-15,0.0,0.56,0.0
2003-05-16,0.0,2.65,0.22
2003-05-17,0.0,0.82,2.1
2003-05-18,0.0,2.45,0.0
2003-05-19,15.8,4.65,13.62
2003-05-20,0.0,2.81,0.11
2003-05-21,0.0,3.93,5.2
2003-05-22,39.84,27.95,75.74
2003-05-23,0.0,9.01,0.59
2003-05-24,0.0,0.03,0.0
2003-05-25,0.0,0.01,0.0
2003-05-26,0.0,1.67,0.88
2003-05-27,0.0,0.56,0.21
2003-05-28,0.0,0.0,0.0
2003-05-29,0.0,0.0,0.0
2003-05-30,0.0,0.0,0.0
2003-05-31,0.0,0.0,0.0
2003-06-01,7.62,8.68,9.07
2003-06-02,0.0,3.84,0.33
2003-06-03,15.86,7.48,13.36
2003-06-04,26.12,10.61,5.15
2003-06-05,9.96,18.11,8.68
2003-06-06,25.06,28.89,11.36
2003-06-07,39.14,31.96,63.43
2003-06-08,33.68,11.88,4.46
2003-06-09,5.14,2.12,2.31
2003-06-10,8.97,0.28,0.12
2003-06-11,0.0,2.23,0.16
2003-06-12,0.0,2.65,4.14
2003-06-13,4.18,13.86,12.49
2003-06-14,16.08,16.83,6.39
2003-06-15,0.0,5.46,7.08
2003-06-16,17.97,11.44,11.92
2003-06-17,21.6,10.35,20.87
2003-06-18,17.23,8.2,16.76
2003-06-19,22.54,11.45,9.34
2003-06-20,23.87,11.61,16.32
2003-06-21,18.06,6.6,11.19
2003-06-22,15.18,1.36,7.25
2003-06-23,0.0,0.03,0.58
2003-06-24,0.0,0.0,0.0
2003-06-25,0.0,0.0,0.0
2003-06-26,0.0,0.0,0.64
2003-06-27,0.0,0.42,0.0
2003-06-28,0.0,32.36,7.05
2003-06-29,23.01,18.65,10.98
2003-06-30,3.92,4.57,0.22
2003-07-01,29.52,25.59,4.38
2003-07-02,23.53,23.3,52.07
2003-07-03,25.06,19.75,7.27
2003-07-04,11.0,9.12,6.35
2003-07-05,15.31,1.46,1.12
2003-07-06,0.0,1.78,11.79
2003-07-07,5.03,0.74,3.13
2003-07-08,0.0,1.59,1.94
2003-07-09,0.0,1.58,0.58
2003-07-10,0.0,0.36,0.01
2003-07-11,0.0,0.0,0.23
2003-07-12,0.0,0.62,7.98
2003-07-13,0.0,0.21,2.48
2003-07-14,7.05,1.5,4.97
2003-07-15,5.39,3.28,2.96
2003-07-16,10.29,7.7,6.78
2003-07-17,6.17,8.06,3.13
2003-07-18,0.0,2.9,0.14
2003-07-19,1.75,3.37,0.54
2003-07-20,6.06,1.38,7.46
2003-07-21,12.23,4.46,3.65
2003-07-22,16.29,27.18,22.14
2003-07-23,23.01,13.84,14.15
2003-07-24,21.16,6.91,24.05
2003-07-25,18.36,3.71,15.2
2003-07-26,0.0,0.9,0.74
2003-07-27,0.0,0.12,0.92
2003-07-28,10.28,5.96,1.58
2003-07-29,0.01,4.6,7.74
2003-07-30,9.82,16.9,24.6
2003-07-31,19.0,21.59,5.68
2003-08-01,22.65,15.31,30.85
2003-08-02,0.0,4.25,2.95
2003-08-03,15.41,10.34,5.62
2003-08-04,6.88,7.22,6.86
2003-08-05,11.07,8.1,7.21
2003-08-06,4.03,7.65,7.95
2003-08-07,11.75,21.51,18.16
2003-08-08,13.8,8.58,1.83
2003-08-09,0.0,3.86,0.86
2003-08-10,13.83,2.08,3.66
2003-08-11,0.0,11.88,10.34
2003-08-12,24.96,25.86,24.46
2003-08-13,31.88,22.78,22.14
2003-08-14,2.13,10.42,7.78
2003-08-15,23.7,24.44,9.36
2003-08-16,0.0,8.03,16.35
2003-08-17,6.85,4.76,17.67
2003-08-18,23.24,1.61,5.2
2003-08-19,1.93,0.87,1.29
2003-08-20,0.0,2.12,1.3
2003-08-21,0.0,2.27,6.02
2003-08-22,0.0,0.74,2.88
2003-08-23,4.74,3.98,0.52
2003-08-24,0.0,1.31,0.04
2003-08-25,0.0,1.0,2.7
2003-08-26,0.0,0.73,0.8
2003-08-27,0.0,0.76,0.12
2003-08-28,0.0,13.14,9.26
2003-08-29,5.34,7.8,3.84
2003-08-30,14.7,3.55,15.9
2003-08-31,0.52,0.83,0.19
2003-09-01,0.0,2.43,0.4
2003-09-02,0.0,4.68,2.72
2003-09-03,14.84,4.68,1.65
2003-09-04,0.0,1.73,1.36
2003-09-05,17.68,3.63,12.0
2003-09-06,5.61,2.87,2.3
2003-09-07,0.0,0.57,3.45
2003-09-08,0.0,0.0,0.0
2003-09-09,0.0,0.0,0.0
2003-09-10,0.0,0.0,0.0
2003-09-11,0.0,0.0,0.0
2003-09-12,0.0,0.0,0.0
2003-09-13,0.0,0.0,0.0
2003-09-14,0.0,12.46,4.35
2003-09-15,0.0,4.15,0.0
2003-09-16,0.0,0.0,0.0
2003-09-17,0.0,0.0,0.0
2003-09-18,0.0,0.24,0.0
2003-09-19,0.0,0.08,0.0
2003-09-20,0.0,17.68,0.55
2003-09-21,17.3,19.34,17.52
2003-09-22,15.82,13.08,5.02
2003-09-23,0.0,3.13,3.23
2003-09-24,0.0,0.72,0.0
2003-09-25,0.0,12.29,0.0
2003-09-26,19.38,4.02,7.46
2003-09-27,0.0,0.0,0.0
2003-09-28,0.0,0.0,0.0
2003-09-29,0.0,0.0,0.0
2003-09-30,0.0,0.0,0.0
2003-10-01,0.0,0.0,0.08
2003-10-02,0.0,0.0,0.04
2003-10-03,0.0,0.0,0.0
2003-10-04,0.0,0.0,0.0
2003-10-05,0.0,0.0,0.0
2003-10-06,0.0,0.16,0.0
2003-10-07,0.0,6.28,3.5
2003-10-08,0.0,2.87,0.74
2003-10-09,0.0,0.95,0.01
2003-10-10,0.47,7.96,2.12
2003-10-11,29.91,36.56,43.58
2003-10-12,39.48,11.89,4.87
2003-10-13,0.0,0.19,0.01
2003-10-14,0.0,0.17,0.03
2003-10-15,0.0,0.06,0.08
2003-10-16,0.0,0.0,0.0
2003-10-17,0.0,0.0,0.0
2003-10-18,0.0,0.0,0.0
2003-10-19,0.0,0.0,0.0
2003-10-20,0.0,0.0,0.0
2003-10-21,0.0,0.0,0.0
2003-10-22,0.0,0.0,0.0
2003-10-23,0.0,0.0,0.0
2003-10-24,0.0,0.0,0.0
2003-10-25,0.0,0.23,0.0
2003-10-26,0.0,13.0,26.1
2003-10-27,30.35,15.84,11.0
2003-10-28,24.13,22.23,25.26
2003-10-29,12.36,6.13,5.95
2003-10-30,0.0,0.0,0.0
2003-10-31,0.0,0.0,0.0
2003-11-01,0.0,0.0,0.0
2003-11-02,0.0,0.48,0.0
2003-11-03,0.0,0.42,0.0
2003-11-04,10.0,5.27,0.5
2003-11-05,6.18,2.18,3.6
2003-11-06,0.0,0.15,0.0
2003-11-07,0.0,0.0,0.06
2003-11-08,0.0,0.0,0.0
2003-11-09,0.0,0.0,0.0
2003-11-10,0.0,0.0,0.0
2003-11-11,0.0,0.0,0.0
2003-11-12,0.0,0.0,0.0
2003-11-13,0.0,0.0,0.04
2003-11-14,0.0,0.0,0.0
2003-11-15,0.0,0.0,0.0
2003-11-16,0.0,0.0,0.0
2003-11-17,0.0,1.99,0.0
2003-11-18,0.0,7.52,1.31
2003-11-19,33.48,9.72,33.03
2003-11-20,0.0,2.48,0.0
2003-11-21,0.0,0.0,0.0
2003-11-22,0.0,0.0,0.0
2003-11-23,0.0,3.85,0.0
2003-11-24,0.02,15.71,21.58
2003-11-25,24.53,4.81,0.0
2003-11-26,0.0,0.69,0.0
2003-11-27,0.0,2.01,0.0
2003-11-28,9.98,1.79,11.37
2003-11-29,5.65,0.4,0.0
2003-11-30,0.0,1.35,0.0
2003-12-01,0.0,0.45,0.0
2003-12-02,0.0,0.42,0.0
2003-12-03,0.0,1.09,0.0
2003-12-04,0.0,1.12,2.91
2003-12-05,3.18,0.27,0.0
2003-12-06,0.0,0.0,0.07
2003-12-07,0.0,0.0,0.0
2003-12-08,0.0,0.59,0.0
2003-12-09,0.0,5.09,0.0
2003-12-10,7.52,5.8,17.03
2003-12-11,5.96,1.39,0.0
2003-12-12,0.0,1.52,0.0
2003-12-13,0.0,5.66,0.01
2003-12-14,21.0,10.04,20.25
2003-12-15,0.0,3.4,0.0
2003-12-16,0.0,1.01,0.0
2003-12-17,6.42,1.42,6.97
2003-12-18,0.0,0.38,0.0
2003-12-19,0.0,0.0,0.0
2003-12-20,0.0,0.0,0.0
2003-12-21,0.0,0.0,0.0
2003-12-22,0.0,0.51,0.0
2003-12-23,0.0,6.2,0.0
2003-12-24,12.72,2.08,11.59
2003-12-25,0.0,0.02,0.0
2003-12-26,0.0,0.0,0.07
2003-12-27,0.0,0.0,0.0
2003-12-28,0.0,0.0,0.0
2003-12-29,0.0,2.07,0.0
2003-12-30,8.7,3.12,7.09
2003-12-31,0.0,0.81,0.0
2004-01-01,0.0,0.0,0.0
2004-01-02,0.0,0.0,0.0
2004-01-03,0.0,0.0,0.05
2004-01-04,0.0,0.28,0.0
2004-01-05,0.0,1.56,2.1
2004-01-06,2.97,0.49,0.45
2004-01-07,0.0,0.1,0.0
2004-01-08,0.0,0.55,0.18
2004-01-09,3.59,3.13,3.94
2004-01-10,3.66,0.99,0.0
2004-01-11,0.0,0.0,0.0
2004-01-12,0.0,0.0,0.0
2004-01-13,0.0,0.0,0.0
2004-01-14,0.0,0.0,0.0
2004-01-15,0.0,1.98,0.0
2004-01-16,0.0,0.66,0.0
2004-01-17,0.0,3.65,0.39
2004-01-18,17.3,5.39,16.48
2004-01-19,2.6,1.63,0.44
2004-01-20,0.0,0.08,0.0
2004-01-21,0.0,0.0,0.0
2004-01-22,0.0,0.0,0.0
2004-01-23,0.0,0.0,0.0
2004-01-24,0.0,0.0,0.0
2004-01-25,0.0,0.25,0.0
2004-01-26,0.0,45.29,30.69
2004-01-27,22.87,15.28,4.04
2004-01-28,0.0,0.07,0.0
2004-01-29,0.0,0.15,0.03
2004-01-30,0.0,0.69,0.07
2004-01-31,0.0,1.53,0.0
2004-02-01,8.02,5.61,10.67
2004-02-02,5.03,2.0,0.0
2004-02-03,0.22,0.17,0.18
2004-02-04,0.0,0.02,0.0
2004-02-05,0.0,0.66,0.0
2004-02-06,0.0,21.53,37.06
2004-02-07,30.43,7.16,0.06
2004-02-08,0.0,0.02,0.0
2004-02-09,0.0,0.75,0.02
2004-02-10,0.0,7.0,5.07
2004-02-11,11.26,4.73,7.75
2004-02-12,6.17,11.76,5.57
2004-02-13,14.6,21.25,14.11
2004-02-14,32.98,21.37,44.97
2004-02-15,17.68,5.33,0.34
2004-02-16,0.0,0.05,0.0
2004-02-17,0.0,0.0,0.0
2004-02-18,0.0,0.0,0.0
2004-02-19,0.0,0.0,0.0
2004-02-20,0.0,0.0,0.0
2004-02-21,0.0,0.0,0.0
2004-02-22,0.0,1.26,0.0
2004-02-23,0.0,24.82,3.98
2004-02-24,46.52,23.58,44.15
2004-02-25,28.99,10.0,15.8
2004-02-26,6.65,1.86,3.72
2004-02-27,0.0,0.08,0.0
2004-02-28,0.0,0.0,0.0
2004-02-29,0.0,0.0,0.0
2004-03-01,0.0,0.0,0.0
2004-03-02,0.0,0.0,0.0
2004-03-03,0.0,0.0,0.0
2004-03-04,0.0,0.0,0.0
2004-03-05,0.0,0.0,0.0
2004-03-06,0.0,0.58,1.08
2004-03-07,0.0,0.19,0.07
2004-03-08,0.0,0.0,0.0
2004-03-09,0.0,0.71,0.0
2004-03-10,0.0,0.24,0.22
2004-03-11,0.0,0.0,0.0
2004-03-12,0.0,0.0,0.0
2004-03-13,0.0,0.0,0.0
2004-03-14,0.0,0.0,0.0
2004-03-15,0.0,0.29,0.0
2004-03-16,0.0,0.39,1.02
2004-03-17,1.54,0.1,0.0
2004-03-18,0.0,0.0,0.0
2004-03-19,0.0,0.0,0.02
2004-03-20,0.0,0.0,0.0
2004-03-21,0.0,0.0,0.0
2004-03-22,0.0,0.0,0.0
2004-03-23,0.0,0.0,0.0
2004-03-24,0.0,0.0,0.0
2004-03-25,0.0,0.0,0.0
2004-03-26,0.0,0.0,0.0
2004-03-27,0.0,0.0,0.0
2004-03-28,0.0,0.0,0.0
2004-03-29,0.0,5.94,3.07
2004-03-30,5.62,4.44,9.17
2004-03-31,6.46,0.82,0.0
2004-04-01,0.0,0.0,0.11
2004-04-02,0.0,0.0,0.0
2004-04-03,0.0,0.0,0.0
2004-04-04,0.0,0.0,0.0
2004-04-05,0.0,0.0,0.0
2004-04-06,0.0,0.49,0.0
2004-04-07,0.0,3.71,0.58
2004-04-08,6.55,1.26,4.31
2004-04-09,0.0,0.03,0.0
2004-04-10,0.0,0.54,0.0
2004-04-11,0.0,3.44,1.8
2004-04-12,10.33,10.0,0.95
2004-04-13,17.2,8.19,15.92
2004-04-14,0.0,1.74,0.0
2004-04-15,0.0,0.0,0.0
2004-04-16,0.0,0.0,0.0
2004-04-17,0.0,0.0,0.0
2004-04-18,0.0,0.0,0.02
2004-04-19,0.0,0.0,0.0
2004-04-20,0.0,0.0,0.0
2004-04-21,0.0,0.0,0.0
2004-04-22,0.0,0.0,0.61
2004-04-23,0.0,0.0,3.59
2004-04-24,0.0,0.0,0.0
2004-04-25,0.0,0.0,0.0
2004-04-26,0.0,5.72,2.67
2004-04-27,5.84,1.91,0.21
2004-04-28,0.0,0.12,0.03
2004-04-29,0.0,9.55,0.12
2004-04-30,34.48,33.99,52.2
2004-05-01,13.11,13.17,1.32
2004-05-02,6.89,2.01,8.94
2004-05-03,13.6,1.82,5.19
2004-05-04,0.0,0.49,0.0
2004-05-05,0.0,0.0,0.05
2004-05-06,0.0,0.0,0.02
2004-05-07,0.0,0.0,0.0
2004-05-08,0.0,0.0,0.0
2004-05-09,0.0,0.0,0.0
2004-05-10,0.0,0.0,0.0
2004-05-11,0.0,0.11,0.01
2004-05-12,0.0,0.04,0.04
2004-05-13,0.0,0.0,0.0
2004-05-14,0.0,0.0,0.0
2004-05-15,0.0,0.0,0.04
2004-05-16,0.0,6.57,0.55
2004-05-17,0.0,2.21,9.12
2004-05-18,0.0,0.01,0.89
2004-05-19,0.0,1.51,0.97
2004-05-20,3.41,1.28,1.75
2004-05-21,0.6,0.33,0.31
2004-05-22,0.0,0.02,0.13
2004-05-23,0.0,0.0,0.09
2004-05-24,0.0,0.0,0.51
2004-05-25,0.0,0.0,0.0
2004-05-26,0.0,0.0,0.0
2004-05-27,0.0,0.0,0.35
2004-05-28,0.0,0.0,1.78
2004-05-29,0.0,0.28,1.1
2004-05-30,0.0,0.09,0.69
2004-05-31,0.0,2.97,1.52
2004-06-01,21.78,28.74,41.92
2004-06-02,51.41,25.6,37.84
2004-06-03,26.25,13.25,8.98
2004-06-04,15.05,9.22,15.01
2004-06-05,0.98,5.22,5.59
2004-06-06,5.38,3.94,5.86
2004-06-07,7.3,2.14,5.8
2004-06-08,5.44,7.9,6.42
2004-06-09,8.55,13.18,11.39
2004-06-10,0.0,3.56,1.04
2004-06-11,0.0,0.1,0.18
2004-06-12,0.0,0.3,1.25
2004-06-13,0.0,1.87,7.93
2004-06-14,11.88,16.93,32.57
2004-06-15,36.57,29.74,44.9
2004-06-16,23.77,8.13,4.69
2004-06-17,0.0,2.36,7.95
2004-06-18,0.0,3.24,1.75
2004-06-19,10.72,4.08,9.45
2004-06-20,7.33,3.54,3.88
2004-06-21,9.67,2.26,3.6
2004-06-22,10.65,10.45,12.07
2004-06-23,10.18,3.6,4.12
2004-06-24,3.24,3.13,2.49
2004-06-25,0.45,3.45,9.14
2004-06-26,4.63,9.98,24.16
2004-06-27,18.11,15.11,11.16
2004-06-28,8.65,6.15,13.82
2004-06-29,3.93,1.41,5.47
2004-06-30,0.0,1.84,9.82
2004-07-01,0.0,2.45,7.2
2004-07-02,6.11,2.96,7.54
2004-07-03,7.25,1.49,9.7
2004-07-04,22.45,20.79,10.09
2004-07-05,0.0,6.85,0.85
2004-07-06,0.0,1.97,12.01
2004-07-07,11.43,0.67,1.3
2004-07-08,10.7,21.26,22.2
2004-07-09,13.83,20.47,3.9
2004-07-10,0.0,4.46,0.42
2004-07-11,0.0,1.94,0.0
2004-07-12,0.0,1.12,0.63
2004-07-13,0.0,1.04,2.13
2004-07-14,0.0,0.69,0.5
2004-07-15,0.0,8.25,7.12
2004-07-16,18.54,6.34,8.21
2004-07-17,12.85,4.35,6.26
2004-07-18,13.57,7.65,10.46
2004-07-19,18.02,2.2,5.02
2004-07-20,0.0,0.0,0.33
2004-07-21,0.0,0.0,0.0
2004-07-22,0.0,0.0,0.0
2004-07-23,0.0,0.0,0.0
2004-07-24,0.0,6.87,2.36
2004-07-25,0.0,2.38,1.61
2004-07-26,0.0,0.11,0.07
2004-07-27,0.0,4.12,2.81
2004-07-28,8.14,5.06,10.96
2004-07-29,15.06,3.45,0.19
2004-07-30,9.62,1.51,4.86
2004-07-31,0.0,0.55,3.0
2004-08-01,0.0,3.24,1.64
2004-08-02,0.0,1.11,0.98
2004-08-03,0.0,0.02,2.82
2004-08-04,10.56,1.7,3.24
2004-08-05,7.32,0.66,0.8
2004-08-06,0.0,0.03,4.62
2004-08-07,0.0,1.21,0.31
2004-08-08,0.0,0.49,0.42
2004-08-09,12.57,4.96,6.75
2004-08-10,14.67,22.32,21.35
2004-08-11,19.19,22.57,11.41
2004-08-12,28.96,28.86,38.74
2004-08-13,26.61,18.9,10.26
2004-08-14,5.35,3.67,2.38
2004-08-15,0.0,0.96,3.61
2004-08-16,6.12,6.75,8.41
2004-08-17,7.85,2.36,0.67
2004-08-18,0.0,0.07,0.35
2004-08-19,0.0,0.0,0.0
2004-08-20,0.0,36.52,15.27
2004-08-21,9.71,17.16,12.95
2004-08-22,18.32,11.78,12.37
2004-08-23,16.65,3.91,9.76
2004-08-24,0.0,0.19,0.36
2004-08-25,0.0,0.0,0.3
2004-08-26,0.0,0.0,0.22
2004-08-27,0.0,0.0,0.0
2004-08-28,0.0,0.5,0.03
2004-08-29,0.0,13.43,2.36
2004-08-30,10.82,16.56,16.47
2004-08-31,5.08,5.99,4.03
2004-09-01,3.82,4.26,2.05
2004-09-02,8.31,1.69,0.02
2004-09-03,0.0,0.16,0.27
2004-09-04,0.0,1.22,0.18
2004-09-05,0.0,11.87,11.02
2004-09-06,30.75,37.97,34.09
2004-09-07,24.5,12.94,13.41
2004-09-08,0.0,0.52,2.38
2004-09-09,0.0,1.24,0.41
2004-09-10,0.0,14.01,5.05
2004-09-11,26.49,5.29,10.3
2004-09-12,4.7,1.97,3.32
2004-09-13,9.64,4.54,7.03
2004-09-14,7.4,4.23,0.41
2004-09-15,0.0,14.65,6.5
2004-09-16,52.09,21.72,46.57
2004-09-17,26.68,5.72,9.99
2004-09-18,0.0,0.0,0.0
2004-09-19,0.0,0.0,0.0
2004-09-20,0.0,0.0,0.0
2004-09-21,0.0,0.0,0.0
2004-09-22,0.0,0.0,0.0
2004-09-23,0.0,0.0,0.0
2004-09-24,0.0,0.0,0.01
2004-09-25,0.0,1.52,0.0
2004-09-26,0.0,17.92,0.43
2004-09-27,39.52,13.93,32.85
2004-09-28,3.26,2.71,0.45
2004-09-29,0.0,0.0,0.01
2004-09-30,0.0,0.0,0.0
2004-10-01,0.0,0.0,0.03
2004-10-02,0.0,0.0,0.0
2004-10-03,0.0,0.02,0.0
2004-10-04,0.0,0.01,0.02
2004-10-05,0.0,0.0,0.0
2004-10-06,0.0,0.0,0.04
2004-10-07,0.0,0.0,0.02
2004-10-08,0.0,0.0,0.0
2004-10-09,0.0,0.0,0.0
2004-10-10,0.0,4.16,0.52
2004-10-11,7.76,3.78,7.66
2004-10-12,5.84,1.65,1.34
2004-10-13,0.0,0.28,0.07
2004-10-14,0.0,10.55,0.41
2004-10-15,25.08,13.57,26.17
2004-10-16,0.0,3.35,0.0
2004-10-17,0.0,0.0,0.0
2004-10-18,0.0,0.0,0.0
2004-10-19,0.0,12.32,5.0
2004-10-20,36.05,19.68,33.03
2004-10-21,0.0,5.19,1.66
2004-10-22,0.0,0.0,0.01
2004-10-23,0.0,0.0,0.15
2004-10-24,0.0,1.45,0.12
2004-10-25,0.0,0.48,0.28
2004-10-26,0.0,0.0,1.6
2004-10-27,0.0,0.0,0.0
2004-10-28,0.0,0.0,0.0
2004-10-29,0.0,2.21,0.95
2004-10-30,0.0,0.74,0.0
2004-10-31,0.0,0.0,0.0
2004-11-01,0.0,0.0,0.23
2004-11-02,0.0,0.27,0.27
2004-11-03,0.0,0.25,0.12
2004-11-04,0.0,4.97,11.03
2004-11-05,13.45,1.64,0.02
2004-11-06,0.0,0.0,0.0
2004-11-07,0.0,0.0,0.0
2004-11-08,0.0,0.0,0.03
2004-11-09,0.0,0.0,0.02
2004-11-10,0.0,2.48,0.0
2004-11-11,0.0,1.62,0.9
2004-11-12,14.89,10.73,24.05
2004-11-13,0.0,3.49,0.01
2004-11-14,0.0,0.0,0.04
2004-11-15,0.0,0.0,0.0
2004-11-16,0.0,0.0,0.0
2004-11-17,0.0,0.0,0.0
2004-11-18,0.0,0.83,0.0
2004-11-19,0.0,2.27,3.68
2004-11-20,13.76,4.52,12.53
2004-11-21,0.0,1.29,0.22
2004-11-22,0.0,0.07,0.16
2004-11-23,10.1,4.32,8.21
2004-11-24,25.31,11.81,32.88
2004-11-25,33.52,3.51,0.75
2004-11-26,0.0,3.89,0.0
2004-11-27,0.0,15.17,26.57
2004-11-28,25.42,4.66,0.47
2004-11-29,0.0,0.01,0.0
2004-11-30,0.0,0.28,0.08
2004-12-01,2.0,0.46,0.65
2004-12-02,0.0,0.28,0.0
2004-12-03,0.0,0.09,0.0
2004-12-04,0.05,0.01,0.55
2004-12-05,0.0,0.0,0.0
2004-12-06,0.0,0.0,0.25
2004-12-07,0.93,4.2,4.78
2004-12-08,5.33,3.89,2.84
2004-12-09,5.38,7.94,2.36
2004-12-10,11.29,3.33,8.29
2004-12-11,0.0,0.32,0.0
2004-12-12,0.0,0.0,0.0
2004-12-13,0.0,0.0,0.0
2004-12-14,0.0,0.0,0.0
2004-12-15,0.0,0.0,0.0
2004-12-16,0.0,0.0,0.0
2004-12-17,0.0,0.0,0.0
2004-12-18,0.0,0.0,0.0
2004-12-19,0.0,0.0,0.0
2004-12-20,0.0,0.0,0.0
2004-12-21,0.0,0.66,0.0
2004-12-22,0.0,4.89,0.29
2004-12-23,22.55,5.51,17.71
2004-12-24,0.0,4.91,2.28
2004-12-25,17.88,13.89,14.63
2004-12-26,52.79,17.23,35.88
2004-12-27,0.0,4.33,0.0
2004-12-28,0.0,0.0,0.06
2004-12-29,0.0,0.0,0.0
2004-12-30,0.0,0.0,0.0
2004-12-31,0.0,0.0,0.0
2005-01-01,0.0,0.0,0.0
2005-01-02,0.0,0.0,0.0
2005-01-03,0.0,0.0,0.0
2005-01-04,0.0,0.0,0.0
2005-01-05,0.0,0.0,0.0
2005-01-06,0.0,0.0,0.15
2005-01-07,0.0,0.0,0.05
2005-01-08,0.0,0.0,0.02
2005-01-09,0.0,0.08,0.09
2005-01-10,0.0,0.06,0.0
2005-01-11,0.0,0.01,0.1
2005-01-12,0.0,0.0,0.0
2005-01-13,0.0,20.9,0.63
2005-01-14,30.17,8.33,26.25
2005-01-15,0.0,0.45,0.0
2005-01-16,0.0,0.0,0.0
2005-01-17,0.0,0.0,0.0
2005-01-18,0.0,0.0,0.0
2005-01-19,0.0,0.0,0.0
2005-01-20,0.0,0.0,0.0
2005-01-21,0.0,0.0,0.0
2005-01-22,0.0,0.51,0.53
2005-01-23,0.0,0.17,1.26
2005-01-24,0.0,0.0,0.0
2005-01-25,0.0,0.0,0.0
2005-01-26,0.0,0.0,0.0
2005-01-27,0.0,0.0,0.0
2005-01-28,0.0,1.41,0.0
2005-01-29,4.12,6.16,7.68
2005-01-30,10.0,1.92,2.93
2005-01-31,0.0,1.22,0.02
2005-02-01,3.68,2.83,2.52
2005-02-02,7.05,7.81,9.0
2005-02-03,7.6,3.73,4.11
2005-02-04,2.0,0.47,0.0
2005-02-05,0.0,0.0,0.0
2005-02-06,0.0,0.0,0.0
2005-02-07,0.0,0.0,0.0
2005-02-08,0.0,0.0,0.01
2005-02-09,0.0,0.02,0.04
2005-02-10,0.0,0.01,0.05
2005-02-11,0.0,0.0,0.0
2005-02-12,0.0,1.89,0.0
2005-02-13,0.0,2.77,0.0
2005-02-14,9.47,5.57,13.43
2005-02-15,0.0,1.66,0.11
2005-02-16,4.55,0.59,0.81
2005-02-17,0.0,0.19,0.0
2005-02-18,0.0,0.0,0.0
2005-02-19,0.0,0.0,0.0
2005-02-20,0.0,0.0,0.0
2005-02-21,0.0,0.0,0.0
2005-02-22,0.0,0.75,0.0
2005-02-23,0.0,11.06,3.86
2005-02-24,9.0,4.1,7.58
2005-02-25,4.99,6.78,3.5
2005-02-26,11.02,8.51,0.0
2005-02-27,31.49,30.32,57.19
2005-02-28,48.01,9.41,0.16
2005-03-01,0.0,0.0,0.0
2005-03-02,0.0,0.0,0.0
2005-03-03,0.0,1.55,4.47
2005-03-04,4.55,0.52,0.1
2005-03-05,0.0,0.0,0.0
2005-03-06,0.0,1.55,0.0
2005-03-07,0.0,26.6,0.0
2005-03-08,31.95,8.7,41.6
2005-03-09,0.0,0.0,0.0
2005-03-10,0.0,0.0,0.0
2005-03-11,0.0,0.0,0.0
2005-03-12,0.0,0.0,0.0
2005-03-13,0.0,0.0,0.0
2005-03-14,0.0,2.51,0.24
2005-03-15,0.0,20.66,1.06
2005-03-16,47.92,32.32,69.81
2005-03-17,19.71,8.75,0.45
2005-03-18,0.0,0.06,0.0
2005-03-19,0.0,0.0,0.0
2005-03-20,0.0,0.0,0.0
2005-03-21,0.0,0.53,0.0
2005-03-22,0.0,8.58,2.44
2005-03-23,28.32,2.8,12.44
2005-03-24,0.0,3.79,0.0
2005-03-25,23.95,21.11,21.33
2005-03-26,15.93,21.7,7.89
2005-03-27,15.34,6.75,25.85
2005-03-28,5.16,0.57,3.78
2005-03-29,0.0,0.0,0.0
2005-03-30,0.0,0.55,0.0
2005-03-31,0.0,13.27,3.43
2005-04-01,34.54,46.61,70.1
2005-04-02,62.89,14.55,5.03
2005-04-03,0.0,0.16,0.0
2005-04-04,0.0,0.0,0.0
2005-04-05,0.0,0.0,0.0
2005-04-06,0.0,20.73,0.0
2005-04-07,35.79,27.87,59.11
2005-04-08,28.76,6.99,0.0
2005-04-09,0.0,0.0,0.0
2005-04-10,0.0,0.0,0.0
2005-04-11,0.0,0.0,0.0
2005-04-12,0.0,2.19,3.33
2005-04-13,7.42,0.98,0.14
2005-04-14,0.0,0.39,0.33
2005-04-15,0.0,0.1,0.0
2005-04-16,0.0,0.0,0.0
2005-04-17,0.0,0.0,0.0
2005-04-18,0.0,0.0,0.0
2005-04-19,0.0,0.0,0.0
2005-04-20,0.0,0.0,0.0
2005-04-21,0.0,0.0,0.0
2005-04-22,0.0,8.62,0.39
2005-04-23,19.02,6.93,16.87
2005-04-24,0.0,1.35,0.0
2005-04-25,0.0,0.15,0.0
2005-04-26,0.0,25.49,19.84
2005-04-27,17.89,8.48,0.31
2005-04-28,0.0,0.0,0.0
2005-04-29,0.0,0.0,0.37
2005-04-30,0.0,28.44,58.73
2005-05-01,49.81,9.7,5.12
2005-05-02,0.0,0.07,0.54
2005-05-03,0.0,0.0,0.0
2005-05-04,0.0,5.78,0.68
2005-05-05,23.18,19.85,39.59
2005-05-06,16.56,5.97,0.35
2005-05-07,0.0,0.0,0.0
2005-05-08,0.0,0.0,0.0
2005-05-09,0.0,0.0,0.0
2005-05-10,0.0,0.0,0.18
2005-05-11,0.0,0.0,0.0
2005-05-12,0.0,0.0,0.22
2005-05-13,0.0,0.0,0.18
2005-05-14,0.0,0.0,0.0
2005-05-15,0.0,0.0,0.0
2005-05-16,0.0,8.07,3.01
2005-05-17,0.72,2.69,0.0
2005-05-18,0.0,0.0,0.0
2005-05-19,0.0,1.37,1.57
2005-05-20,5.2,3.54,0.0
2005-05-21,27.91,10.3,22.59
2005-05-22,0.0,3.09,0.0
2005-05-23,0.0,0.0,0.0
2005-05-24,0.0,0.0,0.66
2005-05-25,0.0,0.0,0.37
2005-05-26,0.0,0.0,0.0
2005-05-27,0.0,0.0,0.0
2005-05-28,0.0,0.0,0.0
2005-05-29,0.0,1.84,0.0
2005-05-30,11.42,3.95,5.66
2005-05-31,6.4,4.46,9.17
2005-06-01,10.51,8.66,8.01
2005-06-02,9.89,12.86,8.3
2005-06-03,16.59,4.49,20.36
2005-06-04,0.0,0.52,3.8
2005-06-05,0.0,1.13,8.47
2005-06-06,0.0,43.86,5.61
2005-06-07,0.0,14.5,19.63
2005-06-08,0.0,6.25,3.32
2005-06-09,14.4,10.2,4.82
2005-06-10,16.17,12.99,13.49
2005-06-11,26.65,27.11,41.08
2005-06-12,23.29,10.04,20.07
2005-06-13,13.09,7.26,3.2
2005-06-14,0.0,2.99,0.08
2005-06-15,0.0,1.54,0.36
2005-06-16,0.0,0.42,0.14
2005-06-17,0.0,0.77,0.97
2005-06-18,0.0,1.55,3.89
2005-06-19,0.0,0.43,0.0
2005-06-20,0.0,0.0,0.0
2005-06-21,0.0,0.0,0.0
2005-06-22,0.0,0.0,0.0
2005-06-23,0.0,2.81,0.0
2005-06-24,0.0,0.94,8.51
2005-06-25,0.0,2.02,0.01
2005-06-26,0.0,0.92,1.71
2005-06-27,0.0,0.8,2.07
2005-06-28,5.01,2.18,6.47
2005-06-29,2.93,2.21,2.46
2005-06-30,3.44,1.74,3.39
2005-07-01,9.18,0.43,0.61
2005-07-02,1.97,1.52,1.58
2005-07-03,14.79,10.88,14.89
2005-07-04,14.28,4.19,1.95
2005-07-05,5.76,0.37,2.2
2005-07-06,0.0,1.92,0.51
2005-07-07,7.72,0.63,4.78
2005-07-08,0.0,0.0,0.05
2005-07-09,0.0,43.75,22.26
2005-07-10,80.35,77.65,120.88
2005-07-11,87.54,24.36,13.5
2005-07-12,0.0,1.11,1.3
2005-07-13,0.0,0.0,0.5
2005-07-14,0.0,4.66,2.89
2005-07-15,10.39,19.05,10.82
2005-07-16,10.68,10.7,5.73
2005-07-17,5.68,3.47,11.1
2005-07-18,10.55,1.58,1.38
2005-07-19,2.81,0.66,2.0
2005-07-20,0.0,3.31,4.08
2005-07-21,2.99,1.06,0.41
2005-07-22,0.0,3.63,0.04
2005-07-23,0.0,2.77,0.99
2005-07-24,0.0,0.52,2.84
2005-07-25,0.0,0.0,0.43
2005-07-26,0.0,0.0,0.34
2005-07-27,0.0,0.0,0.0
2005-07-28,0.0,0.0,0.0
2005-07-29,0.0,6.3,4.84
2005-07-30,43.68,17.15,18.38
2005-07-31,24.23,12.92,27.56
2005-08-01,39.76,37.58,21.5
2005-08-02,16.79,16.96,17.53
2005-08-03,14.92,21.71,13.14
2005-08-04,18.0,13.67,17.12
2005-08-05,10.12,5.8,10.53
2005-08-06,12.28,27.18,22.44
2005-08-07,27.92,19.38,21.58
2005-08-08,13.85,7.09,3.15
2005-08-09,5.99,9.05,9.74
2005-08-10,0.0,11.81,8.24
2005-08-11,10.39,31.48,20.19
2005-08-12,14.73,9.72,0.51
2005-08-13,0.0,1.52,0.17
2005-08-14,0.0,0.48,0.2
2005-08-15,4.21,6.07,9.95
2005-08-16,0.0,2.04,0.5
2005-08-17,0.0,0.0,0.0
2005-08-18,0.0,0.0,0.0
2005-08-19,0.0,0.1,0.0
2005-08-20,0.0,0.16,11.18
2005-08-21,12.19,9.23,6.99
2005-08-22,17.37,3.96,9.46
2005-08-23,0.0,2.25,4.13
2005-08-24,17.22,17.96,11.41
2005-08-25,15.25,5.77,1.15
2005-08-26,0.0,0.0,2.77
2005-08-27,0.0,0.11,0.45
2005-08-28,0.0,2.34,0.3
2005-08-29,15.92,17.87,12.62
2005-08-30,13.19,6.88,1.42
2005-08-31,16.42,24.1,10.91
2005-09-01,0.0,7.9,6.55
2005-09-02,0.0,0.0,0.0
2005-09-03,0.0,0.0,0.0
2005-09-04,0.0,0.0,0.0
2005-09-05,0.0,0.0,0.0
2005-09-06,0.0,0.03,0.0
2005-09-07,0.0,0.01,0.03
2005-09-08,0.0,0.0,0.0
2005-09-09,0.0,0.0,0.0
2005-09-10,0.0,0.0,0.0
2005-09-11,0.0,0.0,0.0
2005-09-12,0.0,0.0,0.0
2005-09-13,0.0,0.0,0.0
2005-09-14,0.0,0.0,0.0
2005-09-15,0.0,0.0,0.0
2005-09-16,0.0,0.0,0.0
2005-09-17,0.0,0.0,0.0
2005-09-18,0.0,0.0,0.0
2005-09-19,0.0,0.06,0.04
2005-09-20,0.0,0.02,0.03
2005-09-21,0.0,8.11,10.2
2005-09-22,14.87,23.66,21.02
2005-09-23,5.66,7.83,0.18
2005-09-24,0.0,0.28,0.34
2005-09-25,0.0,0.0,0.0
2005-09-26,0.0,4.4,0.12
2005-09-27,4.34,2.55,9.32
2005-09-28,6.72,0.47,0.72
2005-09-29,0.0,1.66,2.05
2005-09-30,0.0,1.47,7.38
2005-10-01,0.0,0.92,0.05
2005-10-02,0.0,0.4,1.42
2005-10-03,1.9,0.55,0.55
2005-10-04,0.93,0.98,1.02
2005-10-05,2.61,0.73,0.16
2005-10-06,2.47,0.96,0.84
2005-10-07,0.0,2.43,4.04
2005-10-08,0.0,0.72,0.4
2005-10-09,0.0,0.0,0.97
2005-10-10,0.0,0.0,0.0
2005-10-11,0.0,0.0,0.0
2005-10-12,0.0,0.0,0.0
2005-10-13,0.0,0.0,0.0
2005-10-14,0.0,0.0,0.0
2005-10-15,0.0,0.0,0.51
2005-10-16,0.0,0.0,0.0
2005-10-17,0.0,0.0,0.03
2005-10-18,0.0,0.0,0.0
2005-10-19,0.0,0.0,0.0
2005-10-20,0.0,0.0,0.0
2005-10-21,0.0,0.0,0.0
2005-10-22,0.0,0.0,0.0
2005-10-23,0.0,0.0,0.0
2005-10-24,0.0,0.0,0.01
2005-10-25,0.0,0.0,0.0
2005-10-26,0.0,0.0,0.0
2005-10-27,0.0,0.0,0.0
2005-10-28,0.0,0.0,0.22
2005-10-29,0.0,0.0,0.0
2005-10-30,0.0,0.0,0.0
2005-10-31,0.0,0.0,0.0
2005-11-01,0.0,3.04,1.94
2005-11-02,0.0,1.01,4.62
2005-11-03,0.0,0.0,0.03
2005-11-04,0.0,0.0,0.02
2005-11-05,0.0,0.0,0.0
2005-11-06,0.0,0.1,1.17
2005-11-07,0.0,0.03,0.21
2005-11-08,0.0,0.0,0.0
2005-11-09,0.0,0.0,0.0
2005-11-10,0.0,0.0,0.0
2005-11-11,0.0,0.0,0.0
2005-11-12,0.0,0.0,0.0
2005-11-13,0.0,0.0,0.0
2005-11-14,0.0,0.0,0.04
2005-11-15,0.0,0.0,0.0
2005-11-16,0.0,1.86,0.6
2005-11-17,0.0,0.62,0.0
2005-11-18,0.0,0.0,0.0
2005-11-19,0.0,0.55,0.0
2005-11-20,0.0,35.15,13.58
2005-11-21,39.05,17.14,42.06
2005-11-22,7.74,1.83,0.0
2005-11-23,0.0,0.0,0.0
2005-11-24,0.0,0.0,0.0
2005-11-25,0.0,0.0,0.0
2005-11-26,0.0,0.0,0.0
2005-11-27,0.0,2.03,0.1
2005-11-28,22.14,21.38,41.54
2005-11-29,17.94,8.14,18.91
2005-11-30,0.0,0.41,0.03
2005-12-01,0.0,0.0,0.0
2005-12-02,0.0,0.0,0.0
2005-12-03,0.0,0.0,0.0
2005-12-04,0.0,0.19,0.13
2005-12-05,15.87,21.64,19.54
2005-12-06,24.3,7.19,0.0
2005-12-07,0.0,2.96,0.98
2005-12-08,15.76,17.17,38.51
2005-12-09,0.01,5.39,15.01
2005-12-10,0.0,0.0,0.0
2005-12-11,0.0,0.0,0.0
2005-12-12,0.0,0.0,0.0
2005-12-13,0.0,0.0,0.0
2005-12-14,0.0,1.58,0.0
2005-12-15,10.84,11.75,18.58
2005-12-16,15.52,4.44,0.0
2005-12-17,15.81,19.49,12.51
2005-12-18,23.76,9.43,9.34
2005-12-19,0.0,1.0,0.19
2005-12-20,0.0,0.0,0.0
2005-12-21,0.0,0.0,0.09
2005-12-22,0.0,0.0,0.0
2005-12-23,0.0,0.03,0.0
2005-12-24,0.0,0.37,3.18
2005-12-25,8.27,2.83,11.55
2005-12-26,0.0,0.9,0.0
2005-12-27,0.0,0.0,0.0
2005-12-28,0.0,0.31,3.34
2005-12-29,4.58,0.1,0.04
2005-12-30,0.0,0.0,0.0
2005-12-31,0.0,0.07,0.0
2006-01-01,0.0,1.51,1.65
2006-01-02,17.29,9.71,37.33
2006-01-03,19.32,3.07,0.16
2006-01-04,0.0,0.0,0.0
2006-01-05,0.0,0.0,0.0
2006-01-06,0.0,0.0,0.0
2006-01-07,0.0,0.0,0.0
2006-01-08,0.0,0.0,0.0
2006-01-09,0.0,0.0,0.03
2006-01-10,0.0,0.0,0.0
2006-01-11,0.0,0.0,0.06
2006-01-12,0.0,0.21,0.01
2006-01-13,0.0,2.74,2.56
2006-01-14,5.02,0.89,0.01
2006-01-15,0.0,0.0,0.0
2006-01-16,0.0,0.0,0.0
2006-01-17,0.0,6.18,2.21
2006-01-18,9.88,2.06,11.88
2006-01-19,0.0,0.0,0.0
2006-01-20,0.0,0.03,0.05
2006-01-21,0.0,0.01,0.0
2006-01-22,0.0,0.0,0.0
2006-01-23,0.0,0.81,0.12
2006-01-24,2.63,1.27,1.31
2006-01-25,0.0,0.33,0.0
2006-01-26,0.0,0.0,0.0
2006-01-27,0.0,0.0,0.0
2006-01-28,0.0,0.51,0.0
2006-01-29,0.0,13.38,21.45
2006-01-30,17.14,6.96,1.47
2006-01-31,0.3,0.85,1.95
2006-02-01,0.0,0.0,0.0
2006-02-02,0.0,62.54,61.1
2006-02-03,54.16,21.17,14.96
2006-02-04,5.02,0.17,1.1
2006-02-05,0.0,0.02,0.0
2006-02-06,0.0,1.67,0.01
2006-02-07,5.92,3.11,4.85
2006-02-08,0.0,0.85,0.0
2006-02-09,0.0,0.0,0.0
2006-02-10,0.0,4.27,0.0
2006-02-11,18.06,16.16,29.76
2006-02-12,11.64,4.91,0.0
2006-02-13,0.0,0.0,0.0
2006-02-14,0.0,0.0,0.0
2006-02-15,0.0,0.0,0.0
2006-02-16,0.0,0.0,0.0
2006-02-17,0.0,0.0,0.0
2006-02-18,0.0,1.01,0.0
2006-02-19,3.38,0.34,1.75
2006-02-20,0.0,1.22,0.13
2006-02-21,4.21,0.78,2.19
2006-02-22,2.36,1.21,0.25
2006-02-23,8.89,11.56,15.96
2006-02-24,9.0,3.95,0.0
2006-02-25,0.0,11.87,0.73
2006-02-26,18.45,4.03,19.92
2006-02-27,0.0,0.03,0.0
2006-02-28,0.0,0.0,0.0
2006-03-01,0.0,0.0,0.0
2006-03-02,0.0,0.0,0.0
2006-03-03,0.0,0.0,0.0
2006-03-04,0.0,0.0,0.0
2006-03-05,0.0,0.0,0.0
2006-03-06,0.0,0.0,0.0
2006-03-07,0.0,0.0,0.0
2006-03-08,0.0,0.0,0.0
2006-03-09,0.0,0.0,0.0
2006-03-10,0.0,0.0,0.03
2006-03-11,0.0,0.0,0.0
2006-03-12,0.0,0.02,0.0
2006-03-13,0.0,0.39,0.0
2006-03-14,0.0,1.38,2.42
2006-03-15,0.0,0.42,0.0
2006-03-16,0.0,0.0,0.0
2006-03-17,0.0,0.0,0.0
2006-03-18,0.0,0.0,0.0
2006-03-19,0.0,0.0,0.0
2006-03-20,0.0,0.15,0.0
2006-03-21,0.0,0.28,2.0
2006-03-22,0.0,1.28,0.0
2006-03-23,3.13,3.5,5.73
2006-03-24,1.07,1.03,0.0
2006-03-25,0.0,0.0,0.0
2006-03-26,0.0,0.0,0.0
2006-03-27,0.0,0.0,0.0
2006-03-28,0.0,0.0,0.0
2006-03-29,0.0,0.0,0.04
2006-03-30,0.0,0.0,0.0
2006-03-31,0.0,0.0,0.0
2006-04-01,0.0,0.0,0.0
2006-04-02,0.0,0.0,0.0
2006-04-03,0.0,0.0,0.0
2006-04-04,0.0,0.0,0.0
2006-04-05,0.0,0.0,0.03
2006-04-06,0.0,0.0,0.0
2006-04-07,0.0,0.0,0.0
2006-04-08,0.0,0.24,9.48
2006-04-09,8.15,0.09,0.15
2006-04-10,0.0,0.0,0.0
2006-04-11,0.0,0.0,0.0
2006-04-12,0.0,0.0,0.0
2006-04-13,0.0,0.0,0.0
2006-04-14,0.0,0.0,0.0
2006-04-15,0.0,0.0,0.0
2006-04-16,0.0,0.0,0.0
2006-04-17,0.0,0.0,0.0
2006-04-18,0.0,1.85,1.25
2006-04-19,0.0,1.75,1.83
2006-04-20,0.0,0.38,0.48
2006-04-21,0.0,1.25,0.0
2006-04-22,32.43,16.38,21.09
2006-04-23,0.0,5.32,0.12
2006-04-24,0.0,0.0,0.0
2006-04-25,0.0,0.03,0.04
2006-04-26,4.32,2.04,3.01
2006-04-27,5.57,0.68,0.11
2006-04-28,0.0,0.0,0.01
2006-04-29,0.0,0.0,0.0
2006-04-30,0.0,0.0,0.0
2006-05-01,0.0,0.0,0.0
2006-05-02,0.0,0.0,0.0
2006-05-03,0.0,0.0,0.0
2006-05-04,0.0,0.0,0.0
2006-05-05,0.0,3.17,6.58
2006-05-06,15.33,4.43,0.51
2006-05-07,0.0,6.51,19.44
2006-05-08,26.31,16.69,4.47
2006-05-09,29.15,11.32,21.4
2006-05-10,24.67,23.19,15.91
2006-05-11,21.77,14.21,29.51
2006-05-12,0.0,2.42,0.0
2006-05-13,0.0,0.01,0.0
2006-05-14,0.0,1.46,0.0
2006-05-15,0.0,3.93,3.98
2006-05-16,0.0,1.15,0.0
2006-05-17,0.0,0.0,0.06
2006-05-18,0.0,0.0,0.0
2006-05-19,0.0,0.0,0.0
2006-05-20,0.0,0.0,0.0
2006-05-21,0.0,0.0,0.0
2006-05-22,0.0,0.0,0.0
2006-05-23,0.0,0.0,0.0
2006-05-24,0.0,0.06,0.0
2006-05-25,0.0,3.42,2.05
2006-05-26,0.0,1.58,0.77
2006-05-27,0.0,0.15,0.0
2006-05-28,0.03,5.94,2.6
2006-05-29,5.13,1.99,6.89
2006-05-30,0.0,0.0,0.0
2006-05-31,0.0,0.0,0.0
2006-06-01,0.0,0.0,2.04
2006-06-02,0.0,8.4,5.35
2006-06-03,0.0,2.8,0.92
2006-06-04,0.0,0.0,0.0
2006-06-05,0.0,0.0,0.07
2006-06-06,0.0,0.0,0.0
2006-06-07,0.0,0.0,0.0
2006-06-08,0.0,0.0,0.0
2006-06-09,0.0,0.0,0.0
2006-06-10,0.0,0.0,0.0
2006-06-11,0.0,0.0,0.31
2006-06-12,14.9,12.03,5.07
2006-06-13,36.67,32.59,56.95
2006-06-14,27.77,9.91,0.04
2006-06-15,0.0,1.11,0.18
2006-06-16,0.0,0.33,2.25
2006-06-17,0.0,0.0,0.12
2006-06-18,0.0,0.0,0.0
2006-06-19,0.0,0.0,0.0
2006-06-20,0.0,0.0,0.0
2006-06-21,0.0,0.0,0.09
2006-06-22,0.0,3.4,1.62
2006-06-23,0.0,1.76,0.52
2006-06-24,0.0,2.27,1.48
2006-06-25,0.0,4.96,4.6
2006-06-26,0.0,1.98,8.98
2006-06-27,0.0,42.22,16.77
2006-06-28,25.58,16.31,9.89
2006-06-29,3.7,0.77,0.31
2006-06-30,0.0,0.0,0.0
2006-07-01,0.0,0.0,0.0
2006-07-02,0.0,0.0,0.0
2006-07-03,0.0,1.03,0.0
2006-07-04,0.0,0.34,0.94
2006-07-05,0.0,0.06,0.19
2006-07-06,0.0,1.23,0.38
2006-07-07,4.84,0.9,5.63
2006-07-08,0.0,0.17,0.9
2006-07-09,0.0,0.0,0.0
2006-07-10,0.0,0.0,0.0
2006-07-11,0.0,4.91,0.34
2006-07-12,16.35,11.58,5.35
2006-07-13,0.0,4.25,1.47
2006-07-14,0.0,0.41,0.05
2006-07-15,0.0,0.03,0.0
2006-07-16,0.0,0.17,4.53
2006-07-17,6.03,12.86,12.43
2006-07-18,13.85,18.66,3.07
2006-07-19,8.07,13.41,10.7
2006-07-20,15.95,2.92,4.34
2006-07-21,0.0,0.02,0.0
2006-07-22,0.0,3.01,14.68
2006-07-23,6.56,3.06,6.83
2006-07-24,12.69,7.71,10.81
2006-07-25,9.38,2.95,7.18
2006-07-26,0.0,0.2,0.02
2006-07-27,0.0,0.0,0.0
2006-07-28,0.0,0.56,1.29
2006-07-29,1.68,4.62,5.56
2006-07-30,8.29,3.21,14.89
2006-07-31,8.95,1.79,2.32
2006-08-01,14.61,0.96,10.23
2006-08-02,0.18,0.84,0.25
2006-08-03,0.0,0.65,0.18
2006-08-04,11.1,14.7,3.37
2006-08-05,12.6,5.35,16.46
2006-08-06,0.0,0.63,0.0
2006-08-07,0.0,1.76,0.98
2006-08-08,12.82,7.84,7.95
2006-08-09,7.23,2.43,2.29
2006-08-10,0.0,0.23,0.01
2006-08-11,0.0,0.08,0.0
2006-08-12,0.0,8.34,0.47
2006-08-13,12.89,2.94,33.71
2006-08-14,25.9,32.0,3.01
2006-08-15,13.92,13.72,16.58
2006-08-16,5.6,3.54,7.9
2006-08-17,11.96,0.84,0.31
2006-08-18,0.0,1.23,1.11
2006-08-19,0.0,0.41,0.16
2006-08-20,0.0,0.01,0.82
2006-08-21,0.0,4.79,2.43
2006-08-22,0.0,4.56,18.01
2006-08-23,4.85,4.55,0.6
2006-08-24,9.28,5.56,3.86
2006-08-25,5.02,8.83,18.63
2006-08-26,21.84,3.46,5.43
2006-08-27,0.63,0.41,1.61
2006-08-28,0.0,1.03,2.64
2006-08-29,0.0,0.34,1.0
2006-08-30,3.76,0.97,0.33
2006-08-31,0.0,0.32,0.09
2006-09-01,0.0,0.0,0.31
2006-09-02,0.0,0.0,0.25
2006-09-03,0.0,0.0,0.13
2006-09-04,0.0,3.92,0.06
2006-09-05,0.0,3.58,2.69
2006-09-06,6.67,4.92,1.81
2006-09-07,10.82,8.1,10.09
2006-09-08,10.14,4.39,0.67
2006-09-09,0.0,5.06,4.04
2006-09-10,0.0,5.69,1.96
2006-09-11,5.93,4.93,3.37
2006-09-12,0.0,4.17,0.01
2006-09-13,16.38,19.8,21.42
2006-09-14,32.68,6.32,8.75
2006-09-15,0.0,0.13,0.22
2006-09-16,0.0,0.04,0.19
2006-09-17,0.0,2.04,0.12
2006-09-18,11.36,12.35,9.08
2006-09-19,15.32,10.46,12.51
2006-09-20,15.49,2.19,0.93
2006-09-21,0.0,0.0,0.16
2006-09-22,0.0,0.16,4.09
2006-09-23,0.0,0.62,0.25
2006-09-24,0.0,1.32,3.73
2006-09-25,0.0,0.38,0.42
2006-09-26,0.0,0.0,1.61
2006-09-27,0.0,0.0,0.0
2006-09-28,0.0,0.0,0.0
2006-09-29,0.0,0.0,0.0
2006-09-30,0.0,0.0,0.0
2006-10-01,0.0,0.0,0.0
2006-10-02,0.0,0.0,0.0
2006-10-03,0.0,0.0,0.0
2006-10-04,0.0,0.0,0.0
2006-10-05,0.0,0.0,0.0
2006-10-06,0.0,0.0,0.0
2006-10-07,0.0,0.0,0.11
2006-10-08,0.0,0.0,0.0
2006-10-09,0.0,0.0,0.0
2006-10-10,0.0,0.0,0.0
2006-10-11,0.0,0.34,0.0
2006-10-12,0.0,0.14,0.12
2006-10-13,0.0,0.01,0.01
2006-10-14,0.0,0.01,1.46
2006-10-15,0.0,0.03,0.0
2006-10-16,0.0,0.01,0.05
2006-10-17,0.0,10.5,0.87
2006-10-18,14.2,6.03,46.34
2006-10-19,29.56,1.3,10.24
2006-10-20,7.36,4.9,4.6
2006-10-21,0.0,2.38,0.13
2006-10-22,0.0,2.77,12.04
2006-10-23,10.76,0.84,0.96
2006-10-24,0.0,0.0,0.0
2006-10-25,0.0,0.08,0.0
2006-10-26,0.0,0.44,1.13
2006-10-27,19.8,41.2,28.61
2006-10-28,44.38,13.75,6.1
2006-10-29,0.0,0.02,0.0
2006-10-30,0.0,0.0,0.0
2006-10-31,0.0,0.0,0.0
2006-11-01,0.0,0.0,0.0
2006-11-02,0.0,0.0,0.0
2006-11-03,0.0,0.0,0.0
2006-11-04,0.0,0.0,0.0
2006-11-05,0.0,0.0,0.0
2006-11-06,0.0,8.44,0.0
2006-11-07,23.29,11.33,23.56
2006-11-08,0.0,2.84,1.75
2006-11-09,0.0,0.0,0.0
2006-11-10,0.0,0.0,0.0
2006-11-11,0.0,2.36,0.19
2006-11-12,3.16,0.79,0.51
2006-11-13,0.0,0.0,0.0
2006-11-14,0.0,0.0,0.0
2006-11-15,0.0,23.78,0.9
2006-11-16,31.06,8.0,27.73
2006-11-17,0.0,0.02,0.0
2006-11-18,0.0,0.0,0.0
2006-11-19,0.0,0.0,0.0
2006-11-20,0.0,0.0,0.0
2006-11-21,0.0,0.0,0.0
2006-11-22,0.0,0.0,0.03
2006-11-23,0.0,0.0,0.0
2006-11-24,0.0,0.0,0.0
2006-11-25,0.0,0.0,0.0
2006-11-26,0.0,0.0,0.0
2006-11-27,0.0,0.0,0.0
2006-11-28,0.0,0.0,0.01
2006-11-29,0.0,0.48,0.03
2006-11-30,0.06,2.97,1.08
2006-12-01,4.61,1.61,6.99
2006-12-02,0.0,0.22,1.04
2006-12-03,0.0,0.0,0.0
2006-12-04,0.0,0.0,0.0
2006-12-05,0.0,0.0,0.0
2006-12-06,0.0,0.0,0.0
2006-12-07,0.0,0.0,0.0
2006-12-08,0.0,0.0,0.0
2006-12-09,0.0,0.0,0.0
2006-12-10,0.0,0.0,0.0
2006-12-11,0.0,0.0,0.0
2006-12-12,0.0,0.0,0.0
2006-12-13,0.0,0.0,0.0
2006-12-14,0.0,4.33,4.42
2006-12-15,2.42,1.44,0.33
2006-12-16,0.0,0.0,0.01
2006-12-17,0.0,0.0,0.02
2006-12-18,0.0,0.0,0.0
2006-12-19,0.0,0.0,0.0
2006-12-20,0.0,0.0,0.0
2006-12-21,0.0,8.47,0.0
2006-12-22,24.64,18.61,38.1
2006-12-23,0.0,5.81,0.99
2006-12-24,0.0,28.09,8.37
2006-12-25,84.67,46.16,73.8
2006-12-26,0.0,12.28,0.1
2006-12-27,0.0,0.0,0.0
2006-12-28,0.0,0.0,0.0
2006-12-29,0.0,0.0,0.0
2006-12-30,0.0,0.0,0.0
2006-12-31,11.01,9.08,21.6
2007-01-01,22.54,3.54,5.48
2007-01-02,0.0,0.17,0.0
2007-01-03,0.0,0.39,0.04
2007-01-04,0.0,5.45,3.7
2007-01-05,24.94,16.45,38.62
2007-01-06,17.76,24.43,1.67
2007-01-07,24.91,8.8,18.44
2007-01-08,0.0,0.78,5.18
2007-01-09,0.0,0.01,0.0
2007-01-10,0.0,0.0,0.0
2007-01-11,0.0,0.0,0.0
2007-01-12,0.0,0.0,0.09
2007-01-13,0.0,0.0,0.0
2007-01-14,0.0,0.14,0.0
2007-01-15,0.0,0.91,0.33
2007-01-16,0.0,0.75,0.55
2007-01-17,0.0,0.27,0.0
2007-01-18,0.0,0.19,0.0
2007-01-19,0.0,0.05,0.08
2007-01-20,0.0,0.82,0.0
2007-01-21,0.0,1.75,0.01
2007-01-22,10.9,2.22,7.76
2007-01-23,2.09,0.63,0.72
2007-01-24,0.0,2.39,0.0
2007-01-25,4.38,4.24,4.73
2007-01-26,0.0,1.15,0.0
2007-01-27,0.0,9.52,1.42
2007-01-28,20.43,5.24,21.31
2007-01-29,0.0,0.69,0.18
2007-01-30,0.0,0.0,0.1
2007-01-31,0.0,0.09,0.14
2007-02-01,56.76,50.7,47.99
2007-02-02,66.73,16.89,43.6
2007-02-03,0.0,0.0,0.0
2007-02-04,0.0,0.0,0.0
2007-02-05,0.0,0.0,0.0
2007-02-06,0.0,0.0,0.0
2007-02-07,0.0,0.0,0.0
2007-02-08,0.0,0.0,0.0
2007-02-09,0.0,0.0,0.0
2007-02-10,0.0,0.0,0.0
2007-02-11,0.0,0.0,0.0
2007-02-12,0.0,0.0,0.0
2007-02-13,0.0,9.16,9.91
2007-02-14,0.08,3.06,0.14
2007-02-15,0.0,0.0,0.0
2007-02-16,0.0,0.0,0.0
2007-02-17,0.0,0.22,0.0
2007-02-18,0.0,0.07,0.04
2007-02-19,0.0,0.0,0.0
2007-02-20,0.0,0.0,0.0
2007-02-21,0.0,1.36,2.66
2007-02-22,0.0,0.46,0.42
2007-02-23,0.0,0.0,0.0
2007-02-24,0.0,0.0,0.0
2007-02-25,2.76,0.63,2.46
2007-02-26,0.0,0.21,0.02
2007-02-27,0.0,0.0,0.02
2007-02-28,0.0,1.94,0.0
2007-03-01,0.0,8.84,1.03
2007-03-02,17.08,5.66,23.88
2007-03-03,0.0,0.98,0.0
2007-03-04,0.0,0.0,0.0
2007-03-05,0.0,0.0,0.0
2007-03-06,0.0,0.0,0.0
2007-03-07,0.0,0.0,0.0
2007-03-08,0.0,0.0,0.0
2007-03-09,0.0,0.0,0.0
2007-03-10,0.0,0.0,0.0
2007-03-11,0.0,0.0,0.0
2007-03-12,0.0,0.0,0.0
2007-03-13,0.0,0.0,0.0
2007-03-14,0.0,0.02,0.0
2007-03-15,0.0,11.06,8.93
2007-03-16,0.86,3.76,1.49
2007-03-17,0.0,0.02,0.0
2007-03-18,0.0,0.0,0.0
2007-03-19,0.0,0.0,0.0
2007-03-20,0.0,0.0,0.0
2007-03-21,0.0,0.0,0.0
2007-03-22,0.0,0.0,0.0
2007-03-23,0.0,0.0,0.0
2007-03-24,0.0,0.0,0.0
2007-03-25,0.0,0.0,0.0
2007-03-26,0.0,0.0,0.0
2007-03-27,0.0,0.0,0.0
2007-03-28,0.0,0.0,0.0
2007-03-29,0.0,0.0,0.0
2007-03-30,0.0,0.0,0.0
2007-03-31,0.0,0.0,0.0
2007-04-01,0.0,0.06,0.01
2007-04-02,0.0,0.42,0.0
2007-04-03,0.0,0.14,0.27
2007-04-04,0.0,0.33,0.16
2007-04-05,0.0,0.11,0.01
2007-04-06,0.0,0.0,0.0
2007-04-07,0.0,0.0,0.0
2007-04-08,0.0,0.0,0.01
2007-04-09,0.0,0.0,0.06
2007-04-10,0.0,0.22,0.02
2007-04-11,0.0,0.17,3.96
2007-04-12,0.0,0.03,0.1
2007-04-13,0.0,0.82,0.0
2007-04-14,0.0,12.36,0.43
2007-04-15,19.56,4.33,16.18
2007-04-16,0.0,0.1,0.0
2007-04-17,0.0,0.0,0.0
2007-04-18,0.0,1.6,1.81
2007-04-19,2.63,0.54,2.18
2007-04-20,0.0,0.0,0.0
2007-04-21,0.0,0.0,0.0
2007-04-22,0.0,0.0,0.0
2007-04-23,0.0,0.0,0.0
2007-04-24,0.0,0.0,0.0
2007-04-25,0.0,0.0,0.0
2007-04-26,0.0,11.1,0.01
2007-04-27,12.42,3.7,4.13
2007-04-28,0.0,0.0,0.0
2007-04-29,0.0,0.0,0.0
2007-04-30,0.0,0.0,0.0
2007-05-01,0.0,0.0,0.0
2007-05-02,0.0,0.0,0.0
2007-05-03,0.0,0.0,0.0
2007-05-04,0.0,0.0,0.0
2007-05-05,0.0,0.0,0.0
2007-05-06,0.0,0.07,0.02
2007-05-07,0.0,0.02,0.0
2007-05-08,0.0,0.0,0.0
2007-05-09,0.0,0.0,0.0
2007-05-10,0.0,0.0,0.0
2007-05-11,0.0,0.0,0.0
2007-05-12,0.0,2.1,1.2
2007-05-13,0.0,0.88,0.13
2007-05-14,0.0,0.06,1.31
2007-05-15,0.0,0.0,0.0
2007-05-16,0.0,3.33,2.3
2007-05-17,0.0,1.11,0.49
2007-05-18,0.0,0.0,0.0
2007-05-19,0.0,0.0,0.0
2007-05-20,0.0,0.0,0.0
2007-05-21,0.0,0.0,0.0
2007-05-22,0.0,0.0,0.0
2007-05-23,0.0,0.0,3.75
2007-05-24,0.0,0.0,0.0
2007-05-25,0.0,0.0,0.0
2007-05-26,0.0,0.0,0.0
2007-05-27,0.0,0.0,0.0
2007-05-28,0.0,0.0,0.0
2007-05-29,0.0,0.0,0.0
2007-05-30,0.0,0.0,0.0
2007-05-31,0.0,1.04,0.0
2007-06-01,0.0,2.9,3.9
2007-06-02,8.22,4.85,5.4
2007-06-03,6.65,2.56,6.31
2007-06-04,6.82,0.41,2.41
2007-06-05,7.44,11.24,19.77
2007-06-06,14.29,3.75,0.15
2007-06-07,0.0,0.0,0.01
2007-06-08,0.0,10.76,0.42
2007-06-09,0.0,3.59,17.82
2007-06-10,0.0,0.0,0.41
2007-06-11,0.0,0.0,0.0
2007-06-12,0.0,3.98,8.29
2007-06-13,0.0,1.52,1.91
2007-06-14,0.0,0.07,0.0
2007-06-15,0.0,0.0,0.0
2007-06-16,0.0,0.0,0.0
2007-06-17,0.0,1.4,0.0
2007-06-18,0.0,0.94,0.01
2007-06-19,0.0,5.8,5.93
2007-06-20,13.64,5.3,4.41
2007-06-21,0.0,1.14,0.0
2007-06-22,0.0,0.0,0.0
2007-06-23,0.0,0.0,0.0
2007-06-24,0.0,0.16,0.49
2007-06-25,0.0,0.05,0.67
2007-06-26,0.0,0.16,0.03
2007-06-27,0.0,20.48,3.77
2007-06-28,0.0,10.84,10.24
2007-06-29,0.0,2.26,0.03
2007-06-30,1.26,5.12,6.56
2007-07-01,8.65,7.17,2.0
2007-07-02,9.75,6.98,7.67
2007-07-03,9.36,13.61,15.6
2007-07-04,13.23,4.37,3.11
2007-07-05,0.0,1.27,1.81
2007-07-06,0.0,0.38,0.29
2007-07-07,0.0,0.0,0.25
2007-07-08,0.0,0.0,0.64
2007-07-09,0.0,1.83,1.84
2007-07-10,0.0,0.84,5.21
2007-07-11,0.0,0.82,7.45
2007-07-12,0.0,0.25,0.16
2007-07-13,0.0,0.27,12.2
2007-07-14,5.88,1.21,1.8
2007-07-15,9.35,1.41,1.04
2007-07-16,0.0,1.76,2.85
2007-07-17,0.0,0.62,3.98
2007-07-18,0.0,0.05,0.0
2007-07-19,0.0,0.0,0.0
2007-07-20,0.0,0.0,0.36
2007-07-21,0.0,3.34,2.02
2007-07-22,12.87,1.77,7.59
2007-07-23,0.0,1.05,0.12
2007-07-24,6.05,1.89,4.47
2007-07-25,9.41,0.77,3.08
2007-07-26,0.0,5.11,2.21
2007-07-27,0.0,2.07,0.29
2007-07-28,0.0,1.0,0.0
2007-07-29,0.0,0.51,0.26
2007-07-30,0.0,37.37,18.35
2007-07-31,36.16,29.95,21.56
2007-08-01,24.77,22.05,0.25
2007-08-02,17.16,9.91,17.15
2007-08-03,5.81,3.21,2.38
2007-08-04,0.05,0.57,0.25
2007-08-05,0.0,0.1,4.41
2007-08-06,0.0,0.66,0.11
2007-08-07,0.0,4.63,5.24
2007-08-08,0.0,1.47,0.0
2007-08-09,0.0,33.63,9.98
2007-08-10,0.0,11.21,1.68
2007-08-11,0.0,10.17,10.27
2007-08-12,32.42,15.74,13.21
2007-08-13,0.0,5.95,0.11
2007-08-14,0.0,1.43,0.5
2007-08-15,0.0,0.27,1.42
2007-08-16,0.0,0.0,0.03
2007-08-17,0.0,0.0,0.27
2007-08-18,1.94,10.45,2.14
2007-08-19,0.0,3.48,7.93
2007-08-20,0.0,0.0,0.0
2007-08-21,0.0,0.0,0.0
2007-08-22,0.0,0.0,0.0
2007-08-23,0.0,0.2,1.08
2007-08-24,0.0,0.93,6.97
2007-08-25,0.0,8.83,4.16
2007-08-26,18.42,4.59,2.0
2007-08-27,14.27,8.63,8.16
2007-08-28,9.99,4.53,0.24
2007-08-29,0.0,0.89,0.96
2007-08-30,0.0,1.75,6.36
2007-08-31,3.49,5.51,7.24
2007-09-01,9.12,14.73,2.61
2007-09-02,10.63,21.64,6.24
2007-09-03,6.34,6.64,14.06
2007-09-04,0.0,1.32,1.33
2007-09-05,0.0,3.23,1.97
2007-09-06,0.0,0.96,3.13
2007-09-07,0.0,0.0,2.24
2007-09-08,0.0,0.0,0.0
2007-09-09,0.0,0.0,0.0
2007-09-10,0.0,0.54,3.99
2007-09-11,14.62,16.35,7.05
2007-09-12,13.06,12.63,5.04
2007-09-13,7.41,5.71,6.8
2007-09-14,7.22,7.57,2.99
2007-09-15,9.03,2.16,0.37
2007-09-16,0.0,0.0,0.04
2007-09-17,0.0,0.0,0.01
2007-09-18,0.0,0.0,0.01
2007-09-19,0.0,0.0,0.0
2007-09-20,0.0,4.68,0.0
2007-09-21,14.71,15.14,20.37
2007-09-22,13.31,9.98,7.82
2007-09-23,9.58,3.64,4.94
2007-09-24,11.68,0.61,8.32
2007-09-25,0.0,0.0,0.6
2007-09-26,0.0,0.0,0.18
2007-09-27,0.0,0.99,1.19
2007-09-28,0.0,0.37,2.02
2007-09-29,0.0,0.01,0.0
2007-09-30,0.0,0.0,0.0
2007-10-01,0.0,0.0,0.0
2007-10-02,0.0,0.33,0.02
2007-10-03,1.63,5.11,2.02
2007-10-04,6.0,9.77,22.2
2007-10-05,10.0,11.96,4.12
2007-10-06,6.33,5.21,6.06
2007-10-07,12.09,2.04,4.18
2007-10-08,2.75,0.44,0.71
2007-10-09,0.0,0.0,0.05
2007-10-10,0.0,0.0,0.34
2007-10-11,0.0,0.0,1.0
2007-10-12,0.0,0.0,0.0
2007-10-13,0.0,0.0,0.02
2007-10-14,0.0,0.0,0.02
2007-10-15,0.0,0.0,0.02
2007-10-16,0.0,0.2,0.79
2007-10-17,0.0,1.7,0.12
2007-10-18,0.0,42.6,22.7
2007-10-19,37.1,42.78,70.59
2007-10-20,34.29,9.59,1.25
2007-10-21,0.0,1.72,0.12
2007-10-22,2.18,0.73,1.14
2007-10-23,0.67,0.55,0.34
2007-10-24,0.0,0.24,0.74
2007-10-25,0.0,0.03,0.16
2007-10-26,0.0,0.0,0.0
2007-10-27,0.0,0.0,0.0
2007-10-28,0.0,0.0,0.0
2007-10-29,0.0,0.0,0.0
2007-10-30,0.0,0.0,0.0
2007-10-31,0.0,0.0,0.0
2007-11-01,0.0,0.0,0.0
2007-11-02,0.0,0.0,0.0
2007-11-03,0.0,0.0,0.0
2007-11-04,0.0,0.0,0.0
2007-11-05,0.0,0.0,0.0
2007-11-06,0.0,0.0,0.0
2007-11-07,0.0,0.0,0.0
2007-11-08,0.0,0.0,0.0
2007-11-09,0.0,0.0,0.0
2007-11-10,0.0,0.0,0.0
2007-11-11,0.0,0.0,0.0
2007-11-12,0.0,0.0,0.0
2007-11-13,0.0,0.0,0.0
2007-11-14,0.0,1.31,0.0
2007-11-15,0.26,0.51,0.0
2007-11-16,0.0,0.02,0.0
2007-11-17,0.0,0.0,0.0
2007-11-18,0.0,0.0,0.74
2007-11-19,0.0,0.0,0.07
2007-11-20,0.0,0.0,0.2
2007-11-21,0.0,4.66,0.0
2007-11-22,29.16,11.83,0.0
2007-11-23,0.0,3.43,0.0
2007-11-24,0.0,0.24,0.0
2007-11-25,5.0,3.98,19.42
2007-11-26,0.11,7.43,5.85
2007-11-27,6.57,2.04,0.0
2007-11-28,0.0,0.0,0.3
2007-11-29,0.0,0.07,2.62
2007-11-30,0.0,0.02,3.15
2007-12-01,0.0,0.0,2.56
2007-12-02,0.0,1.72,0.0
2007-12-03,1.49,0.57,0.04
2007-12-04,0.0,0.0,0.0
2007-12-05,0.0,0.0,0.0
2007-12-06,0.0,0.0,0.0
2007-12-07,0.0,0.0,0.0
2007-12-08,0.0,0.0,0.0
2007-12-09,0.0,0.0,0.0
2007-12-10,0.0,0.0,0.0
2007-12-11,0.0,0.0,0.0
2007-12-12,0.0,0.0,0.0
2007-12-13,0.0,0.0,0.0
2007-12-14,0.0,0.0,0.0
2007-12-15,13.27,12.45,0.0
2007-12-16,18.43,4.44,0.08
2007-12-17,0.0,0.1,0.05
2007-12-18,0.0,0.0,0.14
2007-12-19,0.0,0.0,17.68
2007-12-20,0.0,23.25,0.0
2007-12-21,23.43,7.89,0.2
2007-12-22,0.0,0.27,0.05
2007-12-23,0.0,0.76,0.06
2007-12-24,0.0,0.34,24.78
2007-12-25,0.0,2.35,0.06
2007-12-26,0.0,1.03,0.02
2007-12-27,0.0,0.32,0.31
2007-12-28,0.3,2.67,0.01
2007-12-29,0.0,8.23,2.38
2007-12-30,5.95,4.54,0.66
2007-12-31,0.0,0.7,0.0
2008-01-01,0.0,0.0,0.0
2008-01-02,0.0,0.0,0.0
2008-01-03,0.0,0.0,0.0
2008-01-04,0.0,0.0,0.0
2008-01-05,0.0,0.0,0.0
2008-01-06,0.0,0.0,0.0
2008-01-07,0.0,0.0,0.0
2008-01-08,0.0,0.0,0.0
2008-01-09,0.0,0.24,0.23
2008-01-10,0.0,0.08,0.0
2008-01-11,1.6,3.14,6.46
2008-01-12,11.21,1.52,1.26
2008-01-13,0.0,0.16,0.24
2008-01-14,0.0,0.0,0.01
2008-01-15,0.0,0.26,0.02
2008-01-16,0.0,10.87,12.71
2008-01-17,18.46,4.93,1.31
2008-01-18,0.0,4.69,1.05
2008-01-19,17.89,27.88,32.9
2008-01-20,31.94,11.8,0.29
2008-01-21,0.0,1.07,0.07
2008-01-22,0.0,2.8,3.96
2008-01-23,0.0,0.92,0.97
2008-01-24,0.0,1.08,1.26
2008-01-25,0.0,1.45,0.26
2008-01-26,8.39,6.13,6.13
2008-01-27,15.54,2.15,0.0
2008-01-28,0.0,0.08,0.0
2008-01-29,0.0,2.46,0.01
2008-01-30,7.94,3.36,5.97
2008-01-31,0.0,3.04,0.01
2008-02-01,8.96,3.48,5.96
2008-02-02,0.0,0.92,0.0
2008-02-03,0.0,0.0,0.0
2008-02-04,0.0,0.0,0.0
2008-02-05,0.0,0.04,0.0
2008-02-06,0.0,4.79,5.73
2008-02-07,2.48,1.59,0.04
2008-02-08,0.0,0.0,0.0
2008-02-09,0.0,0.0,0.0
2008-02-10,0.0,0.0,0.0
2008-02-11,0.0,0.02,0.0
2008-02-12,0.0,3.29,3.44
2008-02-13,6.7,2.79,2.4
2008-02-14,0.0,0.57,0.0
2008-02-15,0.0,0.0,0.0
2008-02-16,0.0,4.41,0.0
2008-02-17,0.0,5.61,1.74
2008-02-18,15.38,3.84,23.16
2008-02-19,0.0,0.82,0.0
2008-02-20,0.0,0.98,0.0
2008-02-21,0.0,86.2,35.59
2008-02-22,81.69,54.34,79.55
2008-02-23,17.43,11.55,29.89
2008-02-24,0.0,0.99,0.0
2008-02-25,0.0,0.23,0.0
2008-02-26,0.0,3.16,9.11
2008-02-27,0.0,1.03,0.0
2008-02-28,0.0,0.0,0.0
2008-02-29,0.0,0.0,0.0
2008-03-01,0.0,0.0,0.0
2008-03-02,0.0,0.0,0.0
2008-03-03,0.0,1.15,0.0
2008-03-04,14.93,10.58,12.72
2008-03-05,6.18,3.4,0.0
2008-03-06,0.0,19.05,0.05
2008-03-07,49.29,30.38,65.81
2008-03-08,12.23,8.1,0.0
2008-03-09,0.0,0.03,0.0
2008-03-10,0.0,0.0,0.0
2008-03-11,0.0,2.23,0.55
2008-03-12,3.0,0.75,2.97
2008-03-13,0.0,0.19,0.0
2008-03-14,0.85,0.5,3.69
2008-03-15,2.36,0.15,0.0
2008-03-16,0.0,0.0,0.0
2008-03-17,0.0,0.0,0.0
2008-03-18,0.0,0.0,0.0
2008-03-19,0.0,3.87,3.57
2008-03-20,4.38,1.29,1.28
2008-03-21,0.0,0.0,0.0
2008-03-22,0.0,0.0,0.0
2008-03-23,0.0,0.0,0.0
2008-03-24,0.0,0.0,0.0
2008-03-25,0.0,0.0,0.0
2008-03-26,0.0,0.0,0.0
2008-03-27,0.0,0.0,0.0
2008-03-28,0.0,0.0,0.0
2008-03-29,0.0,0.0,0.0
2008-03-30,0.0,0.0,0.0
2008-03-31,0.0,0.0,0.0
2008-04-01,0.0,3.84,3.7
2008-04-02,0.0,7.88,4.11
2008-04-03,0.0,2.2,0.22
2008-04-04,2.47,10.89,0.11
2008-04-05,23.7,43.61,60.18
2008-04-06,28.95,14.55,8.01
2008-04-07,0.0,0.41,0.0
2008-04-08,0.0,0.0,0.0
2008-04-09,0.0,0.0,0.0
2008-04-10,0.0,0.0,0.0
2008-04-11,0.0,0.21,0.0
2008-04-12,3.61,2.53,2.47
2008-04-13,1.56,0.83,0.07
2008-04-14,0.0,0.0,0.0
2008-04-15,0.0,0.0,0.0
2008-04-16,0.0,0.0,0.0
2008-04-17,0.0,0.0,0.0
2008-04-18,0.0,0.44,0.0
2008-04-19,0.0,1.11,0.94
2008-04-20,3.31,0.32,0.05
2008-04-21,0.0,0.0,0.0
2008-04-22,0.0,0.0,0.0
2008-04-23,0.0,0.0,0.0
2008-04-24,0.0,1.77,0.0
2008-04-25,0.0,0.76,0.88
2008-04-26,0.0,8.56,2.28
2008-04-27,0.0,3.56,0.16
2008-04-28,1.99,1.77,11.86
2008-04-29,18.73,0.51,0.0
2008-04-30,0.0,0.0,0.0
2008-05-01,0.0,0.0,0.0
2008-05-02,0.0,0.03,0.0
2008-05-03,0.0,1.37,1.31
2008-05-04,0.0,0.45,0.01
2008-05-05,0.0,0.0,0.0
2008-05-06,0.0,0.0,0.0
2008-05-07,0.0,0.0,0.0
2008-05-08,0.0,0.0,0.01
2008-05-09,0.0,0.0,0.04
2008-05-10,0.0,0.0,0.0
2008-05-11,0.0,0.0,0.0
2008-05-12,0.0,0.0,0.04
2008-05-13,0.0,0.0,0.0
2008-05-14,0.0,0.0,0.0
2008-05-15,0.0,3.34,3.17
2008-05-16,11.23,25.8,35.5
2008-05-17,30.64,8.23,0.0
2008-05-18,0.0,0.01,0.0
2008-05-19,0.0,0.0,0.0
2008-05-20,0.0,0.0,0.0
2008-05-21,0.0,0.0,0.0
2008-05-22,0.0,7.37,0.54
2008-05-23,21.2,7.44,22.66
2008-05-24,0.0,1.83,0.01
2008-05-25,0.0,0.06,0.0
2008-05-26,0.0,0.0,0.02
2008-05-27,0.0,0.0,0.24
2008-05-28,0.0,0.0,0.0
2008-05-29,0.0,7.6,0.0
2008-05-30,0.0,2.53,3.13
2008-05-31,0.0,0.0,0.0
2008-06-01,0.0,0.0,0.0
2008-06-02,0.0,0.56,1.26
2008-06-03,0.0,0.26,8.51
2008-06-04,0.0,0.03,0.0
2008-06-05,0.0,0.0,0.0
2008-06-06,0.0,0.0,0.28
2008-06-07,0.0,0.0,0.0
2008-06-08,0.0,0.34,0.74
2008-06-09,0.0,0.11,2.4
2008-06-10,0.0,2.59,4.99
2008-06-11,4.47,1.22,2.97
2008-06-12,12.58,10.4,6.35
2008-06-13,9.0,4.22,14.03
2008-06-14,5.02,8.68,1.61
2008-06-15,9.77,4.02,8.78
2008-06-16,9.47,2.23,0.77
2008-06-17,1.01,1.92,1.96
2008-06-18,0.0,0.49,0.01
2008-06-19,0.0,0.02,0.0
2008-06-20,0.0,2.73,0.0
2008-06-21,0.0,2.14,2.15
2008-06-22,14.53,6.51,14.2
2008-06-23,11.62,3.55,6.5
2008-06-24,0.0,0.51,0.01
2008-06-25,0.0,35.23,5.22
2008-06-26,0.0,13.06,26.71
2008-06-27,5.78,3.46,3.98
2008-06-28,6.55,3.58,5.05
2008-06-29,9.89,8.19,3.64
2008-06-30,12.53,15.83,31.76
2008-07-01,0.0,4.46,0.65
2008-07-02,0.0,0.0,8.35
2008-07-03,0.0,2.57,15.61
2008-07-04,0.0,1.1,0.02
2008-07-05,0.0,0.78,4.03
2008-07-06,7.07,3.46,2.42
2008-07-07,9.14,12.77,18.95
2008-07-08,5.03,4.44,1.0
2008-07-09,15.45,9.32,6.79
2008-07-10,0.0,3.23,0.02
2008-07-11,0.0,0.89,5.0
2008-07-12,0.0,3.08,17.18
2008-07-13,13.37,5.25,11.92
2008-07-14,8.75,4.57,16.94
2008-07-15,7.23,2.14,0.16
2008-07-16,0.0,3.57,5.73
2008-07-17,0.0,1.07,7.55
2008-07-18,0.0,0.0,0.0
2008-07-19,0.0,0.0,0.07
2008-07-20,0.0,0.0,0.59
2008-07-21,0.0,0.26,0.14
2008-07-22,0.0,0.53,0.0
2008-07-23,12.82,14.99,13.22
2008-07-24,6.98,5.13,11.32
2008-07-25,0.0,0.96,2.03
2008-07-26,4.04,2.25,4.19
2008-07-27,7.88,5.94,3.67
2008-07-28,3.34,2.41,1.02
2008-07-29,3.79,4.52,6.63
2008-07-30,6.39,5.25,4.86
2008-07-31,15.01,2.66,3.47
2008-08-01,9.7,6.18,8.62
2008-08-02,0.08,2.04,1.2
2008-08-03,0.0,0.04,0.15
2008-08-04,0.0,0.0,0.0
2008-08-05,0.0,0.0,1.19
2008-08-06,0.0,0.53,3.1
2008-08-07,0.0,5.6,7.84
2008-08-08,0.0,1.81,0.03
2008-08-09,0.0,0.0,0.12
2008-08-10,0.0,0.0,0.0
2008-08-11,0.0,5.32,1.65
2008-08-12,27.26,36.45,21.81
2008-08-13,43.99,41.05,66.8
2008-08-14,28.74,15.37,8.6
2008-08-15,2.39,4.14,1.79
2008-08-16,6.11,2.79,7.6
2008-08-17,7.28,0.71,2.34
2008-08-18,5.44,3.14,3.82
2008-08-19,8.98,4.59,1.13
2008-08-20,5.96,1.27,3.87
2008-08-21,3.61,6.46,0.81
2008-08-22,40.57,67.52,47.33
2008-08-23,141.59,128.26,160.86
2008-08-24,72.86,71.88,57.9
2008-08-25,16.89,14.41,12.11
2008-08-26,8.69,7.34,12.22
2008-08-27,8.0,2.19,5.13
2008-08-28,0.0,0.78,0.74
2008-08-29,0.0,0.26,0.38
2008-08-30,0.0,0.0,0.31
2008-08-31,0.0,1.34,1.29
2008-09-01,0.0,0.65,1.4
2008-09-02,0.0,4.17,9.31
2008-09-03,0.0,1.37,2.15
2008-09-04,0.0,0.0,0.08
2008-09-05,0.0,0.0,0.0
2008-09-06,0.0,10.39,8.19
2008-09-07,0.0,3.46,1.91
2008-09-08,0.0,1.24,0.0
2008-09-09,0.0,0.41,2.71
2008-09-10,0.0,3.39,0.95
2008-09-11,4.66,1.13,2.87
2008-09-12,0.0,0.0,0.82
2008-09-13,0.0,0.01,0.3
2008-09-14,0.0,0.0,0.0
2008-09-15,0.0,2.23,0.86
2008-09-16,0.0,0.74,4.06
2008-09-17,0.0,0.0,0.34
2008-09-18,0.0,0.0,0.0
2008-09-19,0.0,0.0,0.0
2008-09-20,0.0,0.0,0.0
2008-09-21,0.0,0.11,0.03
2008-09-22,0.0,2.8,0.46
2008-09-23,0.0,0.92,1.27
2008-09-24,0.0,0.0,0.0
2008-09-25,0.0,0.0,0.0
2008-09-26,0.0,0.0,0.0
2008-09-27,0.0,0.0,0.0
2008-09-28,0.0,0.0,0.0
2008-09-29,0.0,0.0,0.0
2008-09-30,0.0,0.0,0.86
2008-10-01,0.0,0.0,0.0
2008-10-02,0.0,0.0,0.0
2008-10-03,0.0,0.0,0.0
2008-10-04,0.0,0.0,0.0
2008-10-05,0.0,0.0,0.0
2008-10-06,0.0,0.28,0.48
2008-10-07,4.29,3.95,0.85
2008-10-08,15.3,23.37,30.66
2008-10-09,35.61,7.36,7.2
2008-10-10,0.0,0.0,0.0
2008-10-11,0.0,0.0,0.0
2008-10-12,0.0,0.0,0.82
2008-10-13,0.0,0.0,0.23
2008-10-14,0.0,0.0,0.0
2008-10-15,0.0,0.0,0.0
2008-10-16,0.0,0.0,0.0
2008-10-17,0.0,0.12,0.0
2008-10-18,0.0,0.04,0.68
2008-10-19,0.0,0.0,0.01
2008-10-20,0.0,0.0,0.12
2008-10-21,0.0,0.0,0.0
2008-10-22,0.0,0.0,0.0
2008-10-23,0.0,10.3,7.51
2008-10-24,34.37,35.45,52.7
2008-10-25,0.0,10.67,0.01
2008-10-26,0.0,0.0,0.0
2008-10-27,0.0,0.0,0.0
2008-10-28,0.0,0.0,0.0
2008-10-29,0.0,0.0,0.0
2008-10-30,0.0,0.0,0.0
2008-10-31,0.0,0.0,0.0
2008-11-01,0.0,0.0,0.1
2008-11-02,0.0,0.0,0.0
2008-11-03,0.0,0.0,0.0
2008-11-04,0.0,0.0,0.0
2008-11-05,0.0,0.0,0.0
2008-11-06,0.0,0.0,0.0
2008-11-07,0.0,0.02,0.05
2008-11-08,0.8,0.15,0.73
2008-11-09,0.0,0.05,0.0
2008-11-10,0.0,0.0,0.0
2008-11-11,0.0,0.0,0.3
2008-11-12,0.0,0.45,8.51
2008-11-13,13.39,17.49,11.38
2008-11-14,37.53,45.49,102.02
2008-11-15,23.68,14.44,37.99
2008-11-16,0.0,0.41,3.66
2008-11-17,0.0,0.0,0.0
2008-11-18,0.0,0.0,0.0
2008-11-19,0.0,0.0,0.0
2008-11-20,0.0,0.0,0.0
2008-11-21,0.0,0.0,0.0
2008-11-22,0.0,0.0,0.0
2008-11-23,0.0,0.0,0.0
2008-11-24,0.0,0.61,0.03
2008-11-25,1.91,0.28,1.98
2008-11-26,0.0,0.02,0.0
2008-11-27,0.0,2.16,0.0
2008-11-28,14.13,3.84,6.87
2008-11-29,15.25,24.5,27.72
2008-11-30,46.76,18.68,40.21
2008-12-01,0.0,3.76,0.21
2008-12-02,1.65,0.06,9.31
2008-12-03,0.0,0.0,0.0
2008-12-04,0.0,1.91,0.0
2008-12-05,6.0,2.6,7.25
2008-12-06,0.0,0.65,0.06
2008-12-07,0.0,0.0,0.0
2008-12-08,0.0,0.0,0.0
2008-12-09,0.0,0.0,0.0
2008-12-10,0.0,10.66,0.33
2008-12-11,20.48,15.75,43.84
2008-12-12,16.99,4.07,0.0
2008-12-13,0.0,0.0,0.0
2008-12-14,0.0,0.0,0.0
2008-12-15,0.0,0.18,0.12
2008-12-16,0.0,0.06,0.04
2008-12-17,0.0,0.0,0.0
2008-12-18,0.0,0.0,0.04
2008-12-19,0.0,0.0,0.05
2008-12-20,0.0,0.0,0.0
2008-12-21,0.0,0.63,1.42
2008-12-22,0.0,0.21,0.0
2008-12-23,0.0,0.0,0.0
2008-12-24,0.0,0.0,0.24
2008-12-25,0.0,0.0,0.07
2008-12-26,0.0,0.23,0.24
2008-12-27,0.0,0.08,0.03
2008-12-28,0.0,0.14,0.0
2008-12-29,0.0,0.07,0.28
2008-12-30,0.0,0.01,0.0
2008-12-31,0.0,0.0,0.0
2009-01-01,0.0,,0.0
2009-01-02,0.0,,0.0
2009-01-03,0.0,,0.0
2009-01-04,10.28,,11.34
2009-01-05,0.0,,0.18
2009-01-06,0.0,,0.0
2009-01-07,4.08,,4.28
2009-01-08,0.0,,0.0
2009-01-09,0.0,,0.1
2009-01-10,0.0,,0.27
2009-01-11,4.67,,5.06
2009-01-12,4.0,,0.03
2009-01-13,3.83,,2.67
2009-01-14,0.0,,0.0
2009-01-15,0.0,,0.0
2009-01-16,0.0,,0.0
2009-01-17,0.0,,0.0
2009-01-18,0.0,,10.54
2009-01-19,7.35,,0.28
2009-01-20,0.0,,0.03
2009-01-21,0.0,,0.0
2009-01-22,0.0,,0.0
2009-01-23,0.0,,0.0
2009-01-24,0.0,,0.25
2009-01-25,0.0,,0.08
2009-01-26,0.0,,0.73
2009-01-27,0.0,,0.0
2009-01-28,0.0,,6.19
2009-01-29,11.29,,8.48
2009-01-30,0.0,,0.0
2009-01-31,0.0,,0.0
2009-02-01,0.0,,0.0
2009-02-02,0.0,,0.32
2009-02-03,0.0,,0.1
2009-02-04,0.0,,0.0
2009-02-05,0.0,,0.0
2009-02-06,0.0,,0.0
2009-02-07,0.0,,0.0
2009-02-08,0.0,,0.0
2009-02-09,0.0,,0.0
2009-02-10,0.0,,0.0
2009-02-11,0.0,,0.2
2009-02-12,1.86,,0.03
2009-02-13,0.0,,0.0
2009-02-14,36.81,,33.36
2009-02-15,25.31,,6.77
2009-02-16,0.0,,0.01
2009-02-17,0.0,,0.0
2009-02-18,0.0,,0.08
2009-02-19,17.23,,19.91
2009-02-20,0.0,,0.0
2009-02-21,0.0,,0.0
2009-02-22,0.0,,0.0
2009-02-23,0.0,,0.0
2009-02-24,0.0,,0.0
2009-02-25,0.0,,0.0
2009-02-26,0.0,,0.0
2009-02-27,0.0,,0.0
2009-02-28,0.0,,0.62
2009-03-01,11.73,,9.11
2009-03-02,0.0,,0.0
2009-03-03,0.0,,0.0
2009-03-04,0.0,,0.0
2009-03-05,0.0,,0.0
2009-03-06,0.0,,0.0
2009-03-07,0.0,,0.0
2009-03-08,0.0,,0.0
2009-03-09,0.0,,0.0
2009-03-10,0.0,,0.0
2009-03-11,0.0,,0.0
2009-03-12,0.0,,0.0
2009-03-13,0.0,,0.0
2009-03-14,0.0,,0.0
2009-03-15,0.0,,0.0
2009-03-16,0.0,,2.59
2009-03-17,7.11,,1.45
2009-03-18,0.0,,0.0
2009-03-19,0.0,,0.0
2009-03-20,0.0,,0.0
2009-03-21,0.0,,0.0
2009-03-22,0.0,,0.0
2009-03-23,0.0,,0.01
2009-03-24,0.0,,0.04
2009-03-25,0.0,,0.0
2009-03-26,0.0,,42.48
2009-03-27,45.73,,43.17
2009-03-28,37.67,,22.73
2009-03-29,19.83,,1.07
2009-03-30,0.0,,0.0
2009-03-31,0.0,,2.76
2009-04-01,67.82,,88.48
2009-04-02,67.15,,94.35
2009-04-03,71.72,,10.57
2009-04-04,0.0,,0.0
2009-04-05,0.0,,0.0
2009-04-06,0.0,,0.17
2009-04-07,0.0,,0.0
2009-04-08,0.0,,0.0
2009-04-09,0.0,,0.0
2009-04-10,0.0,,0.0
2009-04-11,0.0,,0.0
2009-04-12,0.0,,0.0
2009-04-13,0.0,,48.65
2009-04-14,80.57,,22.13
2009-04-15,0.0,,0.0
2009-04-16,0.0,,0.01
2009-04-17,0.0,,0.06
2009-04-18,0.0,,0.0
2009-04-19,0.0,,0.04
2009-04-20,0.0,,0.2
2009-04-21,0.0,,0.0
2009-04-22,0.08,,1.83
2009-04-23,0.0,,0.0
2009-04-24,0.0,,0.0
2009-04-25,0.0,,0.0
2009-04-26,0.0,,0.0
2009-04-27,0.0,,0.0
2009-04-28,0.0,,0.0
2009-04-29,0.0,,0.0
2009-04-30,0.0,,0.0
2009-05-01,0.0,,0.0
2009-05-02,0.0,,0.0
2009-05-03,0.0,,0.0
2009-05-04,0.0,,0.0
2009-05-05,0.0,,0.5
2009-05-06,0.0,,0.0
2009-05-07,0.0,,0.0
2009-05-08,0.0,,0.07
2009-05-09,0.0,,0.01
2009-05-10,0.0,,0.0
2009-05-11,0.0,,0.0
2009-05-12,0.0,,0.23
2009-05-13,0.0,,0.04
2009-05-14,0.0,,2.57
2009-05-15,10.33,,8.58
2009-05-16,0.0,,10.3
2009-05-17,8.96,,6.74
2009-05-18,14.48,,12.2
2009-05-19,0.0,,0.22
2009-05-20,2.11,,0.5
2009-05-21,0.54,,1.89
2009-05-22,9.1,,12.27
2009-05-23,9.15,,7.03
2009-05-24,8.57,,23.2
2009-05-25,9.48,,31.96
2009-05-26,21.29,,18.3
2009-05-27,19.11,,10.05
2009-05-28,21.33,,0.35
2009-05-29,0.0,,7.14
2009-05-30,0.0,,0.43
2009-05-31,0.0,,0.0
2009-06-01,0.0,,0.0
2009-06-02,0.0,,0.81
2009-06-03,0.0,,9.01
2009-06-04,25.73,,21.36
2009-06-05,17.27,,15.2
2009-06-06,0.0,,2.62
2009-06-07,0.0,,0.0
2009-06-08,0.0,,0.05
2009-06-09,0.0,,0.04
2009-06-10,0.0,,0.0
2009-06-11,0.0,,0.0
2009-06-12,0.0,,0.0
2009-06-13,0.0,,0.76
2009-06-14,0.0,,2.6
2009-06-15,4.24,,1.21
2009-06-16,0.0,,1.53
2009-06-17,0.0,,0.01
2009-06-18,0.0,,0.36
2009-06-19,0.0,,0.03
2009-06-20,0.0,,0.0
2009-06-21,0.0,,0.0
2009-06-22,0.0,,0.0
2009-06-23,0.0,,4.54
2009-06-24,6.07,,10.11
2009-06-25,0.0,,0.0
2009-06-26,0.0,,0.0
2009-06-27,0.0,,0.34
2009-06-28,0.0,,0.01
2009-06-29,32.34,,56.26
2009-06-30,10.71,,0.24
2009-07-01,0.0,,0.05
2009-07-02,0.0,,7.77
2009-07-03,0.0,,4.12
2009-07-04,0.0,,0.39
2009-07-05,0.0,,2.11
2009-07-06,0.0,,15.52
2009-07-07,7.15,,16.68
2009-07-08,0.0,,2.91
2009-07-09,5.2,,2.16
2009-07-10,0.0,,0.01
2009-07-11,0.0,,2.21
2009-07-12,0.0,,1.96
2009-07-13,0.0,,5.95
2009-07-14,0.0,,1.17
2009-07-15,0.0,,2.31
2009-07-16,0.0,,16.49
2009-07-17,0.0,,7.01
2009-07-18,0.0,,7.26
2009-07-19,0.0,,4.48
2009-07-20,0.0,,2.89
2009-07-21,0.0,,0.08
2009-07-22,0.0,,0.01
2009-07-23,0.0,,0.0
2009-07-24,0.0,,7.51
2009-07-25,0.0,,3.98
2009-07-26,0.0,,5.58
2009-07-27,0.0,,1.52
2009-07-28,0.0,,4.08
2009-07-29,3.86,,5.07
2009-07-30,0.0,,0.29
2009-07-31,1.45,,14.25
2009-08-01,10.9,,9.76
2009-08-02,11.77,,8.82
2009-08-03,10.0,,1.71
2009-08-04,9.0,,4.17
2009-08-05,4.95,,1.49
2009-08-06,0.0,,0.1
2009-08-07,0.0,,0.22
2009-08-08,0.0,,0.67
2009-08-09,0.0,,6.45
2009-08-10,0.09,,0.34
2009-08-11,0.0,,0.31
2009-08-12,0.78,,4.4
2009-08-13,2.21,,17.26
2009-08-14,5.15,,11.73
2009-08-15,4.9,,27.47
2009-08-16,9.23,,13.67
2009-08-17,16.91,,4.75
2009-08-18,6.0,,1.44
2009-08-19,0.01,,6.2
2009-08-20,0.0,,0.23
2009-08-21,7.42,,10.95
2009-08-22,13.51,,0.64
2009-08-23,0.0,,0.0
2009-08-24,0.0,,0.0
2009-08-25,0.0,,0.04
2009-08-26,0.0,,0.05
2009-08-27,12.64,,21.64
2009-08-28,28.44,,11.27
2009-08-29,0.0,,3.32
2009-08-30,0.0,,2.13
2009-08-31,14.41,,10.81
2009-09-01,7.41,,8.22
2009-09-02,42.65,,6.53
2009-09-03,7.28,,2.89
2009-09-04,0.0,,0.09
2009-09-05,0.0,,0.84
2009-09-06,0.0,,1.42
2009-09-07,0.0,,0.73
2009-09-08,0.0,,0.11
2009-09-09,0.0,,0.0
2009-09-10,0.0,,0.0
2009-09-11,0.0,,0.62
2009-09-12,0.0,,21.3
2009-09-13,28.63,,1.47
2009-09-14,29.23,,10.68
2009-09-15,25.92,,18.64
2009-09-16,33.17,,2.1
2009-09-17,18.51,,29.92
2009-09-18,28.47,,7.65
2009-09-19,12.64,,6.18
2009-09-20,0.0,,1.42
2009-09-21,0.0,,0.43
2009-09-22,0.0,,0.01
2009-09-23,0.0,,0.43
2009-09-24,0.0,,0.53
2009-09-25,0.0,,4.2
2009-09-26,0.0,,2.55
2009-09-27,4.53,,1.38
2009-09-28,0.0,,0.08
2009-09-29,0.0,,0.74
2009-09-30,0.0,,0.0
2009-10-01,0.0,,0.03
2009-10-02,0.0,,0.07
2009-10-03,0.0,,0.0
2009-10-04,0.0,,0.24
2009-10-05,11.3,,26.34
2009-10-06,12.95,,1.27
2009-10-07,4.99,,0.4
2009-10-08,0.0,,1.84
2009-10-09,0.0,,0.0
2009-10-10,7.5,,7.83
2009-10-11,10.83,,2.99
2009-10-12,0.0,,2.32
2009-10-13,0.0,,0.34
2009-10-14,0.0,,12.15
2009-10-15,10.29,,4.96
2009-10-16,17.77,,27.53
2009-10-17,0.0,,0.98
2009-10-18,0.0,,0.05
2009-10-19,0.0,,0.04
2009-10-20,0.0,,0.0
2009-10-21,0.0,,0.0
2009-10-22,0.0,,0.0
2009-10-23,0.0,,1.59
2009-10-24,4.0,,1.81
2009-10-25,0.0,,0.05
2009-10-26,0.0,,0.05
2009-10-27,4.11,,17.95
2009-10-28,12.59,,0.06
2009-10-29,0.0,,0.02
2009-10-30,0.0,,0.14
2009-10-31,0.0,,4.37
2009-11-01,0.86,,0.72
2009-11-02,0.0,,2.06
2009-11-03,0.0,,0.04
2009-11-04,0.0,,0.11
2009-11-05,0.0,,0.02
2009-11-06,0.0,,0.01
2009-11-07,0.0,,0.07
2009-11-08,0.0,,0.06
2009-11-09,2.43,,2.8
2009-11-10,24.16,,38.59
2009-11-11,26.37,,6.84
2009-11-12,0.0,,0.02
2009-11-13,0.0,,0.02
2009-11-14,0.0,,0.0
2009-11-15,0.0,,0.0
2009-11-16,0.0,,0.0
2009-11-17,0.0,,0.13
2009-11-18,0.0,,0.05
2009-11-19,0.0,,0.0
2009-11-20,0.0,,0.0
2009-11-21,0.0,,0.05
2009-11-22,18.14,,25.82
2009-11-23,0.0,,2.57
2009-11-24,0.0,,0.0
2009-11-25,0.0,,0.05
2009-11-26,0.0,,0.0
2009-11-27,0.0,,0.0
2009-11-28,0.0,,0.0
2009-11-29,0.0,,0.0
2009-11-30,0.0,,0.34
2009-12-01,23.59,,5.48
2009-12-02,74.99,,137.07
2009-12-03,44.92,,0.19
2009-12-04,23.34,,7.96
2009-12-05,8.88,,6.44
2009-12-06,0.0,,0.0
2009-12-07,0.0,,0.02
2009-12-08,0.0,,0.08
2009-12-09,8.16,,16.2
2009-12-10,8.67,,9.31
2009-12-11,0.0,,1.13
2009-12-12,19.8,,57.66
2009-12-13,23.33,,39.33
2009-12-14,21.81,,0.28
2009-12-15,0.39,,2.25
2009-12-16,0.0,,0.0
2009-12-17,0.0,,0.0
2009-12-18,20.75,,31.72
2009-12-19,14.61,,0.01
2009-12-20,0.0,,0.94
2009-12-21,0.0,,0.0
2009-12-22,0.0,,0.12
2009-12-23,0.0,,0.0
2009-12-24,0.0,,6.68
2009-12-25,26.45,,32.61
2009-12-26,0.0,,0.0
2009-12-27,0.0,,0.18
2009-12-28,0.0,,0.0
2009-12-29,0.0,,0.0
2009-12-30,0.0,,0.0
2009-12-31,2.91,,4.19
2010-01-01,3.43,,2.11
2010-01-02,0.0,,0.0
2010-01-03,0.0,,0.0
2010-01-04,0.0,,0.11
2010-01-05,0.0,,0.0
2010-01-06,0.0,,0.09
2010-01-07,0.0,,0.0
2010-01-08,4.68,,4.58
2010-01-09,0.0,,0.0
2010-01-10,0.0,,0.08
2010-01-11,0.0,,0.18
2010-01-12,0.0,,0.0
2010-01-13,0.0,,0.0
2010-01-14,0.0,,0.0
2010-01-15,0.0,,0.0
2010-01-16,31.37,,50.82
2010-01-17,35.76,,8.25
2010-01-18,0.0,,0.0
2010-01-19,0.0,,0.0
2010-01-20,0.0,,0.21
2010-01-21,62.37,,116.26
2010-01-22,76.36,,0.06
2010-01-23,0.0,,0.0
2010-01-24,3.86,,2.04
2010-01-25,3.99,,4.88
2010-01-26,0.0,,0.0
2010-01-27,0.0,,0.0
2010-01-28,0.0,,0.0
2010-01-29,0.0,,0.28
2010-01-30,22.74,,27.43
2010-01-31,0.0,,0.0
2010-02-01,0.0,,0.0
2010-02-02,7.07,,5.23
2010-02-03,0.0,,0.0
2010-02-04,0.0,,0.02
2010-02-05,0.0,,50.09
2010-02-06,36.27,,0.07
2010-02-07,0.0,,0.0
2010-02-08,0.0,,0.0
2010-02-09,4.26,,12.44
2010-02-10,9.79,,0.0
2010-02-11,0.0,,0.0
2010-02-12,20.72,,34.3
2010-02-13,22.0,,0.16
2010-02-14,0.0,,0.08
2010-02-15,1.58,,2.18
2010-02-16,0.7,,0.0
2010-02-17,0.0,,0.0
2010-02-18,0.0,,0.0
2010-02-19,0.0,,0.0
2010-02-20,0.0,,0.0
2010-02-21,0.0,,0.0
2010-02-22,0.0,,26.62
2010-02-23,25.24,,0.0
2010-02-24,0.0,,1.54
2010-02-25,2.35,,0.0
2010-02-26,0.0,,0.0
2010-02-27,0.0,,0.0
2010-02-28,0.0,,0.0
2010-03-01,0.0,,0.0
2010-03-02,23.51,,28.89
2010-03-03,4.25,,0.0
2010-03-04,0.0,,0.0
2010-03-05,0.0,,0.0
2010-03-06,0.0,,0.0
2010-03-07,0.0,,0.0
2010-03-08,0.0,,0.0
2010-03-09,0.0,,0.45
2010-03-10,12.96,,1.04
2010-03-11,52.48,,79.25
2010-03-12,32.25,,5.19
2010-03-13,5.04,,0.0
2010-03-14,0.0,,0.03
2010-03-15,0.0,,0.0
2010-03-16,0.0,,0.0
2010-03-17,4.02,,6.84
2010-03-18,4.43,,0.15
2010-03-19,0.0,,0.0
2010-03-20,0.0,,0.0
2010-03-21,3.08,,4.87
2010-03-22,2.59,,0.09
2010-03-23,0.0,,0.0
2010-03-24,0.0,,0.0
2010-03-25,0.0,,20.0
2010-03-26,21.92,,0.4
2010-03-27,0.0,,0.0
2010-03-28,0.0,,2.24
2010-03-29,0.0,,1.12
2010-03-30,0.0,,0.0
2010-03-31,0.0,,0.0
2010-04-01,0.0,,0.0
2010-04-02,0.0,,0.0
2010-04-03,0.0,,0.0
2010-04-04,0.0,,0.0
2010-04-05,0.0,,0.0
2010-04-06,0.0,,0.0
2010-04-07,0.0,,0.0
2010-04-08,0.0,,19.84
2010-04-09,16.53,,4.41
2010-04-10,0.0,,0.0
2010-04-11,0.0,,0.0
2010-04-12,0.0,,0.0
2010-04-13,0.0,,0.0
2010-04-14,0.0,,0.0
2010-04-15,0.0,,0.0
2010-04-16,0.0,,0.0
2010-04-17,0.0,,0.0
2010-04-18,0.0,,0.0
2010-04-19,0.0,,0.54
2010-04-20,12.29,,8.22
2010-04-21,10.45,,3.03
2010-04-22,0.0,,0.0
2010-04-23,0.0,,0.0
2010-04-24,0.0,,0.49
2010-04-25,12.73,,26.48
2010-04-26,13.52,,0.16
2010-04-27,0.0,,2.27
2010-04-28,0.0,,0.02
2010-04-29,0.0,,0.0
2010-04-30,0.0,,17.28
2010-05-01,44.87,,26.01
2010-05-02,0.0,,0.0
2010-05-03,0.0,,19.43
2010-05-04,15.88,,56.66
2010-05-05,54.1,,0.19
2010-05-06,0.0,,0.0
2010-05-07,0.0,,0.0
2010-05-08,0.0,,0.74
2010-05-09,0.0,,0.16
2010-05-10,0.0,,0.0
2010-05-11,0.0,,0.0
2010-05-12,0.0,,0.0
2010-05-13,0.0,,0.0
2010-05-14,0.0,,0.0
2010-05-15,0.0,,0.0
2010-05-16,0.0,,9.47
2010-05-17,7.46,,0.83
2010-05-18,2.06,,0.39
2010-05-19,3.91,,2.78
2010-05-20,0.0,,0.85
2010-05-21,0.0,,0.15
2010-05-22,0.0,,0.0
2010-05-23,0.0,,3.09
2010-05-24,0.0,,0.96
2010-05-25,0.0,,1.84
2010-05-26,0.0,,0.13
2010-05-27,0.0,,0.0
2010-05-28,0.0,,4.16
2010-05-29,9.04,,5.32
2010-05-30,11.2,,7.35
2010-05-31,11.52,,12.6
2010-06-01,15.81,,11.2
2010-06-02,19.21,,5.77
2010-06-03,8.4,,4.31
2010-06-04,0.41,,0.0
2010-06-05,18.24,,19.05
2010-06-06,17.65,,6.13
2010-06-07,6.24,,0.0
2010-06-08,0.0,,0.0
2010-06-09,0.0,,0.0
2010-06-10,0.0,,0.0
2010-06-11,0.0,,0.0
2010-06-12,0.0,,0.0
2010-06-13,0.0,,4.55
2010-06-14,1.74,,0.55
2010-06-15,0.0,,0.04
2010-06-16,0.0,,0.01
2010-06-17,0.0,,0.04
2010-06-18,0.0,,15.71
2010-06-19,20.42,,8.61
2010-06-20,18.2,,12.06
2010-06-21,16.3,,20.5
2010-06-22,5.93,,3.57
2010-06-23,0.0,,1.81
2010-06-24,0.0,,1.08
2010-06-25,0.0,,13.29
2010-06-26,0.0,,5.75
2010-06-27,0.0,,2.67
2010-06-28,0.0,,10.01
2010-06-29,5.29,,10.86
2010-06-30,13.13,,9.87
2010-07-01,22.48,,39.02
2010-07-02,31.38,,16.79
2010-07-03,8.79,,4.42
2010-07-04,0.0,,3.07
2010-07-05,13.57,,13.79
2010-07-06,19.12,,7.09
2010-07-07,0.0,,0.06
2010-07-08,0.0,,0.0
2010-07-09,0.0,,0.0
2010-07-10,0.0,,13.03
2010-07-11,21.1,,0.62
2010-07-12,1.74,,6.56
2010-07-13,9.26,,5.25
2010-07-14,10.87,,21.98
2010-07-15,3.81,,12.03
2010-07-16,16.78,,6.61
2010-07-17,12.23,,19.33
2010-07-18,0.0,,0.72
2010-07-19,0.0,,17.41
2010-07-20,0.0,,2.68
2010-07-21,0.0,,0.23
2010-07-22,0.0,,3.66
2010-07-23,0.0,,1.11
2010-07-24,0.0,,2.33
2010-07-25,4.0,,7.39
2010-07-26,5.96,,0.08
2010-07-27,0.0,,0.01
2010-07-28,0.0,,0.0
2010-07-29,0.0,,0.07
2010-07-30,0.0,,0.48
2010-07-31,0.0,,3.23
2010-08-01,15.19,,28.82
2010-08-02,6.62,,2.64
2010-08-03,0.0,,5.82
2010-08-04,19.12,,20.34
2010-08-05,16.06,,1.35
2010-08-06,6.45,,9.32
2010-08-07,12.42,,12.9
2010-08-08,25.05,,2.74
2010-08-09,0.96,,0.32
2010-08-10,0.0,,0.78
2010-08-11,7.41,,3.06
2010-08-12,13.37,,25.59
2010-08-13,12.84,,16.43
2010-08-14,12.5,,9.75
2010-08-15,9.33,,14.01
2010-08-16,13.13,,3.64
2010-08-17,4.3,,1.76
2010-08-18,0.0,,5.55
2010-08-19,9.97,,13.1
2010-08-20,5.88,,3.03
2010-08-21,4.0,,1.89
2010-08-22,8.32,,6.87
2010-08-23,10.91,,9.56
2010-08-24,0.0,,6.25
2010-08-25,4.81,,12.27
2010-08-26,12.92,,16.15
2010-08-27,6.74,,1.66
2010-08-28,8.87,,0.87
2010-08-29,0.0,,1.55
2010-08-30,0.0,,0.0
2010-08-31,0.0,,0.01
2010-09-01,0.0,,0.03
2010-09-02,0.0,,0.05
2010-09-03,0.0,,0.0
2010-09-04,0.0,,0.02
2010-09-05,0.0,,0.03
2010-09-06,0.0,,0.02
2010-09-07,0.0,,0.0
2010-09-08,0.0,,0.3
2010-09-09,0.0,,0.05
2010-09-10,0.0,,0.0
2010-09-11,0.0,,0.02
2010-09-12,0.0,,12.94
2010-09-13,0.0,,0.0
2010-09-14,0.0,,0.01
2010-09-15,0.0,,0.01
2010-09-16,0.0,,0.0
2010-09-17,0.0,,0.02
2010-09-18,0.0,,0.0
2010-09-19,0.0,,0.02
2010-09-20,0.0,,0.02
2010-09-21,0.0,,0.0
2010-09-22,0.0,,0.04
2010-09-23,0.0,,0.02
2010-09-24,0.0,,0.95
2010-09-25,0.0,,1.58
2010-09-26,31.78,,34.71
2010-09-27,44.48,,32.63
2010-09-28,15.6,,12.75
2010-09-29,0.0,,0.1
2010-09-30,0.0,,0.05
2010-10-01,0.0,,0.08
2010-10-02,0.0,,0.01
2010-10-03,0.0,,0.05
2010-10-04,0.0,,0.03
2010-10-05,0.0,,0.0
2010-10-06,0.0,,0.0
2010-10-07,0.0,,0.0
2010-10-08,0.0,,0.0
2010-10-09,0.0,,0.0
2010-10-10,0.0,,0.0
2010-10-11,0.0,,0.0
2010-10-12,0.0,,0.0
2010-10-13,0.0,,0.51
2010-10-14,0.0,,0.8
2010-10-15,0.0,,0.0
2010-10-16,0.0,,0.0
2010-10-17,0.0,,0.01
2010-10-18,0.0,,0.0
2010-10-19,0.0,,0.08
2010-10-20,0.0,,0.04
2010-10-21,0.0,,0.0
2010-10-22,0.0,,0.02
2010-10-23,0.0,,0.0
2010-10-24,0.0,,0.0
2010-10-25,0.0,,1.3
2010-10-26,13.57,,2.02
2010-10-27,0.0,,0.0
2010-10-28,0.0,,9.58
2010-10-29,43.07,,0.5
2010-10-30,0.0,,0.0
2010-10-31,0.0,,0.0
2010-11-01,0.0,,0.01
2010-11-02,0.0,,0.11
2010-11-03,0.0,,4.73
2010-11-04,11.69,,11.67
2010-11-05,5.24,,0.05
2010-11-06,0.0,,0.0
2010-11-07,0.0,,0.0
2010-11-08,0.0,,0.0
2010-11-09,0.0,,0.0
2010-11-10,0.0,,0.0
2010-11-11,0.0,,0.0
2010-11-12,0.0,,0.0
2010-11-13,0.0,,0.0
2010-11-14,0.0,,0.0
2010-11-15,0.0,,0.0
2010-11-16,43.25,,41.56
2010-11-17,5.22,,0.01
2010-11-18,0.0,,0.0
2010-11-19,0.0,,0.0
2010-11-20,0.0,,0.0
2010-11-21,0.0,,0.04
2010-11-22,0.0,,0.02
2010-11-23,0.0,,0.05
2010-11-24,0.0,,0.04
2010-11-25,0.0,,0.02
2010-11-26,0.0,,2.33
2010-11-27,6.43,,1.43
2010-11-28,0.0,,0.0
2010-11-29,0.0,,0.74
2010-11-30,6.65,,0.45
2010-12-01,12.7,,17.12
2010-12-02,0.0,,0.0
2010-12-03,0.0,,0.1
2010-12-04,0.0,,0.0
2010-12-05,0.0,,0.09
2010-12-06,0.0,,0.0
2010-12-07,0.0,,0.0
2010-12-08,0.0,,0.0
2010-12-09,0.0,,0.0
2010-12-10,0.0,,0.0
2010-12-11,0.0,,0.0
2010-12-12,10.0,,11.29
2010-12-13,0.0,,0.0
2010-12-14,0.0,,0.0
2010-12-15,0.0,,0.01
2010-12-16,0.0,,0.01
2010-12-17,4.67,,13.58
2010-12-18,13.23,,15.21
2010-12-19,0.07,,0.0
2010-12-20,0.0,,0.0
2010-12-21,0.0,,0.0
2010-12-22,0.0,,0.0
2010-12-23,0.0,,0.0
2010-12-24,0.0,,0.0
2010-12-25,0.0,,12.64
2010-12-26,23.48,,1.51
2010-12-27,0.0,,0.0
2010-12-28,0.0,,0.0
2010-12-29,0.0,,0.0
2010-12-30,0.0,,0.0
2010-12-31,0.0,,0.0
2011-01-01,0.0,,27.66
2011-01-02,21.81,,15.31
2011-01-03,17.95,,0.0
2011-01-04,0.0,,0.0
2011-01-05,0.0,,20.81
2011-01-06,26.49,,8.91
2011-01-07,0.0,,0.0
2011-01-08,0.0,,0.0
2011-01-09,0.0,,0.09
2011-01-10,4.19,,3.24
2011-01-11,0.0,,0.0
2011-01-12,0.0,,0.0
2011-01-13,0.0,,0.0
2011-01-14,0.0,,0.04
2011-01-15,0.0,,0.0
2011-01-16,0.0,,0.0
2011-01-17,9.0,,10.41
2011-01-18,7.61,,0.11
2011-01-19,9.21,,7.2
2011-01-20,0.0,,0.0
2011-01-21,2.0,,5.86
2011-01-22,0.0,,0.0
2011-01-23,0.0,,0.0
2011-01-24,0.0,,0.0
2011-01-25,14.99,,17.92
2011-01-26,22.4,,0.02
2011-01-27,0.0,,0.0
2011-01-28,0.0,,0.0
2011-01-29,0.0,,0.0
2011-01-30,0.0,,0.0
2011-01-31,1.24,,1.07
2011-02-01,0.0,,0.0
2011-02-02,8.07,,10.34
2011-02-03,0.0,,1.62
2011-02-04,14.9,,4.2
2011-02-05,14.41,,29.61
2011-02-06,0.0,,0.84
2011-02-07,12.82,,14.14
2011-02-08,12.04,,0.39
2011-02-09,0.0,,0.0
2011-02-10,24.77,,31.3
2011-02-11,0.0,,0.0
2011-02-12,0.0,,0.0
2011-02-13,0.0,,0.0
2011-02-14,0.0,,0.0
2011-02-15,0.0,,0.0
2011-02-16,0.0,,0.0
2011-02-17,0.0,,0.0
2011-02-18,0.0,,0.09
2011-02-19,0.0,,0.07
2011-02-20,0.0,,0.0
2011-02-21,0.0,,0.0
2011-02-22,0.0,,0.0
2011-02-23,0.0,,0.0
2011-02-24,0.0,,0.0
2011-02-25,0.0,,0.68
2011-02-26,0.0,,0.03
2011-02-27,0.0,,0.0
2011-02-28,0.0,,0.02
2011-03-01,9.52,,1.17
2011-03-02,0.0,,0.0
2011-03-03,0.0,,0.0
2011-03-04,0.0,,0.0
2011-03-05,0.0,,0.02
2011-03-06,8.09,,8.14
2011-03-07,0.0,,0.0
2011-03-08,0.0,,0.0
2011-03-09,0.0,,16.86
2011-03-10,31.18,,29.93
2011-03-11,0.0,,0.0
2011-03-12,0.0,,0.0
2011-03-13,0.0,,0.0
2011-03-14,0.0,,0.0
2011-03-15,0.0,,0.01
2011-03-16,0.0,,0.0
2011-03-17,0.0,,0.0
2011-03-18,0.0,,0.0
2011-03-19,0.0,,0.0
2011-03-20,0.0,,0.0
2011-03-21,0.0,,0.05
2011-03-22,0.0,,0.0
2011-03-23,0.0,,0.0
2011-03-24,0.0,,0.0
2011-03-25,0.0,,0.0
2011-03-26,0.0,,0.41
2011-03-27,0.0,,0.61
2011-03-28,11.3,,2.52
2011-03-29,7.65,,0.04
2011-03-30,19.62,,54.28
2011-03-31,39.78,,0.07
2011-04-01,0.0,,0.0
2011-04-02,0.0,,0.0
2011-04-03,0.0,,0.0
2011-04-04,0.0,,0.0
2011-04-05,15.03,,13.08
2011-04-06,0.0,,0.0
2011-04-07,0.0,,0.0
2011-04-08,0.0,,0.0
2011-04-09,0.0,,0.0
2011-04-10,0.0,,0.0
2011-04-11,0.0,,0.0
2011-04-12,1.0,,1.47
2011-04-13,0.0,,0.0
2011-04-14,0.0,,0.0
2011-04-15,0.0,,0.0
2011-04-16,3.7,,10.42
2011-04-17,0.0,,0.0
2011-04-18,0.0,,0.0
2011-04-19,0.0,,0.0
2011-04-20,0.0,,0.02
2011-04-21,0.0,,0.03
2011-04-22,0.0,,0.0
2011-04-23,0.0,,0.0
2011-04-24,0.0,,0.07
2011-04-25,0.0,,0.0
2011-04-26,0.0,,0.0
2011-04-27,0.0,,0.0
2011-04-28,6.28,,21.99
2011-04-29,19.81,,0.19
2011-04-30,0.0,,0.0
2011-05-01,0.0,,0.0
2011-05-02,0.0,,0.0
2011-05-03,0.0,,0.0
2011-05-04,0.0,,0.0
2011-05-05,0.0,,0.0
2011-05-06,0.0,,0.0
2011-05-07,0.0,,0.0
2011-05-08,0.0,,0.0
2011-05-09,0.0,,0.0
2011-05-10,0.0,,0.0
2011-05-11,0.0,,0.0
2011-05-12,0.0,,0.0
2011-05-13,0.0,,0.0
2011-05-14,15.32,,19.21
2011-05-15,15.73,,0.06
2011-05-16,0.0,,0.09
2011-05-17,0.0,,0.0
2011-05-18,0.0,,0.0
2011-05-19,0.0,,0.0
2011-05-20,0.0,,0.0
2011-05-21,0.0,,0.0
2011-05-22,0.0,,0.0
2011-05-23,0.0,,0.0
2011-05-24,0.0,,0.0
2011-05-25,0.0,,0.0
2011-05-26,0.0,,0.0
2011-05-27,0.0,,1.93
2011-05-28,3.57,,0.3
2011-05-29,0.0,,0.06
2011-05-30,0.0,,0.0
2011-05-31,0.0,,0.0
2011-06-01,0.0,,0.41
2011-06-02,0.0,,0.0
2011-06-03,0.0,,0.0
2011-06-04,0.0,,1.65
2011-06-05,3.58,,0.01
2011-06-06,0.0,,5.75
2011-06-07,0.0,,0.28
2011-06-08,0.0,,0.07
2011-06-09,0.0,,0.0
2011-06-10,0.0,,1.1
2011-06-11,0.0,,1.74
2011-06-12,0.0,,1.44
2011-06-13,0.0,,3.33
2011-06-14,0.0,,0.0
2011-06-15,0.0,,5.82
2011-06-16,6.16,,5.47
2011-06-17,0.19,,0.12
2011-06-18,2.32,,1.47
2011-06-19,0.0,,0.0
2011-06-20,0.0,,0.64
2011-06-21,0.0,,0.03
2011-06-22,0.0,,0.03
2011-06-23,0.0,,5.06
2011-06-24,14.03,,4.21
2011-06-25,6.98,,0.17
2011-06-26,20.33,,15.35
2011-06-27,27.81,,19.46
2011-06-28,30.91,,10.08
2011-06-29,6.01,,0.4
2011-06-30,0.71,,14.15
2011-07-01,15.13,,0.13
2011-07-02,0.0,,0.44
2011-07-03,0.0,,0.14
2011-07-04,0.0,,1.8
2011-07-05,0.0,,0.21
2011-07-06,0.0,,0.06
2011-07-07,0.0,,2.13
2011-07-08,0.0,,4.34
2011-07-09,17.3,,1.61
2011-07-10,0.0,,6.57
2011-07-11,19.4,,8.51
2011-07-12,0.0,,0.06
2011-07-13,0.0,,3.97
2011-07-14,9.04,,2.53
2011-07-15,14.38,,7.94
2011-07-16,36.84,,18.01
2011-07-17,33.46,,20.13
2011-07-18,26.52,,1.04
2011-07-19,0.0,,0.0
2011-07-20,0.0,,0.0
2011-07-21,0.0,,0.74
2011-07-22,0.0,,2.77
2011-07-23,0.61,,6.43
2011-07-24,0.01,,0.92
2011-07-25,0.0,,2.27
2011-07-26,6.7,,14.88
2011-07-27,16.81,,15.83
2011-07-28,13.33,,14.8
2011-07-29,0.46,,0.02
2011-07-30,0.0,,0.0
2011-07-31,0.0,,0.25
2011-08-01,6.82,,17.08
2011-08-02,12.43,,0.0
2011-08-03,0.0,,0.0
2011-08-04,0.0,,0.0
2011-08-05,0.0,,0.0
2011-08-06,0.0,,0.04
2011-08-07,0.0,,6.35
2011-08-08,8.51,,2.54
2011-08-09,3.75,,5.64
2011-08-10,8.21,,0.63
2011-08-11,0.0,,1.36
2011-08-12,0.0,,0.03
2011-08-13,0.0,,0.09
2011-08-14,0.0,,3.71
2011-08-15,5.76,,0.0
2011-08-16,0.0,,0.0
2011-08-17,0.0,,0.0
2011-08-18,0.0,,1.95
2011-08-19,18.72,,0.07
2011-08-20,0.0,,0.53
2011-08-21,0.0,,2.62
2011-08-22,1.94,,6.69
2011-08-23,0.0,,5.67
2011-08-24,0.0,,0.35
2011-08-25,0.0,,0.0
2011-08-26,0.0,,0.0
2011-08-27,0.0,,0.0
2011-08-28,0.0,,0.0
2011-08-29,0.0,,0.0
2011-08-30,0.0,,1.44
2011-08-31,2.43,,5.85
2011-09-01,6.15,,3.28
2011-09-02,0.0,,3.24
2011-09-03,0.0,,0.72
2011-09-04,24.11,,30.17
2011-09-05,39.47,,34.36
2011-09-06,14.41,,2.69
2011-09-07,0.0,,0.0
2011-09-08,0.0,,0.0
2011-09-09,0.0,,0.0
2011-09-10,0.0,,0.0
2011-09-11,0.0,,0.0
2011-09-12,0.0,,0.0
2011-09-13,0.0,,0.01
2011-09-14,0.0,,0.05
2011-09-15,0.0,,0.0
2011-09-16,0.0,,0.02
2011-09-17,0.0,,0.31
2011-09-18,0.0,,0.0
2011-09-19,0.0,,0.01
2011-09-20,0.0,,0.0
2011-09-21,0.0,,4.29
2011-09-22,10.56,,10.55
2011-09-23,0.0,,0.07
2011-09-24,0.0,,0.27
2011-09-25,0.0,,2.33
2011-09-26,0.0,,1.72
2011-09-27,0.0,,0.08
2011-09-28,0.0,,0.08
2011-09-29,0.0,,0.18
2011-09-30,0.0,,0.0
2011-10-01,0.0,,0.0
2011-10-02,0.0,,0.0
2011-10-03,0.0,,0.0
2011-10-04,0.0,,0.0
2011-10-05,0.0,,0.0
2011-10-06,0.0,,0.29
2011-10-07,0.0,,0.73
2011-10-08,0.0,,1.16
2011-10-09,0.3,,0.77
2011-10-10,2.13,,4.15
2011-10-11,13.15,,10.28
2011-10-12,3.16,,0.26
2011-10-13,0.0,,0.02
2011-10-14,0.0,,2.47
2011-10-15,0.0,,0.0
2011-10-16,0.0,,0.0
2011-10-17,0.0,,0.0
2011-10-18,0.0,,91.77
2011-10-19,82.8,,4.46
2011-10-20,0.0,,0.0
2011-10-21,0.0,,0.0
2011-10-22,0.0,,0.0
2011-10-23,0.0,,0.0
2011-10-24,0.0,,0.0
2011-10-25,0.0,,0.0
2011-10-26,0.0,,0.0
2011-10-27,0.0,,0.0
2011-10-28,0.0,,0.0
2011-10-29,0.0,,0.0
2011-10-30,0.0,,0.0
2011-10-31,0.0,,0.0
2011-11-01,0.0,,0.0
2011-11-02,0.0,,0.0
2011-11-03,0.0,,0.0
2011-11-04,4.28,,2.55
2011-11-05,0.0,,0.0
2011-11-06,0.0,,0.0
2011-11-07,0.0,,0.0
2011-11-08,0.0,,0.0
2011-11-09,0.0,,0.0
2011-11-10,0.0,,0.11
2011-11-11,0.0,,0.01
2011-11-12,0.0,,0.0
2011-11-13,0.0,,0.0
2011-11-14,0.0,,0.0
2011-11-15,0.0,,0.0
2011-11-16,0.0,,2.83
2011-11-17,12.77,,10.31
2011-11-18,0.0,,0.0
2011-11-19,0.0,,0.0
2011-11-20,0.0,,0.05
2011-11-21,0.0,,0.0
2011-11-22,0.0,,0.11
2011-11-23,13.91,,9.71
2011-11-24,0.0,,0.0
2011-11-25,0.0,,0.0
2011-11-26,0.0,,0.0
2011-11-27,0.0,,0.0
2011-11-28,17.26,,20.19
2011-11-29,6.48,,0.44
2011-11-30,0.0,,0.0
2011-12-01,0.0,,0.0
2011-12-02,0.0,,0.0
2011-12-03,0.0,,0.0
2011-12-04,0.0,,0.0
2011-12-05,0.0,,0.0
2011-12-06,0.0,,0.01
2011-12-07,2.41,,0.1
2011-12-08,0.0,,0.0
2011-12-09,0.0,,0.0
2011-12-10,0.0,,0.0
2011-12-11,0.0,,0.07
2011-12-12,51.17,,26.17
2011-12-13,0.0,,0.01
2011-12-14,0.0,,0.0
2011-12-15,0.0,,0.0
2011-12-16,0.0,,0.0
2011-12-17,0.0,,0.0
2011-12-18,0.0,,0.0
2011-12-19,0.0,,0.0
2011-12-20,0.0,,0.0
2011-12-21,5.97,,5.21
2011-12-22,7.15,,0.01
2011-12-23,7.77,,8.91
2011-12-24,0.0,,0.0
2011-12-25,0.0,,0.02
2011-12-26,0.0,,0.2
2011-12-27,12.03,,16.68
2011-12-28,0.0,,0.0
2011-12-29,0.0,,0.0
2011-12-30,0.0,,0.15
2011-12-31,0.0,,0.0
2012-01-01,0.0,,0.0
2012-01-02,0.0,,0.0
2012-01-03,0.0,,0.0
2012-01-04,0.0,,0.0
2012-01-05,0.0,,0.0
2012-01-06,0.0,,0.0
2012-01-07,0.0,,0.0
2012-01-08,0.0,,0.04
2012-01-09,0.0,,0.0
2012-01-10,0.0,,7.87
2012-01-11,22.69,,14.71
2012-01-12,0.0,,0.0
2012-01-13,0.0,,0.0
2012-01-14,0.0,,0.0
2012-01-15,0.0,,0.0
2012-01-16,0.0,,0.0
2012-01-17,0.0,,0.0
2012-01-18,25.82,,29.96
2012-01-19,0.0,,0.0
2012-01-20,0.0,,0.0
2012-01-21,0.0,,0.0
2012-01-22,0.0,,0.52
2012-01-23,0.0,,0.0
2012-01-24,0.0,,3.13
2012-01-25,0.0,,0.05
2012-01-26,0.0,,0.06
2012-01-27,10.34,,14.13
2012-01-28,0.0,,0.0
2012-01-29,0.0,,0.0
2012-01-30,0.0,,0.0
2012-01-31,0.0,,0.0
2012-02-01,0.0,,0.17
2012-02-02,3.73,,2.15
2012-02-03,0.0,,0.0
2012-02-04,0.0,,0.0
2012-02-05,0.0,,0.0
2012-02-06,0.0,,0.0
2012-02-07,0.0,,0.0
2012-02-08,0.0,,0.0
2012-02-09,0.0,,0.0
2012-02-10,0.0,,0.1
2012-02-11,0.0,,0.34
2012-02-12,0.0,,0.0
2012-02-13,0.0,,0.0
2012-02-14,0.0,,1.27
2012-02-15,5.09,,0.85
2012-02-16,0.0,,12.75
2012-02-17,12.1,,2.49
2012-02-18,0.0,,0.58
2012-02-19,25.57,,47.25
2012-02-20,0.0,,3.94
2012-02-21,0.0,,0.31
2012-02-22,1.96,,1.51
2012-02-23,4.05,,0.14
2012-02-24,0.0,,2.72
2012-02-25,4.39,,0.19
2012-02-26,0.3,,1.53
2012-02-27,7.91,,15.85
2012-02-28,18.5,,0.37
2012-02-29,0.0,,0.19
2012-03-01,0.0,,0.0
2012-03-02,0.0,,0.0
2012-03-03,0.0,,0.0
2012-03-04,51.16,,44.19
2012-03-05,0.0,,30.15
2012-03-06,0.0,,0.0
2012-03-07,0.0,,0.0
2012-03-08,0.0,,0.0
2012-03-09,0.0,,0.0
2012-03-10,0.0,,0.01
2012-03-11,0.0,,0.0
2012-03-12,0.0,,0.0
2012-03-13,0.0,,0.0
2012-03-14,6.58,,22.18
2012-03-15,0.0,,4.65
2012-03-16,0.0,,3.37
2012-03-17,0.0,,0.0
2012-03-18,0.0,,0.0
2012-03-19,0.0,,0.0
2012-03-20,0.0,,0.0
2012-03-21,0.0,,0.0
2012-03-22,0.0,,0.0
2012-03-23,0.0,,0.0
2012-03-24,0.0,,0.12
2012-03-25,0.0,,0.62
2012-03-26,0.0,,0.49
2012-03-27,0.0,,0.21
2012-03-28,0.0,,0.0
2012-03-29,0.0,,0.0
2012-03-30,0.0,,0.0
2012-03-31,0.2,,0.46
2012-04-01,3.83,,1.18
2012-04-02,0.0,,0.0
2012-04-03,0.0,,0.0
2012-04-04,6.84,,6.38
2012-04-05,7.07,,3.91
2012-04-06,2.22,,2.16
2012-04-07,0.0,,0.68
2012-04-08,0.0,,0.0
2012-04-09,0.0,,0.0
2012-04-10,0.0,,0.0
2012-04-11,0.0,,0.0
2012-04-12,0.0,,0.0
2012-04-13,0.0,,0.0
2012-04-14,0.0,,0.0
2012-04-15,0.0,,0.0
2012-04-16,0.0,,0.0
2012-04-17,0.0,,0.0
2012-04-18,0.0,,0.0
2012-04-19,16.09,,26.93
2012-04-20,0.0,,0.0
2012-04-21,0.0,,0.0
2012-04-22,9.8,,5.09
2012-04-23,0.0,,0.2
2012-04-24,0.0,,0.99
2012-04-25,0.0,,0.0
2012-04-26,0.0,,0.0
2012-04-27,0.0,,0.0
2012-04-28,0.0,,0.0
2012-04-29,0.0,,0.0
2012-04-30,0.0,,0.0
2012-05-01,0.0,,0.0
2012-05-02,0.0,,0.0
2012-05-03,0.0,,0.0
2012-05-04,0.0,,0.0
2012-05-05,0.0,,0.0
2012-05-06,0.0,,0.0
2012-05-07,6.38,,2.02
2012-05-08,8.46,,6.98
2012-05-09,2.98,,1.66
2012-05-10,12.06,,11.14
2012-05-11,0.0,,0.0
2012-05-12,0.0,,0.0
2012-05-13,11.43,,0.0
2012-05-14,14.2,,25.71
2012-05-15,9.51,,6.85
2012-05-16,0.0,,0.25
2012-05-17,0.0,,0.11
2012-05-18,0.0,,0.01
2012-05-19,0.0,,0.0
2012-05-20,0.0,,0.0
2012-05-21,0.0,,0.0
2012-05-22,7.88,,0.07
2012-05-23,0.0,,0.2
2012-05-24,0.0,,0.02
2012-05-25,0.0,,0.1
2012-05-26,0.0,,0.0
2012-05-27,0.0,,0.0
2012-05-28,0.88,,0.0
2012-05-29,12.13,,4.91
2012-05-30,4.31,,0.66
2012-05-31,0.0,,2.04
2012-06-01,6.72,,5.9
2012-06-02,5.5,,1.14
2012-06-03,0.0,,0.02
2012-06-04,0.0,,0.0
2012-06-05,0.0,,0.0
2012-06-06,2.04,,1.27
2012-06-07,22.87,,10.75
2012-06-08,14.05,,8.76
2012-06-09,13.09,,0.07
2012-06-10,14.59,,14.4
2012-06-11,0.0,,10.19
2012-06-12,0.0,,5.18
2012-06-13,0.0,,0.54
2012-06-14,0.0,,1.67
2012-06-15,39.52,,18.59
2012-06-16,0.0,,10.68
2012-06-17,0.0,,0.0
2012-06-18,0.0,,0.0
2012-06-19,0.0,,0.0
2012-06-20,0.0,,0.0
2012-06-21,0.0,,0.0
2012-06-22,0.0,,0.23
2012-06-23,0.0,,0.27
2012-06-24,27.21,,0.25
2012-06-25,85.68,,52.38
2012-06-26,87.38,,88.59
2012-06-27,0.0,,28.09
2012-06-28,0.0,,0.0
2012-06-29,0.0,,0.0
2012-06-30,0.0,,0.0
2012-07-01,0.0,,0.0
2012-07-02,0.0,,0.0
2012-07-03,0.0,,1.13
2012-07-04,0.0,,6.75
2012-07-05,10.09,,4.48
2012-07-06,0.0,,1.18
2012-07-07,0.0,,0.0
2012-07-08,0.0,,4.53
2012-07-09,0.0,,0.0
2012-07-10,5.63,,2.33
2012-07-11,5.04,,4.47
2012-07-12,2.59,,3.32
2012-07-13,5.49,,1.1
2012-07-14,0.0,,0.22
2012-07-15,0.0,,0.04
2012-07-16,0.0,,0.03
2012-07-17,1.7,,0.2
2012-07-18,20.28,,17.23
2012-07-19,8.01,,2.48
2012-07-20,7.52,,2.21
2012-07-21,0.0,,1.47
2012-07-22,0.0,,0.01
2012-07-23,7.81,,1.02
2012-07-24,5.47,,1.25
2012-07-25,0.0,,0.0
2012-07-26,6.69,,0.76
2012-07-27,15.77,,2.07
2012-07-28,0.0,,4.81
2012-07-29,0.0,,1.54
2012-07-30,7.46,,1.0
2012-07-31,9.21,,2.92
2012-08-01,13.08,,30.81
2012-08-02,2.28,,0.03
2012-08-03,4.98,,1.35
2012-08-04,3.51,,0.04
2012-08-05,12.35,,0.0
2012-08-06,20.35,,3.82
2012-08-07,14.25,,31.11
2012-08-08,9.56,,23.23
2012-08-09,15.63,,6.22
2012-08-10,13.97,,7.53
2012-08-11,14.88,,13.63
2012-08-12,2.0,,7.21
2012-08-13,0.0,,0.01
2012-08-14,0.0,,0.93
2012-08-15,16.34,,19.63
2012-08-16,8.32,,4.94
2012-08-17,12.84,,0.43
2012-08-18,18.73,,11.69
2012-08-19,0.37,,1.34
2012-08-20,25.91,,3.48
2012-08-21,39.95,,47.56
2012-08-22,6.52,,2.0
2012-08-23,11.41,,1.04
2012-08-24,16.23,,1.94
2012-08-25,0.0,,8.3
2012-08-26,0.0,,0.0
2012-08-27,0.0,,0.0
2012-08-28,3.0,,1.33
2012-08-29,6.79,,0.8
2012-08-30,13.58,,12.8
2012-08-31,0.0,,2.31
2012-09-01,0.0,,0.32
2012-09-02,0.0,,0.1
2012-09-03,0.0,,0.0
2012-09-04,0.0,,5.31
2012-09-05,17.53,,5.02
2012-09-06,20.62,,13.15
2012-09-07,0.0,,0.0
2012-09-08,0.0,,0.62
2012-09-09,24.87,,7.01
2012-09-10,0.0,,0.62
2012-09-11,0.0,,0.0
2012-09-12,0.0,,0.0
2012-09-13,0.0,,0.0
2012-09-14,0.0,,0.0
2012-09-15,0.0,,0.0
2012-09-16,0.0,,0.01
2012-09-17,0.0,,0.54
2012-09-18,34.55,,9.32
2012-09-19,32.9,,34.95
2012-09-20,0.0,,0.5
2012-09-21,0.0,,1.86
2012-09-22,0.0,,1.23
2012-09-23,0.0,,0.0
2012-09-24,0.0,,0.0
2012-09-25,0.0,,0.0
2012-09-26,0.0,,0.0
2012-09-27,0.0,,0.0
2012-09-28,0.0,,0.0
2012-09-29,0.0,,0.0
2012-09-30,15.56,,15.65
2012-10-01,6.79,,11.33
2012-10-02,7.39,,8.43
2012-10-03,0.0,,3.84
2012-10-04,16.26,,1.72
2012-10-05,0.0,,8.02
2012-10-06,0.0,,0.01
2012-10-07,0.0,,0.0
2012-10-08,0.0,,0.0
2012-10-09,0.0,,0.0
2012-10-10,0.0,,0.0
2012-10-11,0.0,,0.0
2012-10-12,0.0,,0.0
2012-10-13,0.0,,0.0
2012-10-14,0.0,,0.0
2012-10-15,0.0,,0.0
2012-10-16,0.0,,0.0
2012-10-17,0.0,,0.0
2012-10-18,0.0,,0.0
2012-10-19,3.59,,1.81
2012-10-20,0.0,,1.05
2012-10-21,0.0,,0.0
2012-10-22,0.0,,0.0
2012-10-23,0.0,,0.0
2012-10-24,0.0,,0.0
2012-10-25,0.0,,0.0
2012-10-26,0.0,,0.0
2012-10-27,0.0,,0.0
2012-10-28,0.0,,0.0
2012-10-29,0.0,,0.0
2012-10-30,0.0,,0.0
2012-10-31,0.0,,0.0
2012-11-01,0.77,,0.0
2012-11-02,0.0,,0.45
2012-11-03,0.0,,0.0
2012-11-04,0.0,,0.0
2012-11-05,0.0,,0.0
2012-11-06,5.2,,0.0
2012-11-07,0.0,,4.96
2012-11-08,0.0,,0.0
2012-11-09,0.0,,0.0
2012-11-10,0.0,,0.0
2012-11-11,0.0,,0.0
2012-11-12,0.0,,0.0
2012-11-13,0.0,,0.0
2012-11-14,0.0,,0.0
2012-11-15,0.0,,0.0
2012-11-16,0.0,,0.0
2012-11-17,0.0,,0.0
2012-11-18,0.0,,0.0
2012-11-19,0.0,,0.0
2012-11-20,0.0,,0.0
2012-11-21,0.0,,0.0
2012-11-22,0.0,,0.0
2012-11-23,0.0,,0.0
2012-11-24,0.0,,0.0
2012-11-25,0.0,,0.0
2012-11-26,0.0,,0.0
2012-11-27,0.0,,0.0
2012-11-28,5.11,,1.81
2012-11-29,0.0,,0.02
2012-11-30,0.0,,0.0
2012-12-01,0.0,,0.0
2012-12-02,0.0,,0.0
2012-12-03,0.0,,0.0
2012-12-04,0.0,,0.0
2012-12-05,0.0,,0.0
2012-12-06,0.0,,0.0
2012-12-07,0.0,,0.0
2012-12-08,0.0,,0.0
2012-12-09,0.0,,0.0
2012-12-10,0.0,,0.0
2012-12-11,0.0,,0.15
2012-12-12,10.03,,5.47
2012-12-13,15.73,,21.67
2012-12-14,0.0,,0.02
2012-12-15,0.0,,0.0
2012-12-16,0.0,,0.0
2012-12-17,9.62,,0.0
2012-12-18,6.21,,12.5
2012-12-19,0.0,,0.32
2012-12-20,0.0,,0.0
2012-12-21,22.17,,27.38
2012-12-22,0.0,,0.04
2012-12-23,0.0,,0.0
2012-12-24,0.0,,0.0
2012-12-25,7.45,,4.69
2012-12-26,6.84,,7.21
2012-12-27,0.0,,3.43
2012-12-28,0.0,,0.0
2012-12-29,12.88,,0.0
2012-12-30,0.0,,13.14
2012-12-31,6.44,,0.0
2013-01-01,0.0,,0.0
2013-01-02,0.0,,20.07
2013-01-03,3.8,,8.87
2013-01-04,6.68,,0.01
2013-01-05,0.0,,0.0
2013-01-06,2.0,,1.95
2013-01-07,2.0,,0.0
2013-01-08,0.0,,0.04
2013-01-09,0.0,,0.98
2013-01-10,0.0,,0.34
2013-01-11,0.0,,0.0
2013-01-12,0.0,,0.0
2013-01-13,0.0,,0.0
2013-01-14,0.0,,0.0
2013-01-15,0.0,,0.0
2013-01-16,0.0,,0.0
2013-01-17,1.0,,1.63
2013-01-18,0.0,,0.0
2013-01-19,0.0,,0.0
2013-01-20,0.0,,0.0
2013-01-21,0.0,,0.0
2013-01-22,0.0,,0.0
2013-01-23,0.0,,0.0
2013-01-24,0.0,,0.0
2013-01-25,0.0,,0.0
2013-01-26,0.0,,0.0
2013-01-27,0.0,,0.0
2013-01-28,0.0,,0.0
2013-01-29,0.0,,0.0
2013-01-30,0.0,,0.02
2013-01-31,15.84,,14.9
2013-02-01,0.0,,0.0
2013-02-02,0.0,,0.0
2013-02-03,0.0,,0.0
2013-02-04,0.0,,0.0
2013-02-05,1.9,,4.1
2013-02-06,4.54,,0.31
2013-02-07,6.7,,11.32
2013-02-08,14.7,,0.0
2013-02-09,0.0,,0.01
2013-02-10,0.0,,0.0
2013-02-11,0.0,,0.35
2013-02-12,7.76,,33.97
2013-02-13,3.61,,3.72
2013-02-14,3.51,,3.48
2013-02-15,0.0,,0.0
2013-02-16,0.0,,0.0
2013-02-17,0.0,,0.0
2013-02-18,0.0,,0.0
2013-02-19,0.0,,5.96
2013-02-20,0.0,,0.0
2013-02-21,0.0,,0.0
2013-02-22,0.0,,62.35
2013-02-23,62.38,,47.53
2013-02-24,16.95,,18.93
2013-02-25,69.38,,41.19
2013-02-26,70.28,,68.95
2013-02-27,0.0,,0.0
2013-02-28,0.0,,0.0
2013-03-01,0.0,,0.0
2013-03-02,0.0,,0.0
2013-03-03,0.0,,0.0
2013-03-04,0.0,,0.0
2013-03-05,0.0,,0.0
2013-03-06,0.0,,1.55
2013-03-07,0.0,,0.0
2013-03-08,0.0,,0.0
2013-03-09,0.0,,0.0
2013-03-10,0.0,,0.0
2013-03-11,0.0,,0.28
2013-03-12,17.99,,16.14
2013-03-13,0.0,,0.0
2013-03-14,0.0,,0.0
2013-03-15,0.0,,0.0
2013-03-16,0.0,,0.0
2013-03-17,0.0,,9.35
2013-03-18,9.13,,5.69
2013-03-19,9.87,,21.26
2013-03-20,0.0,,0.4
2013-03-21,0.0,,0.0
2013-03-22,0.0,,0.0
2013-03-23,0.0,,40.91
2013-03-24,43.07,,17.24
2013-03-25,0.0,,0.02
2013-03-26,0.0,,0.0
2013-03-27,0.0,,0.0
2013-03-28,0.0,,0.0
2013-03-29,0.0,,0.0
2013-03-30,0.0,,0.0
2013-03-31,0.0,,0.44
2013-04-01,0.0,,0.09
2013-04-02,0.0,,0.0
2013-04-03,0.0,,4.72
2013-04-04,8.02,,2.54
2013-04-05,2.14,,0.23
2013-04-06,0.0,,0.0
2013-04-07,0.0,,0.0
2013-04-08,0.0,,0.0
2013-04-09,0.0,,0.0
2013-04-10,0.0,,0.0
2013-04-11,0.0,,0.69
2013-04-12,4.67,,3.7
2013-04-13,0.0,,0.0
2013-04-14,0.0,,34.46
2013-04-15,41.81,,1.43
2013-04-16,0.0,,0.0
2013-04-17,0.0,,0.0
2013-04-18,0.0,,0.0
2013-04-19,0.0,,14.46
2013-04-20,16.7,,8.04
2013-04-21,0.0,,0.0
2013-04-22,11.16,,13.97
2013-04-23,0.0,,0.0
2013-04-24,0.0,,0.0
2013-04-25,0.0,,3.51
2013-04-26,0.0,,0.06
2013-04-27,0.0,,0.0
2013-04-28,0.0,,0.0
2013-04-29,0.0,,23.65
2013-04-30,11.69,,0.39
2013-05-01,1.35,,3.45
2013-05-02,3.08,,2.44
2013-05-03,8.43,,3.02
2013-05-04,4.33,,2.61
2013-05-05,0.0,,2.12
2013-05-06,0.0,,0.0
2013-05-07,0.06,,0.38
2013-05-08,0.0,,0.0
2013-05-09,0.0,,0.0
2013-05-10,0.0,,0.0
2013-05-11,0.0,,1.23
2013-05-12,6.27,,0.06
2013-05-13,0.0,,0.0
2013-05-14,0.0,,0.0
2013-05-15,0.0,,0.0
2013-05-16,0.0,,0.0
2013-05-17,0.0,,0.0
2013-05-18,0.0,,0.63
2013-05-19,0.0,,0.0
2013-05-20,0.0,,0.09
2013-05-21,0.0,,0.0
2013-05-22,0.0,,0.0
2013-05-23,0.0,,0.0
2013-05-24,0.0,,0.0
2013-05-25,0.0,,0.0
2013-05-26,0.0,,0.0
2013-05-27,0.0,,0.0
2013-05-28,0.0,,0.0
2013-05-29,0.0,,0.45
2013-05-30,0.0,,0.8
2013-05-31,0.0,,0.14
2013-06-01,0.0,,0.0
2013-06-02,0.0,,7.27
2013-06-03,0.0,,11.32
2013-06-04,16.0,,11.45
2013-06-05,13.44,,6.04
2013-06-06,27.07,,29.37
2013-06-07,33.51,,0.51
2013-06-08,0.08,,0.0
2013-06-09,0.0,,0.92
2013-06-10,1.77,,4.28
2013-06-11,4.0,,2.48
2013-06-12,0.0,,0.02
2013-06-13,0.0,,0.0
2013-06-14,0.0,,0.0
2013-06-15,0.0,,0.0
2013-06-16,0.0,,0.5
2013-06-17,0.0,,0.03
2013-06-18,0.0,,0.52
2013-06-19,2.64,,0.06
2013-06-20,3.28,,10.41
2013-06-21,12.6,,1.92
2013-06-22,6.87,,4.48
2013-06-23,0.0,,6.31
2013-06-24,0.0,,19.28
2013-06-25,8.48,,0.19
2013-06-26,0.0,,0.0
2013-06-27,0.0,,0.02
2013-06-28,7.0,,2.07
2013-06-29,16.55,,38.27
2013-06-30,12.71,,8.71
2013-07-01,15.01,,7.12
2013-07-02,13.69,,13.37
2013-07-03,43.87,,47.1
2013-07-04,34.86,,38.6
2013-07-05,28.88,,13.03
2013-07-06,21.11,,17.59
2013-07-07,28.57,,1.27
2013-07-08,12.53,,1.54
2013-07-09,6.21,,0.73
2013-07-10,5.18,,14.13
2013-07-11,20.95,,7.99
2013-07-12,12.51,,4.81
2013-07-13,5.09,,9.45
2013-07-14,6.03,,11.91
2013-07-15,4.42,,9.33
2013-07-16,0.0,,1.57
2013-07-17,3.48,,0.0
2013-07-18,0.0,,1.44
2013-07-19,3.89,,8.35
2013-07-20,53.59,,46.32
2013-07-21,23.96,,17.54
2013-07-22,18.44,,23.6
2013-07-23,20.64,,6.79
2013-07-24,13.66,,11.82
2013-07-25,25.0,,25.21
2013-07-26,13.3,,5.36
2013-07-27,0.22,,11.61
2013-07-28,2.7,,3.54
2013-07-29,0.0,,2.81
2013-07-30,5.17,,1.29
2013-07-31,0.0,,5.24
2013-08-01,9.33,,2.21
2013-08-02,0.0,,0.0
2013-08-03,0.0,,0.69
2013-08-04,0.0,,0.29
2013-08-05,0.0,,3.77
2013-08-06,0.0,,0.0
2013-08-07,2.3,,2.56
2013-08-08,10.18,,2.18
2013-08-09,0.0,,15.74
2013-08-10,2.94,,5.17
2013-08-11,0.0,,8.98
2013-08-12,0.0,,0.0
2013-08-13,0.0,,6.03
2013-08-14,0.05,,11.13
2013-08-15,12.11,,7.96
2013-08-16,14.2,,5.64
2013-08-17,36.32,,52.98
2013-08-18,20.38,,19.88
2013-08-19,33.77,,10.73
2013-08-20,9.09,,5.46
2013-08-21,5.41,,8.55
2013-08-22,12.96,,16.02
2013-08-23,18.96,,0.59
2013-08-24,7.75,,4.58
2013-08-25,0.0,,2.33
2013-08-26,0.0,,0.0
2013-08-27,0.0,,1.07
2013-08-28,0.0,,1.45
2013-08-29,0.0,,0.0
2013-08-30,0.0,,0.43
2013-08-31,13.23,,20.07
2013-09-01,2.4,,1.65
2013-09-02,9.79,,17.86
2013-09-03,17.24,,7.34
2013-09-04,0.0,,7.21
2013-09-05,0.0,,0.55
2013-09-06,0.0,,0.0
2013-09-07,1.06,,0.0
2013-09-08,0.0,,0.01
2013-09-09,0.0,,0.0
2013-09-10,0.0,,0.01
2013-09-11,0.0,,0.01
2013-09-12,0.0,,0.0
2013-09-13,0.0,,0.0
2013-09-14,0.0,,0.46
2013-09-15,0.0,,4.2
2013-09-16,5.22,,6.2
2013-09-17,0.0,,1.19
2013-09-18,0.0,,2.62
2013-09-19,0.0,,0.0
2013-09-20,0.0,,0.0
2013-09-21,0.0,,7.69
2013-09-22,18.77,,11.9
2013-09-23,19.48,,9.34
2013-09-24,11.44,,2.82
2013-09-25,22.39,,22.66
2013-09-26,5.82,,3.08
2013-09-27,0.0,,0.0
2013-09-28,0.0,,0.0
2013-09-29,0.0,,0.0
2013-09-30,0.0,,1.09
2013-10-01,1.05,,0.0
2013-10-02,0.0,,0.0
2013-10-03,0.0,,0.0
2013-10-04,0.0,,0.0
2013-10-05,0.0,,0.0
2013-10-06,0.0,,8.87
2013-10-07,14.28,,12.06
2013-10-08,0.0,,1.09
2013-10-09,0.0,,0.0
2013-10-10,0.0,,0.0
2013-10-11,0.0,,0.0
2013-10-12,0.0,,0.0
2013-10-13,0.0,,0.0
2013-10-14,0.0,,0.0
2013-10-15,0.0,,0.0
2013-10-16,0.0,,0.0
2013-10-17,0.0,,0.01
2013-10-18,0.0,,0.67
2013-10-19,0.6,,1.96
2013-10-20,5.85,,0.72
2013-10-21,0.0,,1.83
2013-10-22,7.31,,3.01
2013-10-23,5.25,,0.17
2013-10-24,0.0,,0.0
2013-10-25,0.0,,0.0
2013-10-26,0.0,,0.0
2013-10-27,0.0,,0.0
2013-10-28,0.0,,0.0
2013-10-29,0.0,,0.0
2013-10-30,0.0,,0.0
2013-10-31,0.0,,0.0
2013-11-01,0.0,,10.78
2013-11-02,15.66,,9.24
2013-11-03,0.0,,0.0
2013-11-04,0.0,,0.0
2013-11-05,0.0,,0.0
2013-11-06,0.0,,0.0
2013-11-07,0.0,,0.02
2013-11-08,0.0,,0.31
2013-11-09,0.0,,0.0
2013-11-10,0.0,,0.0
2013-11-11,0.0,,0.0
2013-11-12,0.0,,0.0
2013-11-13,0.0,,0.0
2013-11-14,0.0,,0.01
2013-11-15,0.0,,0.93
2013-11-16,8.55,,0.01
2013-11-17,3.18,,4.01
2013-11-18,5.64,,3.15
2013-11-19,8.45,,0.66
2013-11-20,0.0,,0.36
2013-11-21,0.0,,0.9
2013-11-22,0.0,,0.0
2013-11-23,0.0,,0.0
2013-11-24,0.0,,0.0
2013-11-25,0.0,,0.0
2013-11-26,51.06,,66.62
2013-11-27,52.53,,1.13
2013-11-28,0.0,,0.0
2013-11-29,0.0,,0.0
2013-11-30,0.0,,0.0
2013-12-01,0.0,,0.0
2013-12-02,0.0,,0.0
2013-12-03,0.0,,0.0
2013-12-04,0.0,,0.86
2013-12-05,0.0,,0.0
2013-12-06,0.0,,0.0
2013-12-07,0.0,,4.52
2013-12-08,0.23,,0.7
2013-12-09,1.0,,0.67
2013-12-10,8.71,,7.76
2013-12-11,0.0,,0.15
2013-12-12,0.0,,0.0
2013-12-13,0.0,,0.0
2013-12-14,0.0,,37.82
2013-12-15,26.58,,5.05
2013-12-16,0.0,,0.0
2013-12-17,0.0,,0.0
2013-12-18,0.0,,0.0
2013-12-19,0.0,,0.0
2013-12-20,0.0,,0.0
2013-12-21,0.0,,0.0
2013-12-22,0.0,,0.03
2013-12-23,18.92,,31.68
2013-12-24,18.96,,0.08
2013-12-25,0.0,,0.0
2013-12-26,0.0,,0.83
2013-12-27,8.08,,0.01
2013-12-28,7.8,,0.0
2013-12-29,34.86,,33.74
2013-12-30,0.0,,0.0
2013-12-31,0.0,,0.0
2014-01-01,0.0,,5.11
2014-01-02,12.96,,18.5
2014-01-03,7.63,,0.0
2014-01-04,0.0,,0.0
2014-01-05,0.0,,0.43
2014-01-06,2.2,,2.82
2014-01-07,0.0,,0.0
2014-01-08,0.0,,0.0
2014-01-09,0.0,,1.28
2014-01-10,13.46,,5.33
2014-01-11,11.98,,25.65
2014-01-12,32.4,,0.0
2014-01-13,0.0,,7.57
2014-01-14,24.51,,23.04
2014-01-15,0.0,,0.0
2014-01-16,0.0,,0.0
2014-01-17,0.0,,0.0
2014-01-18,0.0,,0.0
2014-01-19,0.0,,2.96
2014-01-20,0.0,,0.01
2014-01-21,0.0,,1.32
2014-01-22,0.0,,0.0
2014-01-23,0.0,,0.0
2014-01-24,0.0,,0.0
2014-01-25,0.0,,0.0
2014-01-26,0.0,,0.0
2014-01-27,0.0,,0.09
2014-01-28,5.0,,4.71
2014-01-29,10.96,,12.62
2014-01-30,5.39,,0.19
2014-01-31,0.0,,0.01
2014-02-01,0.0,,0.02
2014-02-02,0.0,,0.04
2014-02-03,0.0,,0.84
2014-02-04,0.0,,0.45
2014-02-05,7.3,,5.12
2014-02-06,3.57,,3.09
2014-02-07,6.52,,1.29
2014-02-08,3.2,,3.23
2014-02-09,0.0,,0.0
2014-02-10,0.0,,0.0
2014-02-11,0.0,,0.0
2014-02-12,12.66,,28.69
2014-02-13,28.0,,0.88
2014-02-14,0.0,,0.0
2014-02-15,2.04,,0.75
2014-02-16,0.0,,0.0
2014-02-17,0.0,,0.0
2014-02-18,0.0,,0.0
2014-02-19,0.0,,0.0
2014-02-20,0.0,,0.0
2014-02-21,0.0,,31.81
2014-02-22,33.28,,0.0
2014-02-23,17.47,,25.07
2014-02-24,29.68,,3.85
2014-02-25,0.0,,0.0
2014-02-26,15.6,,17.85
2014-02-27,15.72,,0.02
2014-02-28,0.0,,0.0
2014-03-01,0.0,,0.0
2014-03-02,0.0,,0.0
2014-03-03,0.0,,0.04
2014-03-04,0.0,,0.01
2014-03-05,1.71,,5.96
2014-03-06,17.86,,25.82
2014-03-07,20.06,,19.58
2014-03-08,0.0,,0.0
2014-03-09,0.0,,0.0
2014-03-10,0.0,,0.0
2014-03-11,0.0,,0.0
2014-03-12,11.57,,10.69
2014-03-13,0.0,,0.0
2014-03-14,0.0,,0.0
2014-03-15,0.0,,0.0
2014-03-16,0.0,,68.31
2014-03-17,82.19,,52.51
2014-03-18,33.25,,18.56
2014-03-19,0.0,,0.0
2014-03-20,0.0,,0.0
2014-03-21,0.0,,0.0
2014-03-22,0.0,,0.0
2014-03-23,0.0,,6.26
2014-03-24,1.44,,0.01
2014-03-25,0.0,,0.0
2014-03-26,0.0,,0.0
2014-03-27,0.0,,0.0
2014-03-28,0.0,,28.05
2014-03-29,30.3,,9.57
2014-03-30,11.59,,0.0
2014-03-31,0.0,,13.68
2014-04-01,0.0,,0.0
2014-04-02,0.0,,0.0
2014-04-03,0.0,,0.0
2014-04-04,0.0,,0.0
2014-04-05,0.0,,1.31
2014-04-06,2.55,,1.78
2014-04-07,11.19,,20.37
2014-04-08,29.2,,13.6
2014-04-09,0.0,,0.08
2014-04-10,0.0,,0.0
2014-04-11,0.0,,0.0
2014-04-12,0.0,,0.0
2014-04-13,0.0,,0.0
2014-04-14,0.0,,0.0
2014-04-15,47.14,,70.25
2014-04-16,14.56,,0.0
2014-04-17,0.0,,0.36
2014-04-18,43.13,,70.71
2014-04-19,30.7,,0.66
2014-04-20,0.0,,0.0
2014-04-21,0.0,,0.0
2014-04-22,0.0,,0.0
2014-04-23,0.0,,0.0
2014-04-24,0.0,,0.0
2014-04-25,0.0,,0.0
2014-04-26,0.0,,0.0
2014-04-27,0.0,,0.05
2014-04-28,0.0,,0.0
2014-04-29,0.0,,38.81
2014-04-30,60.13,,52.7
2014-05-01,28.83,,4.37
2014-05-02,11.35,,4.46
2014-05-03,5.24,,0.26
2014-05-04,0.0,,0.0
2014-05-05,0.0,,0.0
2014-05-06,0.0,,0.0
2014-05-07,0.0,,0.0
2014-05-08,0.0,,0.0
2014-05-09,0.0,,0.0
2014-05-10,0.0,,0.01
2014-05-11,0.0,,4.66
2014-05-12,0.0,,0.01
2014-05-13,0.0,,0.0
2014-05-14,0.0,,0.22
2014-05-15,16.06,,27.43
2014-05-16,0.0,,0.0
2014-05-17,0.0,,0.0
2014-05-18,0.0,,0.0
2014-05-19,0.0,,0.0
2014-05-20,0.0,,0.0
2014-05-21,0.0,,0.0
2014-05-22,0.0,,0.0
2014-05-23,0.0,,0.0
2014-05-24,0.0,,0.0
2014-05-25,0.0,,0.46
2014-05-26,0.0,,0.23
2014-05-27,0.0,,0.01
2014-05-28,0.0,,0.94
2014-05-29,0.0,,0.18
2014-05-30,0.0,,0.08
2014-05-31,0.0,,6.11
2014-06-01,14.17,,14.8
2014-06-02,15.31,,4.45
2014-06-03,3.56,,0.35
2014-06-04,0.0,,0.0
2014-06-05,0.0,,0.0
2014-06-06,0.0,,0.05
2014-06-07,16.75,,3.91
2014-06-08,7.74,,10.49
2014-06-09,7.82,,3.68
2014-06-10,0.0,,0.01
2014-06-11,9.23,,6.77
2014-06-12,0.25,,7.16
2014-06-13,9.96,,0.33
2014-06-14,0.0,,0.02
2014-06-15,0.0,,4.69
2014-06-16,10.25,,8.36
2014-06-17,0.0,,3.47
2014-06-18,0.0,,0.88
2014-06-19,0.0,,10.15
2014-06-20,0.0,,0.0
2014-06-21,4.54,,1.93
2014-06-22,10.66,,5.73
2014-06-23,14.75,,23.67
2014-06-24,11.54,,0.43
2014-06-25,3.26,,2.52
2014-06-26,3.29,,3.23
2014-06-27,9.88,,2.51
2014-06-28,0.0,,0.0
2014-06-29,0.0,,0.0
2014-06-30,0.0,,0.16
2014-07-01,0.0,,6.68
2014-07-02,0.0,,0.48
2014-07-03,6.57,,0.93
2014-07-04,0.0,,0.0
2014-07-05,0.0,,0.0
2014-07-06,0.0,,0.0
2014-07-07,0.0,,0.0
2014-07-08,0.0,,0.0
2014-07-09,0.0,,8.56
2014-07-10,5.13,,7.39
2014-07-11,10.29,,1.45
2014-07-12,0.0,,1.18
2014-07-13,0.0,,13.78
2014-07-14,0.01,,0.1
2014-07-15,0.0,,9.37
2014-07-16,20.71,,1.34
2014-07-17,0.0,,0.0
2014-07-18,0.0,,0.0
2014-07-19,16.29,,18.7
2014-07-20,19.59,,16.92
2014-07-21,8.93,,7.97
2014-07-22,5.13,,0.36
2014-07-23,0.0,,4.77
2014-07-24,1.18,,1.54
2014-07-25,9.39,,3.45
2014-07-26,5.42,,2.36
2014-07-27,8.8,,0.12
2014-07-28,7.41,,1.14
2014-07-29,0.3,,8.2
2014-07-30,0.0,,0.0
2014-07-31,0.0,,0.0
2014-08-01,0.0,,0.0
2014-08-02,0.0,,0.0
2014-08-03,0.0,,0.59
2014-08-04,5.63,,2.45
2014-08-05,2.57,,0.77
2014-08-06,0.0,,0.0
2014-08-07,0.0,,0.27
2014-08-08,0.0,,0.01
2014-08-09,0.0,,0.0
2014-08-10,0.0,,7.07
2014-08-11,11.73,,7.25
2014-08-12,12.04,,3.01
2014-08-13,0.0,,7.4
2014-08-14,7.62,,0.53
2014-08-15,0.0,,0.0
2014-08-16,0.0,,0.0
2014-08-17,0.0,,1.48
2014-08-18,4.0,,1.69
2014-08-19,14.16,,9.95
2014-08-20,14.91,,9.85
2014-08-21,0.0,,0.37
2014-08-22,0.0,,2.12
2014-08-23,0.0,,0.38
2014-08-24,0.0,,2.21
2014-08-25,0.0,,0.24
2014-08-26,0.0,,0.06
2014-08-27,0.0,,0.03
2014-08-28,0.0,,0.0
2014-08-29,0.0,,3.3
2014-08-30,4.31,,0.72
2014-08-31,3.7,,2.81
2014-09-01,0.0,,9.64
2014-09-02,0.0,,1.82
2014-09-03,20.49,,20.33
2014-09-04,0.0,,7.58
2014-09-05,0.0,,0.3
2014-09-06,0.0,,1.84
2014-09-07,8.48,,7.19
2014-09-08,27.14,,9.68
2014-09-09,3.28,,1.31
2014-09-10,14.45,,1.85
2014-09-11,0.0,,5.11
2014-09-12,0.0,,0.02
2014-09-13,4.29,,20.06
2014-09-14,0.0,,3.09
2014-09-15,6.32,,9.96
2014-09-16,8.91,,2.6
2014-09-17,4.17,,1.31
2014-09-18,0.0,,0.08
2014-09-19,0.0,,0.05
2014-09-20,0.0,,0.0
2014-09-21,0.0,,0.0
2014-09-22,0.0,,0.0
2014-09-23,0.0,,0.02
2014-09-24,0.0,,0.0
2014-09-25,0.0,,0.0
2014-09-26,0.0,,0.0
2014-09-27,0.0,,0.0
2014-09-28,8.0,,10.54
2014-09-29,11.76,,18.76
2014-09-30,19.43,,0.78
2014-10-01,0.0,,0.0
2014-10-02,0.0,,0.0
2014-10-03,0.0,,5.63
2014-10-04,16.9,,0.61
2014-10-05,0.0,,0.0
2014-10-06,0.0,,0.0
2014-10-07,0.0,,0.0
2014-10-08,0.0,,0.0
2014-10-09,0.0,,0.0
2014-10-10,0.0,,0.0
2014-10-11,0.0,,0.0
2014-10-12,0.0,,0.0
2014-10-13,0.0,,1.28
2014-10-14,44.56,,96.69
2014-10-15,49.89,,0.02
2014-10-16,0.0,,0.0
2014-10-17,0.0,,0.0
2014-10-18,0.0,,0.0
2014-10-19,0.0,,0.0
2014-10-20,0.0,,0.0
2014-10-21,0.0,,0.0
2014-10-22,0.0,,0.0
2014-10-23,0.0,,0.0
2014-10-24,0.0,,0.0
2014-10-25,0.0,,0.0
2014-10-26,0.0,,0.0
2014-10-27,0.0,,0.0
2014-10-28,0.0,,0.0
2014-10-29,0.0,,0.19
2014-10-30,0.0,,0.02
2014-10-31,0.0,,0.0
2014-11-01,0.0,,0.0
2014-11-02,0.0,,0.0
2014-11-03,0.0,,0.0
2014-11-04,0.0,,0.0
2014-11-05,0.0,,0.0
2014-11-06,0.0,,0.08
2014-11-07,0.0,,0.65
2014-11-08,0.0,,0.0
2014-11-09,0.0,,0.0
2014-11-10,0.0,,0.0
2014-11-11,0.0,,0.0
2014-11-12,0.0,,0.0
2014-11-13,0.0,,0.02
2014-11-14,0.0,,0.0
2014-11-15,0.0,,0.0
2014-11-16,0.0,,0.0
2014-11-17,11.43,,13.91
2014-11-18,29.8,,0.11
2014-11-19,0.0,,0.0
2014-11-20,0.0,,0.0
2014-11-21,0.0,,0.0
2014-11-22,0.0,,5.8
2014-11-23,46.89,,81.86
2014-11-24,23.7,,20.23
2014-11-25,35.78,,34.12
2014-11-26,11.81,,10.24
2014-11-27,0.0,,0.0
2014-11-28,0.0,,0.0
2014-11-29,0.0,,0.0
2014-11-30,0.0,,0.0
2014-12-01,0.0,,0.0
2014-12-02,0.0,,0.0
2014-12-03,0.0,,0.0
2014-12-04,0.0,,0.0
2014-12-05,0.0,,0.0
2014-12-06,0.0,,0.0
2014-12-07,0.0,,0.0
2014-12-08,0.28,,1.53
2014-12-09,1.74,,0.0
2014-12-10,0.0,,0.0
2014-12-11,0.0,,0.0
2014-12-12,0.0,,0.0
2014-12-13,0.0,,0.0
2014-12-14,0.0,,0.0
2014-12-15,0.0,,0.0
2014-12-16,0.0,,1.28
2014-12-17,0.0,,0.0
2014-12-18,0.0,,0.0
2014-12-19,0.0,,0.78
2014-12-20,3.46,,3.25
2014-12-21,1.84,,8.83
2014-12-22,2.17,,9.61
2014-12-23,69.77,,142.18
2014-12-24,58.33,,46.94
2014-12-25,25.48,,1.18
2014-12-26,0.0,,0.0
2014-12-27,0.0,,0.0
2014-12-28,0.0,,0.0
2014-12-29,3.72,,8.36
2014-12-30,10.04,,0.0
2014-12-31,0.0,,0.0
