date,prcp_daymet_mm_day,prcp_nldas_mm_day,prcp_maurer_mm_day,q_cfs,q_cms,q_obs_mm_day
1980-01-01,0.0,0.0,0.0,55.0,1.557424,0.4963168829248391
1980-01-02,0.0,0.0,0.0,50.0,1.41584,0.4511971662953083
1980-01-03,0.0,0.0,0.3,44.0,1.2459392,0.39705350633987135
1980-01-04,5.77,5.28,3.5,41.0,1.1609888,0.3699816763621528
1980-01-05,0.0,0.0,1.14,41.0,1.1609888,0.3699816763621528
1980-01-06,0.0,0.0,0.0,39.0,1.1043552,0.3519337897103405
1980-01-07,0.0,5.01,0.1,36.0,1.0194048,0.324861959732622
1980-01-08,6.84,9.37,7.87,35.0,0.991088,0.3158380164067158
1980-01-09,10.17,3.6,8.7,63.0,1.7839584,0.5685084295320885
1980-01-10,0.0,0.06,2.03,90.0,2.548512,0.812154899331555
1980-01-11,22.02,19.19,17.32,119.0,3.3696992,1.0738492557828339
1980-01-12,13.3,0.2,5.77,207.0,5.8615775999999995,1.8679562684625763
1980-01-13,1.69,0.47,0.67,228.0,6.4562304,2.057459078306606
1980-01-14,2.31,1.23,0.73,225.0,6.37128,2.0303872483288874
1980-01-15,0.0,0.0,0.17,204.0,5.7766272,1.840884438484858
1980-01-16,0.0,0.57,0.01,180.0,5.097024,1.62430979866311
1980-01-17,2.43,2.33,1.25,159.0,4.5023712,1.4348069888190804
1980-01-18,6.24,4.01,5.18,150.0,4.24752,1.3535914988859248
1980-01-19,0.0,0.03,1.59,153.0,4.3324704,1.3806633288636434
1980-01-20,0.0,0.0,0.0,147.0,4.1625696,1.3265196689082066
1980-01-21,0.0,0.46,0.0,132.0,3.7378176,1.191160519019614
1980-01-22,0.0,2.05,1.62,116.0,3.2847488,1.0467774258051152
1980-01-23,23.68,25.44,17.56,172.0,4.8704896,1.5521182520558605
1980-01-24,0.0,0.2,5.67,222.0,6.2863296,2.003315418351169
1980-01-25,0.0,0.0,0.54,227.0,6.4279136,2.0484351349807
1980-01-26,26.9,46.48,24.88,292.0,8.2685056,2.6349914511646
1980-01-27,12.26,1.51,9.97,545.0,15.432656,4.918049112618861
1980-01-28,0.0,0.01,0.58,599.0,16.9617632,5.405342052217794
1980-01-29,0.0,0.0,0.0,563.0,15.9423584,5.080480092485171
1980-01-30,0.0,0.04,0.18,469.0,13.2805792,4.232229419849992
1980-01-31,6.99,6.96,5.01,399.0,11.2984032,3.6005533870365602
1980-02-01,0.0,0.0,1.65,353.0,9.9958304,3.1854519940448767
1980-02-02,0.0,0.0,0.0,303.0,8.5799904,2.7342548277495684
1980-02-03,0.0,0.42,0.0,257.0,7.2774176,2.319153434757885
1980-02-04,0.0,0.0,0.0,217.0,6.1447456,1.9581957017216383
1980-02-05,0.0,0.0,0.23,183.0,5.1819744,1.6513816286408283
1980-02-06,5.04,4.83,4.41,162.0,4.5873216,1.461878818796799
1980-02-07,0.0,0.0,1.44,154.0,4.3607872,1.3896872721895497
1980-02-08,0.0,0.0,0.0,137.0,3.8794016,1.2362802356491447
1980-02-09,0.0,4.28,3.95,122.0,3.4546495999999998,1.1009210857605523
1980-02-10,13.16,10.22,7.37,194.0,5.4934592,1.7506450052257962
1980-02-11,0.0,0.08,2.02,210.0,5.946528,1.895028098440295
1980-02-12,0.0,0.03,0.0,196.0,5.5500928,1.7686928918776086
1980-02-13,0.0,0.07,0.01,173.0,4.8988064,1.5611421953817668
1980-02-14,0.0,0.02,0.0,149.0,4.2192032,1.3445675555600187
1980-02-15,0.0,0.05,0.0,129.0,3.6528671999999998,1.1640886890418953
1980-02-16,2.25,2.1,0.56,112.0,3.1714816,1.0106816525014906
1980-02-17,3.0,1.16,1.41,103.0,2.9166304,0.9294661625683351
1980-02-18,0.0,0.0,0.41,91.0,2.5768288,0.8211788426574611
1980-02-19,0.0,0.06,0.0,79.0,2.2370272,0.7128915227465872
1980-02-20,0.0,0.12,0.04,69.0,1.9538592,0.6226520894875255
1980-02-21,0.0,0.0,0.01,61.0,1.7273247999999999,0.5504605428802761
1980-02-22,0.0,0.49,0.0,54.0,1.5291071999999999,0.48729293959893294
1980-02-23,0.0,0.0,0.04,48.0,1.3592064,0.433149279643496
1980-02-24,25.64,35.49,20.47,109.0,3.0865312,0.9836098225237722
1980-02-25,14.55,2.78,15.15,266.0,7.5322688,2.40036892469104
1980-02-26,0.0,0.0,2.78,327.0,9.2595936,2.9508294675713165
1980-02-27,0.0,0.0,0.0,300.0,8.49504,2.7071829977718496
1980-02-28,0.0,0.0,0.0,244.0,6.9092991999999995,2.2018421715211045
1980-02-29,0.0,6.04,3.32,196.0,5.5500928,1.7686928918776086
1980-03-01,8.35,12.09,6.65,162.0,4.5873216,1.461878818796799
1980-03-02,4.91,1.12,2.77,150.0,4.24752,1.3535914988859248
1980-03-03,0.0,0.03,0.19,137.0,3.8794016,1.2362802356491447
1980-03-04,0.0,0.02,0.0,122.0,3.4546495999999998,1.1009210857605523
1980-03-05,1.1,2.22,1.28,109.0,3.0865312,0.9836098225237722
1980-03-06,0.0,1.03,0.43,98.0,2.7750464,0.8843464459388043
1980-03-07,0.0,0.17,0.09,86.0,2.4352448,0.7760591260279303
1980-03-08,13.88,19.72,3.42,76.0,2.1520768,0.6858196927688687
1980-03-09,66.23,90.59,62.52,656.0,18.5758208,5.919706821794445
1980-03-10,39.96,11.29,47.55,1590.0,45.023711999999996,14.348069888190803
1980-03-11,0.0,0.01,9.03,2360.0,66.827648,21.296506249138552
1980-03-12,1.71,6.87,3.3,2190.0,62.013792,19.762435883734504
1980-03-13,11.55,6.52,5.54,1600.0,45.30688,14.438309321449866
1980-03-14,0.0,0.0,1.48,1140.0,32.281152,10.287295391533029
1980-03-15,0.0,0.0,0.0,805.0,22.795023999999998,7.264274377354464
1980-03-16,0.0,0.0,0.0,608.0,17.2166144,5.486557542150949
1980-03-17,0.0,3.73,2.45,470.0,13.308895999999999,4.241253363175898
1980-03-18,7.98,7.1,4.73,412.0,11.6665216,3.7178646502733406
1980-03-19,0.0,0.91,1.3,348.0,9.8542464,3.1403322774153457
1980-03-20,0.0,1.02,0.28,283.0,8.0136544,2.553775961231445
1980-03-21,3.48,2.5,2.45,242.0,6.8526656,2.1837942848692924
1980-03-22,0.0,0.0,0.79,199.0,5.6350432,1.7957647218553272
1980-03-23,0.0,0.0,0.0,162.0,4.5873216,1.461878818796799
1980-03-24,0.0,0.67,0.59,132.0,3.7378176,1.191160519019614
1980-03-25,0.0,0.02,0.2,109.0,3.0865312,0.9836098225237722
1980-03-26,0.0,1.83,0.38,92.0,2.6051456,0.8302027859833674
1980-03-27,1.85,2.93,1.97,80.0,2.265344,0.7219154660724932
1980-03-28,10.79,15.64,11.38,79.0,2.2370272,0.7128915227465872
1980-03-29,10.87,7.11,12.9,105.0,2.973264,0.9475140492201475
1980-03-30,37.17,31.3,23.77,278.0,7.8720704,2.5086562446019145
1980-03-31,0.0,1.02,6.89,369.0,10.4488992,3.3298350872593754
1980-04-01,0.0,10.02,0.0,368.0,10.4205824,3.3208111439334695
1980-04-02,34.92,14.62,21.12,388.0,10.9869184,3.5012900104515925
1980-04-03,24.23,14.63,24.26,748.0,21.1809664,6.749909607777812
1980-04-04,19.36,11.82,23.64,1030.0,29.166304,9.294661625683352
1980-04-05,0.0,0.05,5.97,1270.0,35.962336,11.46040802390083
1980-04-06,0.0,0.59,0.09,1040.0,29.449472,9.384901058942413
1980-04-07,3.98,16.01,2.52,781.0,22.1154208,7.0476997375327155
1980-04-08,14.24,12.4,18.75,639.0,18.0944352,5.7662997852540405
1980-04-09,13.15,9.72,6.97,650.0,18.40592,5.865563161839008
1980-04-10,0.0,0.07,0.33,592.0,16.7635456,5.342174448936451
1980-04-11,0.0,0.43,0.0,491.0,13.9035488,4.430756173019928
1980-04-12,11.16,13.19,7.66,398.0,11.2700864,3.5915294437106544
1980-04-13,10.42,5.03,6.22,365.0,10.335632,3.2937393139557507
1980-04-14,11.38,7.53,8.26,365.0,10.335632,3.2937393139557507
1980-04-15,0.0,0.0,2.35,336.0,9.5144448,3.0320449575044717
1980-04-16,0.0,0.0,0.0,289.0,8.1835552,2.6079196211868823
1980-04-17,0.0,0.0,0.0,236.0,6.6827648,2.129650624913855
1980-04-18,0.0,1.59,0.02,190.0,5.380192,1.7145492319221716
1980-04-19,2.35,9.76,5.94,154.0,4.3607872,1.3896872721895497
1980-04-20,11.74,0.56,4.32,134.0,3.7944512,1.2092084056714263
1980-04-21,0.0,0.0,0.78,127.0,3.5962336,1.1460408023900832
1980-04-22,0.0,0.0,0.0,110.0,3.114848,0.9926337658496782
1980-04-23,0.0,0.0,0.0,92.0,2.6051456,0.8302027859833674
1980-04-24,0.0,0.0,0.0,76.0,2.1520768,0.6858196927688687
1980-04-25,0.0,0.0,0.0,60.0,1.699008,0.54143659955437
1980-04-26,16.05,20.18,10.25,65.0,1.840592,0.5865563161839008
1980-04-27,20.3,3.29,12.76,99.0,2.8033632,0.8933703892647106
1980-04-28,0.0,1.36,3.11,103.0,2.9166304,0.9294661625683351
1980-04-29,0.0,0.56,0.0,101.0,2.8599968,0.9114182759165227
1980-04-30,0.0,2.5,0.0,86.0,2.4352448,0.7760591260279303
1980-05-01,0.87,0.71,0.6,74.0,2.0954432,0.6677718061170563
1980-05-02,0.0,0.36,0.2,59.0,1.6706912,0.5324126562284638
1980-05-03,0.0,0.85,1.57,49.0,1.3875232,0.44217322296940215
1980-05-04,0.0,0.0,0.52,42.0,1.1893056,0.37900561968805896
1980-05-05,0.0,0.0,0.0,35.0,0.991088,0.3158380164067158
1980-05-06,0.0,0.52,0.0,28.0,0.7928704,0.25267041312537264
1980-05-07,0.0,0.79,0.33,22.0,0.6229696,0.19852675316993568
1980-05-08,9.54,16.81,3.47,18.0,0.5097024,0.162430979866311
1980-05-09,13.04,6.58,8.26,16.0,0.4530688,0.14438309321449866
1980-05-10,0.0,0.0,2.38,15.0,0.424752,0.1353591498885925
1980-05-11,0.0,0.02,0.0,13.0,0.3681184,0.11731126323678016
1980-05-12,0.0,0.02,0.0,13.0,0.3681184,0.11731126323678016
1980-05-13,0.0,0.0,0.0,11.0,0.3114848,0.09926337658496784
1980-05-14,0.0,12.66,8.3,9.2,0.26051455999999995,0.08302027859833672
1980-05-15,29.72,8.9,12.62,7.8,0.22087104,0.0703867579420681
1980-05-16,0.0,2.73,3.28,10.0,0.283168,0.09023943325906165
1980-05-17,4.86,3.94,4.15,11.0,0.3114848,0.09926337658496784
1980-05-18,0.0,2.56,1.39,13.0,0.3681184,0.11731126323678016
1980-05-19,7.91,1.44,3.23,16.0,0.4530688,0.14438309321449866
1980-05-20,4.41,3.12,2.28,14.0,0.3964352,0.12633520656268632
1980-05-21,0.0,4.64,0.43,12.0,0.3398016,0.108287319910874
1980-05-22,24.29,40.42,30.64,11.0,0.3114848,0.09926337658496784
1980-05-23,23.08,4.54,34.99,25.0,0.70792,0.22559858314765416
1980-05-24,2.57,9.77,8.77,119.0,3.3696992,1.0738492557828339
1980-05-25,0.0,3.0,6.23,466.0,13.1956288,4.2051575898722735
1980-05-26,6.88,3.55,5.44,706.0,19.9916608,6.370903988089753
1980-05-27,0.0,0.0,1.14,897.0,25.400169599999998,8.09447716333783
1980-05-28,0.0,0.24,0.0,828.0,23.446310399999998,7.471825073850305
1980-05-29,0.0,0.0,0.0,568.0,16.0839424,5.125599809114703
1980-05-30,0.0,0.0,0.0,377.0,10.6754336,3.4020266338666247
1980-05-31,0.0,0.0,0.0,273.0,7.7304864,2.4635365279723835
1980-06-01,0.0,0.0,0.0,202.0,5.7199936,1.8228365518330454
1980-06-02,0.0,0.0,0.0,148.0,4.1908864,1.3355436122341127
1980-06-03,0.0,0.0,0.0,106.0,3.0015808,0.9565379925460537
1980-06-04,0.0,0.0,0.0,76.0,2.1520768,0.6858196927688687
1980-06-05,0.0,0.1,0.0,53.0,1.5007904,0.4782689962730268
1980-06-06,0.0,0.05,0.0,36.0,1.0194048,0.324861959732622
1980-06-07,0.0,0.0,0.0,25.0,0.70792,0.22559858314765416
1980-06-08,0.0,0.0,0.0,19.0,0.5380192,0.17145492319221717
1980-06-09,23.55,16.64,18.48,46.0,1.3025728,0.4151013929916837
1980-06-10,0.0,0.0,6.16,87.0,2.4635616,0.7850830693538364
1980-06-11,0.0,0.0,0.0,79.0,2.2370272,0.7128915227465872
1980-06-12,0.0,0.0,0.0,61.0,1.7273247999999999,0.5504605428802761
1980-06-13,0.0,0.0,0.0,41.0,1.1609888,0.3699816763621528
1980-06-14,0.0,0.0,0.0,26.0,0.7362368,0.23462252647356033
1980-06-15,0.0,0.0,0.0,18.0,0.5097024,0.162430979866311
1980-06-16,0.0,2.53,0.0,13.0,0.3681184,0.11731126323678016
1980-06-17,0.0,3.6,4.11,9.7,0.27467295999999997,0.0875322502612898
1980-06-18,0.0,7.93,3.5,13.0,0.3681184,0.11731126323678016
1980-06-19,13.33,22.46,13.14,26.0,0.7362368,0.23462252647356033
1980-06-20,24.21,22.6,17.43,29.0,0.8211872,0.2616943564512788
1980-06-21,2.49,8.05,6.02,112.0,3.1714816,1.0106816525014906
1980-06-22,8.86,17.05,7.41,313.0,8.8631584,2.82449426100863
1980-06-23,8.0,8.88,11.13,278.0,7.8720704,2.5086562446019145
1980-06-24,14.47,13.22,17.93,385.0,10.901968,3.474218180473874
1980-06-25,19.84,15.76,15.27,425.0,12.03464,3.8351759135101204
1980-06-26,7.15,0.95,3.98,531.0,15.0362208,4.791713906056175
1980-06-27,0.0,4.69,0.19,477.0,13.5071136,4.304420966457242
1980-06-28,0.0,1.06,9.31,375.0,10.6188,3.3839787472148126
1980-06-29,10.23,15.63,4.27,286.0,8.0986048,2.580847791209164
1980-06-30,11.94,2.45,4.38,216.0,6.1164287999999996,1.9491717583957318
1980-07-01,0.0,0.0,1.33,162.0,4.5873216,1.461878818796799
1980-07-02,0.0,0.03,0.02,114.0,3.2281152,1.028729539153303
1980-07-03,0.0,0.0,0.01,77.0,2.1803936,0.6948436360947748
1980-07-04,0.0,0.0,0.0,51.0,1.4441568,0.4602211096212145
1980-07-05,0.0,0.13,0.0,35.0,0.991088,0.3158380164067158
1980-07-06,0.0,0.21,2.06,24.0,0.6796032,0.216574639821748
1980-07-07,15.8,7.36,2.19,22.0,0.6229696,0.19852675316993568
1980-07-08,0.0,0.0,0.5,18.0,0.5097024,0.162430979866311
1980-07-09,0.0,0.0,0.0,13.0,0.3681184,0.11731126323678016
1980-07-10,0.0,0.0,0.0,9.7,0.27467295999999997,0.0875322502612898
1980-07-11,0.0,2.95,0.0,6.8,0.19255424,0.06136281461616193
1980-07-12,6.02,0.0,5.51,5.3,0.15007904,0.04782689962730268
1980-07-13,0.0,0.18,1.85,4.1,0.11609887999999999,0.03699816763621528
1980-07-14,0.0,0.0,0.04,3.7,0.10477216,0.03338859030585282
1980-07-15,0.0,4.17,4.26,3.5,0.0991088,0.03158380164067158
1980-07-16,0.0,0.0,1.41,3.4,0.09627712,0.030681407308080964
1980-07-17,0.0,0.11,0.0,2.8,0.07928703999999999,0.025267041312537264
1980-07-18,0.0,7.71,0.0,2.5,0.070792,0.022559858314765414
1980-07-19,21.54,20.29,23.3,23.0,0.6512864,0.20755069649584185
1980-07-20,24.43,6.48,32.58,72.0,2.0388096,0.649723919465244
1980-07-21,0.0,0.5,8.31,99.0,2.8033632,0.8933703892647106
1980-07-22,0.0,5.25,0.01,121.0,3.4263328,1.0918971424346462
1980-07-23,0.0,42.06,2.92,104.0,2.9449472,0.9384901058942413
1980-07-24,67.59,69.48,59.97,255.0,7.220784,2.3011055481060723
1980-07-25,85.07,23.76,78.35,1710.0,48.421728,15.430943087299545
1980-07-26,16.79,11.31,21.06,2790.0,79.003872,25.176801879278205
1980-07-27,19.86,11.17,18.83,2760.0,78.154368,24.906083579501022
1980-07-28,8.41,4.45,8.96,2370.0,67.110816,21.386745682397613
1980-07-29,3.35,0.81,3.8,2000.0,56.6336,18.047886651812334
1980-07-30,0.04,0.06,0.95,1540.0,43.607872,13.896872721895496
1980-07-31,0.0,0.0,0.0,1070.0,30.298976,9.655619358719598
1980-08-01,0.0,0.63,0.11,760.0,21.520768,6.858196927688686
1980-08-02,0.0,1.7,0.08,549.0,15.545923199999999,4.954144885922485
1980-08-03,0.0,5.09,2.0,386.0,10.930284799999999,3.48324212379978
1980-08-04,0.0,0.0,0.66,275.0,7.78712,2.4815844146241957
1980-08-05,0.0,0.0,0.0,194.0,5.4934592,1.7506450052257962
1980-08-06,0.0,0.04,0.0,138.0,3.9077184,1.245304178975051
1980-08-07,0.0,0.0,0.0,97.0,2.7467296,0.8753225026128981
1980-08-08,0.0,6.1,0.0,67.0,1.8972256,0.6046042028357131
1980-08-09,13.47,0.29,13.16,48.0,1.3592064,0.433149279643496
1980-08-10,0.0,1.32,4.4,36.0,1.0194048,0.324861959732622
1980-08-11,0.0,5.1,0.01,28.0,0.7928704,0.25267041312537264
1980-08-12,0.0,8.09,0.0,22.0,0.6229696,0.19852675316993568
1980-08-13,16.72,8.26,20.2,21.0,0.5946528,0.18950280984402948
1980-08-14,17.01,21.38,16.13,39.0,1.1043552,0.3519337897103405
1980-08-15,6.78,2.04,6.57,59.0,1.6706912,0.5324126562284638
1980-08-16,0.0,0.57,1.16,52.0,1.4724736,0.46924505294712066
1980-08-17,0.0,0.99,4.79,42.0,1.1893056,0.37900561968805896
1980-08-18,0.0,9.17,1.61,36.0,1.0194048,0.324861959732622
1980-08-19,0.0,0.12,0.0,29.0,0.8211872,0.2616943564512788
1980-08-20,0.0,1.41,0.0,23.0,0.6512864,0.20755069649584185
1980-08-21,0.26,10.43,3.64,18.0,0.5097024,0.162430979866311
1980-08-22,9.01,1.17,8.61,18.0,0.5097024,0.162430979866311
1980-08-23,7.77,6.98,8.58,30.0,0.849504,0.270718299777185
1980-08-24,0.0,0.43,2.07,52.0,1.4724736,0.46924505294712066
1980-08-25,0.0,0.77,0.01,44.0,1.2459392,0.39705350633987135
1980-08-26,0.0,1.75,2.03,35.0,0.991088,0.3158380164067158
1980-08-27,4.09,1.89,1.67,28.0,0.7928704,0.25267041312537264
1980-08-28,0.0,2.9,3.54,24.0,0.6796032,0.216574639821748
1980-08-29,0.0,0.19,1.07,20.0,0.566336,0.1804788665181233
1980-08-30,0.0,0.66,0.01,17.0,0.48138559999999997,0.15340703654040483
1980-08-31,0.0,3.32,1.56,14.0,0.3964352,0.12633520656268632
1980-09-01,7.01,3.94,3.79,14.0,0.3964352,0.12633520656268632
1980-09-02,3.7,7.84,2.92,12.0,0.3398016,0.108287319910874
1980-09-03,0.06,8.32,3.74,10.0,0.283168,0.09023943325906165
1980-09-04,5.81,1.12,5.66,11.0,0.3114848,0.09926337658496784
1980-09-05,0.0,1.84,1.54,11.0,0.3114848,0.09926337658496784
1980-09-06,0.0,1.32,1.97,9.4,0.26617792,0.08482506726351796
1980-09-07,0.89,5.45,2.57,8.0,0.2265344,0.07219154660724933
1980-09-08,0.0,0.3,1.08,7.3,0.20671264,0.06587478627911501
1980-09-09,0.0,0.75,0.15,7.3,0.20671264,0.06587478627911501
1980-09-10,2.74,0.87,2.3,7.3,0.20671264,0.06587478627911501
1980-09-11,6.0,4.03,3.0,7.1,0.20104928,0.06406999761393378
1980-09-12,0.0,0.0,0.75,6.4,0.18122752,0.057753237285799466
1980-09-13,0.0,0.0,0.0,5.3,0.15007904,0.04782689962730268
1980-09-14,0.0,0.0,0.0,4.9,0.13875232,0.04421732229694022
1980-09-15,0.0,0.0,0.0,4.3,0.12176224,0.03880295630139651
1980-09-16,0.0,3.94,0.0,3.9,0.11043552,0.03519337897103405
1980-09-17,18.18,27.16,12.26,4.1,0.11609887999999999,0.03699816763621528
1980-09-18,23.88,2.43,32.01,7.1,0.20104928,0.06406999761393378
1980-09-19,0.0,0.92,9.31,10.0,0.283168,0.09023943325906165
1980-09-20,0.0,0.04,0.0,12.0,0.3398016,0.108287319910874
1980-09-21,0.0,0.0,0.0,8.9,0.25201952,0.08031309560056488
1980-09-22,0.0,0.73,0.0,9.9,0.28033632,0.08933703892647106
1980-09-23,7.91,3.57,2.66,10.0,0.283168,0.09023943325906165
1980-09-24,0.1,3.31,0.9,9.9,0.28033632,0.08933703892647106
1980-09-25,0.0,3.36,13.02,9.9,0.28033632,0.08933703892647106
1980-09-26,0.0,0.0,4.34,24.0,0.6796032,0.216574639821748
1980-09-27,0.0,11.02,5.88,32.0,0.9061376,0.2887661864289973
1980-09-28,11.97,4.69,20.92,32.0,0.9061376,0.2887661864289973
1980-09-29,2.88,6.01,7.11,38.0,1.0760384,0.34290984638443434
1980-09-30,9.65,9.15,9.92,39.0,1.1043552,0.3519337897103405
1980-10-01,3.39,0.59,5.36,38.0,1.0760384,0.34290984638443434
1980-10-02,0.0,0.0,0.71,37.0,1.0477216,0.33388590305852817
1980-10-03,0.0,0.0,0.0,35.0,0.991088,0.3158380164067158
1980-10-04,0.0,0.0,0.0,31.0,0.8778208,0.27974224310309115
1980-10-05,0.0,0.0,0.0,26.0,0.7362368,0.23462252647356033
1980-10-06,0.0,0.0,0.0,22.0,0.6229696,0.19852675316993568
1980-10-07,0.0,0.0,0.0,18.0,0.5097024,0.162430979866311
1980-10-08,0.0,0.0,0.0,15.0,0.424752,0.1353591498885925
1980-10-09,0.0,0.0,0.0,13.0,0.3681184,0.11731126323678016
1980-10-10,0.0,0.0,0.0,10.0,0.283168,0.09023943325906165
1980-10-11,0.0,0.0,0.0,8.9,0.25201952,0.08031309560056488
1980-10-12,0.0,0.0,0.0,7.8,0.22087104,0.0703867579420681
1980-10-13,0.0,0.0,0.0,6.8,0.19255424,0.06136281461616193
1980-10-14,0.0,0.0,0.0,6.4,0.18122752,0.057753237285799466
1980-10-15,0.0,0.0,0.0,5.7,0.16140576,0.05143647695766515
1980-10-16,0.0,0.0,0.0,5.3,0.15007904,0.04782689962730268
1980-10-17,0.0,0.0,0.0,5.1,0.14441568,0.04602211096212144
1980-10-18,0.0,0.3,0.0,4.9,0.13875232,0.04421732229694022
1980-10-19,3.32,2.05,1.23,4.9,0.13875232,0.04421732229694022
1980-10-20,3.09,0.43,0.87,4.9,0.13875232,0.04421732229694022
1980-10-21,0.0,0.0,0.19,4.7,0.13308896,0.04241253363175898
1980-10-22,2.31,10.63,1.13,4.7,0.13308896,0.04241253363175898
1980-10-23,15.02,7.97,9.67,6.0,0.1699008,0.054143659955437
1980-10-24,0.0,0.06,3.86,7.1,0.20104928,0.06406999761393378
1980-10-25,14.17,4.98,2.51,6.0,0.1699008,0.054143659955437
1980-10-26,0.0,0.11,0.75,5.5,0.1557424,0.04963168829248392
1980-10-27,0.0,0.1,2.98,4.9,0.13875232,0.04421732229694022
1980-10-28,53.35,67.01,45.93,15.0,0.424752,0.1353591498885925
1980-10-29,17.12,3.28,24.04,40.0,1.132672,0.3609577330362466
1980-10-30,17.65,18.5,17.71,81.0,2.2936608,0.7309394093983995
1980-10-31,0.05,0.04,4.91,126.0,3.5679168,1.137016859064177
1980-11-01,0.0,0.0,0.01,130.0,3.681184,1.1731126323678016
1980-11-02,0.0,0.0,0.0,117.0,3.3130656,1.0558013691310215
1980-11-03,0.0,0.0,0.0,95.0,2.690096,0.8572746159610858
1980-11-04,0.0,0.19,0.09,76.0,2.1520768,0.6858196927688687
1980-11-05,0.0,0.0,0.03,62.0,1.7556416,0.5594844862061823
1980-11-06,0.0,0.0,0.0,50.0,1.41584,0.4511971662953083
1980-11-07,0.0,0.02,0.0,40.0,1.132672,0.3609577330362466
1980-11-08,0.0,0.02,0.0,32.0,0.9061376,0.2887661864289973
1980-11-09,0.0,0.0,0.0,26.0,0.7362368,0.23462252647356033
1980-11-10,0.0,0.0,0.0,22.0,0.6229696,0.19852675316993568
1980-11-11,0.0,0.0,0.0,18.0,0.5097024,0.162430979866311
1980-11-12,0.0,0.0,0.0,16.0,0.4530688,0.14438309321449866
1980-11-13,0.0,0.0,0.0,14.0,0.3964352,0.12633520656268632
1980-11-14,0.0,0.07,0.01,12.0,0.3398016,0.108287319910874
1980-11-15,0.0,0.32,0.02,10.0,0.283168,0.09023943325906165
1980-11-16,0.0,0.01,0.0,9.4,0.26617792,0.08482506726351796
1980-11-17,0.0,0.62,0.24,8.5,0.24069279999999998,0.07670351827020241
1980-11-18,0.0,0.05,0.08,7.8,0.22087104,0.0703867579420681
1980-11-19,0.0,0.0,0.0,7.3,0.20671264,0.06587478627911501
1980-11-20,0.0,0.0,0.0,6.6,0.18689087999999998,0.05955802595098069
1980-11-21,0.0,0.0,0.0,6.2,0.17556416,0.05594844862061823
1980-11-22,0.0,1.15,0.0,5.7,0.16140576,0.05143647695766515
1980-11-23,0.0,8.63,6.62,5.7,0.16140576,0.05143647695766515
1980-11-24,30.04,32.45,28.98,41.0,1.1609888,0.3699816763621528
1980-11-25,0.0,3.83,8.92,114.0,3.2281152,1.028729539153303
1980-11-26,10.14,6.92,6.68,129.0,3.6528671999999998,1.1640886890418953
1980-11-27,16.15,14.27,13.48,225.0,6.37128,2.0303872483288874
1980-11-28,0.0,0.01,3.75,280.0,7.928704,2.5267041312537266
1980-11-29,0.0,0.0,0.0,285.0,8.070288,2.571823847883257
1980-11-30,0.0,0.0,0.0,257.0,7.2774176,2.319153434757885
1980-12-01,0.0,0.0,0.0,219.0,6.2013792,1.9762435883734504
1980-12-02,0.0,0.0,0.0,187.0,5.2952416,1.687477401944453
1980-12-03,0.0,0.0,0.0,159.0,4.5023712,1.4348069888190804
1980-12-04,0.0,0.0,0.0,136.0,3.8510847999999998,1.2272562923232386
1980-12-05,0.0,0.0,0.0,114.0,3.2281152,1.028729539153303
1980-12-06,0.0,0.0,0.0,97.0,2.7467296,0.8753225026128981
1980-12-07,0.0,0.0,0.0,82.0,2.3219776,0.7399633527243056
1980-12-08,0.0,0.0,0.0,69.0,1.9538592,0.6226520894875255
1980-12-09,0.0,0.04,0.0,59.0,1.6706912,0.5324126562284638
1980-12-10,0.0,0.44,0.22,51.0,1.4441568,0.4602211096212145
1980-12-11,0.0,0.0,0.07,44.0,1.2459392,0.39705350633987135
1980-12-12,0.0,0.0,0.0,39.0,1.1043552,0.3519337897103405
1980-12-13,0.0,0.0,0.0,33.0,0.9344544,0.2977901297549035
1980-12-14,0.0,0.0,0.0,29.0,0.8211872,0.2616943564512788
1980-12-15,0.0,0.93,0.36,25.0,0.70792,0.22559858314765416
1980-12-16,6.89,7.58,4.4,23.0,0.6512864,0.20755069649584185
1980-12-17,0.0,0.19,3.51,30.0,0.849504,0.270718299777185
1980-12-18,0.0,0.0,0.69,32.0,0.9061376,0.2887661864289973
1980-12-19,0.0,0.0,0.0,30.0,0.849504,0.270718299777185
1980-12-20,0.0,0.04,0.0,28.0,0.7928704,0.25267041312537264
1980-12-21,0.0,1.49,0.0,25.0,0.70792,0.22559858314765416
1980-12-22,0.0,3.66,3.77,23.0,0.6512864,0.20755069649584185
1980-12-23,6.65,2.93,3.81,28.0,0.7928704,0.25267041312537264
1980-12-24,0.0,1.2,1.33,32.0,0.9061376,0.2887661864289973
1980-12-25,4.03,0.77,1.9,37.0,1.0477216,0.33388590305852817
1980-12-26,0.0,0.0,0.58,39.0,1.1043552,0.3519337897103405
1980-12-27,0.0,0.15,0.0,37.0,1.0477216,0.33388590305852817
1980-12-28,0.0,1.66,0.1,34.0,0.9627711999999999,0.30681407308080966
1980-12-29,1.98,1.12,1.37,31.0,0.8778208,0.27974224310309115
1980-12-30,0.0,0.0,0.45,28.0,0.7928704,0.25267041312537264
1980-12-31,0.99,0.0,0.0,26.0,0.7362368,0.23462252647356033
1981-01-01,0.0,0.0,0.0,24.0,0.6796032,0.216574639821748
1981-01-02,0.0,0.0,0.0,22.0,0.6229696,0.19852675316993568
1981-01-03,0.0,0.0,0.0,20.0,0.566336,0.1804788665181233
1981-01-04,0.0,0.0,0.0,18.0,0.5097024,0.162430979866311
1981-01-05,0.0,0.0,0.0,17.0,0.48138559999999997,0.15340703654040483
1981-01-06,0.0,0.0,0.83,15.0,0.424752,0.1353591498885925
1981-01-07,13.78,15.06,10.25,18.0,0.5097024,0.162430979866311
1981-01-08,0.0,0.0,3.33,25.0,0.70792,0.22559858314765416
1981-01-09,0.0,0.0,0.0,28.0,0.7928704,0.25267041312537264
1981-01-10,0.0,0.0,0.0,30.0,0.849504,0.270718299777185
1981-01-11,0.0,0.0,0.0,28.0,0.7928704,0.25267041312537264
1981-01-12,0.0,0.0,0.0,25.0,0.70792,0.22559858314765416
1981-01-13,0.0,0.35,0.0,23.0,0.6512864,0.20755069649584185
1981-01-14,0.0,0.87,0.2,21.0,0.5946528,0.18950280984402948
1981-01-15,0.0,1.94,0.76,21.0,0.5946528,0.18950280984402948
1981-01-16,0.0,0.0,0.23,21.0,0.5946528,0.18950280984402948
1981-01-17,0.0,0.0,0.0,20.0,0.566336,0.1804788665181233
1981-01-18,0.0,0.0,0.0,18.0,0.5097024,0.162430979866311
1981-01-19,0.0,0.0,0.0,17.0,0.48138559999999997,0.15340703654040483
1981-01-20,12.0,12.58,9.97,18.0,0.5097024,0.162430979866311
1981-01-21,4.08,0.29,3.62,31.0,0.8778208,0.27974224310309115
1981-01-22,0.0,0.0,0.1,35.0,0.991088,0.3158380164067158
1981-01-23,0.0,0.0,0.0,36.0,1.0194048,0.324861959732622
1981-01-24,0.0,0.0,0.0,33.0,0.9344544,0.2977901297549035
1981-01-25,0.0,0.0,0.0,30.0,0.849504,0.270718299777185
1981-01-26,0.0,0.0,0.0,27.0,0.7645535999999999,0.24364646979946647
1981-01-27,0.0,0.03,1.67,24.0,0.6796032,0.216574639821748
1981-01-28,18.37,18.69,11.08,32.0,0.9061376,0.2887661864289973
1981-01-29,0.0,0.0,3.51,52.0,1.4724736,0.46924505294712066
1981-01-30,0.0,0.0,0.0,57.0,1.6140576,0.5143647695766514
1981-01-31,0.0,0.0,0.0,55.0,1.557424,0.4963168829248391
1981-02-01,0.0,0.8,1.05,50.0,1.41584,0.4511971662953083
1981-02-02,16.58,14.73,11.57,55.0,1.557424,0.4963168829248391
1981-02-03,0.0,0.0,3.74,74.0,2.0954432,0.6677718061170563
1981-02-04,0.0,0.0,0.0,77.0,2.1803936,0.6948436360947748
1981-02-05,0.0,0.0,0.78,74.0,2.0954432,0.6677718061170563
1981-02-06,12.15,20.14,10.89,70.0,1.982176,0.6316760328134317
1981-02-07,9.55,0.37,3.57,91.0,2.5768288,0.8211788426574611
1981-02-08,0.54,1.42,1.08,105.0,2.973264,0.9475140492201475
1981-02-09,0.0,0.0,0.36,106.0,3.0015808,0.9565379925460537
1981-02-10,0.0,22.2,10.06,99.0,2.8033632,0.8933703892647106
1981-02-11,122.92,68.61,103.86,907.0,25.683337599999998,8.184716596596893
1981-02-12,0.0,0.0,33.5,2580.0,73.057344,23.28177378083791
1981-02-13,0.0,0.1,0.0,3070.0,86.932576,27.703506010531928
1981-02-14,0.0,0.0,0.0,2320.0,65.694976,20.935548516102305
1981-02-15,0.0,0.05,0.03,1410.0,39.926688,12.723760089527694
1981-02-16,0.0,0.56,0.68,879.0,24.8904672,7.93204618347152
1981-02-17,0.0,1.15,0.63,636.0,18.0094848,5.739227955276322
1981-02-18,7.17,6.16,5.46,503.0,14.2433504,4.5390434929308014
1981-02-19,0.0,0.02,1.77,414.0,11.723155199999999,3.7359125369251527
1981-02-20,0.0,0.0,0.0,346.0,9.7976128,3.1222843907635336
1981-02-21,0.0,0.0,0.0,282.0,7.9853376,2.544752017905539
1981-02-22,0.0,0.05,0.23,228.0,6.4562304,2.057459078306606
1981-02-23,0.0,0.72,0.09,184.0,5.2102912,1.6604055719667348
1981-02-24,0.0,0.0,0.0,147.0,4.1625696,1.3265196689082066
1981-02-25,0.0,0.0,0.0,118.0,3.3413824,1.0648253124569276
1981-02-26,0.0,0.0,0.0,95.0,2.690096,0.8572746159610858
1981-02-27,0.0,0.0,0.0,76.0,2.1520768,0.6858196927688687
1981-02-28,0.0,0.0,0.0,62.0,1.7556416,0.5594844862061823
1981-03-01,0.0,0.0,0.0,51.0,1.4441568,0.4602211096212145
1981-03-02,0.0,0.0,0.0,43.0,1.2176224,0.38802956301396513
1981-03-03,0.0,0.0,0.0,37.0,1.0477216,0.33388590305852817
1981-03-04,0.0,3.96,17.42,32.0,0.9061376,0.2887661864289973
1981-03-05,73.02,76.81,60.79,275.0,7.78712,2.4815844146241957
1981-03-06,0.0,0.0,18.33,665.0,18.830672,6.0009223117276
1981-03-07,0.0,0.0,0.0,814.0,23.0498752,7.345489867287619
1981-03-08,0.0,0.0,0.0,704.0,19.9350272,6.352856101437942
1981-03-09,0.0,0.0,0.0,547.0,15.4892896,4.9360969992706725
1981-03-10,0.0,0.0,0.0,422.0,11.9496896,3.808104083532402
1981-03-11,0.0,0.0,0.0,333.0,9.4294944,3.0049731275267533
1981-03-12,0.0,0.0,0.0,264.0,7.4756352,2.382321038039228
1981-03-13,0.0,0.19,0.08,210.0,5.946528,1.895028098440295
1981-03-14,0.0,0.03,0.03,166.0,4.7005888,1.4979745921004237
1981-03-15,0.0,0.0,0.1,129.0,3.6528671999999998,1.1640886890418953
1981-03-16,2.07,1.1,1.07,100.0,2.83168,0.9023943325906166
1981-03-17,0.0,0.0,0.35,77.0,2.1803936,0.6948436360947748
1981-03-18,0.0,0.59,0.06,61.0,1.7273247999999999,0.5504605428802761
1981-03-19,0.0,0.0,0.02,48.0,1.3592064,0.433149279643496
1981-03-20,0.0,0.0,0.0,39.0,1.1043552,0.3519337897103405
1981-03-21,0.0,0.0,2.48,32.0,0.9061376,0.2887661864289973
1981-03-22,37.64,44.28,23.96,52.0,1.4724736,0.46924505294712066
1981-03-23,6.32,0.05,7.78,140.0,3.964352,1.2633520656268633
1981-03-24,0.0,0.0,0.02,155.0,4.389104,1.3987112155154557
1981-03-25,0.0,0.0,0.0,149.0,4.2192032,1.3445675555600187
1981-03-26,0.0,0.0,0.0,128.0,3.6245504,1.1550647457159893
1981-03-27,0.0,0.0,0.0,106.0,3.0015808,0.9565379925460537
1981-03-28,0.0,0.0,0.0,87.0,2.4635616,0.7850830693538364
1981-03-29,0.0,0.0,0.0,71.0,2.0104928,0.6406999761393378
1981-03-30,26.08,38.89,21.63,91.0,2.5768288,0.8211788426574611
1981-03-31,21.87,0.75,14.87,195.0,5.521776,1.7596689485517025
1981-04-01,5.54,4.78,4.42,318.0,9.0047424,2.869613977638161
1981-04-02,0.43,0.02,0.62,609.0,17.2449312,5.495581485476856
1981-04-03,0.0,0.0,0.0,600.0,16.99008,5.414365995543699
1981-04-04,0.0,0.0,0.0,477.0,13.5071136,4.304420966457242
1981-04-05,0.81,1.4,1.47,376.0,10.6471168,3.3930026905407185
1981-04-06,0.0,0.2,0.49,301.0,8.5233568,2.7162069410977563
1981-04-07,0.0,0.0,0.0,243.0,6.8809824,2.1928182281951982
1981-04-08,0.0,0.0,0.0,194.0,5.4934592,1.7506450052257962
1981-04-09,0.0,0.0,0.0,151.0,4.2758367999999995,1.362615442211831
1981-04-10,0.0,0.0,0.0,119.0,3.3696992,1.0738492557828339
1981-04-11,0.0,0.0,0.0,92.0,2.6051456,0.8302027859833674
1981-04-12,0.0,0.03,0.01,70.0,1.982176,0.6316760328134317
1981-04-13,0.0,0.0,0.0,52.0,1.4724736,0.46924505294712066
1981-04-14,0.0,0.0,0.0,40.0,1.132672,0.3609577330362466
1981-04-15,0.0,0.0,0.0,30.0,0.849504,0.270718299777185
1981-04-16,0.0,1.02,0.0,24.0,0.6796032,0.216574639821748
1981-04-17,0.0,0.0,0.0,22.0,0.6229696,0.19852675316993568
1981-04-18,0.0,0.0,0.0,20.0,0.566336,0.1804788665181233
1981-04-19,0.0,0.0,0.0,19.0,0.5380192,0.17145492319221717
1981-04-20,0.0,0.02,0.0,18.0,0.5097024,0.162430979866311
1981-04-21,0.0,0.91,0.01,17.0,0.48138559999999997,0.15340703654040483
1981-04-22,0.0,0.0,0.0,15.0,0.424752,0.1353591498885925
1981-04-23,0.0,0.01,0.02,13.0,0.3681184,0.11731126323678016
1981-04-24,0.15,0.31,0.01,12.0,0.3398016,0.108287319910874
1981-04-25,0.0,0.0,0.0,11.0,0.3114848,0.09926337658496784
1981-04-26,0.0,0.0,0.0,9.2,0.26051455999999995,0.08302027859833672
1981-04-27,0.0,0.0,0.0,8.0,0.2265344,0.07219154660724933
1981-04-28,0.0,0.0,0.0,6.8,0.19255424,0.06136281461616193
1981-04-29,0.0,8.9,6.46,6.0,0.1699008,0.054143659955437
1981-04-30,4.21,4.64,4.06,6.0,0.1699008,0.054143659955437
1981-05-01,0.0,0.0,0.63,5.1,0.14441568,0.04602211096212144
1981-05-02,0.0,0.03,0.0,4.5,0.1274256,0.04060774496657775
1981-05-03,0.0,0.0,0.0,3.9,0.11043552,0.03519337897103405
1981-05-04,0.0,0.0,0.0,3.5,0.0991088,0.03158380164067158
1981-05-05,0.0,9.58,0.07,3.4,0.09627712,0.030681407308080964
1981-05-06,24.71,21.92,25.09,5.1,0.14441568,0.04602211096212144
1981-05-07,0.02,1.11,8.36,6.6,0.18689087999999998,0.05955802595098069
1981-05-08,0.0,0.0,0.0,5.3,0.15007904,0.04782689962730268
1981-05-09,0.0,0.0,0.0,5.1,0.14441568,0.04602211096212144
1981-05-10,0.0,0.0,0.0,4.3,0.12176224,0.03880295630139651
1981-05-11,0.0,0.01,0.0,3.7,0.10477216,0.03338859030585282
1981-05-12,0.0,0.0,0.0,4.7,0.13308896,0.04241253363175898
1981-05-13,0.0,0.0,0.0,4.7,0.13308896,0.04241253363175898
1981-05-14,0.0,0.0,0.0,4.1,0.11609887999999999,0.03699816763621528
1981-05-15,0.0,0.0,0.0,3.5,0.0991088,0.03158380164067158
1981-05-16,0.0,0.0,0.0,3.2,0.09061376,0.028876618642899733
1981-05-17,0.0,0.0,0.0,2.8,0.07928703999999999,0.025267041312537264
1981-05-18,0.0,0.01,0.0,2.5,0.070792,0.022559858314765414
1981-05-19,0.69,2.86,1.38,2.5,0.070792,0.022559858314765414
1981-05-20,0.0,0.42,0.46,2.5,0.070792,0.022559858314765414
1981-05-21,0.0,0.0,0.0,2.3,0.06512863999999999,0.02075506964958418
1981-05-22,0.0,0.0,0.0,2.2,0.062296960000000005,0.019852675316993567
1981-05-23,0.0,0.0,0.0,2.0,0.0566336,0.018047886651812332
1981-05-24,0.0,0.0,0.0,1.8,0.05097024,0.016243097986631098
1981-05-25,0.0,0.0,0.0,1.8,0.05097024,0.016243097986631098
1981-05-26,5.07,21.73,7.36,1.8,0.05097024,0.016243097986631098
1981-05-27,8.82,1.82,2.45,2.0,0.0566336,0.018047886651812332
1981-05-28,0.0,0.01,0.0,1.8,0.05097024,0.016243097986631098
1981-05-29,0.0,0.0,0.0,1.8,0.05097024,0.016243097986631098
1981-05-30,0.0,0.0,0.0,1.7,0.04813856,0.015340703654040482
1981-05-31,0.0,0.0,0.0,1.7,0.04813856,0.015340703654040482
1981-06-01,0.0,0.5,0.0,1.5,0.0424752,0.01353591498885925
1981-06-02,0.0,4.96,2.48,1.5,0.0424752,0.01353591498885925
1981-06-03,0.01,1.09,0.83,1.5,0.0424752,0.01353591498885925
1981-06-04,0.0,0.0,0.0,1.4,0.039643519999999995,0.012633520656268632
1981-06-05,0.0,0.15,0.0,1.4,0.039643519999999995,0.012633520656268632
1981-06-06,0.0,9.22,0.19,1.4,0.039643519999999995,0.012633520656268632
1981-06-07,19.19,18.2,18.0,1.7,0.04813856,0.015340703654040482
1981-06-08,27.02,11.27,26.2,7.1,0.20104928,0.06406999761393378
1981-06-09,19.71,11.84,6.79,7.1,0.20104928,0.06406999761393378
1981-06-10,12.77,2.05,7.88,3.9,0.11043552,0.03519337897103405
1981-06-11,5.03,1.06,3.11,4.1,0.11609887999999999,0.03699816763621528
1981-06-12,0.0,1.33,0.44,4.1,0.11609887999999999,0.03699816763621528
1981-06-13,0.0,0.07,0.09,3.0,0.0849504,0.0270718299777185
1981-06-14,0.0,5.68,0.0,2.5,0.070792,0.022559858314765414
1981-06-15,0.0,0.08,11.37,2.5,0.070792,0.022559858314765414
1981-06-16,0.0,4.34,5.37,2.8,0.07928703999999999,0.025267041312537264
1981-06-17,0.0,0.01,0.53,6.4,0.18122752,0.057753237285799466
1981-06-18,0.0,3.04,0.0,7.3,0.20671264,0.06587478627911501
1981-06-19,13.31,1.68,5.89,16.0,0.4530688,0.14438309321449866
1981-06-20,0.0,1.64,1.96,20.0,0.566336,0.1804788665181233
1981-06-21,0.0,4.21,4.55,12.0,0.3398016,0.108287319910874
1981-06-22,13.32,9.98,11.7,7.4,0.20954432,0.06677718061170564
1981-06-23,4.1,6.58,12.8,5.8,0.16423743999999998,0.05233887129025576
1981-06-24,12.37,7.12,10.86,14.0,0.3964352,0.12633520656268632
1981-06-25,0.0,0.89,4.56,11.0,0.3114848,0.09926337658496784
1981-06-26,0.0,8.14,3.87,8.0,0.2265344,0.07219154660724933
1981-06-27,13.14,2.17,4.17,7.0,0.1982176,0.06316760328134316
1981-06-28,0.0,0.87,1.05,5.9,0.16706912000000002,0.05324126562284639
1981-06-29,0.0,0.29,0.0,5.0,0.141584,0.04511971662953083
1981-06-30,0.0,0.0,0.0,4.0,0.1132672,0.036095773303624665
1981-07-01,0.0,0.39,0.0,3.5,0.0991088,0.03158380164067158
1981-07-02,2.69,10.49,2.25,5.8,0.16423743999999998,0.05233887129025576
1981-07-03,9.38,14.79,4.71,12.0,0.3398016,0.108287319910874
1981-07-04,13.96,5.03,9.5,15.0,0.424752,0.1353591498885925
1981-07-05,12.77,0.81,5.63,15.0,0.424752,0.1353591498885925
1981-07-06,0.0,0.17,0.97,9.6,0.27184127999999996,0.08662985592869918
1981-07-07,0.0,4.39,0.0,7.3,0.20671264,0.06587478627911501
1981-07-08,4.41,15.02,12.07,9.7,0.27467295999999997,0.0875322502612898
1981-07-09,26.69,9.76,27.15,31.0,0.8778208,0.27974224310309115
1981-07-10,0.0,1.71,8.16,23.0,0.6512864,0.20755069649584185
1981-07-11,0.0,0.55,3.44,15.0,0.424752,0.1353591498885925
1981-07-12,0.0,4.08,1.1,11.0,0.3114848,0.09926337658496784
1981-07-13,2.35,3.8,3.6,12.0,0.3398016,0.108287319910874
1981-07-14,0.0,0.16,1.2,21.0,0.5946528,0.18950280984402948
1981-07-15,0.0,2.54,0.0,12.0,0.3398016,0.108287319910874
1981-07-16,0.0,2.11,1.24,8.6,0.24352448,0.07760591260279302
1981-07-17,0.0,19.84,1.1,7.0,0.1982176,0.06316760328134316
1981-07-18,21.61,13.48,33.98,7.0,0.1982176,0.06316760328134316
1981-07-19,16.96,21.97,19.02,16.0,0.4530688,0.14438309321449866
1981-07-20,11.15,6.69,4.13,21.0,0.5946528,0.18950280984402948
1981-07-21,19.31,8.63,1.62,17.0,0.48138559999999997,0.15340703654040483
1981-07-22,0.0,4.35,15.15,18.0,0.5097024,0.162430979866311
1981-07-23,0.0,0.02,11.2,35.0,0.991088,0.3158380164067158
1981-07-24,0.0,4.77,2.13,39.0,1.1043552,0.3519337897103405
1981-07-25,0.0,3.54,15.16,55.0,1.557424,0.4963168829248391
1981-07-26,0.0,0.17,5.57,54.0,1.5291071999999999,0.48729293959893294
1981-07-27,0.0,1.26,0.17,35.0,0.991088,0.3158380164067158
1981-07-28,0.0,0.01,0.0,24.0,0.6796032,0.216574639821748
1981-07-29,0.0,8.78,0.56,18.0,0.5097024,0.162430979866311
1981-07-30,16.85,25.91,19.12,95.0,2.690096,0.8572746159610858
1981-07-31,9.18,18.45,12.31,270.0,7.645536,2.4364646979946647
1981-08-01,8.52,9.29,3.53,278.0,7.8720704,2.5086562446019145
1981-08-02,5.32,3.57,1.5,202.0,5.7199936,1.8228365518330454
1981-08-03,5.52,1.13,3.29,145.0,4.105936,1.308471782256394
1981-08-04,0.05,1.98,0.99,107.0,3.0298976,0.9655619358719598
1981-08-05,6.59,2.87,2.44,86.0,2.4352448,0.7760591260279303
1981-08-06,0.0,1.69,0.83,77.0,2.1803936,0.6948436360947748
1981-08-07,0.0,2.59,1.85,70.0,1.982176,0.6316760328134317
1981-08-08,7.66,14.7,9.66,92.0,2.6051456,0.8302027859833674
1981-08-09,19.15,19.43,26.78,128.0,3.6245504,1.1550647457159893
1981-08-10,10.23,10.79,11.72,383.0,10.8453344,3.456170293822062
1981-08-11,7.78,2.6,10.88,321.0,9.0896928,2.8966858076158792
1981-08-12,5.79,4.1,6.47,244.0,6.9092991999999995,2.2018421715211045
1981-08-13,0.0,0.96,1.09,215.0,6.088112,1.9401478150698257
1981-08-14,0.0,1.54,0.98,224.0,6.3429632,2.021363305002981
1981-08-15,0.0,0.0,0.33,168.0,4.7572224,1.5160224787522358
1981-08-16,0.0,0.0,0.0,119.0,3.3696992,1.0738492557828339
1981-08-17,0.0,0.11,0.02,85.0,2.406928,0.7670351827020242
1981-08-18,0.0,1.41,0.18,63.0,1.7839584,0.5685084295320885
1981-08-19,0.0,3.17,0.07,50.0,1.41584,0.4511971662953083
1981-08-20,0.0,10.39,4.48,42.0,1.1893056,0.37900561968805896
1981-08-21,16.15,6.59,4.79,48.0,1.3592064,0.433149279643496
1981-08-22,4.21,3.6,3.11,50.0,1.41584,0.4511971662953083
1981-08-23,11.26,10.83,9.69,77.0,2.1803936,0.6948436360947748
1981-08-24,0.0,0.0,3.01,134.0,3.7944512,1.2092084056714263
1981-08-25,0.0,0.0,0.0,116.0,3.2847488,1.0467774258051152
1981-08-26,0.0,0.66,0.0,86.0,2.4352448,0.7760591260279303
1981-08-27,0.0,2.79,1.26,62.0,1.7556416,0.5594844862061823
1981-08-28,3.73,7.95,5.39,52.0,1.4724736,0.46924505294712066
1981-08-29,2.01,2.03,2.88,59.0,1.6706912,0.5324126562284638
1981-08-30,7.5,7.86,4.41,52.0,1.4724736,0.46924505294712066
1981-08-31,9.91,1.11,4.78,83.0,2.3502944,0.7489872960502119
1981-09-01,0.0,3.08,2.43,129.0,3.6528671999999998,1.1640886890418953
1981-09-02,5.64,6.52,1.82,102.0,2.8883136,0.920442219242429
1981-09-03,12.13,7.54,6.76,129.0,3.6528671999999998,1.1640886890418953
1981-09-04,17.44,19.57,20.32,197.0,5.5784096,1.7777168352035146
1981-09-05,3.03,7.65,8.76,257.0,7.2774176,2.319153434757885
1981-09-06,1.84,2.33,0.9,295.0,8.353456,2.662063281142319
1981-09-07,0.0,9.33,0.02,353.0,9.9958304,3.1854519940448767
1981-09-08,12.27,6.79,15.21,347.0,9.8259296,3.13130833408944
1981-09-09,0.21,0.65,5.11,322.0,9.1180096,2.905709750941786
1981-09-10,0.0,0.06,0.34,270.0,7.645536,2.4364646979946647
1981-09-11,0.0,0.02,0.18,211.0,5.9748448,1.904052041766201
1981-09-12,0.0,1.11,2.32,159.0,4.5023712,1.4348069888190804
1981-09-13,0.0,0.0,0.77,120.0,3.398016,1.08287319910874
1981-09-14,0.0,2.96,0.0,88.0,2.4918784,0.7941070126797427
1981-09-15,0.0,8.09,2.49,64.0,1.8122752,0.5775323728579946
1981-09-16,13.83,9.26,9.42,66.0,1.8689088,0.595580259509807
1981-09-17,0.0,0.02,2.86,76.0,2.1520768,0.6858196927688687
1981-09-18,0.0,0.0,0.0,66.0,1.8689088,0.595580259509807
1981-09-19,0.0,0.0,0.0,56.0,1.5857408,0.5053408262507453
1981-09-20,0.0,0.0,0.0,46.0,1.3025728,0.4151013929916837
1981-09-21,0.0,0.0,0.0,36.0,1.0194048,0.324861959732622
1981-09-22,0.0,0.0,0.0,29.0,0.8211872,0.2616943564512788
1981-09-23,0.0,0.0,0.0,24.0,0.6796032,0.216574639821748
1981-09-24,0.0,0.0,0.0,19.0,0.5380192,0.17145492319221717
1981-09-25,0.0,0.0,0.0,16.0,0.4530688,0.14438309321449866
1981-09-26,0.0,0.0,0.0,13.0,0.3681184,0.11731126323678016
1981-09-27,0.0,0.0,0.0,11.0,0.3114848,0.09926337658496784
1981-09-28,0.0,0.0,0.0,9.2,0.26051455999999995,0.08302027859833672
1981-09-29,0.0,0.0,0.0,7.5,0.212376,0.06767957494429624
1981-09-30,0.0,0.0,0.0,6.6,0.18689087999999998,0.05955802595098069
1981-10-01,0.0,0.0,0.0,5.8,0.16423743999999998,0.05233887129025576
1981-10-02,0.0,0.0,0.0,4.9,0.13875232,0.04421732229694022
1981-10-03,0.0,0.0,0.0,4.3,0.12176224,0.03880295630139651
1981-10-04,0.0,0.0,0.0,3.9,0.11043552,0.03519337897103405
1981-10-05,0.0,0.0,0.0,3.6,0.10194048,0.032486195973262195
1981-10-06,0.0,0.09,0.0,3.1,0.08778208,0.027974224310309114
1981-10-07,0.0,0.02,0.0,3.0,0.0849504,0.0270718299777185
1981-10-08,0.0,0.53,0.01,2.8,0.07928703999999999,0.025267041312537264
1981-10-09,5.81,0.06,0.86,2.8,0.07928703999999999,0.025267041312537264
1981-10-10,0.0,2.25,2.15,2.8,0.07928703999999999,0.025267041312537264
1981-10-11,0.0,0.01,0.62,2.8,0.07928703999999999,0.025267041312537264
1981-10-12,0.0,0.0,0.0,2.6,0.07362368,0.023462252647356033
1981-10-13,0.0,0.0,0.0,2.5,0.070792,0.022559858314765414
1981-10-14,0.0,0.0,0.0,2.4,0.06796031999999999,0.021657463982174795
1981-10-15,0.0,0.0,0.0,2.3,0.06512863999999999,0.02075506964958418
1981-10-16,0.0,0.0,0.0,2.2,0.062296960000000005,0.019852675316993567
1981-10-17,0.0,0.0,0.0,2.1,0.05946528,0.01895028098440295
1981-10-18,0.0,0.91,0.38,2.1,0.05946528,0.01895028098440295
1981-10-19,0.7,0.07,0.47,2.1,0.05946528,0.01895028098440295
1981-10-20,0.0,0.0,0.12,2.2,0.062296960000000005,0.019852675316993567
1981-10-21,0.0,0.0,0.0,2.1,0.05946528,0.01895028098440295
1981-10-22,0.0,0.0,0.0,2.1,0.05946528,0.01895028098440295
1981-10-23,0.0,7.16,6.23,2.2,0.062296960000000005,0.019852675316993567
1981-10-24,0.28,5.33,5.64,2.9,0.08211871999999999,0.02616943564512788
1981-10-25,16.1,22.27,14.67,3.2,0.09061376,0.028876618642899733
1981-10-26,21.63,15.13,26.31,3.9,0.11043552,0.03519337897103405
1981-10-27,0.89,0.05,7.3,5.1,0.14441568,0.04602211096212144
1981-10-28,0.0,0.0,0.01,4.4,0.12459392000000001,0.039705350633987134
1981-10-29,0.0,0.0,0.0,3.8,0.10760383999999999,0.03429098463844343
1981-10-30,0.0,0.0,0.0,3.3,0.09344543999999999,0.029779012975490345
1981-10-31,0.0,0.0,0.0,3.1,0.08778208,0.027974224310309114
1981-11-01,0.0,0.0,0.0,2.8,0.07928703999999999,0.025267041312537264
1981-11-02,0.0,0.0,0.0,2.8,0.07928703999999999,0.025267041312537264
1981-11-03,0.0,0.0,0.0,2.7,0.07645536,0.02436464697994665
1981-11-04,0.0,0.52,0.02,2.7,0.07645536,0.02436464697994665
1981-11-05,0.0,2.04,0.02,2.6,0.07362368,0.023462252647356033
1981-11-06,0.0,0.0,0.0,2.4,0.06796031999999999,0.021657463982174795
1981-11-07,0.0,0.0,0.0,2.4,0.06796031999999999,0.021657463982174795
1981-11-08,0.0,0.0,0.0,2.3,0.06512863999999999,0.02075506964958418
1981-11-09,0.0,0.26,0.61,2.3,0.06512863999999999,0.02075506964958418
1981-11-10,25.51,30.2,15.34,3.0,0.0849504,0.0270718299777185
1981-11-11,15.45,8.94,8.01,5.1,0.14441568,0.04602211096212144
1981-11-12,0.0,0.0,0.99,4.6,0.13025727999999998,0.04151013929916836
1981-11-13,0.0,0.0,0.0,4.3,0.12176224,0.03880295630139651
1981-11-14,0.0,0.0,0.0,4.0,0.1132672,0.036095773303624665
1981-11-15,0.0,0.0,0.0,3.6,0.10194048,0.032486195973262195
1981-11-16,0.0,2.04,1.49,3.4,0.09627712,0.030681407308080964
1981-11-17,5.48,2.34,4.45,3.6,0.10194048,0.032486195973262195
1981-11-18,0.0,0.0,1.32,5.0,0.141584,0.04511971662953083
1981-11-19,0.0,0.0,0.52,5.7,0.16140576,0.05143647695766515
1981-11-20,4.0,2.82,2.2,6.1,0.17273248,0.05504605428802761
1981-11-21,0.0,0.0,0.68,6.0,0.1699008,0.054143659955437
1981-11-22,0.0,0.0,0.0,5.9,0.16706912000000002,0.05324126562284639
1981-11-23,0.0,0.0,0.25,5.5,0.1557424,0.04963168829248392
1981-11-24,4.28,2.55,3.27,5.3,0.15007904,0.04782689962730268
1981-11-25,0.0,0.0,1.06,5.1,0.14441568,0.04602211096212144
1981-11-26,0.0,0.02,0.0,4.9,0.13875232,0.04421732229694022
1981-11-27,0.0,0.02,0.0,4.9,0.13875232,0.04421732229694022
1981-11-28,0.0,0.02,0.0,4.7,0.13308896,0.04241253363175898
1981-11-29,0.0,0.0,0.0,4.7,0.13308896,0.04241253363175898
1981-11-30,0.0,1.45,0.0,4.5,0.1274256,0.04060774496657775
1981-12-01,10.25,15.26,9.35,4.6,0.13025727999999998,0.04151013929916836
1981-12-02,15.71,7.87,9.77,6.4,0.18122752,0.057753237285799466
1981-12-03,0.0,0.0,2.22,9.2,0.26051455999999995,0.08302027859833672
1981-12-04,0.0,0.0,0.0,8.3,0.23502944,0.07489872960502118
1981-12-05,0.0,0.0,0.0,7.6,0.21520767999999998,0.06858196927688685
1981-12-06,0.0,0.0,0.0,7.4,0.20954432,0.06677718061170564
1981-12-07,0.0,0.0,0.0,7.0,0.1982176,0.06316760328134316
1981-12-08,0.0,0.0,0.0,6.4,0.18122752,0.057753237285799466
1981-12-09,0.0,0.0,0.0,5.8,0.16423743999999998,0.05233887129025576
1981-12-10,0.0,0.0,0.0,5.3,0.15007904,0.04782689962730268
1981-12-11,0.0,0.0,0.0,5.0,0.141584,0.04511971662953083
1981-12-12,14.4,14.7,9.63,5.0,0.141584,0.04511971662953083
1981-12-13,9.23,0.77,4.35,5.9,0.16706912000000002,0.05324126562284639
1981-12-14,12.83,29.14,15.55,8.5,0.24069279999999998,0.07670351827020241
1981-12-15,23.38,8.49,13.91,24.0,0.6796032,0.216574639821748
1981-12-16,0.0,0.0,2.95,30.0,0.849504,0.270718299777185
1981-12-17,0.0,0.26,0.06,29.0,0.8211872,0.2616943564512788
1981-12-18,1.0,0.84,1.0,31.0,0.8778208,0.27974224310309115
1981-12-19,0.0,0.0,0.33,28.0,0.7928704,0.25267041312537264
1981-12-20,0.0,0.15,0.0,25.0,0.70792,0.22559858314765416
1981-12-21,0.0,0.0,0.0,23.0,0.6512864,0.20755069649584185
1981-12-22,0.0,0.22,0.0,21.0,0.5946528,0.18950280984402948
1981-12-23,0.0,0.07,0.2,20.0,0.566336,0.1804788665181233
1981-12-24,0.0,1.21,0.24,19.0,0.5380192,0.17145492319221717
1981-12-25,3.53,2.21,1.45,18.0,0.5097024,0.162430979866311
1981-12-26,0.0,1.43,0.53,18.0,0.5097024,0.162430979866311
1981-12-27,1.17,2.39,2.04,17.0,0.48138559999999997,0.15340703654040483
1981-12-28,0.75,0.82,1.74,17.0,0.48138559999999997,0.15340703654040483
1981-12-29,8.45,12.98,4.01,17.0,0.48138559999999997,0.15340703654040483
1981-12-30,11.46,8.38,11.48,23.0,0.6512864,0.20755069649584185
1981-12-31,28.1,41.21,31.52,91.0,2.5768288,0.8211788426574611
1982-01-01,0.0,0.95,9.37,236.0,6.6827648,2.129650624913855
1982-01-02,0.0,0.2,0.14,267.0,7.5605856,2.4093928680169463
1982-01-03,0.0,1.62,1.5,268.0,7.5889024,2.4184168113428526
1982-01-04,10.16,13.25,8.58,257.0,7.2774176,2.319153434757885
1982-01-05,0.0,0.0,2.7,255.0,7.220784,2.3011055481060723
1982-01-06,0.0,0.0,0.0,224.0,6.3429632,2.021363305002981
1982-01-07,11.38,8.23,9.8,198.0,5.6067264,1.7867407785294211
1982-01-08,17.02,11.17,10.49,219.0,6.2013792,1.9762435883734504
1982-01-09,0.0,0.0,2.41,218.0,6.1730624,1.9672196450475443
1982-01-10,0.0,0.0,0.0,196.0,5.5500928,1.7686928918776086
1982-01-11,0.0,0.0,0.0,172.0,4.8704896,1.5521182520558605
1982-01-12,0.0,1.5,1.84,149.0,4.2192032,1.3445675555600187
1982-01-13,18.31,20.58,13.88,155.0,4.389104,1.3987112155154557
1982-01-14,21.45,24.18,14.42,237.0,6.7110816,2.1386745682397614
1982-01-15,0.0,0.88,3.33,276.0,7.8154368,2.490608357950102
1982-01-16,0.0,0.45,0.96,280.0,7.928704,2.5267041312537266
1982-01-17,1.6,0.62,0.89,265.0,7.503952,2.391344981365134
1982-01-18,0.0,0.0,0.19,240.0,6.796032,2.16574639821748
1982-01-19,0.0,0.04,0.0,216.0,6.1164287999999996,1.9491717583957318
1982-01-20,0.0,0.0,0.0,195.0,5.521776,1.7596689485517025
1982-01-21,0.0,0.03,0.0,173.0,4.8988064,1.5611421953817668
1982-01-22,0.0,0.0,0.0,154.0,4.3607872,1.3896872721895497
1982-01-23,3.49,5.19,3.33,138.0,3.9077184,1.245304178975051
1982-01-24,4.55,0.96,2.94,132.0,3.7378176,1.191160519019614
1982-01-25,0.0,0.0,0.61,120.0,3.398016,1.08287319910874
1982-01-26,0.0,0.0,0.0,106.0,3.0015808,0.9565379925460537
1982-01-27,0.0,0.0,0.0,92.0,2.6051456,0.8302027859833674
1982-01-28,0.0,0.0,0.0,80.0,2.265344,0.7219154660724932
1982-01-29,0.0,0.0,0.0,69.0,1.9538592,0.6226520894875255
1982-01-30,0.0,0.0,0.0,60.0,1.699008,0.54143659955437
1982-01-31,8.71,11.51,7.73,55.0,1.557424,0.4963168829248391
1982-02-01,0.0,0.66,2.58,69.0,1.9538592,0.6226520894875255
1982-02-02,0.0,15.16,3.18,72.0,2.0388096,0.649723919465244
1982-02-03,52.85,40.15,35.75,190.0,5.380192,1.7145492319221716
1982-02-04,0.0,1.01,11.56,447.0,12.6576096,4.033702666680057
1982-02-05,0.0,0.0,0.0,497.0,14.0734496,4.484899832975365
1982-02-06,0.0,0.0,0.0,490.0,13.875232,4.421732229694022
1982-02-07,0.0,0.0,0.0,425.0,12.03464,3.8351759135101204
1982-02-08,0.0,0.0,0.0,359.0,10.1657312,3.2395956540003135
1982-02-09,16.13,18.73,11.75,310.0,8.778208,2.7974224310309115
1982-02-10,16.3,2.65,3.93,308.0,8.7215744,2.7793745443790994
1982-02-11,1.89,16.75,1.01,299.0,8.4667232,2.6981590544459437
1982-02-12,13.24,8.6,15.28,290.0,8.211872,2.616943564512788
1982-02-13,0.0,2.32,5.03,378.0,10.7037504,3.411050577192531
1982-02-14,0.0,2.38,0.02,391.0,11.0718688,3.5283618404293113
1982-02-15,0.0,1.8,2.07,370.0,10.477216,3.3388590305852817
1982-02-16,17.64,6.07,15.77,404.0,11.4399872,3.6456731036660908
1982-02-17,10.8,16.77,13.39,558.0,15.8007744,5.035360375855641
1982-02-18,0.0,0.0,2.79,610.0,17.273248,5.504605428802761
1982-02-19,0.0,0.0,0.0,560.0,15.857408,5.053408262507453
1982-02-20,0.0,0.0,0.0,461.0,13.0540448,4.160037873242743
1982-02-21,0.0,0.0,0.0,379.0,10.7320672,3.420074520518437
1982-02-22,0.0,0.0,0.0,315.0,8.919792,2.842542147660442
1982-02-23,0.0,0.0,0.0,260.0,7.362368,2.346225264735603
1982-02-24,0.0,0.0,0.0,212.0,6.0031616,1.9130759850921073
1982-02-25,0.0,0.0,0.0,175.0,4.95544,1.5791900820335791
1982-02-26,0.0,0.83,0.52,145.0,4.105936,1.308471782256394
1982-02-27,4.27,4.56,3.36,125.0,3.5396,1.1279929157382709
1982-02-28,0.0,0.03,1.06,114.0,3.2281152,1.028729539153303
1982-03-01,0.0,0.02,0.0,102.0,2.8883136,0.920442219242429
1982-03-02,0.0,0.0,0.0,89.0,2.5201952,0.8031309560056488
1982-03-03,0.0,0.0,0.0,77.0,2.1803936,0.6948436360947748
1982-03-04,0.0,15.53,0.0,66.0,1.8689088,0.595580259509807
1982-03-05,37.8,32.51,23.81,85.0,2.406928,0.7670351827020242
1982-03-06,19.81,7.51,15.2,296.0,8.3817728,2.6710872244682253
1982-03-07,18.06,11.54,8.81,407.0,11.5249376,3.6727449336438096
1982-03-08,0.0,0.0,2.13,434.0,12.2894912,3.9163914034432765
1982-03-09,0.0,0.0,0.0,379.0,10.7320672,3.420074520518437
1982-03-10,0.0,0.0,0.0,321.0,9.0896928,2.8966858076158792
1982-03-11,0.0,0.0,0.0,269.0,7.6172192,2.427440754668759
1982-03-12,0.0,0.0,0.0,223.0,6.3146464,2.0123393616770753
1982-03-13,0.0,0.0,0.0,186.0,5.2669248,1.678453458618547
1982-03-14,0.0,0.0,0.0,155.0,4.389104,1.3987112155154557
1982-03-15,0.0,0.02,0.0,129.0,3.6528671999999998,1.1640886890418953
1982-03-16,0.0,0.0,0.0,109.0,3.0865312,0.9836098225237722
1982-03-17,0.0,0.0,0.0,91.0,2.5768288,0.8211788426574611
1982-03-18,0.0,0.0,0.0,76.0,2.1520768,0.6858196927688687
1982-03-19,0.0,0.0,0.0,63.0,1.7839584,0.5685084295320885
1982-03-20,0.0,0.0,0.0,53.0,1.5007904,0.4782689962730268
1982-03-21,0.0,1.07,0.0,44.0,1.2459392,0.39705350633987135
1982-03-22,6.91,8.75,5.72,38.0,1.0760384,0.34290984638443434
1982-03-23,1.73,33.12,4.9,60.0,1.699008,0.54143659955437
1982-03-24,46.84,21.67,36.87,144.0,4.0776192,1.299447838930488
1982-03-25,11.98,0.71,19.72,455.0,12.884144,4.105894213287305
1982-03-26,10.36,12.19,6.46,585.0,16.565328,5.279006845655108
1982-03-27,0.0,0.3,1.47,619.0,17.5280992,5.585820918735917
1982-03-28,2.73,3.01,2.19,560.0,15.857408,5.053408262507453
1982-03-29,2.03,0.92,1.51,473.0,13.3938464,4.268325193153617
1982-03-30,0.0,0.0,0.27,395.0,11.185136,3.5644576137329356
1982-03-31,0.0,0.0,0.0,330.0,9.344543999999999,2.9779012975490344
1982-04-01,0.0,0.0,0.0,274.0,7.7588032,2.4725604712982894
1982-04-02,0.0,0.0,0.0,222.0,6.2863296,2.003315418351169
1982-04-03,0.0,2.01,0.97,179.0,5.0687071999999995,1.6152858553372036
1982-04-04,0.0,0.0,0.32,146.0,4.1342528,1.3174957255823
1982-04-05,0.69,5.7,10.76,118.0,3.3413824,1.0648253124569276
1982-04-06,0.0,0.49,3.59,147.0,4.1625696,1.3265196689082066
1982-04-07,0.0,46.11,1.51,121.0,3.4263328,1.0918971424346462
1982-04-08,49.78,5.64,54.31,287.0,8.1269216,2.5898717345350697
1982-04-09,21.11,7.1,20.39,1060.0,30.015808,9.565379925460537
1982-04-10,18.96,13.67,11.15,1190.0,33.696992,10.738492557828339
1982-04-11,16.12,10.6,13.03,1260.0,35.679168,11.370168590641768
1982-04-12,0.0,0.0,3.2,1160.0,32.847488,10.467774258051152
1982-04-13,0.0,0.0,0.0,879.0,24.8904672,7.93204618347152
1982-04-14,0.0,1.19,0.0,651.0,18.4342368,5.874587105164914
1982-04-15,0.0,0.84,0.0,492.0,13.9318656,4.439780116345834
1982-04-16,0.0,0.0,0.0,374.0,10.5904832,3.374954803888906
1982-04-17,0.0,0.38,0.19,297.0,8.4100896,2.680111167794131
1982-04-18,0.59,3.48,3.45,266.0,7.5322688,2.40036892469104
1982-04-19,0.0,1.39,2.42,247.0,6.9942496,2.228914001498823
1982-04-20,1.85,5.59,2.04,209.0,5.9182112,1.8860041551143887
1982-04-21,0.0,2.54,0.54,168.0,4.7572224,1.5160224787522358
1982-04-22,0.0,0.0,0.16,134.0,3.7944512,1.2092084056714263
1982-04-23,0.06,0.75,0.45,102.0,2.8883136,0.920442219242429
1982-04-24,0.0,2.76,0.26,78.0,2.2087104,0.703867579420681
1982-04-25,4.77,18.75,8.77,65.0,1.840592,0.5865563161839008
1982-04-26,30.55,7.46,28.49,178.0,5.0403904,1.6062619120112975
1982-04-27,0.0,0.85,10.36,213.0,6.0314784,1.9220999284180136
1982-04-28,0.0,0.0,0.61,199.0,5.6350432,1.7957647218553272
1982-04-29,0.0,0.0,0.0,164.0,4.6439552,1.4799267054486112
1982-04-30,0.0,0.0,0.0,129.0,3.6528671999999998,1.1640886890418953
1982-05-01,0.0,0.94,0.0,101.0,2.8599968,0.9114182759165227
1982-05-02,0.0,0.41,2.24,81.0,2.2936608,0.7309394093983995
1982-05-03,0.0,0.29,0.75,65.0,1.840592,0.5865563161839008
1982-05-04,0.0,0.0,0.0,51.0,1.4441568,0.4602211096212145
1982-05-05,0.0,0.0,0.0,40.0,1.132672,0.3609577330362466
1982-05-06,0.0,0.0,0.0,31.0,0.8778208,0.27974224310309115
1982-05-07,0.0,3.87,1.01,24.0,0.6796032,0.216574639821748
1982-05-08,11.82,8.55,6.87,22.0,0.6229696,0.19852675316993568
1982-05-09,0.0,0.03,2.18,22.0,0.6229696,0.19852675316993568
1982-05-10,0.0,0.0,0.0,19.0,0.5380192,0.17145492319221717
1982-05-11,0.0,0.0,0.0,16.0,0.4530688,0.14438309321449866
1982-05-12,0.0,0.0,0.0,13.0,0.3681184,0.11731126323678016
1982-05-13,0.0,0.0,0.0,11.0,0.3114848,0.09926337658496784
1982-05-14,0.0,0.0,0.0,9.5,0.2690096,0.08572746159610858
1982-05-15,0.0,0.0,0.0,8.2,0.23219775999999998,0.07399633527243056
1982-05-16,0.0,0.0,0.0,7.2,0.20388096,0.06497239194652439
1982-05-17,0.0,0.12,0.04,6.6,0.18689087999999998,0.05955802595098069
1982-05-18,0.0,4.8,0.82,9.5,0.2690096,0.08572746159610858
1982-05-19,3.14,6.75,4.55,17.0,0.48138559999999997,0.15340703654040483
1982-05-20,3.62,4.69,2.56,17.0,0.48138559999999997,0.15340703654040483
1982-05-21,0.0,0.79,0.38,17.0,0.48138559999999997,0.15340703654040483
1982-05-22,0.0,0.22,0.01,16.0,0.4530688,0.14438309321449866
1982-05-23,0.0,1.27,0.16,17.0,0.48138559999999997,0.15340703654040483
1982-05-24,2.39,0.58,0.31,13.0,0.3681184,0.11731126323678016
1982-05-25,19.03,9.83,13.09,11.0,0.3114848,0.09926337658496784
1982-05-26,20.5,20.19,15.1,12.0,0.3398016,0.108287319910874
1982-05-27,0.0,5.15,3.59,28.0,0.7928704,0.25267041312537264
1982-05-28,0.0,0.02,0.0,24.0,0.6796032,0.216574639821748
1982-05-29,0.0,0.0,0.16,22.0,0.6229696,0.19852675316993568
1982-05-30,27.33,36.94,31.99,59.0,1.6706912,0.5324126562284638
1982-05-31,0.0,5.91,13.52,154.0,4.3607872,1.3896872721895497
1982-06-01,11.54,4.85,3.19,172.0,4.8704896,1.5521182520558605
1982-06-02,0.0,0.02,0.76,175.0,4.95544,1.5791900820335791
1982-06-03,0.0,0.14,0.06,148.0,4.1908864,1.3355436122341127
1982-06-04,0.0,0.0,0.02,112.0,3.1714816,1.0106816525014906
1982-06-05,0.0,0.0,0.0,85.0,2.406928,0.7670351827020242
1982-06-06,0.0,0.0,0.0,62.0,1.7556416,0.5594844862061823
1982-06-07,0.0,0.0,0.0,45.0,1.274256,0.4060774496657775
1982-06-08,0.0,0.0,0.0,31.0,0.8778208,0.27974224310309115
1982-06-09,0.0,0.0,0.0,23.0,0.6512864,0.20755069649584185
1982-06-10,0.0,0.05,0.0,17.0,0.48138559999999997,0.15340703654040483
1982-06-11,0.0,0.6,0.26,13.0,0.3681184,0.11731126323678016
1982-06-12,4.05,3.79,3.01,10.0,0.283168,0.09023943325906165
1982-06-13,0.0,0.05,0.97,8.4,0.23786112,0.0758011239376118
1982-06-14,0.0,0.0,0.0,6.9,0.19538592000000002,0.06226520894875255
1982-06-15,0.0,0.02,0.0,5.8,0.16423743999999998,0.05233887129025576
1982-06-16,8.29,17.26,20.57,5.1,0.14441568,0.04602211096212144
1982-06-17,70.46,29.13,84.22,158.0,4.4740544,1.4257830454931744
1982-06-18,34.5,22.63,31.62,1220.0,34.546496,11.009210857605522
1982-06-19,0.0,2.12,1.94,1620.0,45.873216,14.61878818796799
1982-06-20,3.9,0.0,1.48,1760.0,49.837568,15.882140253594851
1982-06-21,0.0,1.53,0.68,1380.0,39.077184,12.453041789750511
1982-06-22,33.0,36.25,27.22,1150.0,32.56432,10.377534824792091
1982-06-23,17.57,5.35,24.01,1080.0,30.582144,9.745858791978659
1982-06-24,7.08,3.89,8.83,1220.0,34.546496,11.009210857605522
1982-06-25,7.04,6.4,1.45,1020.0,28.883136,9.204422192424289
1982-06-26,8.02,14.45,6.8,894.0,25.3152192,8.067405333360114
1982-06-27,14.14,10.87,10.81,797.0,22.5684896,7.192082830747214
1982-06-28,10.99,3.45,8.49,791.0,22.3985888,7.137939170791777
1982-06-29,2.03,8.07,5.93,821.0,23.2480928,7.408657470568962
1982-06-30,2.35,1.19,1.43,766.0,21.6906688,6.912340587644124
1982-07-01,0.0,0.12,0.03,634.0,17.9528512,5.72118006862451
1982-07-02,0.0,16.18,0.15,488.0,13.818598399999999,4.403684343042209
1982-07-03,34.89,0.0,30.31,419.0,11.8647392,3.781032253554684
1982-07-04,0.08,4.42,12.76,592.0,16.7635456,5.342174448936451
1982-07-05,9.41,5.33,8.98,528.0,14.9512704,4.764642076078456
1982-07-06,17.76,25.66,19.52,439.0,12.4310752,3.961511120072807
1982-07-07,8.73,17.56,7.71,514.0,14.5548352,4.63830686951577
1982-07-08,18.15,11.3,19.43,567.0,16.0556256,5.116575865788796
1982-07-09,4.46,4.84,8.77,760.0,21.520768,6.858196927688686
1982-07-10,8.18,10.43,8.24,792.0,22.4269056,7.146963114117685
1982-07-11,21.88,20.8,27.65,689.0,19.5102752,6.217496951549348
1982-07-12,10.2,5.56,15.42,703.0,19.9067104,6.343832158112035
1982-07-13,0.0,3.12,4.31,705.0,19.963344,6.361880044763847
1982-07-14,0.0,2.55,2.6,598.0,16.9334464,5.3963181088918875
1982-07-15,5.97,2.44,4.17,512.0,14.4982016,4.620258982863957
1982-07-16,0.0,10.44,8.47,411.0,11.6382048,3.7088407069474347
1982-07-17,0.0,5.29,2.69,382.0,10.8170176,3.4471463504961557
1982-07-18,0.0,4.31,0.41,321.0,9.0896928,2.8966858076158792
1982-07-19,15.4,4.22,5.1,271.0,7.6738528,2.445488641320571
1982-07-20,0.0,14.42,5.13,299.0,8.4667232,2.6981590544459437
1982-07-21,26.27,1.44,11.62,288.0,8.1552384,2.598895677860976
1982-07-22,0.0,3.81,3.54,297.0,8.4100896,2.680111167794131
1982-07-23,13.15,21.1,13.46,281.0,7.9570208,2.5357280745796325
1982-07-24,14.84,9.57,16.05,395.0,11.185136,3.5644576137329356
1982-07-25,3.42,3.65,9.46,574.0,16.2538432,5.179743469070139
1982-07-26,3.8,0.09,4.04,579.0,16.3954272,5.224863185699671
1982-07-27,0.0,15.92,3.65,440.0,12.459392,3.970535063398713
1982-07-28,36.55,24.63,19.16,466.0,13.1956288,4.2051575898722735
1982-07-29,23.65,28.35,10.27,1080.0,30.582144,9.745858791978659
1982-07-30,30.94,4.03,22.85,1300.0,36.81184,11.731126323678016
1982-07-31,0.0,1.38,7.15,1330.0,37.661344,12.0018446234552
1982-08-01,0.17,1.5,1.12,1140.0,32.281152,10.287295391533029
1982-08-02,1.63,0.42,0.46,879.0,24.8904672,7.93204618347152
1982-08-03,0.0,0.05,0.05,652.0,18.4625536,5.88361104849082
1982-08-04,0.0,0.0,0.01,480.0,13.592064,4.33149279643496
1982-08-05,0.0,0.04,0.61,355.0,10.052464,3.2034998806966892
1982-08-06,1.85,8.37,1.42,269.0,7.6172192,2.427440754668759
1982-08-07,4.94,12.79,5.93,225.0,6.37128,2.0303872483288874
1982-08-08,0.0,2.34,2.37,206.0,5.8332608,1.8589323251366703
1982-08-09,4.33,11.42,7.0,169.0,4.7855392,1.5250464220781421
1982-08-10,0.09,3.74,2.32,135.0,3.822768,1.2182323489973323
1982-08-11,5.48,8.43,3.25,126.0,3.5679168,1.137016859064177
1982-08-12,26.58,10.43,8.96,212.0,6.0031616,1.9130759850921073
1982-08-13,7.46,3.22,3.49,227.0,6.4279136,2.0484351349807
1982-08-14,2.76,1.59,0.97,227.0,6.4279136,2.0484351349807
1982-08-15,0.0,0.1,0.23,210.0,5.946528,1.895028098440295
1982-08-16,0.0,1.06,0.01,233.0,6.5978144,2.1025787949361368
1982-08-17,0.0,1.38,1.51,206.0,5.8332608,1.8589323251366703
1982-08-18,0.0,0.47,0.5,170.0,4.813856,1.5340703654040484
1982-08-19,0.0,5.44,0.0,132.0,3.7378176,1.191160519019614
1982-08-20,8.6,8.26,5.9,103.0,2.9166304,0.9294661625683351
1982-08-21,8.43,2.31,9.09,100.0,2.83168,0.9023943325906166
1982-08-22,9.75,3.71,55.62,147.0,4.1625696,1.3265196689082066
1982-08-23,0.0,4.66,17.79,219.0,6.2013792,1.9762435883734504
1982-08-24,0.0,1.69,0.35,395.0,11.185136,3.5644576137329356
1982-08-25,3.84,1.43,0.23,461.0,13.0540448,4.160037873242743
1982-08-26,0.0,0.03,0.16,449.0,12.7142432,4.0517505533318685
1982-08-27,0.0,0.4,0.04,373.0,10.5621664,3.365930860563
1982-08-28,0.0,3.97,0.43,301.0,8.5233568,2.7162069410977563
1982-08-29,0.0,6.74,1.66,241.0,6.8243488,2.174770341543386
1982-08-30,6.73,1.89,4.42,207.0,5.8615775999999995,1.8679562684625763
1982-08-31,0.0,0.04,1.3,165.0,4.6722719999999995,1.4889506487745172
1982-09-01,0.0,0.15,0.0,121.0,3.4263328,1.0918971424346462
1982-09-02,0.0,1.01,0.04,87.0,2.4635616,0.7850830693538364
1982-09-03,0.0,14.57,0.62,62.0,1.7556416,0.5594844862061823
1982-09-04,26.19,1.19,20.64,46.0,1.3025728,0.4151013929916837
1982-09-05,0.0,1.32,6.85,41.0,1.1609888,0.3699816763621528
1982-09-06,0.0,2.75,0.36,38.0,1.0760384,0.34290984638443434
1982-09-07,0.0,1.12,0.15,31.0,0.8778208,0.27974224310309115
1982-09-08,0.0,13.69,0.05,26.0,0.7362368,0.23462252647356033
1982-09-09,41.59,39.33,26.29,27.0,0.7645535999999999,0.24364646979946647
1982-09-10,30.88,23.3,30.65,194.0,5.4934592,1.7506450052257962
1982-09-11,23.42,7.05,19.27,896.0,25.3718528,8.085453220011924
1982-09-12,2.24,2.67,5.94,1430.0,40.493024,12.904238956045818
1982-09-13,0.0,0.82,0.84,1260.0,35.679168,11.370168590641768
1982-09-14,0.0,0.04,0.06,842.0,23.8427456,7.598160280412992
1982-09-15,0.0,0.05,0.03,580.0,16.423744,5.233887129025576
1982-09-16,0.0,0.16,0.01,427.0,12.0912736,3.853223800161933
1982-09-17,0.0,0.37,0.0,322.0,9.1180096,2.905709750941786
1982-09-18,0.0,1.0,4.3,242.0,6.8526656,2.1837942848692924
1982-09-19,0.92,23.04,5.62,247.0,6.9942496,2.228914001498823
1982-09-20,21.25,8.36,28.1,295.0,8.353456,2.662063281142319
1982-09-21,4.29,3.93,14.26,394.0,11.1568192,3.5554336704070293
1982-09-22,0.0,0.0,1.78,475.0,13.45048,4.286373079805429
1982-09-23,0.0,0.0,0.0,424.0,12.0063232,3.8261519701842146
1982-09-24,0.0,0.01,0.0,323.0,9.1463264,2.914733694267692
1982-09-25,0.0,0.01,0.0,239.0,6.7677152,2.1567224548915735
1982-09-26,0.0,0.18,0.03,180.0,5.097024,1.62430979866311
1982-09-27,0.0,0.73,0.01,135.0,3.822768,1.2182323489973323
1982-09-28,0.0,0.0,0.0,101.0,2.8599968,0.9114182759165227
1982-09-29,0.0,0.0,0.0,74.0,2.0954432,0.6677718061170563
1982-09-30,0.0,0.0,0.0,54.0,1.5291071999999999,0.48729293959893294
1982-10-01,0.0,0.0,0.0,40.0,1.132672,0.3609577330362466
1982-10-02,0.0,0.0,0.0,31.0,0.8778208,0.27974224310309115
1982-10-03,0.0,0.08,0.03,24.0,0.6796032,0.216574639821748
1982-10-04,0.0,7.55,0.01,20.0,0.566336,0.1804788665181233
1982-10-05,21.14,22.09,15.38,19.0,0.5380192,0.17145492319221717
1982-10-06,16.41,8.02,12.95,151.0,4.2758367999999995,1.362615442211831
1982-10-07,32.38,3.64,2.81,290.0,8.211872,2.616943564512788
1982-10-08,0.0,0.0,0.07,280.0,7.928704,2.5267041312537266
1982-10-09,0.0,0.0,0.0,218.0,6.1730624,1.9672196450475443
1982-10-10,0.0,0.0,0.0,158.0,4.4740544,1.4257830454931744
1982-10-11,0.0,0.89,0.1,117.0,3.3130656,1.0558013691310215
1982-10-12,0.0,1.29,2.53,89.0,2.5201952,0.8031309560056488
1982-10-13,14.43,15.83,11.48,82.0,2.3219776,0.7399633527243056
1982-10-14,7.34,0.19,4.16,146.0,4.1342528,1.3174957255823
1982-10-15,0.0,0.0,0.2,177.0,5.0120736,1.5972379686853915
1982-10-16,0.0,0.0,0.0,150.0,4.24752,1.3535914988859248
1982-10-17,0.0,0.0,0.0,114.0,3.2281152,1.028729539153303
1982-10-18,0.0,0.16,0.01,85.0,2.406928,0.7670351827020242
1982-10-19,0.0,0.0,0.0,65.0,1.840592,0.5865563161839008
1982-10-20,0.0,1.61,0.0,51.0,1.4441568,0.4602211096212145
1982-10-21,0.0,0.36,0.29,40.0,1.132672,0.3609577330362466
1982-10-22,0.0,3.8,0.26,33.0,0.9344544,0.2977901297549035
1982-10-23,3.91,0.36,3.14,31.0,0.8778208,0.27974224310309115
1982-10-24,0.0,0.0,1.03,42.0,1.1893056,0.37900561968805896
1982-10-25,0.0,0.0,0.0,39.0,1.1043552,0.3519337897103405
1982-10-26,0.0,0.0,0.0,30.0,0.849504,0.270718299777185
1982-10-27,0.0,0.0,0.0,24.0,0.6796032,0.216574639821748
1982-10-28,0.0,0.0,0.0,19.0,0.5380192,0.17145492319221717
1982-10-29,0.0,0.0,0.0,16.0,0.4530688,0.14438309321449866
1982-10-30,0.0,0.01,0.0,13.0,0.3681184,0.11731126323678016
1982-10-31,0.0,0.34,0.0,11.0,0.3114848,0.09926337658496784
1982-11-01,0.0,0.2,0.0,9.9,0.28033632,0.08933703892647106
1982-11-02,0.0,0.5,0.31,8.7,0.24635615999999996,0.07850830693538363
1982-11-03,8.33,14.99,9.2,8.9,0.25201952,0.08031309560056488
1982-11-04,33.91,32.89,26.86,76.0,2.1520768,0.6858196927688687
1982-11-05,0.0,0.0,7.94,201.0,5.6916768,1.8138126085071393
1982-11-06,0.0,0.0,0.0,234.0,6.6261312,2.111602738262043
1982-11-07,0.0,0.0,0.0,212.0,6.0031616,1.9130759850921073
1982-11-08,0.0,0.0,0.0,171.0,4.8421728,1.5430943087299545
1982-11-09,0.0,0.0,0.0,137.0,3.8794016,1.2362802356491447
1982-11-10,0.0,0.0,0.0,110.0,3.114848,0.9926337658496782
1982-11-11,0.0,0.0,0.0,88.0,2.4918784,0.7941070126797427
1982-11-12,0.0,0.8,0.83,70.0,1.982176,0.6316760328134317
1982-11-13,2.06,2.23,1.54,58.0,1.6423744,0.5233887129025576
1982-11-14,0.0,0.0,0.42,49.0,1.3875232,0.44217322296940215
1982-11-15,0.0,0.0,0.0,42.0,1.1893056,0.37900561968805896
1982-11-16,0.0,0.0,0.0,35.0,0.991088,0.3158380164067158
1982-11-17,0.0,0.0,0.02,30.0,0.849504,0.270718299777185
1982-11-18,0.0,0.03,0.01,26.0,0.7362368,0.23462252647356033
1982-11-19,0.0,0.0,0.0,23.0,0.6512864,0.20755069649584185
1982-11-20,0.0,0.0,0.0,21.0,0.5946528,0.18950280984402948
1982-11-21,0.0,0.0,0.0,19.0,0.5380192,0.17145492319221717
1982-11-22,0.0,0.0,0.0,17.0,0.48138559999999997,0.15340703654040483
1982-11-23,0.0,0.0,0.0,16.0,0.4530688,0.14438309321449866
1982-11-24,0.0,0.02,0.0,14.0,0.3964352,0.12633520656268632
1982-11-25,0.0,0.01,0.0,13.0,0.3681184,0.11731126323678016
1982-11-26,0.0,0.0,0.0,12.0,0.3398016,0.108287319910874
1982-11-27,0.0,0.0,0.06,11.0,0.3114848,0.09926337658496784
1982-11-28,0.0,3.63,0.27,9.9,0.28033632,0.08933703892647106
1982-11-29,8.08,9.04,4.45,10.0,0.283168,0.09023943325906165
1982-11-30,0.0,0.0,1.46,12.0,0.3398016,0.108287319910874
1982-12-01,0.0,0.0,0.0,12.0,0.3398016,0.108287319910874
1982-12-02,0.0,0.0,0.0,12.0,0.3398016,0.108287319910874
1982-12-03,0.0,0.0,0.0,12.0,0.3398016,0.108287319910874
1982-12-04,0.0,12.96,2.79,11.0,0.3114848,0.09926337658496784
1982-12-05,29.89,27.27,23.78,13.0,0.3681184,0.11731126323678016
1982-12-06,6.66,0.04,7.63,26.0,0.7362368,0.23462252647356033
1982-12-07,0.0,0.0,0.01,32.0,0.9061376,0.2887661864289973
1982-12-08,0.0,0.0,0.0,35.0,0.991088,0.3158380164067158
1982-12-09,0.0,0.0,0.0,33.0,0.9344544,0.2977901297549035
1982-12-10,0.0,9.11,0.0,29.0,0.8211872,0.2616943564512788
1982-12-11,19.1,17.6,13.41,29.0,0.8211872,0.2616943564512788
1982-12-12,21.68,6.23,9.94,105.0,2.973264,0.9475140492201475
1982-12-13,0.0,0.0,1.82,126.0,3.5679168,1.137016859064177
1982-12-14,0.0,0.0,0.0,124.0,3.5112832,1.1189689724123646
1982-12-15,0.0,9.0,3.17,110.0,3.114848,0.9926337658496782
1982-12-16,20.8,12.39,11.06,145.0,4.105936,1.308471782256394
1982-12-17,0.0,0.0,3.33,159.0,4.5023712,1.4348069888190804
1982-12-18,0.0,0.4,0.0,150.0,4.24752,1.3535914988859248
1982-12-19,1.93,2.26,1.64,132.0,3.7378176,1.191160519019614
1982-12-20,0.0,0.0,0.56,115.0,3.2564319999999998,1.037753482479209
1982-12-21,0.0,0.0,0.0,99.0,2.8033632,0.8933703892647106
1982-12-22,0.0,0.0,0.0,84.0,2.3786112,0.7580112393761179
1982-12-23,0.0,0.0,0.0,71.0,2.0104928,0.6406999761393378
1982-12-24,0.0,0.0,0.0,61.0,1.7273247999999999,0.5504605428802761
1982-12-25,0.0,0.0,0.0,53.0,1.5007904,0.4782689962730268
1982-12-26,0.0,0.0,0.0,46.0,1.3025728,0.4151013929916837
1982-12-27,0.0,0.0,0.0,40.0,1.132672,0.3609577330362466
1982-12-28,0.0,10.27,1.88,36.0,1.0194048,0.324861959732622
1982-12-29,24.09,34.8,19.13,57.0,1.6140576,0.5143647695766514
1982-12-30,25.68,13.84,24.38,181.0,5.1253408,1.6333337419890162
1982-12-31,8.09,0.67,7.35,319.0,9.0330592,2.878637920964067
1983-01-01,5.12,11.57,5.04,391.0,11.0718688,3.5283618404293113
1983-01-02,8.0,6.13,8.9,461.0,13.0540448,4.160037873242743
1983-01-03,2.27,0.01,2.46,511.0,14.469884799999999,4.611235039538051
1983-01-04,0.0,0.0,0.0,482.0,13.6486976,4.349540683086772
1983-01-05,0.0,0.0,0.0,421.0,11.9213728,3.799080140206496
1983-01-06,0.0,0.0,0.0,356.0,10.0807808,3.212523824022595
1983-01-07,0.0,0.0,0.0,298.0,8.4384064,2.6891351111200374
1983-01-08,0.0,0.0,0.0,249.0,7.0508831999999995,2.2469618881506355
1983-01-09,0.0,0.0,0.0,208.0,5.8898944,1.8769802117884826
1983-01-10,0.0,0.08,0.23,175.0,4.95544,1.5791900820335791
1983-01-11,0.0,0.18,0.08,149.0,4.2192032,1.3445675555600187
1983-01-12,0.0,0.0,0.0,125.0,3.5396,1.1279929157382709
1983-01-13,0.0,0.0,0.0,102.0,2.8883136,0.920442219242429
1983-01-14,0.0,0.0,0.0,84.0,2.3786112,0.7580112393761179
1983-01-15,0.0,0.0,0.0,72.0,2.0388096,0.649723919465244
1983-01-16,0.0,0.0,0.0,61.0,1.7273247999999999,0.5504605428802761
1983-01-17,0.0,0.0,0.0,52.0,1.4724736,0.46924505294712066
1983-01-18,0.0,0.0,0.0,45.0,1.274256,0.4060774496657775
1983-01-19,0.0,0.34,0.64,39.0,1.1043552,0.3519337897103405
1983-01-20,18.4,23.1,13.57,39.0,1.1043552,0.3519337897103405
1983-01-21,27.87,34.05,33.83,203.0,5.7483104,1.8318604951589519
1983-01-22,3.86,0.41,12.3,395.0,11.185136,3.5644576137329356
1983-01-23,2.37,0.99,1.51,511.0,14.469884799999999,4.611235039538051
1983-01-24,0.0,0.0,0.23,503.0,14.2433504,4.5390434929308014
1983-01-25,0.0,0.0,0.0,436.0,12.3461248,3.9344392900950886
1983-01-26,0.0,5.47,1.02,369.0,10.4488992,3.3298350872593754
1983-01-27,11.07,11.95,11.33,364.0,10.3073152,3.2847153706298444
1983-01-28,0.31,0.07,3.66,387.0,10.9586016,3.492266067125686
1983-01-29,0.0,0.25,0.24,358.0,10.137414399999999,3.230571710674407
1983-01-30,2.38,2.03,2.12,322.0,9.1180096,2.905709750941786
1983-01-31,0.0,0.0,0.68,283.0,8.0136544,2.553775961231445
1983-02-01,0.0,10.16,8.15,249.0,7.0508831999999995,2.2469618881506355
1983-02-02,28.07,27.82,22.52,391.0,11.0718688,3.5283618404293113
1983-02-03,0.0,0.0,6.6,452.0,12.7991936,4.078822383309587
1983-02-04,0.0,0.0,0.0,435.0,12.317808,3.9254153467691824
1983-02-05,0.0,4.89,2.24,380.0,10.760384,3.429098463844343
1983-02-06,23.12,21.21,16.62,408.0,11.5532544,3.681768876969716
1983-02-07,0.0,0.0,5.29,480.0,13.592064,4.33149279643496
1983-02-08,0.0,0.0,0.0,470.0,13.308895999999999,4.241253363175898
1983-02-09,0.0,0.0,0.08,413.0,11.6948384,3.726888593599247
1983-02-10,2.92,4.09,1.99,351.0,9.9391968,3.167404107393064
1983-02-11,2.74,0.02,0.66,301.0,8.5233568,2.7162069410977563
1983-02-12,0.0,10.02,0.91,266.0,7.5322688,2.40036892469104
1983-02-13,30.54,52.78,37.09,370.0,10.477216,3.3388590305852817
1983-02-14,36.49,19.81,29.45,550.0,15.57424,4.963168829248391
1983-02-15,0.0,0.0,5.73,600.0,16.99008,5.414365995543699
1983-02-16,0.0,1.4,0.55,570.0,16.140576,5.143647695766514
1983-02-17,2.35,2.19,2.18,524.0,14.8380032,4.728546302774831
1983-02-18,0.0,0.0,0.66,463.0,13.1106784,4.178085759894555
1983-02-19,0.0,0.0,0.0,415.0,11.751472,3.744936480251059
1983-02-20,0.0,0.0,0.0,359.0,10.1657312,3.2395956540003135
1983-02-21,0.0,2.54,0.0,306.0,8.6649408,2.761326657727287
1983-02-22,4.67,4.44,7.37,276.0,7.8154368,2.490608357950102
1983-02-23,3.36,0.08,2.46,247.0,6.9942496,2.228914001498823
1983-02-24,0.0,0.0,0.03,202.0,5.7199936,1.8228365518330454
1983-02-25,0.0,0.95,1.18,176.0,4.9837568,1.5882140253594854
1983-02-26,0.0,0.0,0.39,156.0,4.4174208,1.407735158841362
1983-02-27,0.0,2.48,0.85,144.0,4.0776192,1.299447838930488
1983-02-28,12.01,16.94,14.28,266.0,7.5322688,2.40036892469104
1983-03-01,11.0,0.96,5.84,316.0,8.9481088,2.8515660909863487
1983-03-02,0.0,0.0,0.39,286.0,8.0986048,2.580847791209164
1983-03-03,0.0,0.0,0.0,228.0,6.4562304,2.057459078306606
1983-03-04,0.0,0.52,0.0,202.0,5.7199936,1.8228365518330454
1983-03-05,0.0,7.1,7.44,176.0,4.9837568,1.5882140253594854
1983-03-06,61.45,47.19,49.61,316.0,8.9481088,2.8515660909863487
1983-03-07,23.99,34.77,50.52,600.0,16.99008,5.414365995543699
1983-03-08,0.0,0.02,11.6,809.0,22.9082912,7.300370150658089
1983-03-09,0.0,0.0,0.0,868.0,24.5789824,7.832782806886553
1983-03-10,0.0,0.58,0.0,841.0,23.814428799999998,7.589136337087085
1983-03-11,0.0,0.0,0.0,756.0,21.4075008,6.822101154385062
1983-03-12,0.0,0.0,0.0,631.0,17.8679008,5.694108238646791
1983-03-13,0.0,0.0,0.0,550.0,15.57424,4.963168829248391
1983-03-14,0.0,0.0,0.0,451.0,12.7708768,4.069798439983681
1983-03-15,0.0,6.45,3.97,404.0,11.4399872,3.6456731036660908
1983-03-16,11.65,9.36,10.96,370.0,10.477216,3.3388590305852817
1983-03-17,37.6,49.26,34.61,451.0,12.7708768,4.069798439983681
1983-03-18,10.9,7.05,20.27,550.0,15.57424,4.963168829248391
1983-03-19,0.0,0.1,3.27,580.0,16.423744,5.233887129025576
1983-03-20,0.0,17.83,11.72,600.0,16.99008,5.414365995543699
1983-03-21,18.37,13.61,20.87,524.0,14.8380032,4.728546302774831
1983-03-22,0.0,0.0,5.76,570.0,16.140576,5.143647695766514
1983-03-23,0.0,1.16,0.7,620.0,17.556416,5.594844862061823
1983-03-24,9.62,8.54,6.31,641.0,18.1510688,5.784347671905853
1983-03-25,0.75,0.18,2.03,550.0,15.57424,4.963168829248391
1983-03-26,0.0,4.55,3.71,475.0,13.45048,4.286373079805429
1983-03-27,34.6,38.65,31.22,499.0,14.1300832,4.502947719627177
1983-03-28,0.0,0.0,9.99,524.0,14.8380032,4.728546302774831
1983-03-29,0.0,0.0,0.0,560.0,15.857408,5.053408262507453
1983-03-30,0.0,10.42,6.85,610.0,17.273248,5.504605428802761
1983-03-31,11.92,4.94,4.74,550.0,15.57424,4.963168829248391
1983-04-01,0.0,0.09,1.85,499.0,14.1300832,4.502947719627177
1983-04-02,7.97,6.67,2.55,427.0,12.0912736,3.853223800161933
1983-04-03,0.0,0.0,0.73,359.0,10.1657312,3.2395956540003135
1983-04-04,0.0,0.0,0.0,306.0,8.6649408,2.761326657727287
1983-04-05,0.0,0.0,0.0,266.0,7.5322688,2.40036892469104
1983-04-06,0.0,0.61,0.0,219.0,6.2013792,1.9762435883734504
1983-04-07,18.98,22.35,13.31,550.0,15.57424,4.963168829248391
1983-04-08,44.8,47.78,39.97,798.0,22.5968064,7.2011067740731205
1983-04-09,56.29,36.39,50.3,929.0,26.3063072,8.383243349766829
1983-04-10,0.0,0.0,12.82,1020.0,28.883136,9.204422192424289
1983-04-11,0.0,0.0,0.0,896.0,25.3718528,8.085453220011924
1983-04-12,0.0,0.0,0.0,777.0,22.0021536,7.011603964229091
1983-04-13,0.0,0.0,0.0,661.0,18.7174048,5.964826538423976
1983-04-14,0.0,10.22,4.92,560.0,15.857408,5.053408262507453
1983-04-15,31.3,26.24,24.51,469.0,13.2805792,4.232229419849992
1983-04-16,0.0,0.0,7.62,404.0,11.4399872,3.6456731036660908
1983-04-17,0.0,0.0,0.0,451.0,12.7708768,4.069798439983681
1983-04-18,0.35,9.03,8.96,427.0,12.0912736,3.853223800161933
1983-04-19,16.01,2.05,3.97,370.0,10.477216,3.3388590305852817
1983-04-20,0.0,0.0,0.33,338.0,9.5710784,3.0500928441562842
1983-04-21,0.0,0.0,0.0,316.0,8.9481088,2.8515660909863487
1983-04-22,0.0,1.16,5.73,306.0,8.6649408,2.761326657727287
1983-04-23,66.83,63.53,39.52,451.0,12.7708768,4.069798439983681
1983-04-24,0.0,1.88,12.54,600.0,16.99008,5.414365995543699
1983-04-25,0.0,0.0,0.0,524.0,14.8380032,4.728546302774831
1983-04-26,0.0,0.0,0.0,451.0,12.7708768,4.069798439983681
1983-04-27,0.0,0.0,0.0,392.0,11.1001856,3.537385783755217
1983-04-28,0.0,0.0,0.0,338.0,9.5710784,3.0500928441562842
1983-04-29,0.0,0.0,0.0,288.0,8.1552384,2.598895677860976
1983-04-30,0.0,0.0,0.0,223.0,6.3146464,2.0123393616770753
1983-05-01,0.0,0.0,0.0,172.0,4.8704896,1.5521182520558605
1983-05-02,0.0,0.0,0.0,132.0,3.7378176,1.191160519019614
1983-05-03,0.0,3.52,2.1,102.0,2.8883136,0.920442219242429
1983-05-04,6.7,4.58,4.56,89.0,2.5201952,0.8031309560056488
1983-05-05,0.0,0.0,1.29,77.0,2.1803936,0.6948436360947748
1983-05-06,0.0,0.0,0.0,63.0,1.7839584,0.5685084295320885
1983-05-07,0.0,0.0,0.0,50.0,1.41584,0.4511971662953083
1983-05-08,0.0,0.08,0.0,40.0,1.132672,0.3609577330362466
1983-05-09,0.0,0.0,0.0,33.0,0.9344544,0.2977901297549035
1983-05-10,0.0,0.45,0.0,27.0,0.7645535999999999,0.24364646979946647
1983-05-11,0.0,0.73,0.0,23.0,0.6512864,0.20755069649584185
1983-05-12,0.0,0.27,0.57,20.0,0.566336,0.1804788665181233
1983-05-13,0.0,0.01,0.25,17.0,0.48138559999999997,0.15340703654040483
1983-05-14,0.0,0.0,0.02,15.0,0.424752,0.1353591498885925
1983-05-15,0.0,0.35,0.0,13.0,0.3681184,0.11731126323678016
1983-05-16,2.12,32.3,29.34,23.0,0.6512864,0.20755069649584185
1983-05-17,6.01,0.0,9.78,75.0,2.12376,0.6767957494429624
1983-05-18,0.0,0.0,0.0,67.0,1.8972256,0.6046042028357131
1983-05-19,0.0,0.0,0.0,55.0,1.557424,0.4963168829248391
1983-05-20,0.0,0.0,0.0,44.0,1.2459392,0.39705350633987135
1983-05-21,0.0,0.0,0.0,36.0,1.0194048,0.324861959732622
1983-05-22,0.0,10.58,0.58,29.0,0.8211872,0.2616943564512788
1983-05-23,11.73,0.31,8.02,30.0,0.849504,0.270718299777185
1983-05-24,0.0,0.0,2.61,40.0,1.132672,0.3609577330362466
1983-05-25,0.0,0.0,0.0,28.0,0.7928704,0.25267041312537264
1983-05-26,0.0,0.0,0.0,20.0,0.566336,0.1804788665181233
1983-05-27,0.0,0.0,0.0,16.0,0.4530688,0.14438309321449866
1983-05-28,0.0,0.0,0.0,13.0,0.3681184,0.11731126323678016
1983-05-29,0.0,0.0,0.0,12.0,0.3398016,0.108287319910874
1983-05-30,0.0,6.21,0.0,12.0,0.3398016,0.108287319910874
1983-05-31,0.0,1.03,1.33,12.0,0.3398016,0.108287319910874
1983-06-01,0.28,0.04,0.44,14.0,0.3964352,0.12633520656268632
1983-06-02,0.0,0.0,0.0,10.0,0.283168,0.09023943325906165
1983-06-03,0.0,1.38,0.01,8.3,0.23502944,0.07489872960502118
1983-06-04,0.0,11.9,12.76,7.4,0.20954432,0.06677718061170564
1983-06-05,16.22,12.93,7.85,7.4,0.20954432,0.06677718061170564
1983-06-06,0.0,13.5,17.54,7.6,0.21520767999999998,0.06858196927688685
1983-06-07,24.12,41.18,32.34,49.0,1.3875232,0.44217322296940215
1983-06-08,39.43,3.39,9.07,152.0,4.3041536,1.3716393855377373
1983-06-09,0.0,0.06,0.03,120.0,3.398016,1.08287319910874
1983-06-10,0.0,0.0,0.0,98.0,2.7750464,0.8843464459388043
1983-06-11,0.0,0.0,0.0,77.0,2.1803936,0.6948436360947748
1983-06-12,0.0,0.0,0.0,59.0,1.6706912,0.5324126562284638
1983-06-13,0.0,0.05,0.05,46.0,1.3025728,0.4151013929916837
1983-06-14,0.0,0.02,0.02,37.0,1.0477216,0.33388590305852817
1983-06-15,0.0,3.92,0.0,28.0,0.7928704,0.25267041312537264
1983-06-16,0.0,0.23,0.0,21.0,0.5946528,0.18950280984402948
1983-06-17,0.0,0.03,0.0,16.0,0.4530688,0.14438309321449866
1983-06-18,0.0,2.9,0.01,13.0,0.3681184,0.11731126323678016
1983-06-19,0.0,1.78,4.25,11.0,0.3114848,0.09926337658496784
1983-06-20,2.45,12.78,2.31,9.0,0.2548512,0.0812154899331555
1983-06-21,26.78,57.52,41.16,99.0,2.8033632,0.8933703892647106
1983-06-22,29.99,9.88,20.93,524.0,14.8380032,4.728546302774831
1983-06-23,16.56,25.68,15.04,642.0,18.1793856,5.7933716152317585
1983-06-24,11.57,6.37,18.23,791.0,22.3985888,7.137939170791777
1983-06-25,4.61,4.59,6.83,707.0,20.0199776,6.37992793141566
1983-06-26,0.0,0.21,0.81,658.0,18.6324544,5.937754708446257
1983-06-27,0.0,17.48,3.49,626.0,17.7263168,5.64898852201726
1983-06-28,27.73,22.0,28.88,616.0,17.4431488,5.558749088758199
1983-06-29,21.0,17.67,13.03,633.0,17.9245344,5.712156125298603
1983-06-30,13.67,1.18,15.48,767.0,21.7189856,6.921364530970029
1983-07-01,0.0,0.04,4.74,816.0,23.1065088,7.363537753939432
1983-07-02,0.0,1.07,1.34,736.0,20.8411648,6.641622287866939
1983-07-03,9.36,6.2,5.04,636.0,18.0094848,5.739227955276322
1983-07-04,2.35,2.1,3.49,490.0,13.875232,4.421732229694022
1983-07-05,0.0,1.81,2.47,376.0,10.6471168,3.3930026905407185
1983-07-06,6.06,9.69,4.67,382.0,10.8170176,3.4471463504961557
1983-07-07,0.0,2.96,1.94,373.0,10.5621664,3.365930860563
1983-07-08,0.0,2.9,0.42,490.0,13.875232,4.421732229694022
1983-07-09,0.0,0.59,0.07,534.0,15.1211712,4.818785736033893
1983-07-10,0.0,0.0,0.0,379.0,10.7320672,3.420074520518437
1983-07-11,0.0,0.0,0.0,266.0,7.5322688,2.40036892469104
1983-07-12,0.0,0.0,0.0,184.0,5.2102912,1.6604055719667348
1983-07-13,0.0,0.0,0.0,126.0,3.5679168,1.137016859064177
1983-07-14,0.0,0.0,1.62,88.0,2.4918784,0.7941070126797427
1983-07-15,13.23,4.99,7.87,64.0,1.8122752,0.5775323728579946
1983-07-16,0.0,0.0,2.44,51.0,1.4441568,0.4602211096212145
1983-07-17,0.0,0.0,0.17,37.0,1.0477216,0.33388590305852817
1983-07-18,0.0,0.15,0.06,28.0,0.7928704,0.25267041312537264
1983-07-19,0.0,1.64,0.1,21.0,0.5946528,0.18950280984402948
1983-07-20,0.0,0.16,2.51,16.0,0.4530688,0.14438309321449866
1983-07-21,0.0,1.58,0.83,13.0,0.3681184,0.11731126323678016
1983-07-22,0.0,0.53,0.68,11.0,0.3114848,0.09926337658496784
1983-07-23,0.0,0.0,0.43,9.0,0.2548512,0.0812154899331555
1983-07-24,0.0,0.0,0.13,9.9,0.28033632,0.08933703892647106
1983-07-25,0.0,7.63,0.9,8.6,0.24352448,0.07760591260279302
1983-07-26,3.23,2.38,1.95,8.0,0.2265344,0.07219154660724933
1983-07-27,4.08,0.19,0.55,8.2,0.23219775999999998,0.07399633527243056
1983-07-28,0.0,1.57,0.0,6.8,0.19255424,0.06136281461616193
1983-07-29,0.0,1.04,0.81,8.7,0.24635615999999996,0.07850830693538363
1983-07-30,2.0,5.47,3.97,10.0,0.283168,0.09023943325906165
1983-07-31,6.3,22.45,6.61,9.6,0.27184127999999996,0.08662985592869918
1983-08-01,10.34,9.43,7.68,9.4,0.26617792,0.08482506726351796
1983-08-02,17.57,1.56,2.68,9.4,0.26617792,0.08482506726351796
1983-08-03,3.56,0.66,2.03,7.9,0.22370272,0.07128915227465871
1983-08-04,0.0,4.07,1.4,7.0,0.1982176,0.06316760328134316
1983-08-05,0.0,8.83,1.94,17.0,0.48138559999999997,0.15340703654040483
1983-08-06,0.0,6.2,3.82,25.0,0.70792,0.22559858314765416
1983-08-07,9.14,12.84,11.44,30.0,0.849504,0.270718299777185
1983-08-08,23.41,6.55,4.81,51.0,1.4441568,0.4602211096212145
1983-08-09,5.52,2.99,13.36,60.0,1.699008,0.54143659955437
1983-08-10,0.0,15.81,4.34,55.0,1.557424,0.4963168829248391
1983-08-11,6.35,3.46,7.98,50.0,1.41584,0.4511971662953083
1983-08-12,6.3,14.19,7.51,45.0,1.274256,0.4060774496657775
1983-08-13,9.41,1.75,1.87,46.0,1.3025728,0.4151013929916837
1983-08-14,0.0,0.9,0.95,80.0,2.265344,0.7219154660724932
1983-08-15,0.0,5.56,1.69,177.0,5.0120736,1.5972379686853915
1983-08-16,0.0,0.0,0.47,222.0,6.2863296,2.003315418351169
1983-08-17,0.0,0.0,0.0,181.0,5.1253408,1.6333337419890162
1983-08-18,0.0,0.0,0.0,129.0,3.6528671999999998,1.1640886890418953
1983-08-19,0.0,0.0,0.0,89.0,2.5201952,0.8031309560056488
1983-08-20,0.0,0.18,0.0,61.0,1.7273247999999999,0.5504605428802761
1983-08-21,0.0,0.0,0.14,40.0,1.132672,0.3609577330362466
1983-08-22,0.0,0.0,0.05,26.0,0.7362368,0.23462252647356033
1983-08-23,0.0,0.0,0.14,18.0,0.5097024,0.162430979866311
1983-08-24,0.0,0.0,0.05,12.0,0.3398016,0.108287319910874
1983-08-25,0.0,1.4,0.0,8.1,0.22936608,0.07309394093983995
1983-08-26,0.0,10.54,2.82,13.0,0.3681184,0.11731126323678016
1983-08-27,0.02,1.31,2.68,47.0,1.3308896,0.4241253363175898
1983-08-28,0.0,1.67,0.58,82.0,2.3219776,0.7399633527243056
1983-08-29,0.0,4.89,0.09,66.0,1.8689088,0.595580259509807
1983-08-30,0.0,5.47,14.65,52.0,1.4724736,0.46924505294712066
1983-08-31,21.92,15.08,9.95,40.0,1.132672,0.3609577330362466
1983-09-01,14.81,25.29,19.18,56.0,1.5857408,0.5053408262507453
1983-09-02,13.02,1.53,6.0,148.0,4.1908864,1.3355436122341127
1983-09-03,0.02,1.64,1.54,116.0,3.2847488,1.0467774258051152
1983-09-04,0.0,2.69,2.04,86.0,2.4352448,0.7760591260279303
1983-09-05,10.61,11.35,6.54,112.0,3.1714816,1.0106816525014906
1983-09-06,7.74,0.87,2.01,139.0,3.9360352,1.2543281223009572
1983-09-07,0.0,0.03,0.0,127.0,3.5962336,1.1460408023900832
1983-09-08,0.0,0.0,0.0,97.0,2.7467296,0.8753225026128981
1983-09-09,0.0,0.0,0.0,69.0,1.9538592,0.6226520894875255
1983-09-10,0.0,0.0,0.0,48.0,1.3592064,0.433149279643496
1983-09-11,0.0,11.89,4.38,33.0,0.9344544,0.2977901297549035
1983-09-12,21.99,25.87,33.44,26.0,0.7362368,0.23462252647356033
1983-09-13,34.37,17.43,25.37,196.0,5.5500928,1.7686928918776086
1983-09-14,3.78,0.48,4.9,278.0,7.8720704,2.5086562446019145
1983-09-15,0.0,0.0,0.0,233.0,6.5978144,2.1025787949361368
1983-09-16,0.0,0.33,0.15,190.0,5.380192,1.7145492319221716
1983-09-17,0.0,0.83,0.05,152.0,4.3041536,1.3716393855377373
1983-09-18,0.0,3.93,2.88,119.0,3.3696992,1.0738492557828339
1983-09-19,4.34,13.66,3.95,95.0,2.690096,0.8572746159610858
1983-09-20,6.79,9.96,3.73,85.0,2.406928,0.7670351827020242
1983-09-21,6.84,5.99,7.55,81.0,2.2936608,0.7309394093983995
1983-09-22,13.04,0.07,2.21,93.0,2.6334624,0.8392267293092734
1983-09-23,0.0,0.0,0.0,80.0,2.265344,0.7219154660724932
1983-09-24,0.0,0.0,0.0,60.0,1.699008,0.54143659955437
1983-09-25,0.0,0.0,0.0,43.0,1.2176224,0.38802956301396513
1983-09-26,0.0,0.0,0.0,29.0,0.8211872,0.2616943564512788
1983-09-27,0.0,0.0,0.0,21.0,0.5946528,0.18950280984402948
1983-09-28,0.0,0.0,0.0,16.0,0.4530688,0.14438309321449866
1983-09-29,0.0,0.0,0.0,12.0,0.3398016,0.108287319910874
1983-09-30,0.0,0.0,0.0,8.9,0.25201952,0.08031309560056488
1983-10-01,0.0,0.0,0.0,6.8,0.19255424,0.06136281461616193
1983-10-02,0.0,0.0,0.0,5.4,0.15291072,0.0487292939598933
1983-10-03,0.0,2.19,1.33,4.4,0.12459392000000001,0.039705350633987134
1983-10-04,1.76,4.05,3.86,3.8,0.10760383999999999,0.03429098463844343
1983-10-05,0.0,0.97,1.31,3.4,0.09627712,0.030681407308080964
1983-10-06,0.39,0.23,0.24,4.0,0.1132672,0.036095773303624665
1983-10-07,0.0,0.0,0.06,3.8,0.10760383999999999,0.03429098463844343
1983-10-08,0.0,0.7,1.34,3.5,0.0991088,0.03158380164067158
1983-10-09,6.09,0.96,0.65,3.1,0.08778208,0.027974224310309114
1983-10-10,0.0,3.81,0.32,10.0,0.283168,0.09023943325906165
1983-10-11,5.14,5.76,5.28,6.9,0.19538592000000002,0.06226520894875255
1983-10-12,6.34,2.71,6.0,6.3,0.17839584,0.05685084295320885
1983-10-13,15.65,11.45,8.74,9.6,0.27184127999999996,0.08662985592869918
1983-10-14,3.79,0.0,2.48,14.0,0.3964352,0.12633520656268632
1983-10-15,0.0,0.0,0.01,16.0,0.4530688,0.14438309321449866
1983-10-16,0.0,0.0,0.0,13.0,0.3681184,0.11731126323678016
1983-10-17,0.0,5.19,3.32,12.0,0.3398016,0.108287319910874
1983-10-18,4.37,0.75,1.11,11.0,0.3114848,0.09926337658496784
1983-10-19,0.0,0.0,0.0,9.1,0.25768288,0.08211788426574612
1983-10-20,0.0,0.0,0.0,7.5,0.212376,0.06767957494429624
1983-10-21,0.0,0.0,0.0,6.4,0.18122752,0.057753237285799466
1983-10-22,0.0,0.25,0.09,5.6,0.15857407999999998,0.05053408262507453
1983-10-23,0.8,1.14,0.47,5.1,0.14441568,0.04602211096212144
1983-10-24,0.34,0.04,0.15,5.8,0.16423743999999998,0.05233887129025576
1983-10-25,0.0,0.0,0.0,6.1,0.17273248,0.05504605428802761
1983-10-26,0.0,0.0,0.0,5.4,0.15291072,0.0487292939598933
1983-10-27,0.0,0.0,0.0,4.6,0.13025727999999998,0.04151013929916836
1983-10-28,0.0,0.0,0.0,3.9,0.11043552,0.03519337897103405
1983-10-29,0.0,0.0,0.0,3.3,0.09344543999999999,0.029779012975490345
1983-10-30,0.0,0.0,0.0,2.8,0.07928703999999999,0.025267041312537264
1983-10-31,0.0,0.0,0.0,2.5,0.070792,0.022559858314765414
1983-11-01,0.0,0.0,0.0,2.3,0.06512863999999999,0.02075506964958418
1983-11-02,0.0,0.0,0.0,2.1,0.05946528,0.01895028098440295
1983-11-03,0.0,0.0,0.0,1.9,0.053801919999999996,0.017145492319221713
1983-11-04,0.0,0.68,0.44,1.7,0.04813856,0.015340703654040482
1983-11-05,4.0,3.94,1.05,1.9,0.053801919999999996,0.017145492319221713
1983-11-06,0.0,0.0,0.9,1.7,0.04813856,0.015340703654040482
1983-11-07,3.89,4.85,2.82,1.8,0.05097024,0.016243097986631098
1983-11-08,4.0,0.86,1.5,1.9,0.053801919999999996,0.017145492319221713
1983-11-09,0.0,0.15,0.31,2.0,0.0566336,0.018047886651812332
1983-11-10,0.0,0.0,0.04,2.0,0.0566336,0.018047886651812332
1983-11-11,0.0,0.0,0.0,1.9,0.053801919999999996,0.017145492319221713
1983-11-12,0.0,0.0,0.0,1.8,0.05097024,0.016243097986631098
1983-11-13,0.0,0.0,0.0,1.7,0.04813856,0.015340703654040482
1983-11-14,0.0,2.59,0.05,1.7,0.04813856,0.015340703654040482
1983-11-15,3.64,1.69,0.9,1.7,0.04813856,0.015340703654040482
1983-11-16,2.39,0.03,0.3,1.6,0.04530688,0.014438309321449867
1983-11-17,0.0,0.0,0.0,1.5,0.0424752,0.01353591498885925
1983-11-18,0.0,0.0,0.0,1.4,0.039643519999999995,0.012633520656268632
1983-11-19,0.0,7.21,11.54,1.4,0.039643519999999995,0.012633520656268632
1983-11-20,49.64,54.24,30.16,20.0,0.566336,0.1804788665181233
1983-11-21,0.0,0.0,8.77,71.0,2.0104928,0.6406999761393378
1983-11-22,0.0,0.0,0.0,68.0,1.9255423999999999,0.6136281461616193
1983-11-23,0.0,22.67,6.07,75.0,2.12376,0.6767957494429624
1983-11-24,46.39,67.11,39.28,136.0,3.8510847999999998,1.2272562923232386
1983-11-25,33.12,0.06,12.42,357.0,10.1090976,3.2215477673485013
1983-11-26,0.0,0.0,0.01,420.0,11.893056,3.79005619688059
1983-11-27,0.0,19.03,7.31,409.0,11.581571199999999,3.6907928202956217
1983-11-28,23.44,23.73,14.51,434.0,12.2894912,3.9163914034432765
1983-11-29,0.0,0.0,4.03,497.0,14.0734496,4.484899832975365
1983-11-30,0.0,0.0,0.0,464.0,13.1389952,4.187109703220461
1983-12-01,0.0,0.0,0.0,401.0,11.3550368,3.618601273688373
1983-12-02,0.0,0.0,0.02,336.0,9.5144448,3.0320449575044717
1983-12-03,0.0,0.61,1.47,282.0,7.9853376,2.544752017905539
1983-12-04,0.88,6.33,2.97,247.0,6.9942496,2.228914001498823
1983-12-05,0.0,2.8,6.78,222.0,6.2863296,2.003315418351169
1983-12-06,12.63,10.56,7.96,215.0,6.088112,1.9401478150698257
1983-12-07,0.0,0.0,1.99,234.0,6.6261312,2.111602738262043
1983-12-08,0.0,0.0,0.0,203.0,5.7483104,1.8318604951589519
1983-12-09,0.0,0.0,0.0,177.0,5.0120736,1.5972379686853915
1983-12-10,0.0,0.0,0.0,150.0,4.24752,1.3535914988859248
1983-12-11,0.0,50.81,37.64,165.0,4.6722719999999995,1.4889506487745172
1983-12-12,58.78,4.75,12.55,420.0,11.893056,3.79005619688059
1983-12-13,0.0,0.0,1.55,517.0,14.6397856,4.665378699493488
1983-12-14,9.37,8.55,2.76,581.0,16.452060799999998,5.2429110723514825
1983-12-15,0.68,0.95,1.08,596.0,16.8768128,5.378270222240075
1983-12-16,0.0,0.57,0.58,496.0,14.0451328,4.475875889649458
1983-12-17,9.09,18.26,11.92,413.0,11.6948384,3.726888593599247
1983-12-18,7.31,2.29,7.83,381.0,10.788700799999999,3.438122407170249
1983-12-19,0.55,0.02,1.3,344.0,9.7409792,3.104236504111721
1983-12-20,0.0,0.0,0.0,298.0,8.4384064,2.6891351111200374
1983-12-21,0.0,0.11,0.0,252.0,7.1358336,2.274033718128354
1983-12-22,0.2,0.54,0.95,212.0,6.0031616,1.9130759850921073
1983-12-23,0.0,0.0,0.32,181.0,5.1253408,1.6333337419890162
1983-12-24,0.0,0.0,0.0,153.0,4.3324704,1.3806633288636434
1983-12-25,0.0,0.0,0.0,126.0,3.5679168,1.137016859064177
1983-12-26,0.0,0.0,0.0,103.0,2.9166304,0.9294661625683351
1983-12-27,0.0,1.03,3.98,86.0,2.4352448,0.7760591260279303
1983-12-28,20.02,53.94,19.51,281.0,7.9570208,2.5357280745796325
1983-12-29,27.49,0.45,17.69,684.0,19.3686912,6.172377234919818
1983-12-30,0.0,0.0,3.88,761.0,21.5490848,6.8672208710145926
1983-12-31,0.0,0.0,0.0,677.0,19.1704736,6.109209631638475
1984-01-01,0.0,0.0,0.0,579.0,16.3954272,5.224863185699671
1984-01-02,0.0,0.0,0.0,477.0,13.5071136,4.304420966457242
1984-01-03,0.0,0.0,0.0,391.0,11.0718688,3.5283618404293113
1984-01-04,0.0,0.0,0.0,323.0,9.1463264,2.914733694267692
1984-01-05,0.0,0.0,0.0,269.0,7.6172192,2.427440754668759
1984-01-06,0.0,0.0,0.0,231.0,6.5411808,2.0845309082843246
1984-01-07,0.0,0.0,0.0,210.0,5.946528,1.895028098440295
1984-01-08,0.0,0.0,0.0,184.0,5.2102912,1.6604055719667348
1984-01-09,0.0,1.08,0.59,160.0,4.530688,1.4438309321449865
1984-01-10,2.65,5.04,4.03,137.0,3.8794016,1.2362802356491447
1984-01-11,3.13,0.39,1.28,122.0,3.4546495999999998,1.1009210857605523
1984-01-12,0.0,0.0,0.0,106.0,3.0015808,0.9565379925460537
1984-01-13,0.0,0.0,0.0,99.0,2.8033632,0.8933703892647106
1984-01-14,0.0,0.0,0.0,88.0,2.4918784,0.7941070126797427
1984-01-15,0.0,0.74,0.23,78.0,2.2087104,0.703867579420681
1984-01-16,9.29,1.35,1.21,70.0,1.982176,0.6316760328134317
1984-01-17,7.55,5.36,0.91,65.0,1.840592,0.5865563161839008
1984-01-18,12.85,8.64,12.34,65.0,1.840592,0.5865563161839008
1984-01-19,21.86,5.9,4.06,115.0,3.2564319999999998,1.037753482479209
1984-01-20,0.0,0.0,0.0,136.0,3.8510847999999998,1.2272562923232386
1984-01-21,0.0,0.0,0.0,135.0,3.822768,1.2182323489973323
1984-01-22,0.0,0.03,0.0,123.0,3.4829664,1.1099450290864585
1984-01-23,0.0,0.01,4.9,110.0,3.114848,0.9926337658496782
1984-01-24,8.59,14.47,4.78,117.0,3.3130656,1.0558013691310215
1984-01-25,4.06,4.44,5.55,133.0,3.7661344,1.20018446234552
1984-01-26,19.27,21.78,29.08,165.0,4.6722719999999995,1.4889506487745172
1984-01-27,35.45,31.78,18.55,458.0,12.9690944,4.132966043265024
1984-01-28,0.0,0.0,3.12,665.0,18.830672,6.0009223117276
1984-01-29,0.0,0.0,0.0,713.0,20.1898784,6.434071591371097
1984-01-30,0.0,0.0,0.0,633.0,17.9245344,5.712156125298603
1984-01-31,0.0,0.0,0.0,528.0,14.9512704,4.764642076078456
1984-02-01,0.0,0.0,0.0,424.0,12.0063232,3.8261519701842146
1984-02-02,0.0,0.0,0.0,344.0,9.7409792,3.104236504111721
1984-02-03,0.0,15.91,24.91,285.0,8.070288,2.571823847883257
1984-02-04,37.21,14.92,11.44,481.0,13.6203808,4.340516739760866
1984-02-05,0.0,0.0,1.05,584.0,16.5370112,5.2699829023292
1984-02-06,0.0,0.0,0.0,571.0,16.1688928,5.1526716390924205
1984-02-07,0.0,0.0,0.0,498.0,14.101766399999999,4.493923776301271
1984-02-08,0.0,0.0,0.0,415.0,11.751472,3.744936480251059
1984-02-09,0.0,0.0,0.0,348.0,9.8542464,3.1403322774153457
1984-02-10,0.0,0.0,0.0,292.0,8.2685056,2.6349914511646
1984-02-11,0.0,4.02,0.01,245.0,6.937616,2.210866114847011
1984-02-12,0.0,2.15,14.35,208.0,5.8898944,1.8769802117884826
1984-02-13,19.5,26.7,14.32,297.0,8.4100896,2.680111167794131
1984-02-14,0.0,0.02,3.18,478.0,13.5354304,4.313444909783147
1984-02-15,0.0,0.0,0.0,486.0,13.7619648,4.3856364563903965
1984-02-16,0.0,0.0,0.0,426.0,12.0629568,3.844199856836027
1984-02-17,0.0,0.0,0.0,354.0,10.0241472,3.194475937370783
1984-02-18,0.0,0.0,0.0,294.0,8.3251392,2.653039337816413
1984-02-19,0.0,0.0,0.0,245.0,6.937616,2.210866114847011
1984-02-20,0.0,0.0,0.62,205.0,5.804944,1.849908381810764
1984-02-21,7.6,10.41,5.72,176.0,4.9837568,1.5882140253594854
1984-02-22,7.02,4.52,6.48,177.0,5.0120736,1.5972379686853915
1984-02-23,2.0,0.33,1.55,180.0,5.097024,1.62430979866311
1984-02-24,0.0,0.0,0.0,164.0,4.6439552,1.4799267054486112
1984-02-25,0.0,0.0,0.0,141.0,3.9926688,1.2723760089527696
1984-02-26,0.0,0.0,14.09,119.0,3.3696992,1.0738492557828339
1984-02-27,53.71,72.49,43.33,413.0,11.6948384,3.726888593599247
1984-02-28,0.0,2.08,12.99,878.0,24.8621504,7.923022240145614
1984-02-29,0.0,1.04,6.49,921.0,26.0797728,8.311051803159579
1984-03-01,0.0,0.0,0.0,804.0,22.7667072,7.255250434028557
1984-03-02,0.0,0.0,0.0,647.0,18.3209696,5.83849133186129
1984-03-03,0.0,0.68,0.0,513.0,14.5265184,4.629282926189863
1984-03-04,0.0,0.0,0.0,401.0,11.3550368,3.618601273688373
1984-03-05,0.0,21.56,51.77,321.0,9.0896928,2.8966858076158792
1984-03-06,78.22,68.77,36.68,432.0,12.232857599999999,3.8983435167914635
1984-03-07,0.0,0.19,6.47,786.0,22.2570048,7.092819454162247
1984-03-08,0.0,0.0,0.0,988.0,27.9769984,8.915656005995292
1984-03-09,0.0,0.0,0.0,936.0,26.5045248,8.446410953048172
1984-03-10,0.0,0.0,0.0,718.0,20.3314624,6.479191308000627
1984-03-11,0.0,0.0,0.0,555.0,15.715824,5.008288545877922
1984-03-12,0.0,0.18,0.77,430.0,12.176224,3.8802956301396514
1984-03-13,2.13,1.18,0.26,344.0,9.7409792,3.104236504111721
1984-03-14,0.0,0.0,0.0,280.0,7.928704,2.5267041312537266
1984-03-15,0.0,0.0,0.0,228.0,6.4562304,2.057459078306606
1984-03-16,0.0,0.0,0.0,183.0,5.1819744,1.6513816286408283
1984-03-17,0.0,0.0,0.0,147.0,4.1625696,1.3265196689082066
1984-03-18,0.0,0.0,0.0,118.0,3.3413824,1.0648253124569276
1984-03-19,0.0,2.2,0.0,93.0,2.6334624,0.8392267293092734
1984-03-20,0.0,21.35,18.47,79.0,2.2370272,0.7128915227465872
1984-03-21,27.0,0.89,6.16,182.0,5.1536576,1.6423576853149222
1984-03-22,0.0,0.0,0.0,251.0,7.1075168,2.2650097748024476
1984-03-23,0.0,0.0,0.0,259.0,7.3340512,2.337201321409697
1984-03-24,0.0,2.68,2.73,237.0,6.7110816,2.1386745682397614
1984-03-25,10.52,18.62,4.81,217.0,6.1447456,1.9581957017216383
1984-03-26,0.0,8.19,9.43,208.0,5.8898944,1.8769802117884826
1984-03-27,40.73,52.15,34.3,360.0,10.194048,3.24861959732622
1984-03-28,26.33,1.16,10.8,676.0,19.1421568,6.1001856883125685
1984-03-29,0.0,0.0,0.09,753.0,21.3225504,6.795029324407343
1984-03-30,0.0,0.0,0.0,640.0,18.122752,5.775323728579946
1984-03-31,0.0,0.0,0.0,498.0,14.101766399999999,4.493923776301271
1984-04-01,0.0,0.0,0.0,377.0,10.6754336,3.4020266338666247
1984-04-02,0.0,22.16,1.85,289.0,8.1835552,2.6079196211868823
1984-04-03,61.31,55.87,72.56,418.0,11.8364224,3.7720083102287774
1984-04-04,63.98,26.71,26.01,2400.0,67.96032,21.657463982174797
1984-04-05,0.0,0.0,0.68,3470.0,98.25929599999999,31.313083340894394
1984-04-06,0.0,0.0,0.0,2990.0,84.667232,26.981590544459436
1984-04-07,0.0,0.0,0.0,2040.0,57.766272,18.408844384848578
1984-04-08,0.0,2.35,20.89,1160.0,32.847488,10.467774258051152
1984-04-09,57.32,67.01,41.01,1290.0,36.528672,11.640886890418955
1984-04-10,0.0,0.0,11.35,2360.0,66.827648,21.296506249138552
1984-04-11,0.0,0.0,0.0,2410.0,68.243488,21.74770341543386
1984-04-12,0.0,0.0,0.0,1690.0,47.855392,15.250464220781422
1984-04-13,0.0,0.0,0.0,1050.0,29.73264,9.475140492201474
1984-04-14,0.0,0.0,0.0,694.0,19.6518592,6.26261666817888
1984-04-15,0.0,0.0,0.0,520.0,14.724736,4.692450529471206
1984-04-16,0.0,0.04,0.33,394.0,11.1568192,3.5554336704070293
1984-04-17,0.0,0.62,0.26,299.0,8.4667232,2.6981590544459437
1984-04-18,0.13,0.26,0.13,232.0,6.5694976,2.0935548516102305
1984-04-19,0.0,0.0,0.03,180.0,5.097024,1.62430979866311
1984-04-20,0.0,0.0,0.04,141.0,3.9926688,1.2723760089527696
1984-04-21,0.0,0.0,0.01,111.0,3.1431648,1.0016577091755845
1984-04-22,0.0,2.11,1.75,88.0,2.4918784,0.7941070126797427
1984-04-23,20.14,16.43,8.01,82.0,2.3219776,0.7399633527243056
1984-04-24,0.0,0.0,2.48,74.0,2.0954432,0.6677718061170563
1984-04-25,0.0,0.0,0.0,61.0,1.7273247999999999,0.5504605428802761
1984-04-26,0.0,0.0,0.0,50.0,1.41584,0.4511971662953083
1984-04-27,0.0,0.16,0.0,42.0,1.1893056,0.37900561968805896
1984-04-28,0.0,0.27,1.12,35.0,0.991088,0.3158380164067158
1984-04-29,0.0,0.04,0.37,29.0,0.8211872,0.2616943564512788
1984-04-30,0.0,0.0,0.0,25.0,0.70792,0.22559858314765416
1984-05-01,0.0,0.17,0.1,22.0,0.6229696,0.19852675316993568
1984-05-02,0.0,0.03,0.03,19.0,0.5380192,0.17145492319221717
1984-05-03,0.0,0.65,0.24,17.0,0.48138559999999997,0.15340703654040483
1984-05-04,0.86,0.26,0.54,16.0,0.4530688,0.14438309321449866
1984-05-05,0.0,0.0,0.15,14.0,0.3964352,0.12633520656268632
1984-05-06,0.0,0.03,0.0,12.0,0.3398016,0.108287319910874
1984-05-07,0.0,1.1,0.0,11.0,0.3114848,0.09926337658496784
1984-05-08,0.0,10.41,11.04,9.9,0.28033632,0.08933703892647106
1984-05-09,12.81,3.06,3.68,11.0,0.3114848,0.09926337658496784
1984-05-10,0.0,0.0,0.0,15.0,0.424752,0.1353591498885925
1984-05-11,0.0,0.0,0.0,10.0,0.283168,0.09023943325906165
1984-05-12,0.0,0.0,0.0,7.5,0.212376,0.06767957494429624
1984-05-13,0.0,0.0,0.0,6.2,0.17556416,0.05594844862061823
1984-05-14,0.0,0.02,0.73,5.1,0.14441568,0.04602211096212144
1984-05-15,0.0,1.19,0.24,4.5,0.1274256,0.04060774496657775
1984-05-16,0.0,0.0,0.0,3.9,0.11043552,0.03519337897103405
1984-05-17,0.0,0.0,0.0,3.5,0.0991088,0.03158380164067158
1984-05-18,0.0,0.0,0.0,3.4,0.09627712,0.030681407308080964
1984-05-19,0.0,0.0,0.0,3.2,0.09061376,0.028876618642899733
1984-05-20,0.0,0.06,0.0,3.0,0.0849504,0.0270718299777185
1984-05-21,0.0,3.43,4.72,3.0,0.0849504,0.0270718299777185
1984-05-22,17.78,10.33,10.33,3.0,0.0849504,0.0270718299777185
1984-05-23,32.3,28.17,15.17,24.0,0.6796032,0.216574639821748
1984-05-24,21.84,8.0,18.8,57.0,1.6140576,0.5143647695766514
1984-05-25,11.94,9.24,15.12,66.0,1.8689088,0.595580259509807
1984-05-26,3.97,6.86,12.91,78.0,2.2087104,0.703867579420681
1984-05-27,0.0,3.95,3.17,115.0,3.2564319999999998,1.037753482479209
1984-05-28,0.0,17.81,1.82,130.0,3.681184,1.1731126323678016
1984-05-29,12.75,17.37,25.91,123.0,3.4829664,1.1099450290864585
1984-05-30,26.33,4.16,8.44,124.0,3.5112832,1.1189689724123646
1984-05-31,0.0,0.0,0.0,102.0,2.8883136,0.920442219242429
1984-06-01,0.0,0.0,0.0,85.0,2.406928,0.7670351827020242
1984-06-02,0.0,0.0,0.0,67.0,1.8972256,0.6046042028357131
1984-06-03,0.0,0.0,0.0,49.0,1.3875232,0.44217322296940215
1984-06-04,0.0,0.0,0.0,35.0,0.991088,0.3158380164067158
1984-06-05,0.0,0.0,0.0,24.0,0.6796032,0.216574639821748
1984-06-06,0.0,0.0,0.0,18.0,0.5097024,0.162430979866311
1984-06-07,0.0,0.0,0.0,13.0,0.3681184,0.11731126323678016
1984-06-08,0.0,0.0,0.0,10.0,0.283168,0.09023943325906165
1984-06-09,0.0,0.0,0.0,7.8,0.22087104,0.0703867579420681
1984-06-10,0.0,0.0,0.0,5.5,0.1557424,0.04963168829248392
1984-06-11,0.0,0.45,1.72,4.1,0.11609887999999999,0.03699816763621528
1984-06-12,0.0,2.86,0.73,3.4,0.09627712,0.030681407308080964
1984-06-13,3.11,1.53,0.55,3.0,0.0849504,0.0270718299777185
1984-06-14,3.92,5.98,4.45,3.2,0.09061376,0.028876618642899733
1984-06-15,7.25,1.93,1.64,7.1,0.20104928,0.06406999761393378
1984-06-16,0.0,4.82,2.94,4.5,0.1274256,0.04060774496657775
1984-06-17,0.0,5.97,1.5,3.2,0.09061376,0.028876618642899733
1984-06-18,0.0,2.17,1.35,2.7,0.07645536,0.02436464697994665
1984-06-19,0.0,0.0,0.39,3.2,0.09061376,0.028876618642899733
1984-06-20,0.0,0.27,0.0,9.4,0.26617792,0.08482506726351796
1984-06-21,0.0,0.47,20.05,73.0,2.0671264,0.65874786279115
1984-06-22,27.12,41.75,18.1,271.0,7.6738528,2.445488641320571
1984-06-23,18.79,6.59,3.91,583.0,16.5086944,5.260958959003295
1984-06-24,0.0,0.92,1.15,545.0,15.432656,4.918049112618861
1984-06-25,5.23,1.66,0.37,507.0,14.3566176,4.575139266234427
1984-06-26,0.0,3.49,0.0,395.0,11.185136,3.5644576137329356
1984-06-27,0.0,5.83,8.45,291.0,8.2401888,2.6259675078386944
1984-06-28,0.43,12.07,9.02,207.0,5.8615775999999995,1.8679562684625763
1984-06-29,11.62,13.53,11.32,149.0,4.2192032,1.3445675555600187
1984-06-30,23.34,27.12,10.46,146.0,4.1342528,1.3174957255823
1984-07-01,14.59,12.6,12.75,198.0,5.6067264,1.7867407785294211
1984-07-02,17.78,12.29,18.05,424.0,12.0063232,3.8261519701842146
1984-07-03,0.0,3.29,19.81,992.0,28.0902656,8.951751779298917
1984-07-04,0.0,0.15,5.15,977.0,27.6655136,8.816392629410325
1984-07-05,0.0,1.57,0.1,933.0,26.4195744,8.419339123070452
1984-07-06,0.0,3.76,0.01,841.0,23.814428799999998,7.589136337087085
1984-07-07,0.0,0.02,0.0,631.0,17.8679008,5.694108238646791
1984-07-08,0.0,0.31,0.47,485.0,13.733648,4.376612513064491
1984-07-09,0.0,0.0,0.23,598.0,16.9334464,5.3963181088918875
1984-07-10,0.0,0.0,0.03,660.0,18.689087999999998,5.955802595098069
1984-07-11,0.0,2.21,4.34,701.0,19.8500768,6.325784271460223
1984-07-12,11.27,18.59,8.03,682.0,19.3120576,6.154329348268005
1984-07-13,0.0,1.74,2.21,648.0,18.3492864,5.847515275187196
1984-07-14,0.88,6.59,2.89,583.0,16.5086944,5.260958959003295
1984-07-15,0.0,1.79,2.51,450.0,12.74256,4.060774496657775
1984-07-16,0.0,3.14,4.77,334.0,9.4578112,3.0139970708526596
1984-07-17,13.57,15.43,9.73,256.0,7.2491008,2.3101294914319785
1984-07-18,26.1,22.42,19.21,238.0,6.7393984,2.1476985115656677
1984-07-19,30.33,10.75,17.89,374.0,10.5904832,3.374954803888906
1984-07-20,32.11,6.16,5.51,462.0,13.0823616,4.169061816568649
1984-07-21,21.05,17.74,10.39,509.0,14.4132512,4.593187152886238
1984-07-22,21.23,1.35,4.05,601.0,17.0183968,5.423389938869606
1984-07-23,8.14,2.45,3.36,619.0,17.5280992,5.585820918735917
1984-07-24,9.51,7.58,4.79,571.0,16.1688928,5.1526716390924205
1984-07-25,13.23,1.32,1.5,456.0,12.9124608,4.114918156613212
1984-07-26,0.0,0.63,0.34,335.0,9.486127999999999,3.0230210141785654
1984-07-27,10.27,1.25,0.99,262.0,7.4190016,2.3642731513874153
1984-07-28,14.94,19.48,9.12,424.0,12.0063232,3.8261519701842146
1984-07-29,40.85,43.44,37.86,588.0,16.6502784,5.306078675632826
1984-07-30,56.69,48.73,40.64,1190.0,33.696992,10.738492557828339
1984-07-31,29.78,10.09,13.86,2270.0,64.279136,20.484351349806996
1984-08-01,7.77,7.85,6.71,2700.0,76.45536,24.36464697994665
1984-08-02,3.61,10.64,7.7,2310.0,65.411808,20.845309082843244
1984-08-03,10.97,6.85,4.54,1540.0,43.607872,13.896872721895496
1984-08-04,0.0,1.22,1.39,984.0,27.8637312,8.879560232691668
1984-08-05,0.0,0.05,1.16,663.0,18.7740384,5.982874425075788
1984-08-06,0.0,0.14,0.33,494.0,13.9884992,4.457828002997646
1984-08-07,0.0,0.0,0.0,383.0,10.8453344,3.456170293822062
1984-08-08,0.0,0.0,0.0,294.0,8.3251392,2.653039337816413
1984-08-09,0.0,0.0,0.0,217.0,6.1447456,1.9581957017216383
1984-08-10,0.0,0.53,0.0,159.0,4.5023712,1.4348069888190804
1984-08-11,0.0,2.46,0.88,115.0,3.2564319999999998,1.037753482479209
1984-08-12,5.87,4.45,2.47,85.0,2.406928,0.7670351827020242
1984-08-13,5.09,4.65,2.58,67.0,1.8972256,0.6046042028357131
1984-08-14,6.87,3.7,4.12,54.0,1.5291071999999999,0.48729293959893294
1984-08-15,0.0,0.12,1.17,44.0,1.2459392,0.39705350633987135
1984-08-16,0.0,0.01,0.21,34.0,0.9627711999999999,0.30681407308080966
1984-08-17,0.0,3.83,0.12,26.0,0.7362368,0.23462252647356033
1984-08-18,0.28,10.92,13.64,21.0,0.5946528,0.18950280984402948
1984-08-19,3.48,5.86,9.46,19.0,0.5380192,0.17145492319221717
1984-08-20,18.11,11.12,10.2,21.0,0.5946528,0.18950280984402948
1984-08-21,20.95,0.67,2.86,23.0,0.6512864,0.20755069649584185
1984-08-22,0.0,0.0,0.01,25.0,0.70792,0.22559858314765416
1984-08-23,0.0,8.03,8.35,26.0,0.7362368,0.23462252647356033
1984-08-24,7.69,9.53,8.61,22.0,0.6229696,0.19852675316993568
1984-08-25,10.63,6.44,8.74,34.0,0.9627711999999999,0.30681407308080966
1984-08-26,16.38,11.45,16.39,292.0,8.2685056,2.6349914511646
1984-08-27,10.26,7.44,6.09,535.0,15.149488,4.827809679359799
1984-08-28,0.0,0.07,0.88,460.0,13.025727999999999,4.151013929916836
1984-08-29,0.0,0.03,0.32,334.0,9.4578112,3.0139970708526596
1984-08-30,0.0,0.0,0.06,246.0,6.9659328,2.219890058172917
1984-08-31,0.0,0.0,0.0,184.0,5.2102912,1.6604055719667348
1984-09-01,0.0,2.27,0.0,130.0,3.681184,1.1731126323678016
1984-09-02,0.0,10.29,4.96,110.0,3.114848,0.9926337658496782
1984-09-03,0.0,13.54,18.35,103.0,2.9166304,0.9294661625683351
1984-09-04,11.98,8.82,21.96,141.0,3.9926688,1.2723760089527696
1984-09-05,13.72,13.96,7.9,170.0,4.813856,1.5340703654040484
1984-09-06,0.0,1.23,0.94,207.0,5.8615775999999995,1.8679562684625763
1984-09-07,0.0,0.21,0.04,203.0,5.7483104,1.8318604951589519
1984-09-08,0.0,0.0,0.0,165.0,4.6722719999999995,1.4889506487745172
1984-09-09,0.0,0.0,0.0,125.0,3.5396,1.1279929157382709
1984-09-10,0.0,0.0,0.0,92.0,2.6051456,0.8302027859833674
1984-09-11,0.0,0.0,0.0,68.0,1.9255423999999999,0.6136281461616193
1984-09-12,0.0,0.0,0.0,50.0,1.41584,0.4511971662953083
1984-09-13,0.0,0.0,0.0,37.0,1.0477216,0.33388590305852817
1984-09-14,0.0,0.0,0.0,28.0,0.7928704,0.25267041312537264
1984-09-15,0.0,0.0,0.0,21.0,0.5946528,0.18950280984402948
1984-09-16,0.0,0.0,0.0,17.0,0.48138559999999997,0.15340703654040483
1984-09-17,0.0,0.0,0.0,13.0,0.3681184,0.11731126323678016
1984-09-18,0.0,0.0,0.0,11.0,0.3114848,0.09926337658496784
1984-09-19,0.0,0.0,0.0,9.0,0.2548512,0.0812154899331555
1984-09-20,0.0,0.05,0.0,7.6,0.21520767999999998,0.06858196927688685
1984-09-21,0.0,0.01,0.0,6.4,0.18122752,0.057753237285799466
1984-09-22,0.0,0.0,0.0,5.6,0.15857407999999998,0.05053408262507453
1984-09-23,0.0,0.0,0.0,4.9,0.13875232,0.04421732229694022
1984-09-24,0.0,0.0,0.0,4.4,0.12459392000000001,0.039705350633987134
1984-09-25,0.0,0.0,0.0,3.9,0.11043552,0.03519337897103405
1984-09-26,0.0,0.0,0.0,3.7,0.10477216,0.03338859030585282
1984-09-27,0.0,0.0,0.0,3.3,0.09344543999999999,0.029779012975490345
1984-09-28,0.0,0.0,0.0,3.2,0.09061376,0.028876618642899733
1984-09-29,0.0,0.0,0.0,3.1,0.08778208,0.027974224310309114
1984-09-30,0.0,0.0,0.0,3.0,0.0849504,0.0270718299777185
1984-10-01,0.0,0.0,0.0,2.8,0.07928703999999999,0.025267041312537264
1984-10-02,0.0,0.0,0.0,2.7,0.07645536,0.02436464697994665
1984-10-03,0.0,0.0,0.0,2.5,0.070792,0.022559858314765414
1984-10-04,0.0,0.0,0.0,2.5,0.070792,0.022559858314765414
1984-10-05,0.0,0.0,0.0,2.5,0.070792,0.022559858314765414
1984-10-06,0.0,0.0,0.0,2.3,0.06512863999999999,0.02075506964958418
1984-10-07,0.0,0.0,0.0,2.3,0.06512863999999999,0.02075506964958418
1984-10-08,0.0,0.0,1.66,2.2,0.062296960000000005,0.019852675316993567
1984-10-09,0.0,0.84,0.55,2.2,0.062296960000000005,0.019852675316993567
1984-10-10,0.0,0.0,0.0,2.0,0.0566336,0.018047886651812332
1984-10-11,0.0,0.0,0.0,2.0,0.0566336,0.018047886651812332
1984-10-12,0.0,0.0,0.0,1.9,0.053801919999999996,0.017145492319221713
1984-10-13,0.0,0.0,0.0,1.8,0.05097024,0.016243097986631098
1984-10-14,0.0,0.0,1.42,1.8,0.05097024,0.016243097986631098
1984-10-15,3.84,6.89,4.52,2.0,0.0566336,0.018047886651812332
1984-10-16,6.95,0.03,1.35,2.2,0.062296960000000005,0.019852675316993567
1984-10-17,0.0,0.0,0.0,2.0,0.0566336,0.018047886651812332
1984-10-18,0.0,0.92,0.96,2.0,0.0566336,0.018047886651812332
1984-10-19,0.0,0.0,1.95,1.8,0.05097024,0.016243097986631098
1984-10-20,0.0,0.12,0.54,1.8,0.05097024,0.016243097986631098
1984-10-21,0.0,0.0,0.01,1.8,0.05097024,0.016243097986631098
1984-10-22,0.0,0.0,0.01,1.8,0.05097024,0.016243097986631098
1984-10-23,0.0,0.0,0.0,1.8,0.05097024,0.016243097986631098
1984-10-24,0.0,0.0,0.0,1.8,0.05097024,0.016243097986631098
1984-10-25,0.0,0.0,0.0,1.7,0.04813856,0.015340703654040482
1984-10-26,0.0,0.0,0.0,1.7,0.04813856,0.015340703654040482
1984-10-27,0.0,2.33,0.11,1.7,0.04813856,0.015340703654040482
1984-10-28,2.61,8.64,11.52,1.8,0.05097024,0.016243097986631098
1984-10-29,25.18,7.88,3.83,1.8,0.05097024,0.016243097986631098
1984-10-30,0.52,5.06,17.7,1.9,0.053801919999999996,0.017145492319221713
1984-10-31,17.7,26.98,6.26,12.0,0.3398016,0.108287319910874
1984-11-01,0.0,0.02,0.12,5.3,0.15007904,0.04782689962730268
1984-11-02,0.0,0.43,0.06,4.4,0.12459392000000001,0.039705350633987134
1984-11-03,2.54,2.94,2.43,3.7,0.10477216,0.03338859030585282
1984-11-04,6.85,0.25,0.8,3.3,0.09344543999999999,0.029779012975490345
1984-11-05,0.0,0.23,0.0,2.9,0.08211871999999999,0.02616943564512788
1984-11-06,0.0,0.0,0.0,2.7,0.07645536,0.02436464697994665
1984-11-07,0.0,0.0,0.0,2.6,0.07362368,0.023462252647356033
1984-11-08,0.0,0.0,0.0,2.4,0.06796031999999999,0.021657463982174795
1984-11-09,0.0,0.0,0.0,2.3,0.06512863999999999,0.02075506964958418
1984-11-10,0.0,2.26,5.27,2.4,0.06796031999999999,0.021657463982174795
1984-11-11,6.54,6.95,2.97,3.9,0.11043552,0.03519337897103405
1984-11-12,0.0,0.0,0.4,3.4,0.09627712,0.030681407308080964
1984-11-13,0.0,0.0,0.0,2.8,0.07928703999999999,0.025267041312537264
1984-11-14,0.0,0.0,0.0,2.7,0.07645536,0.02436464697994665
1984-11-15,0.0,0.0,0.0,2.7,0.07645536,0.02436464697994665
1984-11-16,0.0,0.0,0.0,2.7,0.07645536,0.02436464697994665
1984-11-17,0.0,0.0,0.0,2.6,0.07362368,0.023462252647356033
1984-11-18,0.0,0.0,1.95,2.5,0.070792,0.022559858314765414
1984-11-19,12.42,17.22,14.53,2.6,0.07362368,0.023462252647356033
1984-11-20,12.99,1.29,4.63,3.8,0.10760383999999999,0.03429098463844343
1984-11-21,0.48,0.74,3.67,4.1,0.11609887999999999,0.03699816763621528
1984-11-22,6.14,3.9,1.24,4.5,0.1274256,0.04060774496657775
1984-11-23,0.0,0.0,0.0,3.8,0.10760383999999999,0.03429098463844343
1984-11-24,0.0,0.0,0.0,3.4,0.09627712,0.030681407308080964
1984-11-25,0.0,0.0,0.0,3.4,0.09627712,0.030681407308080964
1984-11-26,0.0,0.0,0.0,3.1,0.08778208,0.027974224310309114
1984-11-27,0.0,1.56,4.25,2.9,0.08211871999999999,0.02616943564512788
1984-11-28,12.55,10.77,7.34,3.7,0.10477216,0.03338859030585282
1984-11-29,0.0,0.0,1.97,3.5,0.0991088,0.03158380164067158
1984-11-30,0.0,3.24,0.06,3.3,0.09344543999999999,0.029779012975490345
1984-12-01,1.66,1.99,12.85,6.3,0.17839584,0.05685084295320885
1984-12-02,0.67,8.01,4.4,16.0,0.4530688,0.14438309321449866
1984-12-03,0.0,0.09,0.04,9.9,0.28033632,0.08933703892647106
1984-12-04,0.0,1.18,2.19,7.7,0.21803936000000002,0.06948436360947749
1984-12-05,9.93,9.33,5.11,8.3,0.23502944,0.07489872960502118
1984-12-06,4.09,0.06,2.63,9.2,0.26051455999999995,0.08302027859833672
1984-12-07,0.0,0.0,0.39,8.7,0.24635615999999996,0.07850830693538363
1984-12-08,0.0,0.0,0.0,7.5,0.212376,0.06767957494429624
1984-12-09,0.0,0.0,0.0,6.6,0.18689087999999998,0.05955802595098069
1984-12-10,0.0,0.0,0.0,7.1,0.20104928,0.06406999761393378
1984-12-11,0.0,0.0,0.0,7.5,0.212376,0.06767957494429624
1984-12-12,0.0,0.03,0.0,7.5,0.212376,0.06767957494429624
1984-12-13,0.0,0.0,0.0,7.2,0.20388096,0.06497239194652439
1984-12-14,0.0,0.0,0.0,6.7,0.18972256,0.06046042028357132
1984-12-15,0.0,0.0,0.0,6.4,0.18122752,0.057753237285799466
1984-12-16,0.0,0.0,0.0,6.1,0.17273248,0.05504605428802761
1984-12-17,0.0,0.0,0.0,5.7,0.16140576,0.05143647695766515
1984-12-18,0.0,0.0,0.0,5.5,0.1557424,0.04963168829248392
1984-12-19,0.0,0.0,0.0,5.3,0.15007904,0.04782689962730268
1984-12-20,0.0,0.0,0.0,5.1,0.14441568,0.04602211096212144
1984-12-21,0.0,0.0,0.0,4.9,0.13875232,0.04421732229694022
1984-12-22,0.0,0.18,0.01,4.7,0.13308896,0.04241253363175898
1984-12-23,0.0,0.0,0.0,4.5,0.1274256,0.04060774496657775
1984-12-24,0.0,0.0,0.0,4.4,0.12459392000000001,0.039705350633987134
1984-12-25,0.0,0.0,0.0,4.2,0.11893056,0.0379005619688059
1984-12-26,0.0,0.0,0.0,4.0,0.1132672,0.036095773303624665
1984-12-27,0.0,0.0,0.0,3.9,0.11043552,0.03519337897103405
1984-12-28,0.0,0.0,0.0,3.8,0.10760383999999999,0.03429098463844343
1984-12-29,0.0,0.0,0.0,3.6,0.10194048,0.032486195973262195
1984-12-30,0.0,0.0,0.0,3.5,0.0991088,0.03158380164067158
1984-12-31,0.0,0.0,0.0,3.5,0.0991088,0.03158380164067158
1985-01-01,0.0,5.51,0.0,3.5,0.0991088,0.03158380164067158
1985-01-02,0.0,20.34,22.53,3.4,0.09627712,0.030681407308080964
1985-01-03,65.59,45.49,31.55,26.0,0.7362368,0.23462252647356033
1985-01-04,13.07,2.13,8.18,24.0,0.6796032,0.216574639821748
1985-01-05,0.0,0.0,0.06,19.0,0.5380192,0.17145492319221717
1985-01-06,0.0,0.0,0.0,15.0,0.424752,0.1353591498885925
1985-01-07,0.0,0.0,0.0,14.0,0.3964352,0.12633520656268632
1985-01-08,0.0,0.0,0.0,13.0,0.3681184,0.11731126323678016
1985-01-09,0.0,0.0,0.0,12.0,0.3398016,0.108287319910874
1985-01-10,0.0,0.0,0.0,11.0,0.3114848,0.09926337658496784
1985-01-11,0.0,0.0,0.0,10.0,0.283168,0.09023943325906165
1985-01-12,0.0,0.0,0.0,9.6,0.27184127999999996,0.08662985592869918
1985-01-13,0.0,0.0,0.0,9.0,0.2548512,0.0812154899331555
1985-01-14,0.0,0.0,0.0,8.4,0.23786112,0.0758011239376118
1985-01-15,0.0,0.0,0.0,8.0,0.2265344,0.07219154660724933
1985-01-16,0.0,0.0,0.0,7.4,0.20954432,0.06677718061170564
1985-01-17,0.0,4.14,3.28,7.4,0.20954432,0.06677718061170564
1985-01-18,0.0,0.21,1.09,7.8,0.22087104,0.0703867579420681
1985-01-19,0.0,0.0,0.39,7.5,0.212376,0.06767957494429624
1985-01-20,1.98,1.45,1.45,7.2,0.20388096,0.06497239194652439
1985-01-21,0.0,0.0,0.44,6.7,0.18972256,0.06046042028357132
1985-01-22,0.0,0.0,0.0,6.5,0.1840592,0.05865563161839008
1985-01-23,0.0,0.38,0.0,6.4,0.18122752,0.057753237285799466
1985-01-24,0.0,4.92,4.57,6.4,0.18122752,0.057753237285799466
1985-01-25,7.99,0.95,1.52,7.5,0.212376,0.06767957494429624
1985-01-26,0.0,0.0,0.0,7.9,0.22370272,0.07128915227465871
1985-01-27,0.0,0.12,3.17,8.0,0.2265344,0.07219154660724933
1985-01-28,11.36,10.15,5.24,10.0,0.283168,0.09023943325906165
1985-01-29,0.0,0.0,1.4,13.0,0.3681184,0.11731126323678016
1985-01-30,5.0,5.01,5.04,16.0,0.4530688,0.14438309321449866
1985-01-31,10.81,1.17,1.68,31.0,0.8778208,0.27974224310309115
1985-02-01,0.69,2.08,2.88,33.0,0.9344544,0.2977901297549035
1985-02-02,10.11,3.36,2.58,43.0,1.2176224,0.38802956301396513
1985-02-03,0.01,0.0,2.49,48.0,1.3592064,0.433149279643496
1985-02-04,5.82,5.32,8.15,42.0,1.1893056,0.37900561968805896
1985-02-05,3.23,9.82,4.5,42.0,1.1893056,0.37900561968805896
1985-02-06,5.04,2.54,2.44,46.0,1.3025728,0.4151013929916837
1985-02-07,0.0,0.0,0.59,50.0,1.41584,0.4511971662953083
1985-02-08,0.0,0.0,0.0,46.0,1.3025728,0.4151013929916837
1985-02-09,0.0,0.0,0.0,40.0,1.132672,0.3609577330362466
1985-02-10,0.0,0.0,1.29,35.0,0.991088,0.3158380164067158
1985-02-11,12.08,18.91,12.59,42.0,1.1893056,0.37900561968805896
1985-02-12,24.53,0.43,4.05,62.0,1.7556416,0.5594844862061823
1985-02-13,0.0,0.0,0.0,59.0,1.6706912,0.5324126562284638
1985-02-14,0.0,0.0,0.27,54.0,1.5291071999999999,0.48729293959893294
1985-02-15,0.0,0.47,0.09,48.0,1.3592064,0.433149279643496
1985-02-16,0.0,0.0,0.0,43.0,1.2176224,0.38802956301396513
1985-02-17,0.0,0.0,0.0,38.0,1.0760384,0.34290984638443434
1985-02-18,0.0,0.0,0.0,33.0,0.9344544,0.2977901297549035
1985-02-19,0.0,0.0,0.0,30.0,0.849504,0.270718299777185
1985-02-20,0.0,0.0,0.0,26.0,0.7362368,0.23462252647356033
1985-02-21,0.0,0.0,0.0,23.0,0.6512864,0.20755069649584185
1985-02-22,0.0,0.0,0.0,20.0,0.566336,0.1804788665181233
1985-02-23,0.0,0.0,0.02,18.0,0.5097024,0.162430979866311
1985-02-24,0.0,0.28,0.21,16.0,0.4530688,0.14438309321449866
1985-02-25,0.0,0.0,0.07,15.0,0.424752,0.1353591498885925
1985-02-26,0.0,0.0,0.0,13.0,0.3681184,0.11731126323678016
1985-02-27,0.0,0.0,0.0,12.0,0.3398016,0.108287319910874
1985-02-28,0.0,0.33,0.0,10.0,0.283168,0.09023943325906165
1985-03-01,0.31,8.7,6.98,9.3,0.26334624,0.08392267293092735
1985-03-02,0.84,1.25,2.33,9.8,0.27750464,0.08843464459388044
1985-03-03,0.0,0.0,0.0,13.0,0.3681184,0.11731126323678016
1985-03-04,0.0,0.0,0.0,12.0,0.3398016,0.108287319910874
1985-03-05,0.0,0.0,0.0,13.0,0.3681184,0.11731126323678016
1985-03-06,0.0,0.0,0.0,12.0,0.3398016,0.108287319910874
1985-03-07,0.0,0.0,0.0,10.0,0.283168,0.09023943325906165
1985-03-08,0.0,0.0,0.0,8.8,0.24918784000000002,0.07941070126797427
1985-03-09,0.0,0.0,0.0,7.7,0.21803936000000002,0.06948436360947749
1985-03-10,0.0,0.0,0.0,6.6,0.18689087999999998,0.05955802595098069
1985-03-11,0.0,0.0,0.0,5.7,0.16140576,0.05143647695766515
1985-03-12,0.0,0.0,0.0,4.9,0.13875232,0.04421732229694022
1985-03-13,0.0,0.0,0.0,4.3,0.12176224,0.03880295630139651
1985-03-14,0.0,0.0,0.0,3.7,0.10477216,0.03338859030585282
1985-03-15,0.0,10.58,2.26,3.2,0.09061376,0.028876618642899733
1985-03-16,25.27,25.04,33.29,5.0,0.141584,0.04511971662953083
1985-03-17,32.94,15.06,13.13,41.0,1.1609888,0.3699816763621528
1985-03-18,0.0,0.0,0.76,59.0,1.6706912,0.5324126562284638
1985-03-19,0.0,0.0,0.0,57.0,1.6140576,0.5143647695766514
1985-03-20,0.0,0.9,5.93,52.0,1.4724736,0.46924505294712066
1985-03-21,19.57,20.81,9.43,61.0,1.7273247999999999,0.5504605428802761
1985-03-22,3.23,0.08,2.49,96.0,2.7184128,0.866298559286992
1985-03-23,0.0,0.0,0.0,95.0,2.690096,0.8572746159610858
1985-03-24,0.0,0.0,0.0,85.0,2.406928,0.7670351827020242
1985-03-25,0.0,0.0,0.0,71.0,2.0104928,0.6406999761393378
1985-03-26,0.0,0.0,0.0,58.0,1.6423744,0.5233887129025576
1985-03-27,0.0,0.0,0.0,47.0,1.3308896,0.4241253363175898
1985-03-28,0.0,0.0,0.0,38.0,1.0760384,0.34290984638443434
1985-03-29,0.0,0.0,0.0,31.0,0.8778208,0.27974224310309115
1985-03-30,0.0,0.0,0.0,25.0,0.70792,0.22559858314765416
1985-03-31,0.0,12.85,15.8,22.0,0.6229696,0.19852675316993568
1985-04-01,7.96,0.13,5.27,28.0,0.7928704,0.25267041312537264
1985-04-02,0.0,0.0,0.0,28.0,0.7928704,0.25267041312537264
1985-04-03,0.0,0.0,0.0,24.0,0.6796032,0.216574639821748
1985-04-04,0.0,0.0,0.0,21.0,0.5946528,0.18950280984402948
1985-04-05,0.0,0.0,0.99,18.0,0.5097024,0.162430979866311
1985-04-06,2.34,2.59,1.77,17.0,0.48138559999999997,0.15340703654040483
1985-04-07,0.0,0.0,0.48,16.0,0.4530688,0.14438309321449866
1985-04-08,0.0,0.0,0.0,14.0,0.3964352,0.12633520656268632
1985-04-09,0.0,0.0,0.0,12.0,0.3398016,0.108287319910874
1985-04-10,0.0,0.0,0.0,10.0,0.283168,0.09023943325906165
1985-04-11,0.0,0.0,0.09,8.6,0.24352448,0.07760591260279302
1985-04-12,0.0,1.24,1.25,7.3,0.20671264,0.06587478627911501
1985-04-13,6.3,8.02,3.8,6.9,0.19538592000000002,0.06226520894875255
1985-04-14,2.88,2.1,5.29,7.8,0.22087104,0.0703867579420681
1985-04-15,3.61,3.29,4.77,9.3,0.26334624,0.08392267293092735
1985-04-16,8.06,4.77,3.28,14.0,0.3964352,0.12633520656268632
1985-04-17,0.0,0.0,0.72,23.0,0.6512864,0.20755069649584185
1985-04-18,0.0,0.0,0.0,22.0,0.6229696,0.19852675316993568
1985-04-19,0.0,2.12,0.0,18.0,0.5097024,0.162430979866311
1985-04-20,0.0,0.0,1.8,15.0,0.424752,0.1353591498885925
1985-04-21,0.0,0.21,0.6,12.0,0.3398016,0.108287319910874
1985-04-22,0.0,0.0,0.0,9.4,0.26617792,0.08482506726351796
1985-04-23,0.0,1.83,1.02,7.4,0.20954432,0.06677718061170564
1985-04-24,1.5,0.33,1.08,5.9,0.16706912000000002,0.05324126562284639
1985-04-25,0.0,0.17,0.25,4.7,0.13308896,0.04241253363175898
1985-04-26,0.0,0.0,0.0,3.7,0.10477216,0.03338859030585282
1985-04-27,0.0,0.0,0.0,3.0,0.0849504,0.0270718299777185
1985-04-28,0.0,0.0,0.0,2.4,0.06796031999999999,0.021657463982174795
1985-04-29,0.0,0.01,0.0,2.1,0.05946528,0.01895028098440295
1985-04-30,0.0,0.52,0.0,1.7,0.04813856,0.015340703654040482
1985-05-01,0.0,1.15,0.0,1.5,0.0424752,0.01353591498885925
1985-05-02,0.0,2.52,1.64,1.5,0.0424752,0.01353591498885925
1985-05-03,0.0,0.01,0.55,1.4,0.039643519999999995,0.012633520656268632
1985-05-04,0.0,0.0,0.0,1.2,0.033980159999999995,0.010828731991087397
1985-05-05,0.0,0.0,0.0,1.1,0.031148480000000003,0.009926337658496783
1985-05-06,0.0,0.0,0.0,1.0,0.0283168,0.009023943325906166
1985-05-07,0.0,1.62,0.0,1.0,0.0283168,0.009023943325906166
1985-05-08,0.0,10.69,25.87,2.1,0.05946528,0.01895028098440295
1985-05-09,40.68,29.87,17.08,19.0,0.5380192,0.17145492319221717
1985-05-10,21.56,15.17,6.97,29.0,0.8211872,0.2616943564512788
1985-05-11,0.02,0.31,1.38,29.0,0.8211872,0.2616943564512788
1985-05-12,0.0,0.0,0.0,29.0,0.8211872,0.2616943564512788
1985-05-13,0.0,0.0,0.0,24.0,0.6796032,0.216574639821748
1985-05-14,0.0,0.0,0.0,18.0,0.5097024,0.162430979866311
1985-05-15,0.0,0.0,0.0,15.0,0.424752,0.1353591498885925
1985-05-16,0.0,0.0,0.0,10.0,0.283168,0.09023943325906165
1985-05-17,0.0,0.0,0.0,6.8,0.19255424,0.06136281461616193
1985-05-18,0.0,0.68,0.72,4.6,0.13025727999999998,0.04151013929916836
1985-05-19,1.32,0.34,0.41,3.3,0.09344543999999999,0.029779012975490345
1985-05-20,10.88,19.33,9.78,5.7,0.16140576,0.05143647695766515
1985-05-21,0.24,2.45,3.84,15.0,0.424752,0.1353591498885925
1985-05-22,2.79,15.74,13.89,22.0,0.6229696,0.19852675316993568
1985-05-23,24.23,11.35,7.64,44.0,1.2459392,0.39705350633987135
1985-05-24,3.72,0.03,1.03,54.0,1.5291071999999999,0.48729293959893294
1985-05-25,0.0,0.0,0.0,50.0,1.41584,0.4511971662953083
1985-05-26,0.0,0.0,0.0,40.0,1.132672,0.3609577330362466
1985-05-27,0.0,0.0,0.0,31.0,0.8778208,0.27974224310309115
1985-05-28,0.0,0.08,0.0,23.0,0.6512864,0.20755069649584185
1985-05-29,0.0,1.46,0.77,20.0,0.566336,0.1804788665181233
1985-05-30,0.0,0.45,0.26,38.0,1.0760384,0.34290984638443434
1985-05-31,0.0,0.0,0.0,43.0,1.2176224,0.38802956301396513
1985-06-01,0.0,0.0,0.0,52.0,1.4724736,0.46924505294712066
1985-06-02,0.0,0.0,0.0,47.0,1.3308896,0.4241253363175898
1985-06-03,0.0,0.0,0.0,35.0,0.991088,0.3158380164067158
1985-06-04,0.0,0.0,0.0,24.0,0.6796032,0.216574639821748
1985-06-05,0.0,0.0,0.0,17.0,0.48138559999999997,0.15340703654040483
1985-06-06,0.0,0.0,0.0,12.0,0.3398016,0.108287319910874
1985-06-07,0.0,0.07,0.07,8.4,0.23786112,0.0758011239376118
1985-06-08,0.0,1.31,0.8,5.8,0.16423743999999998,0.05233887129025576
1985-06-09,7.91,4.65,2.24,4.3,0.12176224,0.03880295630139651
1985-06-10,5.87,8.36,3.14,3.4,0.09627712,0.030681407308080964
1985-06-11,9.23,10.5,10.59,3.0,0.0849504,0.0270718299777185
1985-06-12,20.25,4.39,16.93,3.4,0.09627712,0.030681407308080964
1985-06-13,10.49,4.77,4.63,4.0,0.1132672,0.036095773303624665
1985-06-14,10.8,23.61,6.01,4.6,0.13025727999999998,0.04151013929916836
1985-06-15,29.32,12.2,50.62,8.2,0.23219775999999998,0.07399633527243056
1985-06-16,43.12,28.72,21.94,35.0,0.991088,0.3158380164067158
1985-06-17,3.96,0.14,2.58,68.0,1.9255423999999999,0.6136281461616193
1985-06-18,1.91,2.23,0.58,102.0,2.8883136,0.920442219242429
1985-06-19,0.0,2.83,0.45,102.0,2.8883136,0.920442219242429
1985-06-20,0.0,0.01,0.11,93.0,2.6334624,0.8392267293092734
1985-06-21,0.0,0.0,0.0,81.0,2.2936608,0.7309394093983995
1985-06-22,0.0,0.0,0.0,66.0,1.8689088,0.595580259509807
1985-06-23,0.0,0.0,0.0,51.0,1.4441568,0.4602211096212145
1985-06-24,0.0,0.0,0.0,37.0,1.0477216,0.33388590305852817
1985-06-25,0.0,0.64,0.0,26.0,0.7362368,0.23462252647356033
1985-06-26,0.0,0.61,0.46,18.0,0.5097024,0.162430979866311
1985-06-27,0.0,7.31,4.51,13.0,0.3681184,0.11731126323678016
1985-06-28,17.53,21.19,14.42,9.7,0.27467295999999997,0.0875322502612898
1985-06-29,5.87,4.25,14.52,12.0,0.3398016,0.108287319910874
1985-06-30,13.89,5.08,4.57,21.0,0.5946528,0.18950280984402948
1985-07-01,0.0,0.18,0.89,32.0,0.9061376,0.2887661864289973
1985-07-02,5.38,8.09,7.49,33.0,0.9344544,0.2977901297549035
1985-07-03,13.31,2.07,4.71,29.0,0.8211872,0.2616943564512788
1985-07-04,13.6,7.76,9.61,25.0,0.70792,0.22559858314765416
1985-07-05,19.52,30.5,12.37,23.0,0.6512864,0.20755069649584185
1985-07-06,34.14,16.44,36.54,306.0,8.6649408,2.761326657727287
1985-07-07,27.18,10.53,11.62,867.0,24.5506656,7.823758863560646
1985-07-08,0.0,0.0,0.16,659.0,18.6607712,5.9467786517721635
1985-07-09,0.0,0.19,0.0,479.0,13.5637472,4.322468853109053
1985-07-10,0.0,0.57,0.0,336.0,9.5144448,3.0320449575044717
1985-07-11,0.0,1.48,2.18,241.0,6.8243488,2.174770341543386
1985-07-12,10.61,3.75,4.5,187.0,5.2952416,1.687477401944453
1985-07-13,0.0,0.83,1.83,160.0,4.530688,1.4438309321449865
1985-07-14,0.0,0.0,0.2,154.0,4.3607872,1.3896872721895497
1985-07-15,2.22,1.08,2.4,150.0,4.24752,1.3535914988859248
1985-07-16,8.32,5.59,1.55,122.0,3.4546495999999998,1.1009210857605523
1985-07-17,15.73,8.53,13.34,97.0,2.7467296,0.8753225026128981
1985-07-18,3.8,2.15,5.84,84.0,2.3786112,0.7580112393761179
1985-07-19,3.69,0.5,1.55,88.0,2.4918784,0.7941070126797427
1985-07-20,0.0,0.0,0.35,107.0,3.0298976,0.9655619358719598
1985-07-21,0.0,3.15,0.15,97.0,2.7467296,0.8753225026128981
1985-07-22,0.0,5.46,0.08,73.0,2.0671264,0.65874786279115
1985-07-23,0.0,5.07,13.29,51.0,1.4441568,0.4602211096212145
1985-07-24,0.0,28.54,7.93,38.0,1.0760384,0.34290984638443434
1985-07-25,23.8,20.43,18.86,30.0,0.849504,0.270718299777185
1985-07-26,24.97,1.39,12.06,40.0,1.132672,0.3609577330362466
1985-07-27,0.0,0.47,2.13,120.0,3.398016,1.08287319910874
1985-07-28,4.51,6.24,3.33,156.0,4.4174208,1.407735158841362
1985-07-29,1.71,2.47,4.18,306.0,8.6649408,2.761326657727287
1985-07-30,11.17,7.9,14.33,584.0,16.5370112,5.2699829023292
1985-07-31,9.08,8.0,9.75,872.0,24.6922496,7.868878580190177
1985-08-01,3.04,15.49,2.92,797.0,22.5684896,7.192082830747214
1985-08-02,24.77,8.19,27.26,786.0,22.2570048,7.092819454162247
1985-08-03,17.6,12.5,10.47,894.0,25.3152192,8.067405333360114
1985-08-04,0.0,0.29,0.67,1150.0,32.56432,10.377534824792091
1985-08-05,0.0,2.92,0.06,1110.0,31.431648,10.016577091755844
1985-08-06,0.0,12.3,7.56,825.0,23.36136,7.444753243872587
1985-08-07,25.39,32.27,20.52,907.0,25.683337599999998,8.184716596596893
1985-08-08,19.91,7.08,18.45,1150.0,32.56432,10.377534824792091
1985-08-09,17.27,5.95,7.81,777.0,22.0021536,7.011603964229091
1985-08-10,5.47,4.46,4.18,628.0,17.7829504,5.667036408669072
1985-08-11,8.83,5.81,1.69,499.0,14.1300832,4.502947719627177
1985-08-12,0.0,5.75,3.11,371.0,10.5055328,3.3478829739111875
1985-08-13,16.31,1.09,11.13,292.0,8.2685056,2.6349914511646
1985-08-14,6.99,2.36,4.25,343.0,9.7126624,3.0952125607858147
1985-08-15,9.67,0.05,0.29,265.0,7.503952,2.391344981365134
1985-08-16,0.0,0.0,0.07,204.0,5.7766272,1.840884438484858
1985-08-17,0.0,0.0,0.02,151.0,4.2758367999999995,1.362615442211831
1985-08-18,0.0,0.0,0.0,111.0,3.1431648,1.0016577091755845
1985-08-19,0.0,0.02,0.07,81.0,2.2936608,0.7309394093983995
1985-08-20,0.0,6.02,0.73,68.0,1.9255423999999999,0.6136281461616193
1985-08-21,8.0,3.75,4.47,144.0,4.0776192,1.299447838930488
1985-08-22,0.0,0.0,2.38,186.0,5.2669248,1.678453458618547
1985-08-23,0.0,6.07,9.01,227.0,6.4279136,2.0484351349807
1985-08-24,16.52,9.31,12.95,216.0,6.1164287999999996,1.9491717583957318
1985-08-25,25.83,31.45,23.44,201.0,5.6916768,1.8138126085071393
1985-08-26,11.58,13.87,11.84,308.0,8.7215744,2.7793745443790994
1985-08-27,8.15,9.52,7.27,366.0,10.3639488,3.3027632572816565
1985-08-28,12.24,24.55,8.56,600.0,16.99008,5.414365995543699
1985-08-29,15.85,1.8,4.74,768.0,21.7473024,6.930388474295936
1985-08-30,28.73,34.87,22.53,772.0,21.860569599999998,6.96648424759956
1985-08-31,47.16,61.68,35.43,1770.0,50.120736,15.972379686853914
1985-09-01,27.11,7.78,22.88,2890.0,81.83555199999999,26.07919621186882
1985-09-02,5.78,5.4,6.57,3230.0,91.463264,29.147336942676915
1985-09-03,0.0,0.53,0.74,2990.0,84.667232,26.981590544459436
1985-09-04,10.31,4.2,2.38,2340.0,66.261312,21.11602738262043
1985-09-05,0.0,2.35,6.35,1480.0,41.908864,13.355436122341127
1985-09-06,7.23,0.13,1.85,917.0,25.9665056,8.274956029855955
1985-09-07,0.0,0.44,2.18,645.0,18.264336,5.820443445209477
1985-09-08,0.0,0.01,0.8,503.0,14.2433504,4.5390434929308014
1985-09-09,0.0,0.0,0.02,388.0,10.9869184,3.5012900104515925
1985-09-10,0.0,0.11,0.0,301.0,8.5233568,2.7162069410977563
1985-09-11,0.0,0.73,0.55,242.0,6.8526656,2.1837942848692924
1985-09-12,0.0,0.55,0.21,203.0,5.7483104,1.8318604951589519
1985-09-13,0.0,1.4,1.04,167.0,4.7289056,1.5069985354263298
1985-09-14,0.0,1.49,0.34,134.0,3.7944512,1.2092084056714263
1985-09-15,0.0,0.0,0.0,103.0,2.9166304,0.9294661625683351
1985-09-16,0.0,0.0,0.0,80.0,2.265344,0.7219154660724932
1985-09-17,0.0,0.07,0.09,64.0,1.8122752,0.5775323728579946
1985-09-18,0.0,0.87,0.03,51.0,1.4441568,0.4602211096212145
1985-09-19,0.0,1.3,1.56,40.0,1.132672,0.3609577330362466
1985-09-20,0.0,0.78,4.14,33.0,0.9344544,0.2977901297549035
1985-09-21,2.31,2.35,4.15,30.0,0.849504,0.270718299777185
1985-09-22,0.0,0.75,2.36,37.0,1.0477216,0.33388590305852817
1985-09-23,2.27,1.03,0.71,36.0,1.0194048,0.324861959732622
1985-09-24,1.81,2.05,2.03,39.0,1.1043552,0.3519337897103405
1985-09-25,2.33,0.0,0.65,45.0,1.274256,0.4060774496657775
1985-09-26,0.0,0.0,0.0,45.0,1.274256,0.4060774496657775
1985-09-27,0.0,0.0,0.0,40.0,1.132672,0.3609577330362466
1985-09-28,0.0,0.0,0.0,32.0,0.9061376,0.2887661864289973
1985-09-29,0.0,4.32,0.0,25.0,0.70792,0.22559858314765416
1985-09-30,0.0,1.98,10.53,20.0,0.566336,0.1804788665181233
1985-10-01,3.79,3.51,3.84,18.0,0.5097024,0.162430979866311
1985-10-02,6.33,2.69,3.41,16.0,0.4530688,0.14438309321449866
1985-10-03,10.93,1.11,1.12,14.0,0.3964352,0.12633520656268632
1985-10-04,0.0,1.56,1.62,12.0,0.3398016,0.108287319910874
1985-10-05,0.0,0.01,0.55,11.0,0.3114848,0.09926337658496784
1985-10-06,0.0,0.0,0.02,9.1,0.25768288,0.08211788426574612
1985-10-07,0.0,0.0,0.0,8.0,0.2265344,0.07219154660724933
1985-10-08,0.0,0.0,0.0,7.0,0.1982176,0.06316760328134316
1985-10-09,0.0,0.0,0.0,6.4,0.18122752,0.057753237285799466
1985-10-10,0.0,0.0,0.05,5.7,0.16140576,0.05143647695766515
1985-10-11,0.0,0.0,0.02,5.2,0.14724736,0.046924505294712066
1985-10-12,0.0,0.0,0.0,5.0,0.141584,0.04511971662953083
1985-10-13,0.0,0.0,0.0,4.6,0.13025727999999998,0.04151013929916836
1985-10-14,0.0,0.04,0.04,4.3,0.12176224,0.03880295630139651
1985-10-15,0.0,0.03,0.03,4.1,0.11609887999999999,0.03699816763621528
1985-10-16,0.0,0.0,0.01,3.9,0.11043552,0.03519337897103405
1985-10-17,0.0,0.0,0.0,3.7,0.10477216,0.03338859030585282
1985-10-18,0.0,1.62,0.0,3.6,0.10194048,0.032486195973262195
1985-10-19,0.0,0.0,2.69,3.5,0.0991088,0.03158380164067158
1985-10-20,0.0,0.29,0.9,3.4,0.09627712,0.030681407308080964
1985-10-21,0.0,2.64,0.43,5.4,0.15291072,0.0487292939598933
1985-10-22,0.0,1.87,3.41,5.0,0.141584,0.04511971662953083
1985-10-23,0.0,1.08,1.09,4.4,0.12459392000000001,0.039705350633987134
1985-10-24,0.0,0.0,0.0,3.8,0.10760383999999999,0.03429098463844343
1985-10-25,0.0,0.47,0.0,3.5,0.0991088,0.03158380164067158
1985-10-26,0.0,0.84,0.92,3.4,0.09627712,0.030681407308080964
1985-10-27,8.62,11.78,14.19,3.9,0.11043552,0.03519337897103405
1985-10-28,21.4,12.23,7.75,7.0,0.1982176,0.06316760328134316
1985-10-29,17.09,9.64,8.74,13.0,0.3681184,0.11731126323678016
1985-10-30,43.37,52.82,49.73,62.0,1.7556416,0.5594844862061823
1985-10-31,53.7,26.19,65.55,401.0,11.3550368,3.618601273688373
1985-11-01,23.09,16.21,22.22,1160.0,32.847488,10.467774258051152
1985-11-02,1.23,0.01,2.5,1340.0,37.944511999999996,12.092084056714262
1985-11-03,0.0,3.58,5.32,1180.0,33.413824,10.648253124569276
1985-11-04,0.0,0.0,1.7,951.0,26.9292768,8.581770102936764
1985-11-05,0.0,0.0,0.0,711.0,20.1332448,6.416023704719284
1985-11-06,0.0,0.0,0.0,523.0,14.8096864,4.719522359448925
1985-11-07,0.0,0.72,0.36,388.0,10.9869184,3.5012900104515925
1985-11-08,0.0,0.34,0.12,302.0,8.551673599999999,2.725230884423662
1985-11-09,0.0,0.0,0.0,238.0,6.7393984,2.1476985115656677
1985-11-10,0.0,0.0,0.0,189.0,5.3518752,1.7055252885962655
1985-11-11,0.0,0.0,0.0,151.0,4.2758367999999995,1.362615442211831
1985-11-12,0.0,0.0,0.0,122.0,3.4546495999999998,1.1009210857605523
1985-11-13,0.0,0.0,0.0,99.0,2.8033632,0.8933703892647106
1985-11-14,0.0,0.0,0.0,81.0,2.2936608,0.7309394093983995
1985-11-15,0.0,0.0,0.0,68.0,1.9255423999999999,0.6136281461616193
1985-11-16,0.0,0.0,0.0,57.0,1.6140576,0.5143647695766514
1985-11-17,0.0,0.0,0.0,49.0,1.3875232,0.44217322296940215
1985-11-18,0.0,0.0,0.0,41.0,1.1609888,0.3699816763621528
1985-11-19,0.0,7.57,0.0,35.0,0.991088,0.3158380164067158
1985-11-20,0.0,4.77,8.87,31.0,0.8778208,0.27974224310309115
1985-11-21,52.41,54.47,64.32,77.0,2.1803936,0.6948436360947748
1985-11-22,72.62,22.67,21.47,612.0,17.3298816,5.522653315454574
1985-11-23,0.0,0.0,0.34,983.0,27.8354144,8.870536289365761
1985-11-24,0.0,0.07,0.0,1110.0,31.431648,10.016577091755844
1985-11-25,0.0,0.3,0.68,967.0,27.3823456,8.726153196151262
1985-11-26,0.0,0.13,0.58,767.0,21.7189856,6.921364530970029
1985-11-27,0.0,0.0,0.12,610.0,17.273248,5.504605428802761
1985-11-28,0.0,0.36,0.2,490.0,13.875232,4.421732229694022
1985-11-29,9.56,6.93,3.94,401.0,11.3550368,3.618601273688373
1985-11-30,11.0,16.15,9.91,375.0,10.6188,3.3839787472148126
1985-12-01,23.86,4.4,16.54,457.0,12.9407776,4.123942099939118
1985-12-02,19.76,6.65,4.95,504.0,14.2716672,4.548067436256708
1985-12-03,0.0,0.0,0.13,470.0,13.308895999999999,4.241253363175898
1985-12-04,0.0,0.0,0.0,428.0,12.1195904,3.8622477434878393
1985-12-05,0.0,0.0,0.0,370.0,10.477216,3.3388590305852817
1985-12-06,0.0,0.04,0.0,317.0,8.9764256,2.860590034312255
1985-12-07,0.0,0.0,0.0,269.0,7.6172192,2.427440754668759
1985-12-08,0.0,0.0,0.0,230.0,6.5128639999999995,2.075506964958418
1985-12-09,0.0,0.0,0.0,198.0,5.6067264,1.7867407785294211
1985-12-10,0.0,0.0,0.0,172.0,4.8704896,1.5521182520558605
1985-12-11,0.0,0.05,6.11,150.0,4.24752,1.3535914988859248
1985-12-12,33.89,39.02,63.91,288.0,8.1552384,2.598895677860976
1985-12-13,64.01,47.68,40.73,1120.0,31.714816,10.106816525014906
1985-12-14,7.36,0.6,6.7,1870.0,52.952416,16.87477401944453
1985-12-15,0.0,0.04,0.0,2150.0,60.881119999999996,19.401478150698257
1985-12-16,0.0,0.0,0.0,1800.0,50.97024,16.2430979866311
1985-12-17,0.0,0.0,0.0,1260.0,35.679168,11.370168590641768
1985-12-18,0.0,0.0,0.0,861.0,24.380764799999998,7.769615203605208
1985-12-19,0.0,0.0,0.0,637.0,18.037801599999998,5.748251898602227
1985-12-20,0.0,0.0,0.0,501.0,14.1867168,4.520995606278989
1985-12-21,0.0,0.04,0.0,403.0,11.4116704,3.636649160340185
1985-12-22,0.0,0.0,0.0,334.0,9.4578112,3.0139970708526596
1985-12-23,0.0,0.03,1.45,281.0,7.9570208,2.5357280745796325
1985-12-24,3.36,3.6,1.67,240.0,6.796032,2.16574639821748
1985-12-25,0.0,0.0,0.4,211.0,5.9748448,1.904052041766201
1985-12-26,0.0,0.04,0.14,187.0,5.2952416,1.687477401944453
1985-12-27,0.0,0.05,0.05,164.0,4.6439552,1.4799267054486112
1985-12-28,0.0,4.17,4.9,145.0,4.105936,1.308471782256394
1985-12-29,8.87,3.34,1.67,138.0,3.9077184,1.245304178975051
1985-12-30,0.0,0.0,0.01,131.0,3.7095008,1.1821365756937077
1985-12-31,0.0,6.51,8.86,128.0,3.6245504,1.1550647457159893
1986-01-01,0.0,1.6,2.95,234.0,6.6261312,2.111602738262043
1986-01-02,0.0,0.0,0.16,273.0,7.7304864,2.4635365279723835
1986-01-03,0.0,11.06,0.15,288.0,8.1552384,2.598895677860976
1986-01-04,1.39,10.85,12.5,300.0,8.49504,2.7071829977718496
1986-01-05,19.49,4.9,4.16,369.0,10.4488992,3.3298350872593754
1986-01-06,0.0,0.0,0.45,347.0,9.8259296,3.13130833408944
1986-01-07,2.16,3.18,1.03,327.0,9.2595936,2.9508294675713165
1986-01-08,0.0,0.03,0.29,302.0,8.551673599999999,2.725230884423662
1986-01-09,0.0,0.59,9.17,269.0,7.6172192,2.427440754668759
1986-01-10,34.45,50.74,29.28,314.0,8.8914752,2.833518204334536
1986-01-11,17.04,2.69,9.12,478.0,13.5354304,4.313444909783147
1986-01-12,0.0,0.0,0.13,533.0,15.0928544,4.809761792707986
1986-01-13,0.0,0.0,0.0,515.0,14.583152,4.647330812841676
1986-01-14,0.0,0.0,0.0,443.0,12.5443424,3.9976068933764317
1986-01-15,0.0,0.0,0.0,377.0,10.6754336,3.4020266338666247
1986-01-16,0.0,0.0,0.0,324.0,9.1746432,2.923757637593598
1986-01-17,0.0,0.03,0.0,281.0,7.9570208,2.5357280745796325
1986-01-18,0.0,1.26,1.37,249.0,7.0508831999999995,2.2469618881506355
1986-01-19,0.0,0.19,0.46,227.0,6.4279136,2.0484351349807
1986-01-20,0.0,0.0,0.0,203.0,5.7483104,1.8318604951589519
1986-01-21,0.0,0.0,0.0,179.0,5.0687071999999995,1.6152858553372036
1986-01-22,0.0,0.0,0.0,157.0,4.4457376,1.416759102167268
1986-01-23,0.0,0.0,0.0,138.0,3.9077184,1.245304178975051
1986-01-24,0.0,0.0,0.0,122.0,3.4546495999999998,1.1009210857605523
1986-01-25,0.0,1.89,7.92,108.0,3.0582143999999998,0.9745858791978659
1986-01-26,9.74,10.43,3.14,114.0,3.2281152,1.028729539153303
1986-01-27,0.0,0.0,0.17,116.0,3.2847488,1.0467774258051152
1986-01-28,0.0,0.0,0.0,109.0,3.0865312,0.9836098225237722
1986-01-29,0.0,0.0,0.0,101.0,2.8599968,0.9114182759165227
1986-01-30,0.0,0.0,0.0,92.0,2.6051456,0.8302027859833674
1986-01-31,0.0,0.0,0.0,82.0,2.3219776,0.7399633527243056
1986-02-01,0.0,0.0,0.0,74.0,2.0954432,0.6677718061170563
1986-02-02,0.0,0.0,0.0,67.0,1.8972256,0.6046042028357131
1986-02-03,0.0,0.0,0.0,61.0,1.7273247999999999,0.5504605428802761
1986-02-04,0.0,0.52,0.0,55.0,1.557424,0.4963168829248391
1986-02-05,13.97,55.2,36.75,77.0,2.1803936,0.6948436360947748
1986-02-06,46.14,16.68,26.08,350.0,9.91088,3.1583801640671583
1986-02-07,1.16,0.0,14.34,596.0,16.8768128,5.378270222240075
1986-02-08,30.7,66.18,22.03,764.0,21.6340352,6.894292700992311
1986-02-09,21.96,8.93,45.88,1120.0,31.714816,10.106816525014906
1986-02-10,43.09,27.87,36.27,2090.0,59.182112,18.860041551143887
1986-02-11,22.05,16.29,13.18,2710.0,76.738528,24.454886413205713
1986-02-12,0.0,0.0,1.83,2690.0,76.172192,24.274407546687588
1986-02-13,0.0,0.0,0.0,2200.0,62.29696,19.852675316993565
1986-02-14,0.0,0.54,5.19,1490.0,42.192032,13.445675555600188
1986-02-15,8.0,6.55,1.73,1040.0,29.449472,9.384901058942413
1986-02-16,0.0,0.0,0.0,770.0,21.803936,6.948436360947748
1986-02-17,0.0,0.09,5.8,604.0,17.103347199999998,5.450461768847324
1986-02-18,14.85,18.21,11.04,587.0,16.6219616,5.297054732306919
1986-02-19,0.0,0.0,3.03,566.0,16.0273088,5.10755192246289
1986-02-20,0.0,0.0,0.0,525.0,14.86632,4.737570246100737
1986-02-21,0.0,0.0,0.0,463.0,13.1106784,4.178085759894555
1986-02-22,0.0,2.31,5.42,399.0,11.2984032,3.6005533870365602
1986-02-23,7.39,6.48,1.81,397.0,11.2417696,3.582505500384748
1986-02-24,0.0,0.0,0.0,362.0,10.2506816,3.2666674839780323
1986-02-25,0.0,0.0,0.0,319.0,9.0330592,2.878637920964067
1986-02-26,0.0,0.0,0.0,277.0,7.8437536,2.499632301276008
1986-02-27,0.0,0.18,0.0,238.0,6.7393984,2.1476985115656677
1986-02-28,0.0,0.11,0.17,205.0,5.804944,1.849908381810764
1986-03-01,0.0,0.09,0.06,176.0,4.9837568,1.5882140253594854
1986-03-02,0.0,0.0,0.0,149.0,4.2192032,1.3445675555600187
1986-03-03,0.0,0.0,3.52,128.0,3.6245504,1.1550647457159893
1986-03-04,12.4,16.09,5.95,120.0,3.398016,1.08287319910874
1986-03-05,5.05,0.07,1.59,118.0,3.3413824,1.0648253124569276
1986-03-06,0.0,0.19,0.0,109.0,3.0865312,0.9836098225237722
1986-03-07,0.0,0.0,0.0,99.0,2.8033632,0.8933703892647106
1986-03-08,0.0,0.0,0.0,87.0,2.4635616,0.7850830693538364
1986-03-09,0.0,0.0,0.0,76.0,2.1520768,0.6858196927688687
1986-03-10,0.0,0.0,0.0,68.0,1.9255423999999999,0.6136281461616193
1986-03-11,0.0,0.0,0.0,61.0,1.7273247999999999,0.5504605428802761
1986-03-12,0.0,0.01,0.0,55.0,1.557424,0.4963168829248391
1986-03-13,0.0,16.08,11.1,51.0,1.4441568,0.4602211096212145
1986-03-14,37.99,38.3,19.57,172.0,4.8704896,1.5521182520558605
1986-03-15,0.0,2.75,5.29,282.0,7.9853376,2.544752017905539
1986-03-16,0.46,1.06,0.6,311.0,8.8065248,2.8064463743568178
1986-03-17,0.0,0.0,0.2,321.0,9.0896928,2.8966858076158792
1986-03-18,0.0,0.0,0.01,288.0,8.1552384,2.598895677860976
1986-03-19,0.0,6.46,1.97,253.0,7.1641504,2.28305766145426
1986-03-20,10.81,7.03,9.12,243.0,6.8809824,2.1928182281951982
1986-03-21,7.82,0.45,2.82,256.0,7.2491008,2.3101294914319785
1986-03-22,0.0,0.0,0.0,235.0,6.6544479999999995,2.120626681587949
1986-03-23,0.0,0.0,0.0,208.0,5.8898944,1.8769802117884826
1986-03-24,0.0,0.0,0.0,180.0,5.097024,1.62430979866311
1986-03-25,0.0,0.0,0.0,153.0,4.3324704,1.3806633288636434
1986-03-26,0.0,0.0,0.0,131.0,3.7095008,1.1821365756937077
1986-03-27,0.0,0.0,0.0,111.0,3.1431648,1.0016577091755845
1986-03-28,0.0,0.0,0.0,94.0,2.6617792,0.8482506726351796
1986-03-29,0.0,0.0,0.0,78.0,2.2087104,0.703867579420681
1986-03-30,0.0,0.0,0.0,64.0,1.8122752,0.5775323728579946
1986-03-31,0.0,0.0,0.0,53.0,1.5007904,0.4782689962730268
1986-04-01,0.0,0.0,0.0,44.0,1.2459392,0.39705350633987135
1986-04-02,0.0,0.0,0.0,37.0,1.0477216,0.33388590305852817
1986-04-03,0.0,0.0,0.0,30.0,0.849504,0.270718299777185
1986-04-04,0.0,0.0,0.0,24.0,0.6796032,0.216574639821748
1986-04-05,0.0,0.0,0.0,20.0,0.566336,0.1804788665181233
1986-04-06,0.0,0.54,0.0,17.0,0.48138559999999997,0.15340703654040483
1986-04-07,0.0,0.0,0.0,15.0,0.424752,0.1353591498885925
1986-04-08,0.0,0.0,0.0,13.0,0.3681184,0.11731126323678016
1986-04-09,0.0,0.0,0.0,11.0,0.3114848,0.09926337658496784
1986-04-10,0.0,0.0,0.0,9.5,0.2690096,0.08572746159610858
1986-04-11,0.0,0.0,0.0,8.3,0.23502944,0.07489872960502118
1986-04-12,0.0,1.48,2.48,7.4,0.20954432,0.06677718061170564
1986-04-13,0.07,0.92,0.83,6.6,0.18689087999999998,0.05955802595098069
1986-04-14,0.0,0.0,0.0,6.1,0.17273248,0.05504605428802761
1986-04-15,0.0,0.11,0.11,5.4,0.15291072,0.0487292939598933
1986-04-16,0.0,0.0,0.04,5.0,0.141584,0.04511971662953083
1986-04-17,0.0,0.0,0.0,4.6,0.13025727999999998,0.04151013929916836
1986-04-18,0.0,0.0,0.0,4.3,0.12176224,0.03880295630139651
1986-04-19,0.0,0.0,0.04,4.0,0.1132672,0.036095773303624665
1986-04-20,0.0,1.81,3.78,3.9,0.11043552,0.03519337897103405
1986-04-21,5.95,1.27,3.53,3.8,0.10760383999999999,0.03429098463844343
1986-04-22,2.77,1.91,0.87,3.7,0.10477216,0.03338859030585282
1986-04-23,0.0,0.0,0.04,3.7,0.10477216,0.03338859030585282
1986-04-24,0.0,0.0,0.0,3.5,0.0991088,0.03158380164067158
1986-04-25,0.0,0.0,0.0,3.5,0.0991088,0.03158380164067158
1986-04-26,0.0,0.0,0.0,3.4,0.09627712,0.030681407308080964
1986-04-27,0.0,0.0,0.0,3.3,0.09344543999999999,0.029779012975490345
1986-04-28,0.0,0.0,0.0,3.1,0.08778208,0.027974224310309114
1986-04-29,0.0,0.0,0.0,2.8,0.07928703999999999,0.025267041312537264
1986-04-30,0.0,0.0,0.0,2.7,0.07645536,0.02436464697994665
1986-05-01,0.0,0.0,0.0,2.7,0.07645536,0.02436464697994665
1986-05-02,0.0,0.04,0.0,2.7,0.07645536,0.02436464697994665
1986-05-03,0.0,0.0,0.0,2.5,0.070792,0.022559858314765414
1986-05-04,0.0,0.0,0.0,2.4,0.06796031999999999,0.021657463982174795
1986-05-05,0.0,0.0,0.0,2.3,0.06512863999999999,0.02075506964958418
1986-05-06,0.0,0.0,0.0,2.3,0.06512863999999999,0.02075506964958418
1986-05-07,0.0,0.0,0.0,2.3,0.06512863999999999,0.02075506964958418
1986-05-08,0.0,0.0,0.0,2.2,0.062296960000000005,0.019852675316993567
1986-05-09,0.0,0.0,0.0,2.2,0.062296960000000005,0.019852675316993567
1986-05-10,0.0,0.0,0.0,2.0,0.0566336,0.018047886651812332
1986-05-11,0.0,0.0,0.0,1.9,0.053801919999999996,0.017145492319221713
1986-05-12,0.0,0.08,0.1,1.8,0.05097024,0.016243097986631098
1986-05-13,0.0,0.11,0.04,1.9,0.053801919999999996,0.017145492319221713
1986-05-14,0.0,0.64,1.26,1.8,0.05097024,0.016243097986631098
1986-05-15,0.0,0.0,0.42,1.8,0.05097024,0.016243097986631098
1986-05-16,0.0,0.0,0.0,1.8,0.05097024,0.016243097986631098
1986-05-17,0.0,0.0,0.0,1.7,0.04813856,0.015340703654040482
1986-05-18,0.0,6.02,0.12,1.7,0.04813856,0.015340703654040482
1986-05-19,39.69,43.88,24.71,2.5,0.070792,0.022559858314765414
1986-05-20,42.8,3.74,8.69,2.9,0.08211871999999999,0.02616943564512788
1986-05-21,0.0,0.0,0.16,2.3,0.06512863999999999,0.02075506964958418
1986-05-22,0.0,0.0,0.0,1.8,0.05097024,0.016243097986631098
1986-05-23,0.0,0.0,0.0,1.7,0.04813856,0.015340703654040482
1986-05-24,0.0,0.0,0.0,1.6,0.04530688,0.014438309321449867
1986-05-25,0.0,0.0,0.0,1.5,0.0424752,0.01353591498885925
1986-05-26,0.0,0.0,0.0,1.5,0.0424752,0.01353591498885925
1986-05-27,0.0,0.0,0.07,1.5,0.0424752,0.01353591498885925
1986-05-28,0.0,0.03,0.11,1.5,0.0424752,0.01353591498885925
1986-05-29,0.0,0.31,0.5,1.5,0.0424752,0.01353591498885925
1986-05-30,0.12,0.14,0.56,1.5,0.0424752,0.01353591498885925
1986-05-31,2.46,0.41,0.35,1.5,0.0424752,0.01353591498885925
1986-06-01,0.0,0.04,0.31,1.5,0.0424752,0.01353591498885925
1986-06-02,0.0,1.08,0.08,2.4,0.06796031999999999,0.021657463982174795
1986-06-03,0.0,2.57,7.62,2.4,0.06796031999999999,0.021657463982174795
1986-06-04,0.0,0.0,2.54,1.8,0.05097024,0.016243097986631098
1986-06-05,0.0,0.0,0.0,2.5,0.070792,0.022559858314765414
1986-06-06,0.0,0.64,0.03,3.1,0.08778208,0.027974224310309114
1986-06-07,0.0,0.13,0.01,2.3,0.06512863999999999,0.02075506964958418
1986-06-08,0.0,3.67,3.44,1.9,0.053801919999999996,0.017145492319221713
1986-06-09,0.0,2.47,1.31,1.8,0.05097024,0.016243097986631098
1986-06-10,0.0,5.4,0.51,1.8,0.05097024,0.016243097986631098
1986-06-11,7.28,6.31,8.63,2.8,0.07928703999999999,0.025267041312537264
1986-06-12,2.92,7.41,9.05,2.8,0.07928703999999999,0.025267041312537264
1986-06-13,0.0,3.02,3.71,1.9,0.053801919999999996,0.017145492319221713
1986-06-14,5.98,13.49,0.57,2.9,0.08211871999999999,0.02616943564512788
1986-06-15,9.35,12.87,37.87,5.7,0.16140576,0.05143647695766515
1986-06-16,0.31,1.08,12.82,11.0,0.3114848,0.09926337658496784
1986-06-17,0.0,0.02,0.09,22.0,0.6229696,0.19852675316993568
1986-06-18,3.4,6.17,1.83,10.0,0.283168,0.09023943325906165
1986-06-19,0.0,2.34,1.64,28.0,0.7928704,0.25267041312537264
1986-06-20,0.01,3.47,0.79,31.0,0.8778208,0.27974224310309115
1986-06-21,1.03,1.04,1.12,18.0,0.5097024,0.162430979866311
1986-06-22,0.0,3.6,0.33,13.0,0.3681184,0.11731126323678016
1986-06-23,0.0,0.0,0.0,11.0,0.3114848,0.09926337658496784
1986-06-24,0.0,0.6,1.15,8.8,0.24918784000000002,0.07941070126797427
1986-06-25,3.15,0.61,1.07,6.8,0.19255424,0.06136281461616193
1986-06-26,0.0,6.14,0.23,5.4,0.15291072,0.0487292939598933
1986-06-27,0.0,7.31,25.13,4.4,0.12459392000000001,0.039705350633987134
1986-06-28,0.73,2.25,11.5,6.3,0.17839584,0.05685084295320885
1986-06-29,0.0,4.87,3.01,6.5,0.1840592,0.05865563161839008
1986-06-30,6.66,4.62,5.23,4.7,0.13308896,0.04241253363175898
1986-07-01,0.41,4.09,2.31,3.8,0.10760383999999999,0.03429098463844343
1986-07-02,10.2,7.02,16.73,3.5,0.0991088,0.03158380164067158
1986-07-03,17.07,7.59,5.55,4.4,0.12459392000000001,0.039705350633987134
1986-07-04,0.0,14.54,0.02,5.7,0.16140576,0.05143647695766515
1986-07-05,0.0,1.69,19.79,8.8,0.24918784000000002,0.07941070126797427
1986-07-06,4.48,3.08,12.88,17.0,0.48138559999999997,0.15340703654040483
1986-07-07,0.0,2.15,2.64,22.0,0.6229696,0.19852675316993568
1986-07-08,0.0,0.09,0.18,17.0,0.48138559999999997,0.15340703654040483
1986-07-09,0.0,0.0,0.0,13.0,0.3681184,0.11731126323678016
1986-07-10,0.0,6.99,4.09,10.0,0.283168,0.09023943325906165
1986-07-11,0.0,7.46,3.75,9.7,0.27467295999999997,0.0875322502612898
1986-07-12,20.43,2.83,12.63,10.0,0.283168,0.09023943325906165
1986-07-13,0.0,4.23,11.54,9.3,0.26334624,0.08392267293092735
1986-07-14,0.0,2.71,4.09,8.2,0.23219775999999998,0.07399633527243056
1986-07-15,12.39,1.19,0.61,7.1,0.20104928,0.06406999761393378
1986-07-16,0.0,13.47,23.69,6.2,0.17556416,0.05594844862061823
1986-07-17,4.15,0.53,7.89,5.5,0.1557424,0.04963168829248392
1986-07-18,0.0,0.0,0.0,4.7,0.13308896,0.04241253363175898
1986-07-19,0.0,0.0,0.0,4.0,0.1132672,0.036095773303624665
1986-07-20,0.0,1.62,0.24,3.4,0.09627712,0.030681407308080964
1986-07-21,19.6,9.94,17.81,2.8,0.07928703999999999,0.025267041312537264
1986-07-22,9.95,11.02,7.36,2.8,0.07928703999999999,0.025267041312537264
1986-07-23,39.38,27.22,40.25,3.1,0.08778208,0.027974224310309114
1986-07-24,28.29,2.42,14.75,3.2,0.09061376,0.028876618642899733
1986-07-25,0.0,2.63,0.85,2.9,0.08211871999999999,0.02616943564512788
1986-07-26,8.57,11.33,1.51,11.0,0.3114848,0.09926337658496784
1986-07-27,1.72,1.59,1.81,46.0,1.3025728,0.4151013929916837
1986-07-28,10.72,2.64,1.93,63.0,1.7839584,0.5685084295320885
1986-07-29,0.0,3.42,6.19,68.0,1.9255423999999999,0.6136281461616193
1986-07-30,0.0,5.08,2.04,58.0,1.6423744,0.5233887129025576
1986-07-31,0.0,0.05,0.05,46.0,1.3025728,0.4151013929916837
1986-08-01,0.0,1.17,0.0,35.0,0.991088,0.3158380164067158
1986-08-02,0.0,7.44,17.44,30.0,0.849504,0.270718299777185
1986-08-03,0.0,7.12,6.03,48.0,1.3592064,0.433149279643496
1986-08-04,13.17,10.87,20.84,52.0,1.4724736,0.46924505294712066
1986-08-05,14.53,9.95,7.22,56.0,1.5857408,0.5053408262507453
1986-08-06,9.09,12.73,17.45,50.0,1.41584,0.4511971662953083
1986-08-07,18.37,0.03,5.78,59.0,1.6706912,0.5324126562284638
1986-08-08,0.0,0.29,2.0,66.0,1.8689088,0.595580259509807
1986-08-09,3.77,1.22,1.69,75.0,2.12376,0.6767957494429624
1986-08-10,2.0,7.05,3.73,125.0,3.5396,1.1279929157382709
1986-08-11,10.75,5.9,15.5,103.0,2.9166304,0.9294661625683351
1986-08-12,29.57,30.57,13.15,95.0,2.690096,0.8572746159610858
1986-08-13,34.28,23.94,23.02,381.0,10.788700799999999,3.438122407170249
1986-08-14,9.67,8.89,9.97,389.0,11.0152352,3.5103139537774983
1986-08-15,11.09,13.8,3.98,429.0,12.1479072,3.8712716868137456
1986-08-16,4.51,2.62,1.89,405.0,11.468304,3.6546970469919975
1986-08-17,0.0,1.65,0.54,369.0,10.4488992,3.3298350872593754
1986-08-18,0.0,0.02,0.08,294.0,8.3251392,2.653039337816413
1986-08-19,0.0,13.41,9.11,265.0,7.503952,2.391344981365134
1986-08-20,29.57,21.27,26.48,354.0,10.0241472,3.194475937370783
1986-08-21,15.81,7.88,26.92,370.0,10.477216,3.3388590305852817
1986-08-22,4.51,0.83,7.3,430.0,12.176224,3.8802956301396514
1986-08-23,0.0,0.17,0.31,342.0,9.6843456,3.086188617459909
1986-08-24,0.0,0.0,0.0,278.0,7.8720704,2.5086562446019145
1986-08-25,0.0,0.86,2.04,219.0,6.2013792,1.9762435883734504
1986-08-26,17.8,8.83,1.01,179.0,5.0687071999999995,1.6152858553372036
1986-08-27,25.12,8.76,15.99,150.0,4.24752,1.3535914988859248
1986-08-28,22.4,15.93,23.35,122.0,3.4546495999999998,1.1009210857605523
1986-08-29,44.6,63.72,39.83,224.0,6.3429632,2.021363305002981
1986-08-30,35.62,2.51,11.86,360.0,10.194048,3.24861959732622
1986-08-31,6.61,6.12,0.52,479.0,13.5637472,4.322468853109053
1986-09-01,16.54,7.65,19.35,501.0,14.1867168,4.520995606278989
1986-09-02,17.94,8.33,22.27,440.0,12.459392,3.970535063398713
1986-09-03,3.65,4.04,7.78,369.0,10.4488992,3.3298350872593754
1986-09-04,4.17,3.26,10.09,368.0,10.4205824,3.3208111439334695
1986-09-05,14.46,12.03,3.3,388.0,10.9869184,3.5012900104515925
1986-09-06,0.0,0.05,0.07,353.0,9.9958304,3.1854519940448767
1986-09-07,0.0,0.0,0.0,279.0,7.9003872,2.5176801879278203
1986-09-08,0.0,0.54,0.6,224.0,6.3429632,2.021363305002981
1986-09-09,0.0,2.21,0.27,189.0,5.3518752,1.7055252885962655
1986-09-10,0.0,5.96,3.17,167.0,4.7289056,1.5069985354263298
1986-09-11,0.0,1.74,2.64,137.0,3.8794016,1.2362802356491447
1986-09-12,5.56,0.44,0.86,112.0,3.1714816,1.0106816525014906
1986-09-13,0.0,0.07,0.11,95.0,2.690096,0.8572746159610858
1986-09-14,0.0,0.02,0.3,75.0,2.12376,0.6767957494429624
1986-09-15,0.0,1.65,8.5,71.0,2.0104928,0.6406999761393378
1986-09-16,0.0,1.39,3.13,58.0,1.6423744,0.5233887129025576
1986-09-17,0.0,0.52,2.72,48.0,1.3592064,0.433149279643496
1986-09-18,5.14,0.68,3.69,39.0,1.1043552,0.3519337897103405
1986-09-19,0.0,1.64,0.95,31.0,0.8778208,0.27974224310309115
1986-09-20,0.0,0.0,0.0,25.0,0.70792,0.22559858314765416
1986-09-21,0.0,3.84,0.0,19.0,0.5380192,0.17145492319221717
1986-09-22,0.0,0.33,7.02,16.0,0.4530688,0.14438309321449866
1986-09-23,3.32,1.31,4.13,14.0,0.3964352,0.12633520656268632
1986-09-24,0.0,0.0,0.6,12.0,0.3398016,0.108287319910874
1986-09-25,0.0,0.0,0.01,9.8,0.27750464,0.08843464459388044
1986-09-26,0.0,0.0,0.0,8.4,0.23786112,0.0758011239376118
1986-09-27,0.0,0.0,0.0,7.3,0.20671264,0.06587478627911501
1986-09-28,0.0,0.78,0.0,6.3,0.17839584,0.05685084295320885
1986-09-29,0.0,0.95,2.43,5.5,0.1557424,0.04963168829248392
1986-09-30,0.0,0.13,0.81,4.9,0.13875232,0.04421732229694022
1986-10-01,0.0,5.71,9.23,4.3,0.12176224,0.03880295630139651
1986-10-02,29.61,6.83,4.05,4.2,0.11893056,0.0379005619688059
1986-10-03,0.0,0.0,1.49,4.1,0.11609887999999999,0.03699816763621528
1986-10-04,0.0,0.21,0.39,3.7,0.10477216,0.03338859030585282
1986-10-05,0.0,1.17,0.25,3.4,0.09627712,0.030681407308080964
1986-10-06,0.0,0.09,1.0,3.2,0.09061376,0.028876618642899733
1986-10-07,0.0,0.27,0.3,3.1,0.08778208,0.027974224310309114
1986-10-08,0.0,1.48,0.02,3.0,0.0849504,0.0270718299777185
1986-10-09,6.52,11.82,6.56,3.2,0.09061376,0.028876618642899733
1986-10-10,17.63,6.39,6.67,3.9,0.11043552,0.03519337897103405
1986-10-11,24.4,0.93,6.61,3.5,0.0991088,0.03158380164067158
1986-10-12,0.0,0.02,2.55,3.4,0.09627712,0.030681407308080964
1986-10-13,0.0,3.8,2.23,3.5,0.0991088,0.03158380164067158
1986-10-14,9.97,9.74,8.25,4.1,0.11609887999999999,0.03699816763621528
1986-10-15,13.09,0.0,2.53,5.6,0.15857407999999998,0.05053408262507453
1986-10-16,0.0,0.0,0.0,5.9,0.16706912000000002,0.05324126562284639
1986-10-17,0.0,0.0,0.0,4.8,0.13592063999999998,0.04331492796434959
1986-10-18,0.0,0.0,0.0,3.9,0.11043552,0.03519337897103405
1986-10-19,0.0,0.0,0.0,3.4,0.09627712,0.030681407308080964
1986-10-20,0.0,0.0,0.0,3.0,0.0849504,0.0270718299777185
1986-10-21,0.0,0.0,0.0,2.8,0.07928703999999999,0.025267041312537264
1986-10-22,0.0,0.0,0.0,2.6,0.07362368,0.023462252647356033
1986-10-23,0.0,0.0,0.0,2.5,0.070792,0.022559858314765414
1986-10-24,0.0,3.64,0.32,2.5,0.070792,0.022559858314765414
1986-10-25,11.62,16.62,18.14,3.3,0.09344543999999999,0.029779012975490345
1986-10-26,18.93,0.09,6.02,4.1,0.11609887999999999,0.03699816763621528
1986-10-27,0.0,0.0,0.0,3.3,0.09344543999999999,0.029779012975490345
1986-10-28,0.0,0.2,0.0,3.3,0.09344543999999999,0.029779012975490345
1986-10-29,0.0,0.5,0.28,3.3,0.09344543999999999,0.029779012975490345
1986-10-30,0.0,0.02,0.1,3.1,0.08778208,0.027974224310309114
1986-10-31,0.0,0.0,0.0,3.0,0.0849504,0.0270718299777185
1986-11-01,0.0,0.0,0.0,3.0,0.0849504,0.0270718299777185
1986-11-02,0.0,0.0,0.0,3.0,0.0849504,0.0270718299777185
1986-11-03,0.0,0.0,0.0,3.0,0.0849504,0.0270718299777185
1986-11-04,0.0,0.0,0.0,3.0,0.0849504,0.0270718299777185
1986-11-05,0.0,0.08,0.02,2.9,0.08211871999999999,0.02616943564512788
1986-11-06,0.0,0.99,0.87,2.9,0.08211871999999999,0.02616943564512788
1986-11-07,0.0,0.15,0.35,3.0,0.0849504,0.0270718299777185
1986-11-08,0.0,0.0,0.02,2.9,0.08211871999999999,0.02616943564512788
1986-11-09,0.0,0.0,0.0,2.8,0.07928703999999999,0.025267041312537264
1986-11-10,0.0,0.0,0.0,2.8,0.07928703999999999,0.025267041312537264
1986-11-11,0.0,1.35,1.27,2.8,0.07928703999999999,0.025267041312537264
1986-11-12,0.0,1.01,0.42,2.7,0.07645536,0.02436464697994665
1986-11-13,0.0,0.0,0.0,2.6,0.07362368,0.023462252647356033
1986-11-14,0.0,0.0,0.0,2.5,0.070792,0.022559858314765414
1986-11-15,0.0,4.99,0.38,2.6,0.07362368,0.023462252647356033
1986-11-16,3.43,0.93,1.82,2.9,0.08211871999999999,0.02616943564512788
1986-11-17,2.58,29.97,6.68,3.2,0.09061376,0.028876618642899733
1986-11-18,36.04,2.06,33.89,3.8,0.10760383999999999,0.03429098463844343
1986-11-19,0.0,0.08,12.25,5.7,0.16140576,0.05143647695766515
1986-11-20,6.5,16.86,7.94,6.9,0.19538592000000002,0.06226520894875255
1986-11-21,6.22,0.71,2.47,6.5,0.1840592,0.05865563161839008
1986-11-22,0.0,0.0,0.06,5.5,0.1557424,0.04963168829248392
1986-11-23,0.0,0.07,0.02,5.2,0.14724736,0.046924505294712066
1986-11-24,0.0,0.0,0.0,4.8,0.13592063999999998,0.04331492796434959
1986-11-25,0.0,2.25,5.95,4.2,0.11893056,0.0379005619688059
1986-11-26,20.9,18.41,18.31,5.8,0.16423743999999998,0.05233887129025576
1986-11-27,16.08,0.1,9.97,9.9,0.28033632,0.08933703892647106
1986-11-28,10.49,16.44,12.12,12.0,0.3398016,0.108287319910874
1986-11-29,38.11,37.57,32.49,48.0,1.3592064,0.433149279643496
1986-11-30,28.18,36.41,22.78,337.0,9.5427616,3.0410689008303784
1986-12-01,9.11,4.38,6.92,835.0,23.644528,7.534992677131649
1986-12-02,0.98,2.33,1.54,848.0,24.0126464,7.652303940368429
1986-12-03,0.0,0.0,0.23,742.0,21.0110656,6.695765947822375
1986-12-04,0.0,0.0,0.0,622.0,17.6130496,5.6128927487136355
1986-12-05,0.0,0.0,0.0,508.0,14.3849344,4.584163209560333
1986-12-06,0.0,0.0,0.0,407.0,11.5249376,3.6727449336438096
1986-12-07,0.0,0.0,0.0,333.0,9.4294944,3.0049731275267533
1986-12-08,0.0,4.25,0.02,276.0,7.8154368,2.490608357950102
1986-12-09,20.4,0.7,21.45,233.0,6.5978144,2.1025787949361368
1986-12-10,25.39,27.83,34.5,257.0,7.2774176,2.319153434757885
1986-12-11,31.11,58.6,21.46,836.0,23.6728448,7.544016620457555
1986-12-12,22.27,14.63,11.99,1350.0,38.22768,12.182323489973324
1986-12-13,0.0,0.0,2.63,1500.0,42.4752,13.53591498885925
1986-12-14,0.0,0.0,0.0,1310.0,37.095008,11.821365756937078
1986-12-15,0.0,0.03,2.78,1000.0,28.3168,9.023943325906167
1986-12-16,5.99,6.52,2.62,773.0,21.8888864,6.975508190925467
1986-12-17,0.11,1.13,0.57,653.0,18.4908704,5.892634991816726
1986-12-18,0.0,2.56,0.29,560.0,15.857408,5.053408262507453
1986-12-19,3.99,1.98,3.5,469.0,13.2805792,4.232229419849992
1986-12-20,5.34,3.69,1.2,393.0,11.1285024,3.5464097270811235
1986-12-21,0.0,0.43,0.56,333.0,9.4294944,3.0049731275267533
1986-12-22,3.49,3.69,5.53,284.0,8.0419712,2.5627999045573513
1986-12-23,25.21,32.62,19.52,330.0,9.344543999999999,2.9779012975490344
1986-12-24,9.02,0.52,5.98,474.0,13.4221632,4.277349136479523
1986-12-25,0.0,0.0,0.02,472.0,13.3655296,4.25930124982771
1986-12-26,0.0,0.0,0.0,428.0,12.1195904,3.8622477434878393
1986-12-27,0.0,0.0,0.0,371.0,10.5055328,3.3478829739111875
1986-12-28,0.0,0.0,0.0,317.0,8.9764256,2.860590034312255
1986-12-29,0.0,0.0,0.0,271.0,7.6738528,2.445488641320571
1986-12-30,0.0,0.0,0.0,232.0,6.5694976,2.0935548516102305
1986-12-31,1.1,15.06,14.8,205.0,5.804944,1.849908381810764
1987-01-01,26.19,13.38,9.42,469.0,13.2805792,4.232229419849992
1987-01-02,0.0,0.0,1.5,583.0,16.5086944,5.260958959003295
1987-01-03,0.0,0.43,8.18,590.0,16.706912,5.324126562284638
1987-01-04,28.67,31.33,16.85,565.0,15.998992,5.098527979136984
1987-01-05,8.82,0.16,4.71,613.0,17.3581984,5.53167725878048
1987-01-06,0.0,0.0,0.0,622.0,17.6130496,5.6128927487136355
1987-01-07,0.0,0.0,0.0,574.0,16.2538432,5.179743469070139
1987-01-08,0.0,0.0,0.0,496.0,14.0451328,4.475875889649458
1987-01-09,0.0,0.0,5.71,420.0,11.893056,3.79005619688059
1987-01-10,17.0,15.92,8.61,399.0,11.2984032,3.6005533870365602
1987-01-11,0.0,0.0,2.23,430.0,12.176224,3.8802956301396514
1987-01-12,0.0,0.0,0.0,401.0,11.3550368,3.618601273688373
1987-01-13,0.0,0.0,0.0,356.0,10.0807808,3.212523824022595
1987-01-14,0.0,3.62,1.28,309.0,8.7498912,2.7883984877050056
1987-01-15,11.48,36.72,9.6,281.0,7.9570208,2.5357280745796325
1987-01-16,25.29,11.14,30.91,383.0,10.8453344,3.456170293822062
1987-01-17,18.25,6.82,10.84,1010.0,28.599968,9.114182759165228
1987-01-18,3.29,5.88,6.63,1200.0,33.98016,10.828731991087398
1987-01-19,17.04,12.74,8.01,1180.0,33.413824,10.648253124569276
1987-01-20,0.0,0.0,1.99,1070.0,30.298976,9.655619358719598
1987-01-21,8.08,5.74,9.64,898.0,25.4284864,8.103501106663737
1987-01-22,18.74,16.53,8.01,794.0,22.4835392,7.165011000769496
1987-01-23,0.0,0.0,1.6,748.0,21.1809664,6.749909607777812
1987-01-24,0.0,0.0,2.81,667.0,18.8873056,6.018970198379414
1987-01-25,10.24,14.44,6.64,607.0,17.1882976,5.477533598825042
1987-01-26,0.0,0.0,1.9,586.0,16.5936448,5.288030788981014
1987-01-27,0.0,0.0,0.0,531.0,15.0362208,4.791713906056175
1987-01-28,0.0,0.0,0.0,459.0,12.9974112,4.14198998659093
1987-01-29,0.0,1.03,0.06,395.0,11.185136,3.5644576137329356
1987-01-30,1.37,0.01,1.31,344.0,9.7409792,3.104236504111721
1987-01-31,0.0,0.31,0.43,304.0,8.6083072,2.7432787710754747
1987-02-01,0.0,0.0,0.18,265.0,7.503952,2.391344981365134
1987-02-02,7.58,8.62,7.18,234.0,6.6261312,2.111602738262043
1987-02-03,0.0,0.0,2.38,218.0,6.1730624,1.9672196450475443
1987-02-04,0.0,0.0,0.95,195.0,5.521776,1.7596689485517025
1987-02-05,7.04,11.04,4.7,181.0,5.1253408,1.6333337419890162
1987-02-06,3.31,1.71,2.82,189.0,5.3518752,1.7055252885962655
1987-02-07,5.79,4.85,4.4,191.0,5.4085088,1.7235731752480778
1987-02-08,2.09,1.17,1.32,208.0,5.8898944,1.8769802117884826
1987-02-09,0.0,0.0,0.0,194.0,5.4934592,1.7506450052257962
1987-02-10,0.0,0.0,0.0,173.0,4.8988064,1.5611421953817668
1987-02-11,0.0,0.0,0.0,152.0,4.3041536,1.3716393855377373
1987-02-12,0.0,0.0,0.0,133.0,3.7661344,1.20018446234552
1987-02-13,0.0,0.0,0.0,118.0,3.3413824,1.0648253124569276
1987-02-14,0.0,0.0,0.0,103.0,2.9166304,0.9294661625683351
1987-02-15,0.0,12.17,16.62,91.0,2.5768288,0.8211788426574611
1987-02-16,36.09,28.31,21.4,217.0,6.1447456,1.9581957017216383
1987-02-17,0.0,0.07,5.32,378.0,10.7037504,3.411050577192531
1987-02-18,0.0,0.0,0.01,446.0,12.6292928,4.0246787233541506
1987-02-19,0.0,0.0,0.0,429.0,12.1479072,3.8712716868137456
1987-02-20,0.0,1.33,6.24,374.0,10.5904832,3.374954803888906
1987-02-21,17.11,41.57,11.11,408.0,11.5532544,3.681768876969716
1987-02-22,22.35,30.35,29.56,502.0,14.2150336,4.530019549604895
1987-02-23,31.2,0.58,8.86,786.0,22.2570048,7.092819454162247
1987-02-24,2.12,3.23,2.39,862.0,24.4090816,7.778639146931115
1987-02-25,3.66,1.24,1.13,810.0,22.936608,7.309394093983995
1987-02-26,1.15,0.84,0.86,695.0,19.680176,6.271640611504785
1987-02-27,0.0,1.71,0.32,590.0,16.706912,5.324126562284638
1987-02-28,9.1,4.18,11.51,500.0,14.1584,4.5119716629530835
1987-03-01,16.58,19.18,3.83,526.0,14.8946368,4.746594189426644
1987-03-02,0.0,0.0,0.0,518.0,14.6681024,4.674402642819394
1987-03-03,0.0,0.0,0.0,463.0,13.1106784,4.178085759894555
1987-03-04,0.0,0.0,0.0,390.0,11.043552,3.519337897103405
1987-03-05,0.0,0.04,0.0,322.0,9.1180096,2.905709750941786
1987-03-06,0.0,0.0,0.36,266.0,7.5322688,2.40036892469104
1987-03-07,11.9,22.53,17.06,236.0,6.6827648,2.129650624913855
1987-03-08,13.8,3.35,6.37,346.0,9.7976128,3.1222843907635336
1987-03-09,2.43,1.64,0.33,392.0,11.1001856,3.537385783755217
1987-03-10,0.0,0.0,0.03,379.0,10.7320672,3.420074520518437
1987-03-11,0.0,1.94,2.76,331.0,9.3728608,2.986925240874941
1987-03-12,3.02,4.28,2.11,297.0,8.4100896,2.680111167794131
1987-03-13,0.0,0.0,0.4,267.0,7.5605856,2.4093928680169463
1987-03-14,0.0,0.0,0.0,234.0,6.6261312,2.111602738262043
1987-03-15,0.0,0.07,0.0,202.0,5.7199936,1.8228365518330454
1987-03-16,0.0,0.0,0.0,173.0,4.8988064,1.5611421953817668
1987-03-17,0.0,0.0,0.0,148.0,4.1908864,1.3355436122341127
1987-03-18,10.17,56.61,42.94,198.0,5.6067264,1.7867407785294211
1987-03-19,55.62,9.37,14.31,669.0,18.9439392,6.037018085031225
1987-03-20,0.0,0.0,0.0,802.0,22.7100736,7.237202547376746
1987-03-21,0.0,0.0,0.0,769.0,21.7756192,6.939412417621842
1987-03-22,0.0,0.0,0.0,648.0,18.3492864,5.847515275187196
1987-03-23,0.0,0.0,0.14,529.0,14.9795872,4.773666019404362
1987-03-24,0.36,1.39,1.86,422.0,11.9496896,3.808104083532402
1987-03-25,2.19,9.06,1.03,351.0,9.9391968,3.167404107393064
1987-03-26,9.94,26.49,12.06,303.0,8.5799904,2.7342548277495684
1987-03-27,24.96,15.36,23.3,308.0,8.7215744,2.7793745443790994
1987-03-28,21.71,4.21,8.87,453.0,12.8275104,4.087846326635494
1987-03-29,28.89,70.55,40.6,571.0,16.1688928,5.1526716390924205
1987-03-30,48.58,36.13,37.02,1420.0,40.209856,12.813999522786757
1987-03-31,23.75,4.47,7.92,2560.0,72.491008,23.101294914319784
1987-04-01,0.0,0.04,0.0,2650.0,75.03952,23.91344981365134
1987-04-02,0.0,0.51,0.01,1980.0,56.067264,17.86740778529421
1987-04-03,5.71,6.45,5.89,1260.0,35.679168,11.370168590641768
1987-04-04,0.0,0.0,1.97,853.0,24.1542304,7.69742365699796
1987-04-05,0.0,0.0,0.0,638.0,18.0661184,5.757275841928134
1987-04-06,0.0,0.0,0.0,495.0,14.016816,4.466851946323552
1987-04-07,0.0,0.0,0.0,391.0,11.0718688,3.5283618404293113
1987-04-08,0.0,0.0,0.0,315.0,8.919792,2.842542147660442
1987-04-09,0.0,0.0,0.0,256.0,7.2491008,2.3101294914319785
1987-04-10,0.0,0.04,0.0,208.0,5.8898944,1.8769802117884826
1987-04-11,0.0,0.0,0.01,168.0,4.7572224,1.5160224787522358
1987-04-12,0.0,0.0,0.0,135.0,3.822768,1.2182323489973323
1987-04-13,0.0,0.31,0.1,109.0,3.0865312,0.9836098225237722
1987-04-14,0.27,0.26,0.71,89.0,2.5201952,0.8031309560056488
1987-04-15,0.0,0.01,0.23,75.0,2.12376,0.6767957494429624
1987-04-16,0.0,0.13,0.09,63.0,1.7839584,0.5685084295320885
1987-04-17,0.0,0.02,0.16,51.0,1.4441568,0.4602211096212145
1987-04-18,0.0,0.04,0.04,42.0,1.1893056,0.37900561968805896
1987-04-19,0.0,0.0,0.0,35.0,0.991088,0.3158380164067158
1987-04-20,0.0,0.0,0.0,29.0,0.8211872,0.2616943564512788
1987-04-21,0.0,0.0,0.0,24.0,0.6796032,0.216574639821748
1987-04-22,0.0,0.0,0.0,20.0,0.566336,0.1804788665181233
1987-04-23,0.0,0.0,0.0,18.0,0.5097024,0.162430979866311
1987-04-24,0.0,0.0,0.0,15.0,0.424752,0.1353591498885925
1987-04-25,0.0,0.14,0.0,14.0,0.3964352,0.12633520656268632
1987-04-26,0.0,0.0,0.0,12.0,0.3398016,0.108287319910874
1987-04-27,0.0,0.0,0.0,11.0,0.3114848,0.09926337658496784
1987-04-28,0.0,0.0,0.0,9.9,0.28033632,0.08933703892647106
1987-04-29,0.0,0.0,0.0,9.0,0.2548512,0.0812154899331555
1987-04-30,0.0,0.0,0.0,8.4,0.23786112,0.0758011239376118
1987-05-01,0.0,0.0,0.0,7.8,0.22087104,0.0703867579420681
1987-05-02,0.0,0.0,0.0,7.3,0.20671264,0.06587478627911501
1987-05-03,0.0,0.0,0.0,7.0,0.1982176,0.06316760328134316
1987-05-04,0.0,0.11,0.02,6.7,0.18972256,0.06046042028357132
1987-05-05,0.0,0.34,0.61,6.8,0.19255424,0.06136281461616193
1987-05-06,0.0,8.89,0.2,13.0,0.3681184,0.11731126323678016
1987-05-07,0.0,2.66,6.48,11.0,0.3114848,0.09926337658496784
1987-05-08,8.33,3.66,2.48,9.3,0.26334624,0.08392267293092735
1987-05-09,0.0,0.01,0.11,8.3,0.23502944,0.07489872960502118
1987-05-10,0.0,3.94,2.7,7.3,0.20671264,0.06587478627911501
1987-05-11,0.35,1.91,3.34,6.7,0.18972256,0.06046042028357132
1987-05-12,11.44,4.8,9.64,6.4,0.18122752,0.057753237285799466
1987-05-13,28.95,6.77,35.33,6.2,0.17556416,0.05594844862061823
1987-05-14,0.0,14.96,11.28,6.2,0.17556416,0.05594844862061823
1987-05-15,11.54,11.34,13.23,7.0,0.1982176,0.06316760328134316
1987-05-16,6.64,8.91,8.56,13.0,0.3681184,0.11731126323678016
1987-05-17,7.91,10.3,3.33,16.0,0.4530688,0.14438309321449866
1987-05-18,0.0,3.5,5.32,16.0,0.4530688,0.14438309321449866
1987-05-19,7.18,2.26,1.64,13.0,0.3681184,0.11731126323678016
1987-05-20,0.0,1.41,0.5,11.0,0.3114848,0.09926337658496784
1987-05-21,8.33,7.11,4.36,20.0,0.566336,0.1804788665181233
1987-05-22,15.3,3.71,3.0,111.0,3.1431648,1.0016577091755845
1987-05-23,0.0,0.02,0.54,83.0,2.3502944,0.7489872960502119
1987-05-24,0.0,0.1,0.42,56.0,1.5857408,0.5053408262507453
1987-05-25,0.0,0.14,0.83,40.0,1.132672,0.3609577330362466
1987-05-26,0.0,0.02,0.23,29.0,0.8211872,0.2616943564512788
1987-05-27,0.0,1.96,0.0,21.0,0.5946528,0.18950280984402948
1987-05-28,0.0,0.77,0.06,16.0,0.4530688,0.14438309321449866
1987-05-29,0.0,0.0,0.02,13.0,0.3681184,0.11731126323678016
1987-05-30,0.0,0.0,0.0,10.0,0.283168,0.09023943325906165
1987-05-31,0.0,0.0,0.0,8.2,0.23219775999999998,0.07399633527243056
1987-06-01,0.0,0.83,0.0,6.7,0.18972256,0.06046042028357132
1987-06-02,0.0,1.0,0.38,5.8,0.16423743999999998,0.05233887129025576
1987-06-03,1.0,3.81,2.58,5.3,0.15007904,0.04782689962730268
1987-06-04,0.0,1.88,8.2,19.0,0.5380192,0.17145492319221717
1987-06-05,7.33,0.62,3.47,63.0,1.7839584,0.5685084295320885
1987-06-06,0.0,0.66,0.34,32.0,0.9061376,0.2887661864289973
1987-06-07,0.0,0.0,0.0,21.0,0.5946528,0.18950280984402948
1987-06-08,0.0,0.0,0.0,15.0,0.424752,0.1353591498885925
1987-06-09,0.0,0.0,0.0,12.0,0.3398016,0.108287319910874
1987-06-10,0.0,0.0,0.0,9.5,0.2690096,0.08572746159610858
1987-06-11,0.0,0.16,0.0,7.5,0.212376,0.06767957494429624
1987-06-12,0.0,5.52,0.46,6.5,0.1840592,0.05865563161839008
1987-06-13,8.26,30.25,13.24,7.1,0.20104928,0.06406999761393378
1987-06-14,36.0,29.32,31.0,27.0,0.7645535999999999,0.24364646979946647
1987-06-15,21.85,20.45,31.48,80.0,2.265344,0.7219154660724932
1987-06-16,28.91,21.1,38.02,91.0,2.5768288,0.8211788426574611
1987-06-17,7.86,17.04,18.73,133.0,3.7661344,1.20018446234552
1987-06-18,0.15,2.79,3.7,177.0,5.0120736,1.5972379686853915
1987-06-19,0.0,4.05,4.65,181.0,5.1253408,1.6333337419890162
1987-06-20,27.77,20.99,21.41,158.0,4.4740544,1.4257830454931744
1987-06-21,9.76,11.6,13.2,157.0,4.4457376,1.416759102167268
1987-06-22,3.39,15.12,5.09,303.0,8.5799904,2.7342548277495684
1987-06-23,17.44,14.78,22.57,535.0,15.149488,4.827809679359799
1987-06-24,8.42,5.12,8.8,865.0,24.494032,7.805710976908834
1987-06-25,3.27,4.83,6.4,864.0,24.465715199999998,7.796687033582927
1987-06-26,10.08,13.63,10.05,738.0,20.8977984,6.659670174518751
1987-06-27,9.2,1.75,3.36,618.0,17.4997824,5.576796975410011
1987-06-28,0.0,0.0,0.22,522.0,14.7813696,4.710498416123019
1987-06-29,0.0,0.13,0.23,432.0,12.232857599999999,3.8983435167914635
1987-06-30,0.0,0.4,1.48,347.0,9.8259296,3.13130833408944
1987-07-01,4.17,4.99,3.59,300.0,8.49504,2.7071829977718496
1987-07-02,0.0,14.67,3.28,248.0,7.0225664,2.237937944824729
1987-07-03,10.65,6.43,19.46,197.0,5.5784096,1.7777168352035146
1987-07-04,8.22,24.04,12.08,289.0,8.1835552,2.6079196211868823
1987-07-05,23.12,5.55,20.3,343.0,9.7126624,3.0952125607858147
1987-07-06,0.0,4.44,7.57,372.0,10.5338496,3.356906917237094
1987-07-07,7.44,3.88,6.22,355.0,10.052464,3.2034998806966892
1987-07-08,9.19,1.09,5.16,348.0,9.8542464,3.1403322774153457
1987-07-09,0.0,1.91,1.16,359.0,10.1657312,3.2395956540003135
1987-07-10,0.0,0.39,1.06,297.0,8.4100896,2.680111167794131
1987-07-11,0.0,0.02,0.59,235.0,6.6544479999999995,2.120626681587949
1987-07-12,0.0,0.45,0.08,184.0,5.2102912,1.6604055719667348
1987-07-13,0.0,6.18,0.02,135.0,3.822768,1.2182323489973323
1987-07-14,0.0,3.59,2.04,104.0,2.9449472,0.9384901058942413
1987-07-15,0.0,2.16,0.81,115.0,3.2564319999999998,1.037753482479209
1987-07-16,0.0,0.0,0.04,89.0,2.5201952,0.8031309560056488
1987-07-17,0.0,0.01,0.06,64.0,1.8122752,0.5775323728579946
1987-07-18,0.0,0.22,0.13,49.0,1.3875232,0.44217322296940215
1987-07-19,1.44,0.39,0.61,48.0,1.3592064,0.433149279643496
1987-07-20,1.97,1.77,2.36,33.0,0.9344544,0.2977901297549035
1987-07-21,0.0,1.9,0.86,25.0,0.70792,0.22559858314765416
1987-07-22,0.0,0.0,0.05,20.0,0.566336,0.1804788665181233
1987-07-23,0.0,0.0,0.04,20.0,0.566336,0.1804788665181233
1987-07-24,0.0,0.0,7.86,17.0,0.48138559999999997,0.15340703654040483
1987-07-25,0.0,6.53,2.64,14.0,0.3964352,0.12633520656268632
1987-07-26,12.14,4.48,12.18,13.0,0.3681184,0.11731126323678016
1987-07-27,2.38,2.89,4.98,18.0,0.5097024,0.162430979866311
1987-07-28,3.3,0.73,2.99,17.0,0.48138559999999997,0.15340703654040483
1987-07-29,0.0,3.22,1.25,23.0,0.6512864,0.20755069649584185
1987-07-30,0.0,7.39,0.67,32.0,0.9061376,0.2887661864289973
1987-07-31,5.63,11.32,6.23,77.0,2.1803936,0.6948436360947748
1987-08-01,0.0,8.34,2.2,96.0,2.7184128,0.866298559286992
1987-08-02,2.65,8.84,0.83,125.0,3.5396,1.1279929157382709
1987-08-03,0.0,2.76,2.66,463.0,13.1106784,4.178085759894555
1987-08-04,3.02,4.0,3.19,420.0,11.893056,3.79005619688059
1987-08-05,4.18,0.54,5.24,356.0,10.0807808,3.212523824022595
1987-08-06,0.37,2.84,3.52,277.0,7.8437536,2.499632301276008
1987-08-07,0.0,1.24,2.05,212.0,6.0031616,1.9130759850921073
1987-08-08,0.0,1.57,0.46,155.0,4.389104,1.3987112155154557
1987-08-09,0.0,0.0,0.0,109.0,3.0865312,0.9836098225237722
1987-08-10,0.0,1.65,0.0,75.0,2.12376,0.6767957494429624
1987-08-11,0.0,10.74,0.32,50.0,1.41584,0.4511971662953083
1987-08-12,33.26,30.69,31.77,33.0,0.9344544,0.2977901297549035
1987-08-13,27.56,40.75,47.06,54.0,1.5291071999999999,0.48729293959893294
1987-08-14,48.68,46.78,67.11,183.0,5.1819744,1.6513816286408283
1987-08-15,46.34,11.58,23.75,648.0,18.3492864,5.847515275187196
1987-08-16,0.68,3.67,1.86,1430.0,40.493024,12.904238956045818
1987-08-17,18.78,2.51,12.69,1780.0,50.403904,16.062619120112974
1987-08-18,0.0,2.71,4.42,1480.0,41.908864,13.355436122341127
1987-08-19,0.0,3.01,1.8,1060.0,30.015808,9.565379925460537
1987-08-20,0.0,0.0,0.58,798.0,22.5968064,7.2011067740731205
1987-08-21,0.0,0.0,0.01,647.0,18.3209696,5.83849133186129
1987-08-22,0.0,0.0,0.0,504.0,14.2716672,4.548067436256708
1987-08-23,0.0,0.0,0.01,371.0,10.5055328,3.3478829739111875
1987-08-24,0.0,0.0,0.0,269.0,7.6172192,2.427440754668759
1987-08-25,0.0,4.69,0.7,192.0,5.4368256,1.732597118573984
1987-08-26,0.0,0.0,0.23,137.0,3.8794016,1.2362802356491447
1987-08-27,0.0,0.0,0.0,97.0,2.7467296,0.8753225026128981
1987-08-28,0.0,5.64,0.29,70.0,1.982176,0.6316760328134317
1987-08-29,0.0,1.13,1.17,51.0,1.4441568,0.4602211096212145
1987-08-30,0.0,0.6,0.36,39.0,1.1043552,0.3519337897103405
1987-08-31,0.0,2.55,2.34,29.0,0.8211872,0.2616943564512788
1987-09-01,8.09,5.49,1.19,22.0,0.6229696,0.19852675316993568
1987-09-02,9.05,11.17,4.79,18.0,0.5097024,0.162430979866311
1987-09-03,0.0,5.26,1.55,16.0,0.4530688,0.14438309321449866
1987-09-04,4.47,8.71,7.37,16.0,0.4530688,0.14438309321449866
1987-09-05,18.01,20.24,17.58,39.0,1.1043552,0.3519337897103405
1987-09-06,9.04,1.62,6.77,140.0,3.964352,1.2633520656268633
1987-09-07,1.29,3.14,3.62,238.0,6.7393984,2.1476985115656677
1987-09-08,0.84,3.46,3.7,234.0,6.6261312,2.111602738262043
1987-09-09,0.0,1.23,1.21,192.0,5.4368256,1.732597118573984
1987-09-10,0.0,0.03,0.11,152.0,4.3041536,1.3716393855377373
1987-09-11,18.1,10.19,11.81,121.0,3.4263328,1.0918971424346462
1987-09-12,11.01,11.37,12.05,154.0,4.3607872,1.3896872721895497
1987-09-13,0.0,0.39,2.7,242.0,6.8526656,2.1837942848692924
1987-09-14,0.0,0.0,0.0,289.0,8.1835552,2.6079196211868823
1987-09-15,0.0,0.0,0.0,287.0,8.1269216,2.5898717345350697
1987-09-16,0.0,0.0,0.0,239.0,6.7677152,2.1567224548915735
1987-09-17,0.87,0.59,0.52,192.0,5.4368256,1.732597118573984
1987-09-18,0.0,2.0,1.45,155.0,4.389104,1.3987112155154557
1987-09-19,11.93,9.22,13.32,126.0,3.5679168,1.137016859064177
1987-09-20,5.85,0.1,4.49,110.0,3.114848,0.9926337658496782
1987-09-21,0.0,0.0,0.07,95.0,2.690096,0.8572746159610858
1987-09-22,0.0,0.0,0.0,75.0,2.12376,0.6767957494429624
1987-09-23,0.0,0.0,0.0,56.0,1.5857408,0.5053408262507453
1987-09-24,0.0,0.0,0.0,41.0,1.1609888,0.3699816763621528
1987-09-25,0.0,0.0,0.0,30.0,0.849504,0.270718299777185
1987-09-26,0.0,0.0,0.0,22.0,0.6229696,0.19852675316993568
1987-09-27,0.0,0.0,0.0,17.0,0.48138559999999997,0.15340703654040483
1987-09-28,0.0,1.46,0.05,13.0,0.3681184,0.11731126323678016
1987-09-29,0.0,3.35,2.7,10.0,0.283168,0.09023943325906165
1987-09-30,5.95,2.36,4.88,8.5,0.24069279999999998,0.07670351827020241
1987-10-01,0.0,0.0,1.33,7.1,0.20104928,0.06406999761393378
1987-10-02,0.0,0.0,0.0,6.0,0.1699008,0.054143659955437
1987-10-03,0.0,0.0,0.0,5.3,0.15007904,0.04782689962730268
1987-10-04,0.0,0.0,0.0,4.6,0.13025727999999998,0.04151013929916836
1987-10-05,0.0,0.54,0.0,4.1,0.11609887999999999,0.03699816763621528
1987-10-06,0.0,0.0,0.0,3.7,0.10477216,0.03338859030585282
1987-10-07,0.0,0.0,0.0,3.5,0.0991088,0.03158380164067158
1987-10-08,0.0,0.0,0.0,3.1,0.08778208,0.027974224310309114
1987-10-09,0.0,0.0,0.0,3.0,0.0849504,0.0270718299777185
1987-10-10,0.0,0.0,0.0,2.9,0.08211871999999999,0.02616943564512788
1987-10-11,0.0,0.0,0.0,2.8,0.07928703999999999,0.025267041312537264
1987-10-12,0.0,0.0,0.0,2.8,0.07928703999999999,0.025267041312537264
1987-10-13,0.0,0.0,0.0,2.8,0.07928703999999999,0.025267041312537264
1987-10-14,0.0,0.0,0.0,2.6,0.07362368,0.023462252647356033
1987-10-15,0.0,0.0,0.0,2.5,0.070792,0.022559858314765414
1987-10-16,0.0,0.0,0.0,2.5,0.070792,0.022559858314765414
1987-10-17,0.0,0.0,0.0,2.5,0.070792,0.022559858314765414
1987-10-18,0.0,0.0,0.0,2.5,0.070792,0.022559858314765414
1987-10-19,0.0,0.0,0.0,2.5,0.070792,0.022559858314765414
1987-10-20,0.0,0.0,0.0,2.5,0.070792,0.022559858314765414
1987-10-21,0.0,0.0,0.0,2.6,0.07362368,0.023462252647356033
1987-10-22,0.0,0.0,0.0,2.5,0.070792,0.022559858314765414
1987-10-23,0.0,0.0,0.0,2.5,0.070792,0.022559858314765414
1987-10-24,0.0,0.0,0.0,2.5,0.070792,0.022559858314765414
1987-10-25,0.0,0.0,0.0,2.6,0.07362368,0.023462252647356033
1987-10-26,0.0,0.12,0.12,2.6,0.07362368,0.023462252647356033
1987-10-27,1.0,0.31,0.21,2.6,0.07362368,0.023462252647356033
1987-10-28,0.0,0.0,0.06,2.7,0.07645536,0.02436464697994665
1987-10-29,0.0,0.0,0.0,2.8,0.07928703999999999,0.025267041312537264
1987-10-30,0.0,0.0,0.0,2.9,0.08211871999999999,0.02616943564512788
1987-10-31,0.0,0.0,0.0,3.1,0.08778208,0.027974224310309114
1987-11-01,0.0,0.0,0.0,3.4,0.09627712,0.030681407308080964
1987-11-02,0.0,0.0,0.46,4.0,0.1132672,0.036095773303624665
1987-11-03,10.93,31.4,14.77,5.0,0.141584,0.04511971662953083
1987-11-04,17.37,26.03,10.58,8.5,0.24069279999999998,0.07670351827020241
1987-11-05,3.08,0.15,2.55,9.7,0.27467295999999997,0.0875322502612898
1987-11-06,0.0,0.0,0.21,11.0,0.3114848,0.09926337658496784
1987-11-07,0.0,0.0,0.0,8.7,0.24635615999999996,0.07850830693538363
1987-11-08,0.0,0.0,0.0,7.2,0.20388096,0.06497239194652439
1987-11-09,0.0,3.48,4.64,6.7,0.18972256,0.06046042028357132
1987-11-10,2.29,2.6,1.81,8.2,0.23219775999999998,0.07399633527243056
1987-11-11,0.0,0.0,0.09,7.3,0.20671264,0.06587478627911501
1987-11-12,0.0,0.0,0.0,6.9,0.19538592000000002,0.06226520894875255
1987-11-13,0.0,0.0,0.0,7.0,0.1982176,0.06316760328134316
1987-11-14,0.0,0.0,0.0,6.8,0.19255424,0.06136281461616193
1987-11-15,0.0,0.0,0.0,6.6,0.18689087999999998,0.05955802595098069
1987-11-16,0.0,0.64,22.9,6.6,0.18689087999999998,0.05955802595098069
1987-11-17,81.88,99.78,54.58,26.0,0.7362368,0.23462252647356033
1987-11-18,3.18,2.21,15.66,117.0,3.3130656,1.0558013691310215
1987-11-19,1.85,0.7,1.13,139.0,3.9360352,1.2543281223009572
1987-11-20,0.28,0.03,0.38,154.0,4.3607872,1.3896872721895497
1987-11-21,0.0,0.0,0.0,139.0,3.9360352,1.2543281223009572
1987-11-22,0.0,0.07,0.0,118.0,3.3413824,1.0648253124569276
1987-11-23,0.0,0.09,0.0,101.0,2.8599968,0.9114182759165227
1987-11-24,0.0,0.0,0.07,86.0,2.4352448,0.7760591260279303
1987-11-25,2.15,0.18,0.11,75.0,2.12376,0.6767957494429624
1987-11-26,0.0,0.57,0.36,65.0,1.840592,0.5865563161839008
1987-11-27,5.22,3.77,1.71,59.0,1.6706912,0.5324126562284638
1987-11-28,0.0,0.21,1.15,56.0,1.5857408,0.5053408262507453
1987-11-29,0.0,0.2,0.27,53.0,1.5007904,0.4782689962730268
1987-11-30,0.0,0.0,0.29,48.0,1.3592064,0.433149279643496
1987-12-01,0.0,0.0,0.09,42.0,1.1893056,0.37900561968805896
1987-12-02,0.0,0.0,0.0,36.0,1.0194048,0.324861959732622
1987-12-03,0.0,0.0,0.0,31.0,0.8778208,0.27974224310309115
1987-12-04,0.0,0.0,0.0,28.0,0.7928704,0.25267041312537264
1987-12-05,0.0,0.0,0.0,24.0,0.6796032,0.216574639821748
1987-12-06,0.0,0.0,0.0,22.0,0.6229696,0.19852675316993568
1987-12-07,0.0,0.0,0.0,20.0,0.566336,0.1804788665181233
1987-12-08,0.0,0.0,0.0,18.0,0.5097024,0.162430979866311
1987-12-09,0.0,0.07,0.0,17.0,0.48138559999999997,0.15340703654040483
1987-12-10,0.0,0.28,1.22,16.0,0.4530688,0.14438309321449866
1987-12-11,0.0,0.01,0.41,14.0,0.3964352,0.12633520656268632
1987-12-12,0.0,0.37,0.57,13.0,0.3681184,0.11731126323678016
1987-12-13,0.0,1.21,0.19,13.0,0.3681184,0.11731126323678016
1987-12-14,0.0,1.03,0.21,12.0,0.3398016,0.108287319910874
1987-12-15,5.01,10.01,10.44,13.0,0.3681184,0.11731126323678016
1987-12-16,0.75,0.02,3.46,23.0,0.6512864,0.20755069649584185
1987-12-17,0.0,0.0,0.0,28.0,0.7928704,0.25267041312537264
1987-12-18,0.0,0.0,0.0,24.0,0.6796032,0.216574639821748
1987-12-19,0.0,0.0,0.0,21.0,0.5946528,0.18950280984402948
1987-12-20,0.0,0.09,0.0,20.0,0.566336,0.1804788665181233
1987-12-21,1.03,5.84,3.11,18.0,0.5097024,0.162430979866311
1987-12-22,7.01,2.54,2.42,17.0,0.48138559999999997,0.15340703654040483
1987-12-23,0.0,0.0,0.46,17.0,0.48138559999999997,0.15340703654040483
1987-12-24,0.0,0.0,0.0,19.0,0.5380192,0.17145492319221717
1987-12-25,0.0,0.0,0.21,20.0,0.566336,0.1804788665181233
1987-12-26,0.0,0.13,0.14,19.0,0.5380192,0.17145492319221717
1987-12-27,0.0,0.13,0.02,18.0,0.5097024,0.162430979866311
1987-12-28,0.0,0.85,1.17,17.0,0.48138559999999997,0.15340703654040483
1987-12-29,0.1,0.21,0.39,16.0,0.4530688,0.14438309321449866
1987-12-30,0.0,0.0,0.0,15.0,0.424752,0.1353591498885925
1987-12-31,0.0,0.85,2.07,14.0,0.3964352,0.12633520656268632
1988-01-01,0.5,3.07,6.32,13.0,0.3681184,0.11731126323678016
1988-01-02,1.81,5.99,6.77,13.0,0.3681184,0.11731126323678016
1988-01-03,6.65,15.3,6.72,15.0,0.424752,0.1353591498885925
1988-01-04,0.0,2.45,1.7,20.0,0.566336,0.1804788665181233
1988-01-05,0.0,0.38,0.0,27.0,0.7645535999999999,0.24364646979946647
1988-01-06,0.0,2.01,0.0,30.0,0.849504,0.270718299777185
1988-01-07,3.59,3.52,7.27,28.0,0.7928704,0.25267041312537264
1988-01-08,11.31,6.68,4.15,28.0,0.7928704,0.25267041312537264
1988-01-09,7.12,7.6,4.32,29.0,0.8211872,0.2616943564512788
1988-01-10,0.0,0.03,1.25,37.0,1.0477216,0.33388590305852817
1988-01-11,0.0,0.0,0.0,43.0,1.2176224,0.38802956301396513
1988-01-12,0.0,0.0,0.0,42.0,1.1893056,0.37900561968805896
1988-01-13,0.0,0.0,0.0,39.0,1.1043552,0.3519337897103405
1988-01-14,0.0,0.0,0.0,36.0,1.0194048,0.324861959732622
1988-01-15,0.0,0.0,0.0,32.0,0.9061376,0.2887661864289973
1988-01-16,0.0,0.0,0.93,29.0,0.8211872,0.2616943564512788
1988-01-17,3.73,9.08,1.67,26.0,0.7362368,0.23462252647356033
1988-01-18,5.53,2.49,8.36,26.0,0.7362368,0.23462252647356033
1988-01-19,9.69,2.6,8.06,32.0,0.9061376,0.2887661864289973
1988-01-20,18.63,27.97,16.69,47.0,1.3308896,0.4241253363175898
1988-01-21,9.18,0.67,5.05,116.0,3.2847488,1.0467774258051152
1988-01-22,0.0,0.0,0.03,133.0,3.7661344,1.20018446234552
1988-01-23,0.0,3.66,0.09,133.0,3.7661344,1.20018446234552
1988-01-24,2.0,1.24,3.77,125.0,3.5396,1.1279929157382709
1988-01-25,6.02,5.72,3.37,126.0,3.5679168,1.137016859064177
1988-01-26,0.0,0.0,0.71,137.0,3.8794016,1.2362802356491447
1988-01-27,0.0,0.0,0.0,132.0,3.7378176,1.191160519019614
1988-01-28,0.0,0.0,0.0,121.0,3.4263328,1.0918971424346462
1988-01-29,0.0,0.0,0.0,108.0,3.0582143999999998,0.9745858791978659
1988-01-30,0.0,0.0,0.0,96.0,2.7184128,0.866298559286992
1988-01-31,0.0,0.0,0.0,85.0,2.406928,0.7670351827020242
1988-02-01,0.0,0.0,0.0,75.0,2.12376,0.6767957494429624
1988-02-02,0.0,0.0,0.0,67.0,1.8972256,0.6046042028357131
1988-02-03,0.0,0.78,0.0,60.0,1.699008,0.54143659955437
1988-02-04,0.0,5.0,1.76,53.0,1.5007904,0.4782689962730268
1988-02-05,4.7,3.52,7.26,50.0,1.41584,0.4511971662953083
1988-02-06,6.71,3.24,3.01,54.0,1.5291071999999999,0.48729293959893294
1988-02-07,0.0,0.0,0.38,58.0,1.6423744,0.5233887129025576
1988-02-08,0.0,0.2,0.04,56.0,1.5857408,0.5053408262507453
1988-02-09,0.0,0.0,0.0,51.0,1.4441568,0.4602211096212145
1988-02-10,0.0,0.0,0.0,46.0,1.3025728,0.4151013929916837
1988-02-11,0.0,0.0,0.39,41.0,1.1609888,0.3699816763621528
1988-02-12,0.28,1.2,0.41,37.0,1.0477216,0.33388590305852817
1988-02-13,0.0,0.0,0.09,34.0,0.9627711999999999,0.30681407308080966
1988-02-14,0.0,1.33,4.41,30.0,0.849504,0.270718299777185
1988-02-15,14.68,16.84,8.27,30.0,0.849504,0.270718299777185
1988-02-16,3.19,0.0,2.27,41.0,1.1609888,0.3699816763621528
1988-02-17,0.0,0.0,1.53,43.0,1.2176224,0.38802956301396513
1988-02-18,47.17,54.12,81.53,65.0,1.840592,0.5865563161839008
1988-02-19,95.61,87.98,50.51,807.0,22.8516576,7.282322264006276
1988-02-20,28.31,7.14,14.67,1340.0,37.944511999999996,12.092084056714262
1988-02-21,8.36,0.12,2.28,1550.0,43.89104,13.987112155154557
1988-02-22,0.0,0.0,0.0,1420.0,40.209856,12.813999522786757
1988-02-23,0.0,0.0,0.0,1140.0,32.281152,10.287295391533029
1988-02-24,0.0,0.0,0.0,856.0,24.2391808,7.724495486975679
1988-02-25,0.0,0.0,0.0,665.0,18.830672,6.0009223117276
1988-02-26,0.0,0.0,0.0,532.0,15.0645376,4.80073784938208
1988-02-27,0.0,0.0,0.0,422.0,11.9496896,3.808104083532402
1988-02-28,0.0,0.0,0.0,340.0,9.627712,3.068140730808097
1988-02-29,0.0,0.0,0.0,276.0,7.8154368,2.490608357950102
1988-03-01,0.0,0.0,0.0,227.0,6.4279136,2.0484351349807
1988-03-02,0.0,15.69,0.0,186.0,5.2669248,1.678453458618547
1988-03-03,16.63,31.69,70.85,154.0,4.3607872,1.3896872721895497
1988-03-04,78.78,52.21,45.42,440.0,12.459392,3.970535063398713
1988-03-05,0.49,0.05,7.45,1240.0,35.112832,11.189689724123646
1988-03-06,0.0,0.02,0.06,1830.0,51.819744,16.513816286408286
1988-03-07,0.0,0.0,0.0,1600.0,45.30688,14.438309321449866
1988-03-08,0.0,2.57,8.73,1160.0,32.847488,10.467774258051152
1988-03-09,18.01,27.27,10.34,904.0,25.5983872,8.157644766619175
1988-03-10,8.28,3.18,3.04,845.0,23.927696,7.625232110390711
1988-03-11,0.0,0.0,0.19,711.0,20.1332448,6.416023704719284
1988-03-12,0.0,0.33,0.9,555.0,15.715824,5.008288545877922
1988-03-13,0.67,1.08,0.3,444.0,12.5726592,4.006630836702338
1988-03-14,0.0,0.0,0.0,356.0,10.0807808,3.212523824022595
1988-03-15,0.0,0.0,0.0,285.0,8.070288,2.571823847883257
1988-03-16,0.0,0.0,0.0,226.0,6.3995968,2.0394111916547937
1988-03-17,0.0,1.22,0.58,181.0,5.1253408,1.6333337419890162
1988-03-18,6.31,8.51,4.18,155.0,4.389104,1.3987112155154557
1988-03-19,5.72,0.24,1.33,152.0,4.3041536,1.3716393855377373
1988-03-20,0.0,0.0,0.0,136.0,3.8510847999999998,1.2272562923232386
1988-03-21,0.0,0.0,0.0,117.0,3.3130656,1.0558013691310215
1988-03-22,0.0,0.0,0.0,99.0,2.8033632,0.8933703892647106
1988-03-23,0.0,0.0,0.0,84.0,2.3786112,0.7580112393761179
1988-03-24,0.0,6.66,0.0,72.0,2.0388096,0.649723919465244
1988-03-25,6.57,7.1,8.67,62.0,1.7556416,0.5594844862061823
1988-03-26,12.37,13.58,11.39,75.0,2.12376,0.6767957494429624
1988-03-27,11.51,0.09,2.83,130.0,3.681184,1.1731126323678016
1988-03-28,0.0,0.0,0.0,164.0,4.6439552,1.4799267054486112
1988-03-29,0.0,0.0,0.0,156.0,4.4174208,1.407735158841362
1988-03-30,0.0,0.0,0.0,133.0,3.7661344,1.20018446234552
1988-03-31,0.0,0.0,0.0,113.0,3.1997984,1.0197055958273968
1988-04-01,0.0,0.0,0.0,95.0,2.690096,0.8572746159610858
1988-04-02,0.0,0.19,0.14,81.0,2.2936608,0.7309394093983995
1988-04-03,0.0,0.15,0.57,69.0,1.9538592,0.6226520894875255
1988-04-04,0.0,0.42,0.17,59.0,1.6706912,0.5324126562284638
1988-04-05,0.0,0.0,0.0,50.0,1.41584,0.4511971662953083
1988-04-06,0.0,0.76,0.73,43.0,1.2176224,0.38802956301396513
1988-04-07,0.0,0.04,0.28,37.0,1.0477216,0.33388590305852817
1988-04-08,0.0,0.04,0.01,30.0,0.849504,0.270718299777185
1988-04-09,0.0,0.0,0.0,24.0,0.6796032,0.216574639821748
1988-04-10,0.0,4.82,0.0,20.0,0.566336,0.1804788665181233
1988-04-11,3.45,5.17,8.4,18.0,0.5097024,0.162430979866311
1988-04-12,5.23,6.17,7.67,18.0,0.5097024,0.162430979866311
1988-04-13,5.07,0.0,1.62,23.0,0.6512864,0.20755069649584185
1988-04-14,0.0,0.0,0.0,38.0,1.0760384,0.34290984638443434
1988-04-15,0.0,0.0,0.0,38.0,1.0760384,0.34290984638443434
1988-04-16,0.0,0.0,0.0,34.0,0.9627711999999999,0.30681407308080966
1988-04-17,0.0,0.0,0.0,29.0,0.8211872,0.2616943564512788
1988-04-18,0.0,7.69,15.24,25.0,0.70792,0.22559858314765416
1988-04-19,39.79,43.22,26.34,93.0,2.6334624,0.8392267293092734
1988-04-20,0.0,0.0,7.09,174.0,4.9271232,1.5701661387076729
1988-04-21,0.0,0.0,0.0,187.0,5.2952416,1.687477401944453
1988-04-22,0.0,0.0,0.34,169.0,4.7855392,1.5250464220781421
1988-04-23,0.0,0.69,0.11,140.0,3.964352,1.2633520656268633
1988-04-24,0.0,0.75,0.39,115.0,3.2564319999999998,1.037753482479209
1988-04-25,1.0,0.72,0.98,95.0,2.690096,0.8572746159610858
1988-04-26,0.9,0.43,0.38,78.0,2.2087104,0.703867579420681
1988-04-27,0.0,0.0,0.03,62.0,1.7556416,0.5594844862061823
1988-04-28,0.0,0.33,0.0,48.0,1.3592064,0.433149279643496
1988-04-29,0.0,0.39,0.32,36.0,1.0194048,0.324861959732622
1988-04-30,7.8,10.73,11.03,27.0,0.7645535999999999,0.24364646979946647
1988-05-01,17.1,7.35,6.89,31.0,0.8778208,0.27974224310309115
1988-05-02,0.0,0.0,1.08,37.0,1.0477216,0.33388590305852817
1988-05-03,0.0,0.0,0.0,37.0,1.0477216,0.33388590305852817
1988-05-04,0.0,0.0,0.0,31.0,0.8778208,0.27974224310309115
1988-05-05,0.0,0.0,0.0,24.0,0.6796032,0.216574639821748
1988-05-06,0.0,0.74,0.0,19.0,0.5380192,0.17145492319221717
1988-05-07,0.0,0.0,0.0,15.0,0.424752,0.1353591498885925
1988-05-08,0.0,0.0,0.0,12.0,0.3398016,0.108287319910874
1988-05-09,0.0,0.0,0.0,10.0,0.283168,0.09023943325906165
1988-05-10,0.0,0.71,0.84,8.4,0.23786112,0.0758011239376118
1988-05-11,2.36,0.35,0.35,7.2,0.20388096,0.06497239194652439
1988-05-12,0.0,1.38,0.36,6.1,0.17273248,0.05504605428802761
1988-05-13,1.08,0.98,1.49,5.5,0.1557424,0.04963168829248392
1988-05-14,1.07,0.43,0.46,5.0,0.141584,0.04511971662953083
1988-05-15,0.0,0.0,0.0,4.4,0.12459392000000001,0.039705350633987134
1988-05-16,0.0,0.09,0.0,4.0,0.1132672,0.036095773303624665
1988-05-17,0.0,0.02,0.1,3.9,0.11043552,0.03519337897103405
1988-05-18,0.0,0.88,0.03,24.0,0.6796032,0.216574639821748
1988-05-19,0.0,0.02,0.0,30.0,0.849504,0.270718299777185
1988-05-20,0.0,0.0,0.0,15.0,0.424752,0.1353591498885925
1988-05-21,0.0,0.0,0.0,9.8,0.27750464,0.08843464459388044
1988-05-22,0.0,0.0,0.0,7.2,0.20388096,0.06497239194652439
1988-05-23,0.0,0.44,0.0,5.8,0.16423743999999998,0.05233887129025576
1988-05-24,0.0,2.78,1.85,4.8,0.13592063999999998,0.04331492796434959
1988-05-25,6.96,10.0,2.05,4.7,0.13308896,0.04241253363175898
1988-05-26,0.0,0.19,0.48,4.9,0.13875232,0.04421732229694022
1988-05-27,0.0,0.0,0.0,4.1,0.11609887999999999,0.03699816763621528
1988-05-28,0.0,0.0,0.0,3.8,0.10760383999999999,0.03429098463844343
1988-05-29,0.0,0.0,0.0,3.4,0.09627712,0.030681407308080964
1988-05-30,0.0,0.0,0.0,3.1,0.08778208,0.027974224310309114
1988-05-31,0.0,0.0,0.0,2.8,0.07928703999999999,0.025267041312537264
1988-06-01,0.0,0.0,0.0,2.6,0.07362368,0.023462252647356033
1988-06-02,0.0,0.21,0.0,2.4,0.06796031999999999,0.021657463982174795
1988-06-03,0.0,0.0,0.82,2.3,0.06512863999999999,0.02075506964958418
1988-06-04,0.0,17.63,0.72,2.2,0.062296960000000005,0.019852675316993567
1988-06-05,14.59,7.32,11.01,2.6,0.07362368,0.023462252647356033
1988-06-06,17.41,4.58,8.9,3.6,0.10194048,0.032486195973262195
1988-06-07,16.83,1.33,3.28,4.7,0.13308896,0.04241253363175898
1988-06-08,10.85,2.48,1.48,5.6,0.15857407999999998,0.05053408262507453
1988-06-09,2.55,0.05,2.72,4.7,0.13308896,0.04241253363175898
1988-06-10,0.0,0.03,0.8,3.9,0.11043552,0.03519337897103405
1988-06-11,0.0,0.0,0.0,3.6,0.10194048,0.032486195973262195
1988-06-12,0.0,0.0,0.0,3.1,0.08778208,0.027974224310309114
1988-06-13,0.0,0.0,0.0,2.8,0.07928703999999999,0.025267041312537264
1988-06-14,0.0,0.0,0.0,2.6,0.07362368,0.023462252647356033
1988-06-15,0.0,0.0,0.0,2.4,0.06796031999999999,0.021657463982174795
1988-06-16,0.0,0.0,0.0,2.3,0.06512863999999999,0.02075506964958418
1988-06-17,0.0,0.0,0.0,2.1,0.05946528,0.01895028098440295
1988-06-18,0.0,0.33,0.0,2.0,0.0566336,0.018047886651812332
1988-06-19,0.0,1.9,2.64,2.0,0.0566336,0.018047886651812332
1988-06-20,12.34,1.44,1.33,2.0,0.0566336,0.018047886651812332
1988-06-21,0.0,1.59,2.13,2.2,0.062296960000000005,0.019852675316993567
1988-06-22,0.0,0.0,0.79,2.2,0.062296960000000005,0.019852675316993567
1988-06-23,0.0,0.0,0.05,2.2,0.062296960000000005,0.019852675316993567
1988-06-24,0.0,0.1,0.0,2.2,0.062296960000000005,0.019852675316993567
1988-06-25,0.0,4.5,2.63,2.4,0.06796031999999999,0.021657463982174795
1988-06-26,15.07,8.49,12.78,2.5,0.070792,0.022559858314765414
1988-06-27,1.71,2.97,4.1,2.1,0.05946528,0.01895028098440295
1988-06-28,0.0,0.77,0.88,2.3,0.06512863999999999,0.02075506964958418
1988-06-29,0.0,6.74,0.31,3.2,0.09061376,0.028876618642899733
1988-06-30,0.0,10.12,5.62,2.7,0.07645536,0.02436464697994665
1988-07-01,12.12,6.83,9.62,2.6,0.07362368,0.023462252647356033
1988-07-02,10.93,2.74,15.16,2.9,0.08211871999999999,0.02616943564512788
1988-07-03,15.81,36.28,6.81,2.9,0.08211871999999999,0.02616943564512788
1988-07-04,3.98,0.94,1.08,4.4,0.12459392000000001,0.039705350633987134
1988-07-05,0.0,0.23,0.07,3.7,0.10477216,0.03338859030585282
1988-07-06,0.0,0.01,0.0,3.4,0.09627712,0.030681407308080964
1988-07-07,0.0,0.0,0.0,2.9,0.08211871999999999,0.02616943564512788
1988-07-08,0.0,0.0,0.0,2.4,0.06796031999999999,0.021657463982174795
1988-07-09,0.0,0.0,0.0,2.1,0.05946528,0.01895028098440295
1988-07-10,0.0,5.55,2.53,1.9,0.053801919999999996,0.017145492319221713
1988-07-11,6.86,10.31,10.43,2.8,0.07928703999999999,0.025267041312537264
1988-07-12,6.41,2.14,3.68,3.2,0.09061376,0.028876618642899733
1988-07-13,0.0,9.3,0.16,2.3,0.06512863999999999,0.02075506964958418
1988-07-14,0.0,3.92,3.34,2.1,0.05946528,0.01895028098440295
1988-07-15,0.0,6.17,16.08,2.5,0.070792,0.022559858314765414
1988-07-16,22.99,20.99,13.03,2.4,0.06796031999999999,0.021657463982174795
1988-07-17,21.22,4.21,5.38,2.0,0.0566336,0.018047886651812332
1988-07-18,0.0,1.05,0.97,2.2,0.062296960000000005,0.019852675316993567
1988-07-19,0.0,4.71,0.9,2.7,0.07645536,0.02436464697994665
1988-07-20,1.23,0.23,1.79,2.2,0.062296960000000005,0.019852675316993567
1988-07-21,0.0,7.36,2.47,2.1,0.05946528,0.01895028098440295
1988-07-22,16.8,14.92,16.35,5.5,0.1557424,0.04963168829248392
1988-07-23,8.13,8.43,7.27,8.4,0.23786112,0.0758011239376118
1988-07-24,8.04,7.02,1.43,11.0,0.3114848,0.09926337658496784
1988-07-25,0.0,15.15,1.15,18.0,0.5097024,0.162430979866311
1988-07-26,0.0,14.13,23.34,18.0,0.5097024,0.162430979866311
1988-07-27,0.0,7.63,11.43,13.0,0.3681184,0.11731126323678016
1988-07-28,3.59,0.3,1.89,10.0,0.283168,0.09023943325906165
1988-07-29,0.0,0.12,1.36,8.2,0.23219775999999998,0.07399633527243056
1988-07-30,3.1,12.55,2.67,9.5,0.2690096,0.08572746159610858
1988-07-31,11.76,5.55,11.11,10.0,0.283168,0.09023943325906165
1988-08-01,12.41,9.38,15.59,12.0,0.3398016,0.108287319910874
1988-08-02,6.51,2.33,7.3,43.0,1.2176224,0.38802956301396513
1988-08-03,16.42,9.58,6.36,33.0,0.9344544,0.2977901297549035
1988-08-04,0.0,0.15,2.74,24.0,0.6796032,0.216574639821748
1988-08-05,0.0,0.2,0.6,19.0,0.5380192,0.17145492319221717
1988-08-06,0.0,0.36,0.15,16.0,0.4530688,0.14438309321449866
1988-08-07,0.0,0.01,0.02,13.0,0.3681184,0.11731126323678016
1988-08-08,0.0,0.69,0.06,11.0,0.3114848,0.09926337658496784
1988-08-09,9.96,1.81,4.38,9.3,0.26334624,0.08392267293092735
1988-08-10,4.96,1.06,2.12,33.0,0.9344544,0.2977901297549035
1988-08-11,3.12,2.53,0.97,143.0,4.0493024,1.290423895604582
1988-08-12,11.92,3.5,3.81,192.0,5.4368256,1.732597118573984
1988-08-13,0.0,1.08,1.29,130.0,3.681184,1.1731126323678016
1988-08-14,17.16,21.74,13.64,96.0,2.7184128,0.866298559286992
1988-08-15,43.63,27.0,27.42,249.0,7.0508831999999995,2.2469618881506355
1988-08-16,11.06,5.94,10.26,801.0,22.6817568,7.2281786040508385
1988-08-17,3.77,1.55,2.07,973.0,27.5522464,8.7802968561067
1988-08-18,0.0,0.0,0.4,781.0,22.1154208,7.0476997375327155
1988-08-19,0.0,0.0,0.0,553.0,15.6591904,4.99024065922611
1988-08-20,0.0,4.05,1.25,409.0,11.581571199999999,3.6907928202956217
1988-08-21,4.0,4.8,2.63,364.0,10.3073152,3.2847153706298444
1988-08-22,0.12,0.36,0.82,478.0,13.5354304,4.313444909783147
1988-08-23,0.0,7.75,0.07,504.0,14.2716672,4.548067436256708
1988-08-24,10.62,8.95,21.18,415.0,11.751472,3.744936480251059
1988-08-25,7.63,3.43,9.72,342.0,9.6843456,3.086188617459909
1988-08-26,0.0,2.54,1.03,286.0,8.0986048,2.580847791209164
1988-08-27,0.52,11.91,8.03,241.0,6.8243488,2.174770341543386
1988-08-28,5.02,6.18,2.72,224.0,6.3429632,2.021363305002981
1988-08-29,0.0,2.03,0.02,214.0,6.0597952,1.9311238717439196
1988-08-30,0.0,10.73,8.95,177.0,5.0120736,1.5972379686853915
1988-08-31,29.08,10.34,5.39,199.0,5.6350432,1.7957647218553272
1988-09-01,20.01,4.59,5.11,336.0,9.5144448,3.0320449575044717
1988-09-02,0.0,6.51,3.91,346.0,9.7976128,3.1222843907635336
1988-09-03,10.63,3.91,3.94,301.0,8.5233568,2.7162069410977563
1988-09-04,29.81,18.17,29.91,258.0,7.3057343999999995,2.3281773780837907
1988-09-05,62.39,50.55,26.75,632.0,17.8962176,5.7031321819726974
1988-09-06,0.0,2.63,5.71,1000.0,28.3168,9.023943325906167
1988-09-07,0.0,1.96,0.1,924.0,26.1647232,8.338123633137299
1988-09-08,3.06,17.68,2.71,708.0,20.0482944,6.388951874741566
1988-09-09,21.3,21.19,40.12,603.0,17.0750304,5.441437825521418
1988-09-10,60.91,5.32,13.58,742.0,21.0110656,6.695765947822375
1988-09-11,0.0,0.01,0.23,797.0,22.5684896,7.192082830747214
1988-09-12,0.0,0.0,0.02,705.0,19.963344,6.361880044763847
1988-09-13,0.0,0.0,0.0,571.0,16.1688928,5.1526716390924205
1988-09-14,0.0,0.28,0.0,441.0,12.4877088,3.9795590067246196
1988-09-15,0.0,1.01,6.79,340.0,9.627712,3.068140730808097
1988-09-16,15.97,8.47,6.17,265.0,7.503952,2.391344981365134
1988-09-17,7.24,1.07,1.94,213.0,6.0314784,1.9220999284180136
1988-09-18,1.84,1.64,0.93,183.0,5.1819744,1.6513816286408283
1988-09-19,0.0,0.0,0.26,179.0,5.0687071999999995,1.6152858553372036
1988-09-20,0.0,2.54,0.01,339.0,9.5993952,3.0591167874821905
1988-09-21,0.0,0.0,0.0,328.0,9.2879104,2.9598534108972223
1988-09-22,0.0,0.0,0.0,298.0,8.4384064,2.6891351111200374
1988-09-23,0.0,3.55,0.0,233.0,6.5978144,2.1025787949361368
1988-09-24,0.0,0.32,0.05,177.0,5.0120736,1.5972379686853915
1988-09-25,0.0,3.43,1.11,135.0,3.822768,1.2182323489973323
1988-09-26,1.58,5.39,1.73,104.0,2.9449472,0.9384901058942413
1988-09-27,0.63,5.84,0.46,162.0,4.5873216,1.461878818796799
1988-09-28,0.0,0.0,0.0,174.0,4.9271232,1.5701661387076729
1988-09-29,0.0,1.7,0.58,156.0,4.4174208,1.407735158841362
1988-09-30,0.0,4.89,8.35,131.0,3.7095008,1.1821365756937077
1988-10-01,0.0,1.91,2.86,113.0,3.1997984,1.0197055958273968
1988-10-02,0.0,19.19,5.92,99.0,2.8033632,0.8933703892647106
1988-10-03,28.83,20.84,28.78,367.0,10.3922656,3.3117872006075633
1988-10-04,11.57,0.05,9.23,853.0,24.1542304,7.69742365699796
1988-10-05,0.0,0.0,0.1,1040.0,29.449472,9.384901058942413
1988-10-06,0.0,0.0,0.0,906.0,25.6550208,8.175692653270987
1988-10-07,0.0,0.0,0.0,689.0,19.5102752,6.217496951549348
1988-10-08,0.0,0.0,0.0,516.0,14.611468799999999,4.656354756167581
1988-10-09,0.0,0.0,0.0,378.0,10.7037504,3.411050577192531
1988-10-10,0.0,0.0,0.0,283.0,8.0136544,2.553775961231445
1988-10-11,0.0,0.0,0.0,215.0,6.088112,1.9401478150698257
1988-10-12,0.0,0.0,0.0,163.0,4.6156384,1.470902762122705
1988-10-13,0.0,0.0,0.0,122.0,3.4546495999999998,1.1009210857605523
1988-10-14,0.0,0.0,0.0,89.0,2.5201952,0.8031309560056488
1988-10-15,0.0,0.0,0.0,65.0,1.840592,0.5865563161839008
1988-10-16,0.0,0.0,0.0,49.0,1.3875232,0.44217322296940215
1988-10-17,0.0,0.0,0.0,37.0,1.0477216,0.33388590305852817
1988-10-18,0.0,0.0,0.0,29.0,0.8211872,0.2616943564512788
1988-10-19,0.0,0.0,0.0,22.0,0.6229696,0.19852675316993568
1988-10-20,0.0,0.0,0.11,19.0,0.5380192,0.17145492319221717
1988-10-21,0.0,0.66,0.48,16.0,0.4530688,0.14438309321449866
1988-10-22,0.0,0.0,0.16,13.0,0.3681184,0.11731126323678016
1988-10-23,0.0,0.0,0.0,12.0,0.3398016,0.108287319910874
1988-10-24,0.0,0.0,0.0,10.0,0.283168,0.09023943325906165
1988-10-25,0.0,0.0,0.0,9.2,0.26051455999999995,0.08302027859833672
1988-10-26,0.0,2.25,0.0,8.2,0.23219775999999998,0.07399633527243056
1988-10-27,0.0,0.0,4.39,7.4,0.20954432,0.06677718061170564
1988-10-28,0.0,0.21,1.48,8.2,0.23219775999999998,0.07399633527243056
1988-10-29,0.0,6.03,2.18,9.3,0.26334624,0.08392267293092735
1988-10-30,0.0,0.87,1.71,14.0,0.3964352,0.12633520656268632
1988-10-31,1.23,0.47,0.46,32.0,0.9061376,0.2887661864289973
1988-11-01,0.0,0.08,0.04,24.0,0.6796032,0.216574639821748
1988-11-02,0.0,0.0,0.0,20.0,0.566336,0.1804788665181233
1988-11-03,0.0,3.07,0.01,18.0,0.5097024,0.162430979866311
1988-11-04,1.42,1.8,7.18,16.0,0.4530688,0.14438309321449866
1988-11-05,19.9,18.61,10.48,45.0,1.274256,0.4060774496657775
1988-11-06,0.0,0.0,2.7,102.0,2.8883136,0.920442219242429
1988-11-07,0.0,0.0,0.0,82.0,2.3219776,0.7399633527243056
1988-11-08,0.0,0.0,0.0,73.0,2.0671264,0.65874786279115
1988-11-09,0.0,0.0,0.0,63.0,1.7839584,0.5685084295320885
1988-11-10,0.0,0.0,0.0,54.0,1.5291071999999999,0.48729293959893294
1988-11-11,0.0,0.0,0.0,45.0,1.274256,0.4060774496657775
1988-11-12,0.0,0.0,0.02,38.0,1.0760384,0.34290984638443434
1988-11-13,0.0,0.01,0.01,32.0,0.9061376,0.2887661864289973
1988-11-14,0.0,0.0,0.0,28.0,0.7928704,0.25267041312537264
1988-11-15,0.0,0.0,0.0,25.0,0.70792,0.22559858314765416
1988-11-16,0.0,1.16,2.52,22.0,0.6229696,0.19852675316993568
1988-11-17,7.48,9.06,1.76,20.0,0.566336,0.1804788665181233
1988-11-18,0.0,0.0,0.31,18.0,0.5097024,0.162430979866311
1988-11-19,0.0,0.16,0.0,16.0,0.4530688,0.14438309321449866
1988-11-20,0.0,12.46,8.16,16.0,0.4530688,0.14438309321449866
1988-11-21,10.86,0.0,2.78,28.0,0.7928704,0.25267041312537264
1988-11-22,2.8,3.52,2.18,40.0,1.132672,0.3609577330362466
1988-11-23,2.32,0.31,0.72,43.0,1.2176224,0.38802956301396513
1988-11-24,0.0,0.0,0.0,41.0,1.1609888,0.3699816763621528
1988-11-25,0.0,0.0,0.0,36.0,1.0194048,0.324861959732622
1988-11-26,0.0,0.0,0.15,31.0,0.8778208,0.27974224310309115
1988-11-27,26.44,17.33,25.97,29.0,0.8211872,0.2616943564512788
1988-11-28,2.44,1.17,8.64,105.0,2.973264,0.9475140492201475
1988-11-29,0.0,0.0,0.0,190.0,5.380192,1.7145492319221716
1988-11-30,0.0,0.16,0.0,190.0,5.380192,1.7145492319221716
1988-12-01,0.0,0.0,0.0,162.0,4.5873216,1.461878818796799
1988-12-02,0.0,0.0,0.0,131.0,3.7095008,1.1821365756937077
1988-12-03,0.0,0.0,0.0,107.0,3.0298976,0.9655619358719598
1988-12-04,0.0,0.0,0.0,88.0,2.4918784,0.7941070126797427
1988-12-05,0.0,0.0,0.0,75.0,2.12376,0.6767957494429624
1988-12-06,0.0,0.0,0.0,63.0,1.7839584,0.5685084295320885
1988-12-07,0.0,0.0,0.0,53.0,1.5007904,0.4782689962730268
1988-12-08,0.0,0.0,0.0,45.0,1.274256,0.4060774496657775
1988-12-09,0.0,0.0,0.0,39.0,1.1043552,0.3519337897103405
1988-12-10,0.0,5.23,2.24,34.0,0.9627711999999999,0.30681407308080966
1988-12-11,14.7,22.38,15.21,34.0,0.9627711999999999,0.30681407308080966
1988-12-12,11.0,1.03,7.36,61.0,1.7273247999999999,0.5504605428802761
1988-12-13,0.0,0.55,0.85,82.0,2.3219776,0.7399633527243056
1988-12-14,0.0,0.0,0.0,86.0,2.4352448,0.7760591260279303
1988-12-15,0.0,0.3,0.45,80.0,2.265344,0.7219154660724932
1988-12-16,1.04,1.04,0.72,74.0,2.0954432,0.6677718061170563
1988-12-17,0.0,0.0,0.19,68.0,1.9255423999999999,0.6136281461616193
1988-12-18,0.0,0.0,0.0,60.0,1.699008,0.54143659955437
1988-12-19,0.0,0.0,0.0,52.0,1.4724736,0.46924505294712066
1988-12-20,0.0,0.0,0.0,45.0,1.274256,0.4060774496657775
1988-12-21,0.0,0.23,0.15,40.0,1.132672,0.3609577330362466
1988-12-22,0.0,0.0,0.05,36.0,1.0194048,0.324861959732622
1988-12-23,0.0,0.0,0.0,32.0,0.9061376,0.2887661864289973
1988-12-24,0.0,0.0,0.0,29.0,0.8211872,0.2616943564512788
1988-12-25,0.0,0.0,0.0,27.0,0.7645535999999999,0.24364646979946647
1988-12-26,0.0,0.0,0.0,24.0,0.6796032,0.216574639821748
1988-12-27,0.0,0.0,0.12,22.0,0.6229696,0.19852675316993568
1988-12-28,0.0,3.38,0.73,20.0,0.566336,0.1804788665181233
1988-12-29,3.51,0.01,0.3,20.0,0.566336,0.1804788665181233
1988-12-30,0.0,0.14,0.02,19.0,0.5380192,0.17145492319221717
1988-12-31,1.75,0.69,0.28,19.0,0.5380192,0.17145492319221717
1989-01-01,1.73,0.54,0.52,20.0,0.566336,0.1804788665181233
1989-01-02,0.0,0.0,0.16,23.0,0.6512864,0.20755069649584185
1989-01-03,0.0,0.05,0.01,23.0,0.6512864,0.20755069649584185
1989-01-04,0.0,0.0,0.0,22.0,0.6229696,0.19852675316993568
1989-01-05,0.0,0.0,0.0,20.0,0.566336,0.1804788665181233
1989-01-06,0.0,0.0,0.0,18.0,0.5097024,0.162430979866311
1989-01-07,0.0,0.0,0.0,16.0,0.4530688,0.14438309321449866
1989-01-08,0.0,0.0,0.0,15.0,0.424752,0.1353591498885925
1989-01-09,0.0,0.0,0.0,14.0,0.3964352,0.12633520656268632
1989-01-10,0.0,0.0,0.0,13.0,0.3681184,0.11731126323678016
1989-01-11,0.0,0.0,0.0,12.0,0.3398016,0.108287319910874
1989-01-12,0.0,0.17,0.28,11.0,0.3114848,0.09926337658496784
1989-01-13,0.0,1.25,0.61,11.0,0.3114848,0.09926337658496784
1989-01-14,0.54,0.05,0.19,10.0,0.283168,0.09023943325906165
1989-01-15,0.0,0.17,2.6,9.7,0.27467295999999997,0.0875322502612898
1989-01-16,0.0,3.05,0.86,8.9,0.25201952,0.08031309560056488
1989-01-17,0.0,0.0,0.0,8.1,0.22936608,0.07309394093983995
1989-01-18,0.0,0.0,0.0,7.3,0.20671264,0.06587478627911501
1989-01-19,0.0,0.1,0.0,6.6,0.18689087999999998,0.05955802595098069
1989-01-20,0.0,3.1,2.45,6.2,0.17556416,0.05594844862061823
1989-01-21,5.2,1.25,0.88,6.4,0.18122752,0.057753237285799466
1989-01-22,2.4,3.99,2.69,7.4,0.20954432,0.06677718061170564
1989-01-23,0.0,0.0,0.89,8.7,0.24635615999999996,0.07850830693538363
1989-01-24,0.0,0.68,0.0,8.8,0.24918784000000002,0.07941070126797427
1989-01-25,0.0,0.0,0.0,7.9,0.22370272,0.07128915227465871
1989-01-26,0.0,0.0,0.0,7.2,0.20388096,0.06497239194652439
1989-01-27,0.0,0.0,0.0,6.5,0.1840592,0.05865563161839008
1989-01-28,0.0,0.0,0.0,6.0,0.1699008,0.054143659955437
1989-01-29,0.0,0.11,0.0,5.4,0.15291072,0.0487292939598933
1989-01-30,0.0,0.7,1.62,4.9,0.13875232,0.04421732229694022
1989-01-31,0.0,0.01,0.54,4.5,0.1274256,0.04060774496657775
1989-02-01,0.0,0.0,0.0,4.1,0.11609887999999999,0.03699816763621528
1989-02-02,0.0,0.0,0.0,3.9,0.11043552,0.03519337897103405
1989-02-03,0.0,0.52,0.0,3.5,0.0991088,0.03158380164067158
1989-02-04,0.0,0.14,0.0,3.3,0.09344543999999999,0.029779012975490345
1989-02-05,0.0,0.82,0.0,3.2,0.09061376,0.028876618642899733
1989-02-06,0.0,2.97,1.08,3.0,0.0849504,0.0270718299777185
1989-02-07,4.48,7.58,6.42,3.0,0.0849504,0.0270718299777185
1989-02-08,2.92,0.0,2.02,2.8,0.07928703999999999,0.025267041312537264
1989-02-09,0.0,0.0,0.0,2.7,0.07645536,0.02436464697994665
1989-02-10,0.0,0.0,0.0,2.7,0.07645536,0.02436464697994665
1989-02-11,0.0,0.0,0.0,2.5,0.070792,0.022559858314765414
1989-02-12,0.0,0.0,0.0,2.5,0.070792,0.022559858314765414
1989-02-13,0.0,0.0,0.0,2.3,0.06512863999999999,0.02075506964958418
1989-02-14,0.0,0.0,0.0,2.3,0.06512863999999999,0.02075506964958418
1989-02-15,0.0,0.0,0.0,2.2,0.062296960000000005,0.019852675316993567
1989-02-16,0.0,0.66,0.0,2.1,0.05946528,0.01895028098440295
1989-02-17,0.0,0.0,0.0,2.0,0.0566336,0.018047886651812332
1989-02-18,0.0,0.0,0.0,1.9,0.053801919999999996,0.017145492319221713
1989-02-19,0.0,0.0,0.0,1.8,0.05097024,0.016243097986631098
1989-02-20,0.0,0.81,0.23,1.8,0.05097024,0.016243097986631098
1989-02-21,27.34,51.52,46.77,7.3,0.20671264,0.06587478627911501
1989-02-22,35.19,6.73,16.08,73.0,2.0671264,0.65874786279115
1989-02-23,0.0,0.0,0.17,104.0,2.9449472,0.9384901058942413
1989-02-24,0.0,0.0,0.0,103.0,2.9166304,0.9294661625683351
1989-02-25,0.0,0.0,0.0,89.0,2.5201952,0.8031309560056488
1989-02-26,0.0,0.0,0.0,75.0,2.12376,0.6767957494429624
1989-02-27,0.0,0.22,0.79,66.0,1.8689088,0.595580259509807
1989-02-28,0.0,1.53,1.01,57.0,1.6140576,0.5143647695766514
1989-03-01,0.0,1.98,1.62,49.0,1.3875232,0.44217322296940215
1989-03-02,16.38,10.27,12.45,44.0,1.2459392,0.39705350633987135
1989-03-03,19.11,7.79,4.01,65.0,1.840592,0.5865563161839008
1989-03-04,0.02,0.0,0.2,82.0,2.3219776,0.7399633527243056
1989-03-05,0.0,0.01,0.2,87.0,2.4635616,0.7850830693538364
1989-03-06,0.0,0.11,0.07,81.0,2.2936608,0.7309394093983995
1989-03-07,0.0,0.0,0.01,71.0,2.0104928,0.6406999761393378
1989-03-08,0.0,0.0,0.02,60.0,1.699008,0.54143659955437
1989-03-09,0.0,0.09,0.01,51.0,1.4441568,0.4602211096212145
1989-03-10,0.0,0.0,0.0,43.0,1.2176224,0.38802956301396513
1989-03-11,0.0,0.0,0.0,37.0,1.0477216,0.33388590305852817
1989-03-12,0.0,0.0,0.0,31.0,0.8778208,0.27974224310309115
1989-03-13,0.0,0.0,0.0,26.0,0.7362368,0.23462252647356033
1989-03-14,0.0,0.0,0.0,22.0,0.6229696,0.19852675316993568
1989-03-15,0.0,0.0,0.0,19.0,0.5380192,0.17145492319221717
1989-03-16,0.0,3.46,1.6,16.0,0.4530688,0.14438309321449866
1989-03-17,0.0,0.09,0.56,14.0,0.3964352,0.12633520656268632
1989-03-18,0.0,0.01,0.01,12.0,0.3398016,0.108287319910874
1989-03-19,0.0,0.0,0.0,11.0,0.3114848,0.09926337658496784
1989-03-20,0.0,0.02,0.0,9.8,0.27750464,0.08843464459388044
1989-03-21,0.0,24.56,28.63,14.0,0.3964352,0.12633520656268632
1989-03-22,35.69,21.66,32.16,95.0,2.690096,0.8572746159610858
1989-03-23,42.3,47.6,17.93,289.0,8.1835552,2.6079196211868823
1989-03-24,11.19,0.1,3.49,473.0,13.3938464,4.268325193153617
1989-03-25,0.0,0.0,0.01,564.0,15.9706752,5.089504035811078
1989-03-26,0.0,0.0,0.0,518.0,14.6681024,4.674402642819394
1989-03-27,0.0,0.0,0.0,438.0,12.4027584,3.9524871767469008
1989-03-28,0.0,0.04,0.0,366.0,10.3639488,3.3027632572816565
1989-03-29,0.0,1.24,2.66,302.0,8.551673599999999,2.725230884423662
1989-03-30,9.32,8.59,4.6,258.0,7.3057343999999995,2.3281773780837907
1989-03-31,0.0,0.0,1.24,239.0,6.7677152,2.1567224548915735
1989-04-01,0.0,0.0,0.0,215.0,6.088112,1.9401478150698257
1989-04-02,0.0,0.0,0.0,177.0,5.0120736,1.5972379686853915
1989-04-03,0.0,0.0,0.0,139.0,3.9360352,1.2543281223009572
1989-04-04,0.0,0.2,0.09,108.0,3.0582143999999998,0.9745858791978659
1989-04-05,3.79,7.22,5.98,83.0,2.3502944,0.7489872960502119
1989-04-06,11.31,0.0,1.98,67.0,1.8972256,0.6046042028357131
1989-04-07,0.0,0.0,0.0,55.0,1.557424,0.4963168829248391
1989-04-08,0.0,0.46,0.07,43.0,1.2176224,0.38802956301396513
1989-04-09,10.64,7.22,13.62,34.0,0.9627711999999999,0.30681407308080966
1989-04-10,2.18,3.27,5.94,27.0,0.7645535999999999,0.24364646979946647
1989-04-11,2.28,0.3,0.86,24.0,0.6796032,0.216574639821748
1989-04-12,0.0,0.0,0.13,20.0,0.566336,0.1804788665181233
1989-04-13,0.0,0.04,0.0,17.0,0.48138559999999997,0.15340703654040483
1989-04-14,0.0,0.0,7.83,14.0,0.3964352,0.12633520656268632
1989-04-15,12.36,16.9,7.17,13.0,0.3681184,0.11731126323678016
1989-04-16,0.53,0.03,1.52,19.0,0.5380192,0.17145492319221717
1989-04-17,0.0,0.0,0.0,25.0,0.70792,0.22559858314765416
1989-04-18,0.0,9.54,18.84,24.0,0.6796032,0.216574639821748
1989-04-19,0.0,1.31,6.28,20.0,0.566336,0.1804788665181233
1989-04-20,0.0,0.63,1.39,22.0,0.6229696,0.19852675316993568
1989-04-21,0.0,0.06,0.46,19.0,0.5380192,0.17145492319221717
1989-04-22,0.0,0.0,0.0,15.0,0.424752,0.1353591498885925
1989-04-23,0.0,0.0,0.0,13.0,0.3681184,0.11731126323678016
1989-04-24,0.0,0.0,0.0,11.0,0.3114848,0.09926337658496784
1989-04-25,0.0,0.0,0.0,8.5,0.24069279999999998,0.07670351827020241
1989-04-26,0.0,0.0,0.0,6.9,0.19538592000000002,0.06226520894875255
1989-04-27,0.0,0.37,0.0,5.7,0.16140576,0.05143647695766515
1989-04-28,0.0,0.0,0.72,4.6,0.13025727999999998,0.04151013929916836
1989-04-29,0.0,3.08,3.89,3.7,0.10477216,0.03338859030585282
1989-04-30,5.66,3.81,3.3,3.3,0.09344543999999999,0.029779012975490345
1989-05-01,16.37,18.47,18.35,5.1,0.14441568,0.04602211096212144
1989-05-02,11.18,0.26,5.89,13.0,0.3681184,0.11731126323678016
1989-05-03,0.0,0.0,0.0,10.0,0.283168,0.09023943325906165
1989-05-04,0.0,0.0,0.0,8.9,0.25201952,0.08031309560056488
1989-05-05,0.0,1.16,0.4,7.0,0.1982176,0.06316760328134316
1989-05-06,0.0,1.24,3.28,5.5,0.1557424,0.04963168829248392
1989-05-07,0.0,0.0,1.05,4.0,0.1132672,0.036095773303624665
1989-05-08,0.0,0.0,0.0,3.0,0.0849504,0.0270718299777185
1989-05-09,0.0,0.5,1.59,2.5,0.070792,0.022559858314765414
1989-05-10,14.64,22.63,12.99,3.2,0.09061376,0.028876618642899733
1989-05-11,30.79,0.35,4.15,4.1,0.11609887999999999,0.03699816763621528
1989-05-12,0.0,0.0,0.02,3.2,0.09061376,0.028876618642899733
1989-05-13,0.0,0.05,0.01,2.4,0.06796031999999999,0.021657463982174795
1989-05-14,0.0,0.0,0.0,2.1,0.05946528,0.01895028098440295
1989-05-15,0.0,0.37,0.0,1.9,0.053801919999999996,0.017145492319221713
1989-05-16,0.0,0.0,0.0,1.7,0.04813856,0.015340703654040482
1989-05-17,0.0,0.0,0.0,1.5,0.0424752,0.01353591498885925
1989-05-18,0.0,0.0,0.0,1.2,0.033980159999999995,0.010828731991087397
1989-05-19,0.0,0.0,0.0,1.1,0.031148480000000003,0.009926337658496783
1989-05-20,0.0,16.8,5.15,1.0,0.0283168,0.009023943325906166
1989-05-21,25.96,10.98,15.74,2.9,0.08211871999999999,0.02616943564512788
1989-05-22,12.66,40.15,5.62,5.1,0.14441568,0.04602211096212144
1989-05-23,24.04,12.46,38.42,4.4,0.12459392000000001,0.039705350633987134
1989-05-24,41.58,19.36,14.16,17.0,0.48138559999999997,0.15340703654040483
1989-05-25,0.0,0.0,0.48,23.0,0.6512864,0.20755069649584185
1989-05-26,0.0,0.0,0.0,14.0,0.3964352,0.12633520656268632
1989-05-27,0.0,0.0,0.0,11.0,0.3114848,0.09926337658496784
1989-05-28,0.0,0.0,0.0,8.3,0.23502944,0.07489872960502118
1989-05-29,0.0,0.0,0.0,5.8,0.16423743999999998,0.05233887129025576
1989-05-30,0.0,0.18,0.0,4.1,0.11609887999999999,0.03699816763621528
1989-05-31,0.0,0.0,0.0,2.9,0.08211871999999999,0.02616943564512788
1989-06-01,0.0,0.0,0.0,2.1,0.05946528,0.01895028098440295
1989-06-02,0.0,0.63,0.99,1.9,0.053801919999999996,0.017145492319221713
1989-06-03,0.0,5.04,11.29,1.5,0.0424752,0.01353591498885925
1989-06-04,0.0,5.59,3.65,1.2,0.033980159999999995,0.010828731991087397
1989-06-05,0.0,17.72,11.14,1.0,0.0283168,0.009023943325906166
1989-06-06,23.44,33.56,12.9,2.1,0.05946528,0.01895028098440295
1989-06-07,10.85,6.63,14.62,6.5,0.1840592,0.05865563161839008
1989-06-08,27.95,64.73,42.97,102.0,2.8883136,0.920442219242429
1989-06-09,82.81,35.09,35.71,364.0,10.3073152,3.2847153706298444
1989-06-10,16.58,10.15,17.44,608.0,17.2166144,5.486557542150949
1989-06-11,3.96,4.18,18.97,805.0,22.795023999999998,7.264274377354464
1989-06-12,0.0,3.13,5.23,975.0,27.60888,8.798344742758513
1989-06-13,0.0,0.17,0.41,942.0,26.6744256,8.500554613003608
1989-06-14,0.0,0.1,0.14,766.0,21.6906688,6.912340587644124
1989-06-15,0.0,15.86,4.79,598.0,16.9334464,5.3963181088918875
1989-06-16,30.52,32.07,27.3,584.0,16.5370112,5.2699829023292
1989-06-17,20.34,3.06,12.51,775.0,21.94552,6.993556077577279
1989-06-18,19.52,0.73,10.65,730.0,20.671264,6.587478627911501
1989-06-19,27.39,3.48,40.14,621.0,17.5847328,5.60386880538773
1989-06-20,4.08,5.08,16.86,520.0,14.724736,4.692450529471206
1989-06-21,11.92,11.05,10.55,483.0,13.6770144,4.3585646264126785
1989-06-22,8.63,4.46,4.71,472.0,13.3655296,4.25930124982771
1989-06-23,8.4,3.79,3.84,418.0,11.8364224,3.7720083102287774
1989-06-24,0.0,3.49,1.9,431.0,12.2045408,3.8893195734655577
1989-06-25,0.0,0.91,1.43,466.0,13.1956288,4.2051575898722735
1989-06-26,0.0,3.26,3.8,460.0,13.025727999999999,4.151013929916836
1989-06-27,2.01,5.75,2.83,488.0,13.818598399999999,4.403684343042209
1989-06-28,2.88,5.81,3.48,384.0,10.8736512,3.465194237147968
1989-06-29,4.93,17.69,8.12,315.0,8.919792,2.842542147660442
1989-06-30,30.7,13.23,23.75,344.0,9.7409792,3.104236504111721
1989-07-01,13.13,12.05,19.41,426.0,12.0629568,3.844199856836027
1989-07-02,11.44,20.69,9.27,542.0,15.3477056,4.890977282641142
1989-07-03,11.24,7.28,7.43,676.0,19.1421568,6.1001856883125685
1989-07-04,7.89,15.57,7.42,918.0,25.9948224,8.28397997318186
1989-07-05,15.8,14.15,27.01,893.0,25.2869024,8.058381390034207
1989-07-06,3.64,5.39,12.63,1030.0,29.166304,9.294661625683352
1989-07-07,0.0,0.58,1.76,1290.0,36.528672,11.640886890418955
1989-07-08,0.0,0.2,0.12,1150.0,32.56432,10.377534824792091
1989-07-09,0.0,0.09,0.37,1000.0,28.3168,9.023943325906167
1989-07-10,0.0,0.0,0.12,827.0,23.4179936,7.462801130524399
1989-07-11,0.0,1.23,0.0,623.0,17.6413664,5.621916692039541
1989-07-12,0.0,4.4,3.04,467.0,13.2239456,4.21418153319818
1989-07-13,8.99,13.85,10.33,360.0,10.194048,3.24861959732622
1989-07-14,21.15,8.49,9.61,293.0,8.2968224,2.644015394490507
1989-07-15,10.11,4.22,4.43,249.0,7.0508831999999995,2.2469618881506355
1989-07-16,14.83,7.91,3.89,247.0,6.9942496,2.228914001498823
1989-07-17,0.0,3.55,1.12,245.0,6.937616,2.210866114847011
1989-07-18,0.0,5.74,4.21,213.0,6.0314784,1.9220999284180136
1989-07-19,0.0,11.48,7.16,189.0,5.3518752,1.7055252885962655
1989-07-20,17.22,17.3,12.63,199.0,5.6350432,1.7957647218553272
1989-07-21,21.32,17.77,15.62,245.0,6.937616,2.210866114847011
1989-07-22,20.02,18.85,9.65,340.0,9.627712,3.068140730808097
1989-07-23,16.82,6.2,11.36,650.0,18.40592,5.865563161839008
1989-07-24,6.41,2.36,4.76,797.0,22.5684896,7.192082830747214
1989-07-25,5.11,1.73,1.1,733.0,20.7562144,6.61455045788922
1989-07-26,0.0,0.04,0.19,609.0,17.2449312,5.495581485476856
1989-07-27,0.0,0.0,0.0,459.0,12.9974112,4.14198998659093
1989-07-28,0.0,0.0,0.0,345.0,9.769296,3.1132604474376278
1989-07-29,0.0,0.38,1.19,258.0,7.3057343999999995,2.3281773780837907
1989-07-30,0.0,2.04,0.69,197.0,5.5784096,1.7777168352035146
1989-07-31,0.0,0.1,0.36,165.0,4.6722719999999995,1.4889506487745172
1989-08-01,1.41,0.04,0.28,143.0,4.0493024,1.290423895604582
1989-08-02,0.0,2.43,0.07,132.0,3.7378176,1.191160519019614
1989-08-03,0.0,0.98,3.55,111.0,3.1431648,1.0016577091755845
1989-08-04,0.0,0.01,1.18,82.0,2.3219776,0.7399633527243056
1989-08-05,0.0,0.0,0.0,58.0,1.6423744,0.5233887129025576
1989-08-06,0.0,0.0,0.0,42.0,1.1893056,0.37900561968805896
1989-08-07,0.0,4.06,0.57,30.0,0.849504,0.270718299777185
1989-08-08,7.54,9.64,17.57,22.0,0.6229696,0.19852675316993568
1989-08-09,0.0,1.28,6.1,18.0,0.5097024,0.162430979866311
1989-08-10,0.0,0.12,0.12,15.0,0.424752,0.1353591498885925
1989-08-11,0.0,0.0,0.23,12.0,0.3398016,0.108287319910874
1989-08-12,0.0,5.31,0.93,11.0,0.3114848,0.09926337658496784
1989-08-13,9.72,11.0,5.96,11.0,0.3114848,0.09926337658496784
1989-08-14,4.2,2.03,4.28,11.0,0.3114848,0.09926337658496784
1989-08-15,6.33,1.42,2.58,12.0,0.3398016,0.108287319910874
1989-08-16,0.0,0.83,1.1,10.0,0.283168,0.09023943325906165
1989-08-17,4.37,3.57,7.28,11.0,0.3114848,0.09926337658496784
1989-08-18,0.0,0.49,3.46,12.0,0.3398016,0.108287319910874
1989-08-19,1.46,2.39,4.91,9.8,0.27750464,0.08843464459388044
1989-08-20,0.27,2.97,3.33,8.5,0.24069279999999998,0.07670351827020241
1989-08-21,0.0,7.6,2.9,6.8,0.19255424,0.06136281461616193
1989-08-22,0.0,1.09,2.03,6.1,0.17273248,0.05504605428802761
1989-08-23,0.0,0.23,0.42,5.2,0.14724736,0.046924505294712066
1989-08-24,0.0,0.0,0.0,5.1,0.14441568,0.04602211096212144
1989-08-25,0.0,10.2,0.23,4.7,0.13308896,0.04241253363175898
1989-08-26,13.98,9.96,19.05,5.3,0.15007904,0.04782689962730268
1989-08-27,18.47,15.23,16.5,19.0,0.5380192,0.17145492319221717
1989-08-28,13.97,15.57,14.37,51.0,1.4441568,0.4602211096212145
1989-08-29,0.0,1.05,4.06,45.0,1.274256,0.4060774496657775
1989-08-30,2.88,0.3,0.41,43.0,1.2176224,0.38802956301396513
1989-08-31,1.58,2.13,5.57,42.0,1.1893056,0.37900561968805896
1989-09-01,6.17,12.29,8.15,98.0,2.7750464,0.8843464459388043
1989-09-02,10.67,4.06,2.37,181.0,5.1253408,1.6333337419890162
1989-09-03,0.0,4.38,0.85,293.0,8.2968224,2.644015394490507
1989-09-04,16.86,16.35,3.87,424.0,12.0063232,3.8261519701842146
1989-09-05,0.0,0.1,1.68,361.0,10.2223648,3.257643540652126
1989-09-06,0.0,0.03,0.16,284.0,8.0419712,2.5627999045573513
1989-09-07,0.0,0.0,0.0,217.0,6.1447456,1.9581957017216383
1989-09-08,0.0,0.0,0.0,166.0,4.7005888,1.4979745921004237
1989-09-09,0.0,0.0,0.0,126.0,3.5679168,1.137016859064177
1989-09-10,0.0,0.0,0.0,92.0,2.6051456,0.8302027859833674
1989-09-11,0.0,0.0,0.0,66.0,1.8689088,0.595580259509807
1989-09-12,0.0,0.0,0.0,46.0,1.3025728,0.4151013929916837
1989-09-13,0.0,0.17,0.01,32.0,0.9061376,0.2887661864289973
1989-09-14,0.0,1.69,1.43,24.0,0.6796032,0.216574639821748
1989-09-15,0.0,0.11,3.76,17.0,0.48138559999999997,0.15340703654040483
1989-09-16,3.94,2.58,2.89,13.0,0.3681184,0.11731126323678016
1989-09-17,0.2,0.24,0.63,11.0,0.3114848,0.09926337658496784
1989-09-18,0.0,0.01,0.01,8.4,0.23786112,0.0758011239376118
1989-09-19,0.0,0.0,0.0,7.1,0.20104928,0.06406999761393378
1989-09-20,0.0,0.0,0.0,6.1,0.17273248,0.05504605428802761
1989-09-21,0.0,0.59,0.0,5.1,0.14441568,0.04602211096212144
1989-09-22,0.0,1.1,0.43,4.4,0.12459392000000001,0.039705350633987134
1989-09-23,0.0,4.88,0.29,4.1,0.11609887999999999,0.03699816763621528
1989-09-24,8.93,28.13,27.11,4.2,0.11893056,0.0379005619688059
1989-09-25,41.5,20.14,39.46,16.0,0.4530688,0.14438309321449866
1989-09-26,26.46,3.76,14.24,404.0,11.4399872,3.6456731036660908
1989-09-27,5.72,0.01,1.97,659.0,18.6607712,5.9467786517721635
1989-09-28,0.0,0.62,0.2,616.0,17.4431488,5.558749088758199
1989-09-29,0.0,2.92,0.48,509.0,14.4132512,4.593187152886238
1989-09-30,7.96,24.81,26.35,400.0,11.32672,3.6095773303624665
1989-10-01,25.12,27.86,30.53,608.0,17.2166144,5.486557542150949
1989-10-02,2.39,0.52,7.27,1100.0,31.14848,9.926337658496783
1989-10-03,0.0,0.0,0.0,984.0,27.8637312,8.879560232691668
1989-10-04,0.0,0.0,0.0,732.0,20.7278976,6.605526514563313
1989-10-05,0.0,0.0,0.0,538.0,15.2344384,4.854881509337518
1989-10-06,0.0,0.0,0.01,389.0,11.0152352,3.5103139537774983
1989-10-07,0.0,3.98,15.42,299.0,8.4667232,2.6981590544459437
1989-10-08,35.32,12.75,5.22,255.0,7.220784,2.3011055481060723
1989-10-09,0.0,0.0,0.07,195.0,5.521776,1.7596689485517025
1989-10-10,0.0,0.0,0.09,147.0,4.1625696,1.3265196689082066
1989-10-11,0.0,0.0,0.03,112.0,3.1714816,1.0106816525014906
1989-10-12,0.0,0.0,0.0,86.0,2.4352448,0.7760591260279303
1989-10-13,0.0,0.23,0.25,67.0,1.8972256,0.6046042028357131
1989-10-14,0.0,0.07,0.08,52.0,1.4724736,0.46924505294712066
1989-10-15,0.0,0.0,0.0,41.0,1.1609888,0.3699816763621528
1989-10-16,0.0,0.01,0.0,33.0,0.9344544,0.2977901297549035
1989-10-17,0.0,3.83,8.42,26.0,0.7362368,0.23462252647356033
1989-10-18,25.94,30.82,19.27,82.0,2.3219776,0.7399633527243056
1989-10-19,4.17,0.03,5.49,160.0,4.530688,1.4438309321449865
1989-10-20,0.0,0.03,0.03,160.0,4.530688,1.4438309321449865
1989-10-21,0.0,0.03,0.01,147.0,4.1625696,1.3265196689082066
1989-10-22,0.0,0.0,0.0,120.0,3.398016,1.08287319910874
1989-10-23,0.0,0.0,0.0,94.0,2.6617792,0.8482506726351796
1989-10-24,0.0,0.0,0.0,74.0,2.0954432,0.6677718061170563
1989-10-25,0.0,0.0,0.0,58.0,1.6423744,0.5233887129025576
1989-10-26,0.0,0.0,0.0,45.0,1.274256,0.4060774496657775
1989-10-27,0.0,0.0,0.0,35.0,0.991088,0.3158380164067158
1989-10-28,0.0,0.0,0.0,27.0,0.7645535999999999,0.24364646979946647
1989-10-29,0.0,0.0,0.0,21.0,0.5946528,0.18950280984402948
1989-10-30,0.0,0.0,0.0,17.0,0.48138559999999997,0.15340703654040483
1989-10-31,0.0,0.0,0.0,14.0,0.3964352,0.12633520656268632
1989-11-01,0.0,0.0,0.0,11.0,0.3114848,0.09926337658496784
1989-11-02,0.0,0.31,0.4,9.4,0.26617792,0.08482506726351796
1989-11-03,0.0,0.13,0.15,8.1,0.22936608,0.07309394093983995
1989-11-04,0.0,0.0,0.01,6.9,0.19538592000000002,0.06226520894875255
1989-11-05,0.0,0.0,0.0,6.1,0.17273248,0.05504605428802761
1989-11-06,0.0,2.02,5.36,5.5,0.1557424,0.04963168829248392
1989-11-07,18.56,29.13,13.79,6.0,0.1699008,0.054143659955437
1989-11-08,16.39,16.38,31.45,24.0,0.6796032,0.216574639821748
1989-11-09,35.78,25.99,10.65,182.0,5.1536576,1.6423576853149222
1989-11-10,0.0,0.0,0.5,305.0,8.636624,2.7523027144013805
1989-11-11,0.0,0.0,0.0,318.0,9.0047424,2.869613977638161
1989-11-12,0.0,0.0,0.0,286.0,8.0986048,2.580847791209164
1989-11-13,0.0,0.0,0.0,240.0,6.796032,2.16574639821748
1989-11-14,0.0,0.05,0.0,197.0,5.5784096,1.7777168352035146
1989-11-15,0.0,0.67,2.89,165.0,4.6722719999999995,1.4889506487745172
1989-11-16,5.54,5.6,2.55,146.0,4.1342528,1.3174957255823
1989-11-17,0.0,0.0,0.53,131.0,3.7095008,1.1821365756937077
1989-11-18,0.0,0.1,0.02,113.0,3.1997984,1.0197055958273968
1989-11-19,0.0,0.0,0.01,96.0,2.7184128,0.866298559286992
1989-11-20,0.0,0.0,0.0,81.0,2.2936608,0.7309394093983995
1989-11-21,0.0,1.87,0.0,68.0,1.9255423999999999,0.6136281461616193
1989-11-22,0.31,1.27,3.38,59.0,1.6706912,0.5324126562284638
1989-11-23,18.32,7.4,7.43,108.0,3.0582143999999998,0.9745858791978659
1989-11-24,0.0,0.0,2.1,141.0,3.9926688,1.2723760089527696
1989-11-25,0.0,0.0,0.0,142.0,4.0209856,1.2813999522786756
1989-11-26,0.0,3.43,1.78,132.0,3.7378176,1.191160519019614
1989-11-27,0.0,0.11,0.61,115.0,3.2564319999999998,1.037753482479209
1989-11-28,10.77,11.33,14.77,100.0,2.83168,0.9023943325906166
1989-11-29,5.99,3.86,4.92,94.0,2.6617792,0.8482506726351796
1989-11-30,0.0,0.0,0.0,90.0,2.548512,0.812154899331555
1989-12-01,0.0,0.0,0.0,84.0,2.3786112,0.7580112393761179
1989-12-02,0.0,0.0,0.0,75.0,2.12376,0.6767957494429624
1989-12-03,0.0,0.0,0.0,66.0,1.8689088,0.595580259509807
1989-12-04,0.0,0.0,0.0,56.0,1.5857408,0.5053408262507453
1989-12-05,0.0,0.0,0.0,48.0,1.3592064,0.433149279643496
1989-12-06,0.0,0.0,0.06,41.0,1.1609888,0.3699816763621528
1989-12-07,0.0,6.5,13.32,37.0,1.0477216,0.33388590305852817
1989-12-08,52.34,64.59,28.64,61.0,1.7273247999999999,0.5504605428802761
1989-12-09,20.73,0.92,8.81,164.0,4.6439552,1.4799267054486112
1989-12-10,0.0,0.0,0.25,206.0,5.8332608,1.8589323251366703
1989-12-11,0.0,6.48,0.0,209.0,5.9182112,1.8860041551143887
1989-12-12,3.33,5.36,6.96,198.0,5.6067264,1.7867407785294211
1989-12-13,12.44,0.57,2.32,223.0,6.3146464,2.0123393616770753
1989-12-14,0.0,1.54,0.0,214.0,6.0597952,1.9311238717439196
1989-12-15,0.0,0.52,6.08,197.0,5.5784096,1.7777168352035146
1989-12-16,9.12,13.3,2.29,184.0,5.2102912,1.6604055719667348
1989-12-17,0.0,0.0,2.24,173.0,4.8988064,1.5611421953817668
1989-12-18,8.17,15.33,8.37,166.0,4.7005888,1.4979745921004237
1989-12-19,14.22,10.67,13.46,199.0,5.6350432,1.7957647218553272
1989-12-20,6.84,0.67,3.94,310.0,8.778208,2.7974224310309115
1989-12-21,0.0,0.14,0.1,343.0,9.7126624,3.0952125607858147
1989-12-22,0.0,0.06,1.11,335.0,9.486127999999999,3.0230210141785654
1989-12-23,3.07,3.45,0.66,309.0,8.7498912,2.7883984877050056
1989-12-24,0.0,0.0,0.1,278.0,7.8720704,2.5086562446019145
1989-12-25,0.0,0.0,0.0,246.0,6.9659328,2.219890058172917
1989-12-26,0.0,0.35,0.0,218.0,6.1730624,1.9672196450475443
1989-12-27,0.0,0.03,0.02,195.0,5.521776,1.7596689485517025
1989-12-28,0.0,0.03,0.01,174.0,4.9271232,1.5701661387076729
1989-12-29,0.0,0.0,0.0,154.0,4.3607872,1.3896872721895497
1989-12-30,0.0,0.31,0.0,137.0,3.8794016,1.2362802356491447
1989-12-31,0.0,35.28,11.41,133.0,3.7661344,1.20018446234552
1990-01-01,57.36,8.79,3.8,294.0,8.3251392,2.653039337816413
1990-01-02,0.0,0.0,0.0,350.0,9.91088,3.1583801640671583
1990-01-03,0.0,0.0,0.0,350.0,9.91088,3.1583801640671583
1990-01-04,0.0,2.06,0.0,313.0,8.8631584,2.82449426100863
1990-01-05,0.0,1.98,7.93,275.0,7.78712,2.4815844146241957
1990-01-06,12.79,20.56,8.93,272.0,7.7021695999999995,2.4545125846464773
1990-01-07,16.2,17.55,22.57,391.0,11.0718688,3.5283618404293113
1990-01-08,26.97,3.94,6.82,586.0,16.5936448,5.288030788981014
1990-01-09,0.0,0.0,0.06,575.0,16.28216,5.188767412396046
1990-01-10,0.0,0.1,0.02,504.0,14.2716672,4.548067436256708
1990-01-11,0.0,0.0,0.0,413.0,11.6948384,3.726888593599247
1990-01-12,0.0,0.0,0.0,342.0,9.6843456,3.086188617459909
1990-01-13,0.0,0.0,0.0,283.0,8.0136544,2.553775961231445
1990-01-14,0.0,0.0,0.0,237.0,6.7110816,2.1386745682397614
1990-01-15,0.0,0.0,0.0,199.0,5.6350432,1.7957647218553272
1990-01-16,0.0,0.0,0.0,170.0,4.813856,1.5340703654040484
1990-01-17,0.0,0.0,0.0,146.0,4.1342528,1.3174957255823
1990-01-18,0.0,0.0,0.0,125.0,3.5396,1.1279929157382709
1990-01-19,0.0,0.0,0.0,108.0,3.0582143999999998,0.9745858791978659
1990-01-20,0.0,0.72,4.29,93.0,2.6334624,0.8392267293092734
1990-01-21,8.29,9.18,4.31,83.0,2.3502944,0.7489872960502119
1990-01-22,1.57,0.0,0.96,91.0,2.5768288,0.8211788426574611
1990-01-23,0.0,0.0,0.0,91.0,2.5768288,0.8211788426574611
1990-01-24,0.0,2.56,1.64,84.0,2.3786112,0.7580112393761179
1990-01-25,10.92,7.79,9.35,89.0,2.5201952,0.8031309560056488
1990-01-26,6.75,0.4,2.93,118.0,3.3413824,1.0648253124569276
1990-01-27,0.0,0.0,0.0,129.0,3.6528671999999998,1.1640886890418953
1990-01-28,0.0,0.0,0.0,127.0,3.5962336,1.1460408023900832
1990-01-29,0.0,3.85,2.7,116.0,3.2847488,1.0467774258051152
1990-01-30,4.93,0.4,3.94,110.0,3.114848,0.9926337658496782
1990-01-31,6.17,4.69,1.01,132.0,3.7378176,1.191160519019614
1990-02-01,0.0,0.0,0.03,129.0,3.6528671999999998,1.1640886890418953
1990-02-02,0.0,0.07,0.08,121.0,3.4263328,1.0918971424346462
1990-02-03,2.61,0.15,4.21,113.0,3.1997984,1.0197055958273968
1990-02-04,2.76,3.07,3.39,111.0,3.1431648,1.0016577091755845
1990-02-05,0.0,0.08,0.66,106.0,3.0015808,0.9565379925460537
1990-02-06,0.0,0.08,0.0,91.0,2.5768288,0.8211788426574611
1990-02-07,0.0,0.0,0.03,79.0,2.2370272,0.7128915227465872
1990-02-08,0.0,0.16,0.2,69.0,1.9538592,0.6226520894875255
1990-02-09,0.0,4.31,1.57,60.0,1.699008,0.54143659955437
1990-02-10,21.56,26.61,30.59,83.0,2.3502944,0.7489872960502119
1990-02-11,23.87,1.82,10.03,186.0,5.2669248,1.678453458618547
1990-02-12,0.0,0.0,0.0,232.0,6.5694976,2.0935548516102305
1990-02-13,0.0,0.0,0.0,226.0,6.3995968,2.0394111916547937
1990-02-14,0.0,0.0,0.0,196.0,5.5500928,1.7686928918776086
1990-02-15,0.0,0.69,0.0,168.0,4.7572224,1.5160224787522358
1990-02-16,0.0,24.32,23.6,161.0,4.5590048,1.452854875470893
1990-02-17,18.09,6.09,8.29,382.0,10.8170176,3.4471463504961557
1990-02-18,0.04,2.89,6.07,488.0,13.818598399999999,4.403684343042209
1990-02-19,20.07,22.28,16.32,619.0,17.5280992,5.585820918735917
1990-02-20,7.61,4.24,5.21,1070.0,30.298976,9.655619358719598
1990-02-21,0.0,0.6,0.14,1080.0,30.582144,9.745858791978659
1990-02-22,0.77,38.11,30.06,951.0,26.9292768,8.581770102936764
1990-02-23,36.58,3.02,10.04,1060.0,30.015808,9.565379925460537
1990-02-24,0.0,0.0,0.01,1080.0,30.582144,9.745858791978659
1990-02-25,0.0,0.0,0.0,904.0,25.5983872,8.157644766619175
1990-02-26,0.0,0.0,0.0,697.0,19.7368096,6.289688498156599
1990-02-27,0.0,0.15,0.0,547.0,15.4892896,4.9360969992706725
1990-02-28,0.0,0.0,0.0,429.0,12.1479072,3.8712716868137456
1990-03-01,0.0,0.0,0.0,341.0,9.6560288,3.0771646741340026
1990-03-02,1.51,1.5,3.24,275.0,7.78712,2.4815844146241957
1990-03-03,6.66,2.47,1.08,251.0,7.1075168,2.2650097748024476
1990-03-04,0.0,0.0,0.0,229.0,6.4845472,2.066483021632512
1990-03-05,0.0,0.0,0.0,191.0,5.4085088,1.7235731752480778
1990-03-06,0.0,0.0,0.0,155.0,4.389104,1.3987112155154557
1990-03-07,0.0,0.0,0.0,125.0,3.5396,1.1279929157382709
1990-03-08,0.0,0.0,0.0,101.0,2.8599968,0.9114182759165227
1990-03-09,0.0,0.0,0.0,82.0,2.3219776,0.7399633527243056
1990-03-10,0.0,0.0,0.0,67.0,1.8972256,0.6046042028357131
1990-03-11,0.0,0.0,0.0,55.0,1.557424,0.4963168829248391
1990-03-12,0.0,0.0,0.0,45.0,1.274256,0.4060774496657775
1990-03-13,0.0,0.0,0.0,36.0,1.0194048,0.324861959732622
1990-03-14,0.0,0.0,0.0,29.0,0.8211872,0.2616943564512788
1990-03-15,0.0,0.0,0.0,24.0,0.6796032,0.216574639821748
1990-03-16,0.0,20.02,11.32,21.0,0.5946528,0.18950280984402948
1990-03-17,42.61,32.78,26.7,64.0,1.8122752,0.5775323728579946
1990-03-18,8.19,0.05,7.64,202.0,5.7199936,1.8228365518330454
1990-03-19,0.0,0.0,0.0,230.0,6.5128639999999995,2.075506964958418
1990-03-20,0.0,0.0,0.0,210.0,5.946528,1.895028098440295
1990-03-21,0.0,0.0,0.0,172.0,4.8704896,1.5521182520558605
1990-03-22,0.0,0.0,0.0,139.0,3.9360352,1.2543281223009572
1990-03-23,0.0,0.0,0.0,113.0,3.1997984,1.0197055958273968
1990-03-24,0.0,0.0,0.0,91.0,2.5768288,0.8211788426574611
1990-03-25,0.0,0.0,0.0,73.0,2.0671264,0.65874786279115
1990-03-26,0.0,0.0,0.0,58.0,1.6423744,0.5233887129025576
1990-03-27,0.0,0.0,0.0,45.0,1.274256,0.4060774496657775
1990-03-28,0.0,0.0,0.53,35.0,0.991088,0.3158380164067158
1990-03-29,0.0,7.78,0.21,27.0,0.7645535999999999,0.24364646979946647
1990-03-30,29.66,32.77,30.46,37.0,1.0477216,0.33388590305852817
1990-03-31,40.05,10.06,10.22,123.0,3.4829664,1.1099450290864585
1990-04-01,0.0,1.97,0.55,150.0,4.24752,1.3535914988859248
1990-04-02,10.74,12.23,5.35,166.0,4.7005888,1.4979745921004237
1990-04-03,2.25,0.65,1.72,244.0,6.9092991999999995,2.2018421715211045
1990-04-04,0.0,0.0,0.0,250.0,7.0792,2.2559858314765417
1990-04-05,0.0,0.0,0.0,215.0,6.088112,1.9401478150698257
1990-04-06,0.0,0.0,0.06,174.0,4.9271232,1.5701661387076729
1990-04-07,0.0,0.06,0.03,139.0,3.9360352,1.2543281223009572
1990-04-08,0.0,0.0,0.0,109.0,3.0865312,0.9836098225237722
1990-04-09,0.0,0.0,0.0,83.0,2.3502944,0.7489872960502119
1990-04-10,0.0,1.2,10.46,64.0,1.8122752,0.5775323728579946
1990-04-11,11.27,20.45,4.65,69.0,1.9538592,0.6226520894875255
1990-04-12,0.0,0.0,0.39,76.0,2.1520768,0.6858196927688687
1990-04-13,0.0,0.0,0.0,67.0,1.8972256,0.6046042028357131
1990-04-14,0.0,0.08,1.14,54.0,1.5291071999999999,0.48729293959893294
1990-04-15,3.24,2.52,0.97,43.0,1.2176224,0.38802956301396513
1990-04-16,0.0,0.0,0.2,36.0,1.0194048,0.324861959732622
1990-04-17,0.0,0.0,0.0,29.0,0.8211872,0.2616943564512788
1990-04-18,0.0,0.0,0.0,23.0,0.6512864,0.20755069649584185
1990-04-19,0.0,0.0,0.0,18.0,0.5097024,0.162430979866311
1990-04-20,0.0,0.0,0.0,15.0,0.424752,0.1353591498885925
1990-04-21,0.0,0.37,0.0,12.0,0.3398016,0.108287319910874
1990-04-22,0.0,0.08,3.34,9.9,0.28033632,0.08933703892647106
1990-04-23,11.64,2.1,2.47,8.6,0.24352448,0.07760591260279302
1990-04-24,0.0,0.03,0.45,8.6,0.24352448,0.07760591260279302
1990-04-25,0.0,0.0,0.0,7.6,0.21520767999999998,0.06858196927688685
1990-04-26,0.0,0.0,0.0,6.6,0.18689087999999998,0.05955802595098069
1990-04-27,0.0,3.1,8.61,5.7,0.16140576,0.05143647695766515
1990-04-28,28.2,35.07,28.71,5.6,0.15857407999999998,0.05053408262507453
1990-04-29,0.0,0.0,8.61,6.5,0.1840592,0.05865563161839008
1990-04-30,0.0,0.0,0.0,26.0,0.7362368,0.23462252647356033
1990-05-01,0.0,0.0,0.0,27.0,0.7645535999999999,0.24364646979946647
1990-05-02,0.0,0.0,0.0,20.0,0.566336,0.1804788665181233
1990-05-03,0.0,0.0,0.0,16.0,0.4530688,0.14438309321449866
1990-05-04,0.0,0.13,0.0,12.0,0.3398016,0.108287319910874
1990-05-05,0.0,3.5,5.26,9.6,0.27184127999999996,0.08662985592869918
1990-05-06,3.12,1.47,1.75,7.7,0.21803936000000002,0.06948436360947749
1990-05-07,0.0,0.18,0.0,6.2,0.17556416,0.05594844862061823
1990-05-08,0.0,0.0,1.03,5.1,0.14441568,0.04602211096212144
1990-05-09,5.95,15.77,11.22,4.8,0.13592063999999998,0.04331492796434959
1990-05-10,9.58,2.75,3.63,5.4,0.15291072,0.0487292939598933
1990-05-11,0.0,0.0,0.0,4.4,0.12459392000000001,0.039705350633987134
1990-05-12,0.0,0.0,0.33,4.4,0.12459392000000001,0.039705350633987134
1990-05-13,0.02,1.66,1.19,4.2,0.11893056,0.0379005619688059
1990-05-14,0.0,0.0,0.36,3.9,0.11043552,0.03519337897103405
1990-05-15,0.0,0.0,0.07,3.5,0.0991088,0.03158380164067158
1990-05-16,0.65,0.3,0.29,3.1,0.08778208,0.027974224310309114
1990-05-17,0.0,0.22,0.14,2.8,0.07928703999999999,0.025267041312537264
1990-05-18,0.0,0.08,0.19,2.6,0.07362368,0.023462252647356033
1990-05-19,0.0,0.89,0.06,2.3,0.06512863999999999,0.02075506964958418
1990-05-20,0.0,2.05,6.99,2.4,0.06796031999999999,0.021657463982174795
1990-05-21,6.9,7.21,7.27,2.9,0.08211871999999999,0.02616943564512788
1990-05-22,8.67,3.6,1.65,2.4,0.06796031999999999,0.021657463982174795
1990-05-23,0.0,0.0,0.0,2.1,0.05946528,0.01895028098440295
1990-05-24,0.0,0.0,0.0,2.0,0.0566336,0.018047886651812332
1990-05-25,0.0,0.0,0.0,2.0,0.0566336,0.018047886651812332
1990-05-26,0.0,0.0,0.0,2.0,0.0566336,0.018047886651812332
1990-05-27,0.0,3.64,0.0,1.8,0.05097024,0.016243097986631098
1990-05-28,0.0,13.17,1.35,2.2,0.062296960000000005,0.019852675316993567
1990-05-29,0.0,0.04,0.45,2.0,0.0566336,0.018047886651812332
1990-05-30,0.0,0.0,0.0,1.8,0.05097024,0.016243097986631098
1990-05-31,0.0,0.0,0.0,1.7,0.04813856,0.015340703654040482
1990-06-01,0.0,0.65,0.0,1.8,0.05097024,0.016243097986631098
1990-06-02,0.0,3.13,10.09,1.8,0.05097024,0.016243097986631098
1990-06-03,9.99,6.83,3.36,1.8,0.05097024,0.016243097986631098
1990-06-04,0.0,2.97,7.29,2.0,0.0566336,0.018047886651812332
1990-06-05,9.66,3.01,3.03,2.7,0.07645536,0.02436464697994665
1990-06-06,0.0,1.56,2.62,3.1,0.08778208,0.027974224310309114
1990-06-07,3.74,2.98,0.83,2.4,0.06796031999999999,0.021657463982174795
1990-06-08,0.5,4.49,4.05,3.0,0.0849504,0.0270718299777185
1990-06-09,3.64,3.53,2.9,2.6,0.07362368,0.023462252647356033
1990-06-10,9.13,1.68,2.04,2.4,0.06796031999999999,0.021657463982174795
1990-06-11,0.0,0.19,0.51,2.3,0.06512863999999999,0.02075506964958418
1990-06-12,0.0,0.0,0.0,2.0,0.0566336,0.018047886651812332
1990-06-13,0.0,0.0,0.0,1.9,0.053801919999999996,0.017145492319221713
1990-06-14,0.0,0.0,0.0,1.8,0.05097024,0.016243097986631098
1990-06-15,0.0,0.31,0.0,1.8,0.05097024,0.016243097986631098
1990-06-16,0.0,6.99,5.6,1.8,0.05097024,0.016243097986631098
1990-06-17,16.43,31.27,28.13,1.9,0.053801919999999996,0.017145492319221713
1990-06-18,22.65,2.35,9.14,1.9,0.053801919999999996,0.017145492319221713
1990-06-19,0.0,0.0,0.13,1.8,0.05097024,0.016243097986631098
1990-06-20,0.0,0.0,0.0,1.8,0.05097024,0.016243097986631098
1990-06-21,0.0,9.32,0.39,1.8,0.05097024,0.016243097986631098
1990-06-22,11.64,9.21,8.47,1.8,0.05097024,0.016243097986631098
1990-06-23,11.21,1.56,2.87,2.0,0.0566336,0.018047886651812332
1990-06-24,0.0,0.0,0.03,1.8,0.05097024,0.016243097986631098
1990-06-25,0.0,0.05,0.0,1.7,0.04813856,0.015340703654040482
1990-06-26,0.0,0.99,0.91,1.6,0.04530688,0.014438309321449867
1990-06-27,0.0,0.2,0.32,1.5,0.0424752,0.01353591498885925
1990-06-28,0.0,0.12,0.01,1.5,0.0424752,0.01353591498885925
1990-06-29,0.0,0.13,0.64,1.7,0.04813856,0.015340703654040482
1990-06-30,0.0,2.08,0.21,2.1,0.05946528,0.01895028098440295
1990-07-01,0.0,4.74,1.86,1.7,0.04813856,0.015340703654040482
1990-07-02,4.64,11.0,7.86,3.1,0.08778208,0.027974224310309114
1990-07-03,27.93,12.24,5.17,3.0,0.0849504,0.0270718299777185
1990-07-04,6.16,9.11,5.69,3.0,0.0849504,0.0270718299777185
1990-07-05,3.24,0.75,1.83,6.0,0.1699008,0.054143659955437
1990-07-06,0.0,0.02,0.08,4.7,0.13308896,0.04241253363175898
1990-07-07,0.0,0.21,0.0,2.9,0.08211871999999999,0.02616943564512788
1990-07-08,0.0,0.42,0.0,4.2,0.11893056,0.0379005619688059
1990-07-09,0.0,1.82,1.38,3.1,0.08778208,0.027974224310309114
1990-07-10,0.41,1.13,1.2,2.2,0.062296960000000005,0.019852675316993567
1990-07-11,0.0,1.97,0.83,2.1,0.05946528,0.01895028098440295
1990-07-12,11.83,9.13,2.79,1.9,0.053801919999999996,0.017145492319221713
1990-07-13,26.7,35.48,23.01,3.4,0.09627712,0.030681407308080964
1990-07-14,39.75,17.03,17.14,12.0,0.3398016,0.108287319910874
1990-07-15,18.19,0.35,3.25,17.0,0.48138559999999997,0.15340703654040483
1990-07-16,0.0,0.18,0.02,14.0,0.3964352,0.12633520656268632
1990-07-17,0.0,0.61,1.06,11.0,0.3114848,0.09926337658496784
1990-07-18,0.0,14.59,1.2,7.7,0.21803936000000002,0.06948436360947749
1990-07-19,11.13,11.45,9.68,70.0,1.982176,0.6316760328134317
1990-07-20,0.0,0.62,3.13,147.0,4.1625696,1.3265196689082066
1990-07-21,0.0,4.53,2.61,117.0,3.3130656,1.0558013691310215
1990-07-22,7.43,2.24,5.03,109.0,3.0865312,0.9836098225237722
1990-07-23,0.72,0.29,1.73,87.0,2.4635616,0.7850830693538364
1990-07-24,0.0,0.02,0.12,77.0,2.1803936,0.6948436360947748
1990-07-25,0.0,0.0,0.0,58.0,1.6423744,0.5233887129025576
1990-07-26,0.0,0.11,1.91,39.0,1.1043552,0.3519337897103405
1990-07-27,0.0,0.82,0.68,33.0,0.9344544,0.2977901297549035
1990-07-28,0.0,0.07,0.02,23.0,0.6512864,0.20755069649584185
1990-07-29,0.0,0.0,0.0,17.0,0.48138559999999997,0.15340703654040483
1990-07-30,0.0,0.0,0.0,13.0,0.3681184,0.11731126323678016
1990-07-31,0.0,0.0,0.01,11.0,0.3114848,0.09926337658496784
1990-08-01,0.0,0.19,1.0,8.8,0.24918784000000002,0.07941070126797427
1990-08-02,0.0,0.45,1.37,6.9,0.19538592000000002,0.06226520894875255
1990-08-03,0.33,1.33,0.35,5.7,0.16140576,0.05143647695766515
1990-08-04,0.0,12.01,4.56,4.5,0.1274256,0.04060774496657775
1990-08-05,0.0,0.9,20.62,3.8,0.10760383999999999,0.03429098463844343
1990-08-06,7.0,24.85,19.62,3.7,0.10477216,0.03338859030585282
1990-08-07,0.0,1.32,4.42,3.5,0.0991088,0.03158380164067158
1990-08-08,0.0,1.96,1.06,6.1,0.17273248,0.05504605428802761
1990-08-09,3.31,0.65,1.33,25.0,0.70792,0.22559858314765416
1990-08-10,0.0,0.01,0.33,19.0,0.5380192,0.17145492319221717
1990-08-11,0.0,0.0,0.0,12.0,0.3398016,0.108287319910874
1990-08-12,0.0,0.01,0.39,8.3,0.23502944,0.07489872960502118
1990-08-13,0.0,0.06,0.13,6.8,0.19255424,0.06136281461616193
1990-08-14,0.0,0.12,0.0,5.7,0.16140576,0.05143647695766515
1990-08-15,0.0,0.7,2.0,5.0,0.141584,0.04511971662953083
1990-08-16,0.0,3.56,0.7,4.2,0.11893056,0.0379005619688059
1990-08-17,2.94,4.78,8.66,4.0,0.1132672,0.036095773303624665
1990-08-18,9.35,11.54,12.78,6.5,0.1840592,0.05865563161839008
1990-08-19,0.0,0.6,4.17,5.1,0.14441568,0.04602211096212144
1990-08-20,2.38,1.33,2.78,4.4,0.12459392000000001,0.039705350633987134
1990-08-21,0.0,1.39,1.89,4.7,0.13308896,0.04241253363175898
1990-08-22,0.0,2.43,1.21,4.3,0.12176224,0.03880295630139651
1990-08-23,3.3,2.84,0.86,3.9,0.11043552,0.03519337897103405
1990-08-24,0.23,13.43,6.73,3.5,0.0991088,0.03158380164067158
1990-08-25,9.75,7.67,9.05,3.0,0.0849504,0.0270718299777185
1990-08-26,1.64,0.21,4.59,2.9,0.08211871999999999,0.02616943564512788
1990-08-27,0.0,0.48,17.76,2.6,0.07362368,0.023462252647356033
1990-08-28,12.02,25.05,5.74,3.2,0.09061376,0.028876618642899733
1990-08-29,0.0,0.12,0.02,4.2,0.11893056,0.0379005619688059
1990-08-30,0.0,8.37,6.61,4.8,0.13592063999999998,0.04331492796434959
1990-08-31,2.22,6.08,4.0,4.1,0.11609887999999999,0.03699816763621528
1990-09-01,0.0,0.42,0.61,4.8,0.13592063999999998,0.04331492796434959
1990-09-02,0.0,0.3,0.04,8.4,0.23786112,0.0758011239376118
1990-09-03,0.0,1.16,0.11,14.0,0.3964352,0.12633520656268632
1990-09-04,0.0,0.0,0.78,14.0,0.3964352,0.12633520656268632
1990-09-05,0.0,0.17,0.25,12.0,0.3398016,0.108287319910874
1990-09-06,0.0,0.35,0.32,10.0,0.283168,0.09023943325906165
1990-09-07,0.0,0.0,0.11,8.1,0.22936608,0.07309394093983995
1990-09-08,0.0,0.0,0.0,6.6,0.18689087999999998,0.05955802595098069
1990-09-09,0.0,3.36,0.0,5.3,0.15007904,0.04782689962730268
1990-09-10,0.0,2.87,8.71,4.2,0.11893056,0.0379005619688059
1990-09-11,16.08,8.06,17.43,3.5,0.0991088,0.03158380164067158
1990-09-12,0.0,2.8,5.17,2.9,0.08211871999999999,0.02616943564512788
1990-09-13,0.0,8.49,0.24,2.6,0.07362368,0.023462252647356033
1990-09-14,0.0,2.86,17.59,2.4,0.06796031999999999,0.021657463982174795
1990-09-15,4.07,2.53,5.98,2.5,0.070792,0.022559858314765414
1990-09-16,0.0,0.09,0.7,2.4,0.06796031999999999,0.021657463982174795
1990-09-17,0.0,0.0,0.22,2.1,0.05946528,0.01895028098440295
1990-09-18,0.0,0.0,0.0,2.0,0.0566336,0.018047886651812332
1990-09-19,0.0,0.0,0.0,1.8,0.05097024,0.016243097986631098
1990-09-20,0.0,0.0,0.0,1.8,0.05097024,0.016243097986631098
1990-09-21,0.0,0.0,0.0,1.8,0.05097024,0.016243097986631098
1990-09-22,0.0,0.0,0.0,1.8,0.05097024,0.016243097986631098
1990-09-23,0.0,0.0,0.0,1.8,0.05097024,0.016243097986631098
1990-09-24,0.0,0.0,0.0,1.7,0.04813856,0.015340703654040482
1990-09-25,0.0,0.0,0.0,1.7,0.04813856,0.015340703654040482
1990-09-26,0.0,0.0,0.0,1.7,0.04813856,0.015340703654040482
1990-09-27,0.0,0.0,0.0,1.7,0.04813856,0.015340703654040482
1990-09-28,0.0,31.61,14.58,3.6,0.10194048,0.032486195973262195
1990-09-29,18.83,15.56,21.09,6.7,0.18972256,0.06046042028357132
1990-09-30,18.08,0.87,6.53,8.8,0.24918784000000002,0.07941070126797427
1990-10-01,1.18,0.0,0.65,16.0,0.4530688,0.14438309321449866
1990-10-02,0.0,0.03,0.09,19.0,0.5380192,0.17145492319221717
1990-10-03,0.0,0.0,0.0,18.0,0.5097024,0.162430979866311
1990-10-04,0.0,8.17,12.56,28.0,0.7928704,0.25267041312537264
1990-10-05,0.0,0.0,4.19,30.0,0.849504,0.270718299777185
1990-10-06,0.0,0.0,0.0,18.0,0.5097024,0.162430979866311
1990-10-07,0.0,0.0,0.0,15.0,0.424752,0.1353591498885925
1990-10-08,0.0,0.0,0.0,12.0,0.3398016,0.108287319910874
1990-10-09,0.0,0.13,0.2,9.6,0.27184127999999996,0.08662985592869918
1990-10-10,0.0,2.58,1.19,7.8,0.22087104,0.0703867579420681
1990-10-11,4.29,1.55,0.77,6.8,0.19255424,0.06136281461616193
1990-10-12,0.1,0.52,0.13,6.0,0.1699008,0.054143659955437
1990-10-13,0.0,0.0,0.0,5.2,0.14724736,0.046924505294712066
1990-10-14,0.0,0.0,0.0,4.4,0.12459392000000001,0.039705350633987134
1990-10-15,0.0,0.0,0.0,3.8,0.10760383999999999,0.03429098463844343
1990-10-16,0.0,0.1,0.0,3.3,0.09344543999999999,0.029779012975490345
1990-10-17,0.0,4.87,6.01,2.8,0.07928703999999999,0.025267041312537264
1990-10-18,20.48,11.05,11.77,3.7,0.10477216,0.03338859030585282
1990-10-19,0.0,0.0,3.26,4.1,0.11609887999999999,0.03699816763621528
1990-10-20,0.0,0.0,0.0,3.3,0.09344543999999999,0.029779012975490345
1990-10-21,0.0,0.51,0.0,3.5,0.0991088,0.03158380164067158
1990-10-22,0.0,4.48,8.19,3.4,0.09627712,0.030681407308080964
1990-10-23,0.0,4.82,2.76,3.4,0.09627712,0.030681407308080964
1990-10-24,0.0,0.0,0.01,3.6,0.10194048,0.032486195973262195
1990-10-25,0.0,0.0,0.0,4.5,0.1274256,0.04060774496657775
1990-10-26,0.0,0.0,0.0,4.3,0.12176224,0.03880295630139651
1990-10-27,0.0,0.0,0.0,4.0,0.1132672,0.036095773303624665
1990-10-28,0.0,0.0,0.0,3.4,0.09627712,0.030681407308080964
1990-10-29,0.0,0.0,0.0,2.9,0.08211871999999999,0.02616943564512788
1990-10-30,0.0,0.0,0.0,2.6,0.07362368,0.023462252647356033
1990-10-31,0.0,0.0,0.0,2.3,0.06512863999999999,0.02075506964958418
1990-11-01,0.0,0.0,0.0,2.1,0.05946528,0.01895028098440295
1990-11-02,0.0,0.0,0.0,1.9,0.053801919999999996,0.017145492319221713
1990-11-03,0.0,0.0,0.0,1.8,0.05097024,0.016243097986631098
1990-11-04,0.0,0.0,0.0,1.7,0.04813856,0.015340703654040482
1990-11-05,0.0,0.97,1.71,1.5,0.0424752,0.01353591498885925
1990-11-06,1.2,0.09,0.57,1.5,0.0424752,0.01353591498885925
1990-11-07,0.0,0.0,0.0,1.4,0.039643519999999995,0.012633520656268632
1990-11-08,0.0,0.0,0.0,1.4,0.039643519999999995,0.012633520656268632
1990-11-09,0.0,18.84,7.78,1.5,0.0424752,0.01353591498885925
1990-11-10,34.66,4.61,2.59,1.8,0.05097024,0.016243097986631098
1990-11-11,0.0,0.0,0.0,1.6,0.04530688,0.014438309321449867
1990-11-12,0.0,0.0,0.0,1.5,0.0424752,0.01353591498885925
1990-11-13,0.0,0.0,0.0,1.5,0.0424752,0.01353591498885925
1990-11-14,0.0,0.0,0.0,1.5,0.0424752,0.01353591498885925
1990-11-15,0.0,0.0,0.0,1.5,0.0424752,0.01353591498885925
1990-11-16,0.0,0.0,0.0,1.5,0.0424752,0.01353591498885925
1990-11-17,0.0,0.0,0.0,1.5,0.0424752,0.01353591498885925
1990-11-18,0.0,0.0,0.0,1.5,0.0424752,0.01353591498885925
1990-11-19,0.0,0.0,0.0,1.4,0.039643519999999995,0.012633520656268632
1990-11-20,0.0,0.0,0.0,1.4,0.039643519999999995,0.012633520656268632
1990-11-21,0.0,0.0,0.0,1.4,0.039643519999999995,0.012633520656268632
1990-11-22,0.0,1.33,0.1,1.4,0.039643519999999995,0.012633520656268632
1990-11-23,0.83,1.57,2.11,1.6,0.04530688,0.014438309321449867
1990-11-24,5.51,0.85,0.69,1.9,0.053801919999999996,0.017145492319221713
1990-11-25,0.0,0.0,0.0,1.6,0.04530688,0.014438309321449867
1990-11-26,0.0,0.07,0.02,1.5,0.0424752,0.01353591498885925
1990-11-27,0.0,0.14,0.04,1.5,0.0424752,0.01353591498885925
1990-11-28,1.94,1.16,3.21,1.7,0.04813856,0.015340703654040482
1990-11-29,0.04,2.13,1.16,1.7,0.04813856,0.015340703654040482
1990-11-30,0.0,0.0,0.03,1.6,0.04530688,0.014438309321449867
1990-12-01,0.0,0.0,0.0,1.5,0.0424752,0.01353591498885925
1990-12-02,0.0,0.0,0.0,1.5,0.0424752,0.01353591498885925
1990-12-03,0.0,19.85,12.67,2.1,0.05946528,0.01895028098440295
1990-12-04,15.56,3.06,5.77,3.0,0.0849504,0.0270718299777185
1990-12-05,0.0,0.0,0.51,2.5,0.070792,0.022559858314765414
1990-12-06,0.0,0.0,0.74,2.1,0.05946528,0.01895028098440295
1990-12-07,5.09,9.86,5.53,2.2,0.062296960000000005,0.019852675316993567
1990-12-08,6.29,0.99,1.76,2.5,0.070792,0.022559858314765414
1990-12-09,0.0,0.0,0.0,2.3,0.06512863999999999,0.02075506964958418
1990-12-10,0.0,0.0,0.0,2.1,0.05946528,0.01895028098440295
1990-12-11,0.0,0.0,0.0,2.0,0.0566336,0.018047886651812332
1990-12-12,0.0,0.0,0.01,1.9,0.053801919999999996,0.017145492319221713
1990-12-13,0.0,0.0,0.0,2.0,0.0566336,0.018047886651812332
1990-12-14,0.0,0.0,0.0,2.0,0.0566336,0.018047886651812332
1990-12-15,0.0,0.0,0.0,2.0,0.0566336,0.018047886651812332
1990-12-16,0.0,0.15,0.15,2.0,0.0566336,0.018047886651812332
1990-12-17,0.0,2.96,0.05,1.9,0.053801919999999996,0.017145492319221713
1990-12-18,0.0,8.54,10.58,1.9,0.053801919999999996,0.017145492319221713
1990-12-19,30.23,24.96,40.78,4.8,0.13592063999999998,0.04331492796434959
1990-12-20,19.34,6.57,12.82,34.0,0.9627711999999999,0.30681407308080966
1990-12-21,0.0,0.19,0.13,76.0,2.1520768,0.6858196927688687
1990-12-22,0.0,0.24,0.19,85.0,2.406928,0.7670351827020242
1990-12-23,0.0,1.55,5.82,74.0,2.0954432,0.6677718061170563
1990-12-24,3.86,4.44,2.04,64.0,1.8122752,0.5775323728579946
1990-12-25,0.0,0.0,0.04,58.0,1.6423744,0.5233887129025576
1990-12-26,0.0,0.0,0.0,54.0,1.5291071999999999,0.48729293959893294
1990-12-27,0.0,0.0,0.0,47.0,1.3308896,0.4241253363175898
1990-12-28,0.0,0.0,0.08,41.0,1.1609888,0.3699816763621528
1990-12-29,0.0,0.73,0.03,36.0,1.0194048,0.324861959732622
1990-12-30,0.0,0.0,2.74,31.0,0.8778208,0.27974224310309115
1990-12-31,4.41,1.21,3.03,28.0,0.7928704,0.25267041312537264
1991-01-01,0.0,1.71,2.48,25.0,0.70792,0.22559858314765416
1991-01-02,2.69,0.21,0.61,22.0,0.6229696,0.19852675316993568
1991-01-03,0.0,0.05,0.01,20.0,0.566336,0.1804788665181233
1991-01-04,0.0,0.0,0.0,18.0,0.5097024,0.162430979866311
1991-01-05,0.0,0.0,0.0,16.0,0.4530688,0.14438309321449866
1991-01-06,0.0,2.93,0.03,15.0,0.424752,0.1353591498885925
1991-01-07,4.66,6.56,5.44,14.0,0.3964352,0.12633520656268632
1991-01-08,7.13,0.01,1.81,15.0,0.424752,0.1353591498885925
1991-01-09,0.0,0.0,0.01,16.0,0.4530688,0.14438309321449866
1991-01-10,0.0,10.54,42.47,18.0,0.5097024,0.162430979866311
1991-01-11,81.56,126.55,58.49,188.0,5.3235584,1.6965013452703592
1991-01-12,20.11,3.43,15.75,444.0,12.5726592,4.006630836702338
1991-01-13,0.0,0.0,0.32,625.0,17.698,5.639964578691354
1991-01-14,0.0,0.0,0.0,574.0,16.2538432,5.179743469070139
1991-01-15,0.0,27.33,15.12,498.0,14.101766399999999,4.493923776301271
1991-01-16,19.41,10.53,5.05,582.0,16.4803776,5.251935015677389
1991-01-17,0.0,0.0,0.01,606.0,17.1599808,5.468509655499137
1991-01-18,0.0,0.38,2.79,568.0,16.0839424,5.125599809114703
1991-01-19,41.77,78.41,71.51,571.0,16.1688928,5.1526716390924205
1991-01-20,63.93,11.67,23.53,1240.0,35.112832,11.189689724123646
1991-01-21,0.0,0.0,0.0,2220.0,62.863296,20.033154183511687
1991-01-22,0.0,0.0,0.0,2200.0,62.29696,19.852675316993565
1991-01-23,0.0,0.04,7.65,1530.0,43.324704,13.806633288636434
1991-01-24,51.5,76.92,50.72,1100.0,31.14848,9.926337658496783
1991-01-25,44.8,8.77,16.73,1310.0,37.095008,11.821365756937078
1991-01-26,0.0,0.0,0.23,1500.0,42.4752,13.53591498885925
1991-01-27,0.0,0.35,24.37,1380.0,39.077184,12.453041789750511
1991-01-28,48.14,87.06,23.93,1380.0,39.077184,12.453041789750511
1991-01-29,26.7,27.63,49.35,1840.0,52.102911999999996,16.604055719667343
1991-01-30,44.9,20.65,20.11,2860.0,80.986048,25.808477912091636
1991-01-31,12.62,4.19,7.98,2930.0,82.96822399999999,26.440153944905067
1991-02-01,0.0,0.72,2.91,2530.0,71.641504,22.8305766145426
1991-02-02,0.0,0.92,0.28,1850.0,52.38608,16.694295152926408
1991-02-03,0.0,0.0,0.0,1250.0,35.396,11.279929157382709
1991-02-04,0.0,0.0,0.0,904.0,25.5983872,8.157644766619175
1991-02-05,0.0,1.42,0.0,707.0,20.0199776,6.37992793141566
1991-02-06,0.0,3.83,3.55,583.0,16.5086944,5.260958959003295
1991-02-07,10.23,17.91,6.63,595.0,16.848496,5.3692462789141695
1991-02-08,0.0,0.0,1.82,635.0,17.981168,5.730204011950415
1991-02-09,0.0,0.0,0.0,579.0,16.3954272,5.224863185699671
1991-02-10,0.0,0.09,0.0,491.0,13.9035488,4.430756173019928
1991-02-11,0.0,0.1,0.0,402.0,11.3833536,3.6276252170142786
1991-02-12,0.0,0.0,0.0,329.0,9.3162272,2.9688773542231286
1991-02-13,0.0,0.48,3.8,273.0,7.7304864,2.4635365279723835
1991-02-14,8.75,8.17,3.07,263.0,7.4473184,2.373297094713322
1991-02-15,0.0,0.0,0.6,254.0,7.1924672,2.2920816047801664
1991-02-16,0.0,0.0,0.02,220.0,6.229696,1.9852675316993564
1991-02-17,0.0,0.01,0.01,188.0,5.3235584,1.6965013452703592
1991-02-18,0.0,0.0,0.0,164.0,4.6439552,1.4799267054486112
1991-02-19,0.0,0.0,0.0,146.0,4.1342528,1.3174957255823
1991-02-20,0.0,0.68,0.02,130.0,3.681184,1.1731126323678016
1991-02-21,0.0,0.25,0.08,117.0,3.3130656,1.0558013691310215
1991-02-22,1.0,5.13,5.18,104.0,2.9449472,0.9384901058942413
1991-02-23,10.81,3.82,1.72,97.0,2.7467296,0.8753225026128981
1991-02-24,0.0,0.0,0.0,92.0,2.6051456,0.8302027859833674
1991-02-25,0.0,0.0,0.0,84.0,2.3786112,0.7580112393761179
1991-02-26,0.0,0.0,0.0,76.0,2.1520768,0.6858196927688687
1991-02-27,0.0,0.0,0.0,67.0,1.8972256,0.6046042028357131
1991-02-28,0.0,0.0,0.0,59.0,1.6706912,0.5324126562284638
1991-03-01,0.0,21.04,35.42,53.0,1.5007904,0.4782689962730268
1991-03-02,114.36,136.94,95.9,1020.0,28.883136,9.204422192424289
1991-03-03,99.45,55.54,69.41,3760.0,106.47116799999999,33.93002690540718
1991-03-04,4.7,0.69,13.79,4630.0,131.106784,41.78085759894555
1991-03-05,0.0,0.0,0.0,3960.0,112.134528,35.73481557058842
1991-03-06,0.0,0.0,0.0,2950.0,83.53456,26.620632811423192
1991-03-07,0.0,0.23,0.0,1960.0,55.500928,17.686928918776086
1991-03-08,0.0,2.08,0.63,1200.0,33.98016,10.828731991087398
1991-03-09,0.0,0.0,0.21,804.0,22.7667072,7.255250434028557
1991-03-10,0.0,0.0,0.0,607.0,17.1882976,5.477533598825042
1991-03-11,0.0,0.0,0.0,466.0,13.1956288,4.2051575898722735
1991-03-12,0.0,0.0,0.34,361.0,10.2223648,3.257643540652126
1991-03-13,0.1,1.6,1.23,288.0,8.1552384,2.598895677860976
1991-03-14,4.16,0.47,0.37,234.0,6.6261312,2.111602738262043
1991-03-15,0.0,0.88,3.55,192.0,5.4368256,1.732597118573984
1991-03-16,9.29,18.16,9.24,160.0,4.530688,1.4438309321449865
1991-03-17,40.17,51.46,37.94,264.0,7.4756352,2.382321038039228
1991-03-18,32.81,18.85,16.78,807.0,22.8516576,7.282322264006276
1991-03-19,2.4,1.32,1.68,1050.0,29.73264,9.475140492201474
1991-03-20,0.0,0.0,0.0,1000.0,28.3168,9.023943325906167
1991-03-21,0.0,0.0,0.0,820.0,23.219776,7.399633527243056
1991-03-22,0.0,0.0,0.0,660.0,18.689087999999998,5.955802595098069
1991-03-23,0.0,0.0,0.0,541.0,15.3193888,4.881953339315237
1991-03-24,0.0,0.0,0.0,436.0,12.3461248,3.9344392900950886
1991-03-25,0.0,0.0,0.0,348.0,9.8542464,3.1403322774153457
1991-03-26,0.0,0.0,0.02,275.0,7.78712,2.4815844146241957
1991-03-27,0.0,0.05,0.01,216.0,6.1164287999999996,1.9491717583957318
1991-03-28,0.0,0.49,0.0,174.0,4.9271232,1.5701661387076729
1991-03-29,0.0,11.84,12.32,146.0,4.1342528,1.3174957255823
1991-03-30,30.95,13.1,4.11,145.0,4.105936,1.308471782256394
1991-03-31,0.0,0.0,0.0,126.0,3.5679168,1.137016859064177
1991-04-01,0.0,0.0,0.0,108.0,3.0582143999999998,0.9745858791978659
1991-04-02,0.0,0.0,0.0,90.0,2.548512,0.812154899331555
1991-04-03,0.0,0.0,0.0,75.0,2.12376,0.6767957494429624
1991-04-04,0.0,0.11,0.0,62.0,1.7556416,0.5594844862061823
1991-04-05,0.0,1.81,2.0,52.0,1.4724736,0.46924505294712066
1991-04-06,2.68,0.74,0.67,45.0,1.274256,0.4060774496657775
1991-04-07,0.0,3.51,0.03,38.0,1.0760384,0.34290984638443434
1991-04-08,18.92,13.23,34.87,34.0,0.9627711999999999,0.30681407308080966
1991-04-09,23.62,31.07,24.42,82.0,2.3219776,0.7399633527243056
1991-04-10,26.08,32.94,16.24,212.0,6.0031616,1.9130759850921073
1991-04-11,0.0,0.02,4.0,361.0,10.2223648,3.257643540652126
1991-04-12,0.0,0.0,0.0,382.0,10.8170176,3.4471463504961557
1991-04-13,0.0,0.0,0.0,344.0,9.7409792,3.104236504111721
1991-04-14,0.0,0.0,0.0,288.0,8.1552384,2.598895677860976
1991-04-15,0.0,0.64,1.06,236.0,6.6827648,2.129650624913855
1991-04-16,0.02,0.25,5.66,201.0,5.6916768,1.8138126085071393
1991-04-17,15.92,11.11,3.74,200.0,5.66336,1.8047886651812333
1991-04-18,9.59,7.81,2.96,187.0,5.2952416,1.687477401944453
1991-04-19,15.82,20.18,10.75,154.0,4.3607872,1.3896872721895497
1991-04-20,15.96,5.5,5.72,133.0,3.7661344,1.20018446234552
1991-04-21,0.0,0.17,0.8,115.0,3.2564319999999998,1.037753482479209
1991-04-22,0.0,0.03,1.21,97.0,2.7467296,0.8753225026128981
1991-04-23,12.97,13.08,12.6,85.0,2.406928,0.7670351827020242
1991-04-24,7.88,0.43,4.86,84.0,2.3786112,0.7580112393761179
1991-04-25,15.64,26.94,14.0,100.0,2.83168,0.9023943325906166
1991-04-26,14.91,6.13,10.57,145.0,4.105936,1.308471782256394
1991-04-27,15.73,2.26,2.0,172.0,4.8704896,1.5521182520558605
1991-04-28,0.0,0.0,0.0,169.0,4.7855392,1.5250464220781421
1991-04-29,0.0,2.18,0.06,149.0,4.2192032,1.3445675555600187
1991-04-30,4.8,6.46,5.08,127.0,3.5962336,1.1460408023900832
1991-05-01,11.88,8.72,12.21,127.0,3.5962336,1.1460408023900832
1991-05-02,16.79,6.21,3.51,156.0,4.4174208,1.407735158841362
1991-05-03,0.0,0.0,0.0,139.0,3.9360352,1.2543281223009572
1991-05-04,0.0,3.19,1.69,112.0,3.1714816,1.0106816525014906
1991-05-05,0.0,5.95,3.47,90.0,2.548512,0.812154899331555
1991-05-06,12.0,23.76,19.07,170.0,4.813856,1.5340703654040484
1991-05-07,24.31,2.65,6.04,388.0,10.9869184,3.5012900104515925
1991-05-08,0.0,17.49,0.1,338.0,9.5710784,3.0500928441562842
1991-05-09,9.82,12.42,5.2,273.0,7.7304864,2.4635365279723835
1991-05-10,21.63,5.38,27.31,209.0,5.9182112,1.8860041551143887
1991-05-11,40.63,15.92,10.34,189.0,5.3518752,1.7055252885962655
1991-05-12,6.97,6.28,4.91,317.0,8.9764256,2.860590034312255
1991-05-13,14.14,5.34,6.7,446.0,12.6292928,4.0246787233541506
1991-05-14,5.47,6.93,1.87,360.0,10.194048,3.24861959732622
1991-05-15,0.0,4.27,3.55,325.0,9.20296,2.932781580919504
1991-05-16,0.0,4.01,2.98,434.0,12.2894912,3.9163914034432765
1991-05-17,3.71,6.66,3.63,470.0,13.308895999999999,4.241253363175898
1991-05-18,20.01,5.68,9.28,400.0,11.32672,3.6095773303624665
1991-05-19,13.28,6.57,4.44,318.0,9.0047424,2.869613977638161
1991-05-20,39.6,5.85,9.95,306.0,8.6649408,2.761326657727287
1991-05-21,0.0,1.7,3.7,350.0,9.91088,3.1583801640671583
1991-05-22,2.83,0.16,0.47,340.0,9.627712,3.068140730808097
1991-05-23,0.08,6.9,1.86,293.0,8.2968224,2.644015394490507
1991-05-24,0.01,14.05,16.64,243.0,6.8809824,2.1928182281951982
1991-05-25,27.0,30.04,9.41,564.0,15.9706752,5.089504035811078
1991-05-26,10.96,11.65,16.14,921.0,26.0797728,8.311051803159579
1991-05-27,37.38,18.35,62.96,1020.0,28.883136,9.204422192424289
1991-05-28,9.75,3.21,20.48,1130.0,31.997984,10.197055958273967
1991-05-29,0.0,0.08,0.38,1070.0,30.298976,9.655619358719598
1991-05-30,0.0,0.0,0.0,922.0,26.1080896,8.320075746485486
1991-05-31,0.0,0.11,0.0,725.0,20.52968,6.54235891128197
1991-06-01,0.0,0.32,1.12,554.0,15.6875072,4.999264602552016
1991-06-02,10.09,11.1,6.59,429.0,12.1479072,3.8712716868137456
1991-06-03,9.01,2.82,3.15,352.0,9.9675136,3.176428050718971
1991-06-04,11.9,3.53,5.13,291.0,8.2401888,2.6259675078386944
1991-06-05,0.0,8.73,8.46,233.0,6.5978144,2.1025787949361368
1991-06-06,0.0,9.36,2.31,185.0,5.238608,1.6694295152926408
1991-06-07,0.0,0.0,0.01,147.0,4.1625696,1.3265196689082066
1991-06-08,0.0,0.0,0.0,112.0,3.1714816,1.0106816525014906
1991-06-09,0.0,0.36,0.09,83.0,2.3502944,0.7489872960502119
1991-06-10,0.0,0.0,0.03,60.0,1.699008,0.54143659955437
1991-06-11,0.0,0.0,0.0,45.0,1.274256,0.4060774496657775
1991-06-12,0.0,0.0,0.0,34.0,0.9627711999999999,0.30681407308080966
1991-06-13,0.0,0.05,0.0,26.0,0.7362368,0.23462252647356033
1991-06-14,0.0,0.12,0.23,20.0,0.566336,0.1804788665181233
1991-06-15,0.0,4.89,0.08,16.0,0.4530688,0.14438309321449866
1991-06-16,0.0,4.31,8.82,13.0,0.3681184,0.11731126323678016
1991-06-17,0.0,3.58,11.3,12.0,0.3398016,0.108287319910874
1991-06-18,6.84,11.02,10.46,12.0,0.3398016,0.108287319910874
1991-06-19,9.07,1.39,4.35,22.0,0.6229696,0.19852675316993568
1991-06-20,9.48,9.13,2.68,35.0,0.991088,0.3158380164067158
1991-06-21,0.85,6.06,0.72,42.0,1.1893056,0.37900561968805896
1991-06-22,0.0,8.55,0.8,34.0,0.9627711999999999,0.30681407308080966
1991-06-23,7.9,1.48,9.25,29.0,0.8211872,0.2616943564512788
1991-06-24,0.0,2.47,4.48,112.0,3.1714816,1.0106816525014906
1991-06-25,14.84,5.92,11.94,154.0,4.3607872,1.3896872721895497
1991-06-26,18.87,24.02,12.6,160.0,4.530688,1.4438309321449865
1991-06-27,12.77,9.17,14.48,223.0,6.3146464,2.0123393616770753
1991-06-28,1.77,1.07,3.85,444.0,12.5726592,4.006630836702338
1991-06-29,0.0,4.42,3.58,478.0,13.5354304,4.313444909783147
1991-06-30,3.96,1.84,1.56,545.0,15.432656,4.918049112618861
1991-07-01,0.0,0.12,0.37,430.0,12.176224,3.8802956301396514
1991-07-02,0.0,0.15,0.08,328.0,9.2879104,2.9598534108972223
1991-07-03,0.0,4.0,1.57,239.0,6.7677152,2.1567224548915735
1991-07-04,13.33,9.57,5.06,222.0,6.2863296,2.003315418351169
1991-07-05,10.42,40.13,7.26,301.0,8.5233568,2.7162069410977563
1991-07-06,36.13,26.53,48.7,318.0,9.0047424,2.869613977638161
1991-07-07,23.76,11.64,28.48,290.0,8.211872,2.616943564512788
1991-07-08,23.7,15.72,8.18,312.0,8.8348416,2.815470317682724
1991-07-09,18.89,27.65,5.22,362.0,10.2506816,3.2666674839780323
1991-07-10,15.42,8.72,23.24,368.0,10.4205824,3.3208111439334695
1991-07-11,25.69,18.48,12.01,353.0,9.9958304,3.1854519940448767
1991-07-12,0.0,0.57,1.57,341.0,9.6560288,3.0771646741340026
1991-07-13,0.0,2.61,0.0,300.0,8.49504,2.7071829977718496
1991-07-14,0.0,4.08,5.65,259.0,7.3340512,2.337201321409697
1991-07-15,11.14,15.22,2.59,348.0,9.8542464,3.1403322774153457
1991-07-16,31.0,15.15,15.78,342.0,9.6843456,3.086188617459909
1991-07-17,32.63,37.14,23.86,471.0,13.3372128,4.250277306501804
1991-07-18,20.68,9.02,9.39,647.0,18.3209696,5.83849133186129
1991-07-19,0.0,0.08,1.17,690.0,19.538592,6.2265208948752555
1991-07-20,1.1,0.31,2.05,637.0,18.037801599999998,5.748251898602227
1991-07-21,9.13,2.21,1.01,583.0,16.5086944,5.260958959003295
1991-07-22,0.0,0.04,0.27,593.0,16.7918624,5.351198392262356
1991-07-23,0.0,0.19,0.05,541.0,15.3193888,4.881953339315237
1991-07-24,0.0,6.04,0.52,433.0,12.2611744,3.90736746011737
1991-07-25,11.27,16.54,17.62,355.0,10.052464,3.2034998806966892
1991-07-26,22.39,8.34,9.04,654.0,18.5191872,5.901658935142633
1991-07-27,9.5,4.46,3.59,1010.0,28.599968,9.114182759165228
1991-07-28,6.81,1.58,2.15,1140.0,32.281152,10.287295391533029
1991-07-29,8.32,7.33,8.24,1080.0,30.582144,9.745858791978659
1991-07-30,8.4,8.92,8.14,907.0,25.683337599999998,8.184716596596893
1991-07-31,16.54,6.77,2.37,836.0,23.6728448,7.544016620457555
1991-08-01,0.0,5.18,6.72,742.0,21.0110656,6.695765947822375
1991-08-02,13.98,11.66,4.2,665.0,18.830672,6.0009223117276
1991-08-03,9.18,1.04,4.17,821.0,23.2480928,7.408657470568962
1991-08-04,5.22,10.13,4.33,804.0,22.7667072,7.255250434028557
1991-08-05,16.96,0.9,2.47,783.0,22.1720544,7.065747624184528
1991-08-06,0.0,0.41,1.6,832.0,23.5595776,7.5079208471539305
1991-08-07,1.96,0.31,0.48,725.0,20.52968,6.54235891128197
1991-08-08,0.0,3.79,0.04,561.0,15.8857248,5.0624322058333595
1991-08-09,0.0,9.22,4.71,425.0,12.03464,3.8351759135101204
1991-08-10,7.51,15.77,10.29,369.0,10.4488992,3.3298350872593754
1991-08-11,13.89,5.14,21.85,440.0,12.459392,3.970535063398713
1991-08-12,2.46,3.08,7.57,558.0,15.8007744,5.035360375855641
1991-08-13,0.0,1.76,4.45,578.0,16.3671104,5.2158392423737645
1991-08-14,7.98,10.08,7.95,474.0,13.4221632,4.277349136479523
1991-08-15,10.0,0.55,2.59,390.0,11.043552,3.519337897103405
1991-08-16,0.0,0.07,0.13,319.0,9.0330592,2.878637920964067
1991-08-17,0.0,9.23,3.25,245.0,6.937616,2.210866114847011
1991-08-18,0.0,2.65,3.24,184.0,5.2102912,1.6604055719667348
1991-08-19,4.79,4.75,5.63,141.0,3.9926688,1.2723760089527696
1991-08-20,13.4,0.88,1.64,125.0,3.5396,1.1279929157382709
1991-08-21,0.0,0.0,0.0,98.0,2.7750464,0.8843464459388043
1991-08-22,0.0,1.89,0.0,72.0,2.0388096,0.649723919465244
1991-08-23,0.0,0.85,6.06,53.0,1.5007904,0.4782689962730268
1991-08-24,40.35,20.56,7.68,42.0,1.1893056,0.37900561968805896
1991-08-25,24.03,0.79,3.53,56.0,1.5857408,0.5053408262507453
1991-08-26,0.0,0.18,0.67,292.0,8.2685056,2.6349914511646
1991-08-27,3.55,2.82,2.69,365.0,10.335632,3.2937393139557507
1991-08-28,0.0,0.16,1.8,309.0,8.7498912,2.7883984877050056
1991-08-29,0.0,4.05,5.58,259.0,7.3340512,2.337201321409697
1991-08-30,0.0,2.67,2.7,365.0,10.335632,3.2937393139557507
1991-08-31,0.0,0.0,0.31,352.0,9.9675136,3.176428050718971
1991-09-01,0.0,0.0,0.0,277.0,7.8437536,2.499632301276008
1991-09-02,0.0,0.82,0.22,211.0,5.9748448,1.904052041766201
1991-09-03,0.01,1.84,1.47,164.0,4.6439552,1.4799267054486112
1991-09-04,0.0,0.28,0.47,133.0,3.7661344,1.20018446234552
1991-09-05,0.0,0.0,0.09,99.0,2.8033632,0.8933703892647106
1991-09-06,0.0,0.0,1.09,74.0,2.0954432,0.6677718061170563
1991-09-07,0.0,0.66,0.56,56.0,1.5857408,0.5053408262507453
1991-09-08,0.0,0.0,1.26,42.0,1.1893056,0.37900561968805896
1991-09-09,0.0,2.68,0.66,33.0,0.9344544,0.2977901297549035
1991-09-10,0.0,0.0,0.09,25.0,0.70792,0.22559858314765416
1991-09-11,0.0,0.0,0.0,19.0,0.5380192,0.17145492319221717
1991-09-12,0.0,0.18,0.12,14.0,0.3964352,0.12633520656268632
1991-09-13,0.0,0.17,0.04,11.0,0.3114848,0.09926337658496784
1991-09-14,0.0,0.0,0.0,8.6,0.24352448,0.07760591260279302
1991-09-15,0.0,0.0,0.0,7.1,0.20104928,0.06406999761393378
1991-09-16,0.0,0.0,0.07,5.9,0.16706912000000002,0.05324126562284639
1991-09-17,0.0,1.57,5.95,5.2,0.14724736,0.046924505294712066
1991-09-18,2.16,17.23,1.98,4.5,0.1274256,0.04060774496657775
1991-09-19,0.0,1.52,1.15,4.1,0.11609887999999999,0.03699816763621528
1991-09-20,0.0,1.1,0.38,3.7,0.10477216,0.03338859030585282
1991-09-21,0.0,0.0,0.0,3.2,0.09061376,0.028876618642899733
1991-09-22,0.0,0.0,0.0,3.0,0.0849504,0.0270718299777185
1991-09-23,0.0,0.0,0.0,2.7,0.07645536,0.02436464697994665
1991-09-24,0.0,2.09,3.11,2.5,0.070792,0.022559858314765414
1991-09-25,11.43,10.64,7.58,4.3,0.12176224,0.03880295630139651
1991-09-26,0.0,0.0,2.18,4.6,0.13025727999999998,0.04151013929916836
1991-09-27,0.0,0.0,0.0,3.5,0.0991088,0.03158380164067158
1991-09-28,0.0,0.28,0.0,3.3,0.09344543999999999,0.029779012975490345
1991-09-29,0.0,0.31,0.38,2.9,0.08211871999999999,0.02616943564512788
1991-09-30,0.0,0.07,0.34,2.7,0.07645536,0.02436464697994665
1991-10-01,0.0,0.98,1.77,2.5,0.070792,0.022559858314765414
1991-10-02,6.67,6.36,4.46,2.8,0.07928703999999999,0.025267041312537264
1991-10-03,1.91,1.39,1.3,2.7,0.07645536,0.02436464697994665
1991-10-04,0.0,0.0,3.33,2.6,0.07362368,0.023462252647356033
1991-10-05,16.54,25.35,20.81,7.2,0.20388096,0.06497239194652439
1991-10-06,16.64,0.94,6.6,16.0,0.4530688,0.14438309321449866
1991-10-07,0.0,0.0,0.01,22.0,0.6229696,0.19852675316993568
1991-10-08,0.0,0.0,0.0,23.0,0.6512864,0.20755069649584185
1991-10-09,0.0,0.0,0.0,21.0,0.5946528,0.18950280984402948
1991-10-10,0.0,0.0,0.0,18.0,0.5097024,0.162430979866311
1991-10-11,0.0,0.0,0.0,16.0,0.4530688,0.14438309321449866
1991-10-12,0.0,0.0,0.0,14.0,0.3964352,0.12633520656268632
1991-10-13,0.0,0.0,0.0,11.0,0.3114848,0.09926337658496784
1991-10-14,0.0,0.0,0.0,8.8,0.24918784000000002,0.07941070126797427
1991-10-15,0.0,0.66,0.26,7.2,0.20388096,0.06497239194652439
1991-10-16,0.0,0.0,0.09,5.9,0.16706912000000002,0.05324126562284639
1991-10-17,0.0,0.0,0.0,5.1,0.14441568,0.04602211096212144
1991-10-18,0.0,0.0,0.0,4.9,0.13875232,0.04421732229694022
1991-10-19,0.0,0.0,0.0,4.2,0.11893056,0.0379005619688059
1991-10-20,0.0,0.0,0.0,3.6,0.10194048,0.032486195973262195
1991-10-21,0.0,0.0,0.0,3.2,0.09061376,0.028876618642899733
1991-10-22,0.0,0.07,0.0,3.0,0.0849504,0.0270718299777185
1991-10-23,0.0,3.31,4.07,2.8,0.07928703999999999,0.025267041312537264
1991-10-24,0.0,3.41,1.36,2.6,0.07362368,0.023462252647356033
1991-10-25,0.0,0.0,0.0,2.5,0.070792,0.022559858314765414
1991-10-26,0.0,0.0,0.0,2.6,0.07362368,0.023462252647356033
1991-10-27,0.0,0.0,0.0,3.2,0.09061376,0.028876618642899733
1991-10-28,0.0,0.0,0.0,2.6,0.07362368,0.023462252647356033
1991-10-29,0.0,0.0,0.0,2.3,0.06512863999999999,0.02075506964958418
1991-10-30,0.0,0.0,0.0,2.2,0.062296960000000005,0.019852675316993567
1991-10-31,0.0,0.0,0.0,2.2,0.062296960000000005,0.019852675316993567
1991-11-01,0.0,4.4,4.57,2.6,0.07362368,0.023462252647356033
1991-11-02,3.62,0.03,1.59,2.9,0.08211871999999999,0.02616943564512788
1991-11-03,0.2,0.96,1.08,2.6,0.07362368,0.023462252647356033
1991-11-04,0.0,0.26,0.35,2.5,0.070792,0.022559858314765414
1991-11-05,0.0,0.0,0.0,2.5,0.070792,0.022559858314765414
1991-11-06,0.0,0.0,0.0,2.5,0.070792,0.022559858314765414
1991-11-07,0.0,0.0,0.0,2.4,0.06796031999999999,0.021657463982174795
1991-11-08,0.0,0.0,0.0,2.4,0.06796031999999999,0.021657463982174795
1991-11-09,0.0,0.0,0.0,2.4,0.06796031999999999,0.021657463982174795
1991-11-10,0.0,0.0,0.0,2.3,0.06512863999999999,0.02075506964958418
1991-11-11,0.0,0.0,0.0,2.2,0.062296960000000005,0.019852675316993567
1991-11-12,0.0,0.0,0.0,2.2,0.062296960000000005,0.019852675316993567
1991-11-13,0.0,0.0,0.0,2.1,0.05946528,0.01895028098440295
1991-11-14,0.0,0.0,0.0,2.1,0.05946528,0.01895028098440295
1991-11-15,0.0,0.0,0.0,2.1,0.05946528,0.01895028098440295
1991-11-16,0.0,0.0,0.0,2.1,0.05946528,0.01895028098440295
1991-11-17,0.0,0.0,0.0,2.0,0.0566336,0.018047886651812332
1991-11-18,0.0,0.0,0.0,2.0,0.0566336,0.018047886651812332
1991-11-19,0.0,0.0,0.0,2.2,0.062296960000000005,0.019852675316993567
1991-11-20,0.0,0.05,0.37,2.4,0.06796031999999999,0.021657463982174795
1991-11-21,0.0,4.26,4.16,2.6,0.07362368,0.023462252647356033
1991-11-22,8.55,8.85,4.22,3.3,0.09344543999999999,0.029779012975490345
1991-11-23,0.0,0.0,0.96,3.0,0.0849504,0.0270718299777185
1991-11-24,0.0,0.0,0.0,2.8,0.07928703999999999,0.025267041312537264
1991-11-25,0.0,0.0,0.0,2.6,0.07362368,0.023462252647356033
1991-11-26,0.0,0.0,0.0,2.7,0.07645536,0.02436464697994665
1991-11-27,0.0,0.0,0.0,2.7,0.07645536,0.02436464697994665
1991-11-28,0.0,0.0,0.0,2.7,0.07645536,0.02436464697994665
1991-11-29,0.0,0.0,0.0,2.7,0.07645536,0.02436464697994665
1991-11-30,0.0,0.0,0.0,2.7,0.07645536,0.02436464697994665
1991-12-01,0.0,0.11,0.06,2.7,0.07645536,0.02436464697994665
1991-12-02,0.0,0.14,0.05,2.7,0.07645536,0.02436464697994665
1991-12-03,6.76,24.19,15.06,3.4,0.09627712,0.030681407308080964
1991-12-04,22.07,1.35,5.02,4.0,0.1132672,0.036095773303624665
1991-12-05,0.0,0.0,0.0,3.5,0.0991088,0.03158380164067158
1991-12-06,0.0,0.0,0.0,4.4,0.12459392000000001,0.039705350633987134
1991-12-07,0.0,0.0,0.0,3.7,0.10477216,0.03338859030585282
1991-12-08,0.0,0.05,0.02,3.3,0.09344543999999999,0.029779012975490345
1991-12-09,0.0,0.84,3.41,3.1,0.08778208,0.027974224310309114
1991-12-10,7.33,9.16,5.46,3.1,0.08778208,0.027974224310309114
1991-12-11,0.0,0.0,1.44,3.0,0.0849504,0.0270718299777185
1991-12-12,0.0,0.0,0.02,3.0,0.0849504,0.0270718299777185
1991-12-13,0.0,0.01,0.01,3.2,0.09061376,0.028876618642899733
1991-12-14,0.0,5.19,2.62,3.2,0.09061376,0.028876618642899733
1991-12-15,0.46,0.0,0.87,3.0,0.0849504,0.0270718299777185
1991-12-16,0.0,0.0,0.0,2.9,0.08211871999999999,0.02616943564512788
1991-12-17,0.0,0.0,0.0,2.8,0.07928703999999999,0.025267041312537264
1991-12-18,0.0,0.0,0.0,2.7,0.07645536,0.02436464697994665
1991-12-19,0.0,0.0,0.0,2.6,0.07362368,0.023462252647356033
1991-12-20,0.0,0.0,0.0,2.5,0.070792,0.022559858314765414
1991-12-21,0.0,0.0,0.0,2.4,0.06796031999999999,0.021657463982174795
1991-12-22,0.0,4.99,0.0,2.3,0.06512863999999999,0.02075506964958418
1991-12-23,0.0,1.27,4.11,2.7,0.07645536,0.02436464697994665
1991-12-24,7.47,0.39,1.37,2.6,0.07362368,0.023462252647356033
1991-12-25,0.0,0.0,0.0,2.5,0.070792,0.022559858314765414
1991-12-26,0.0,2.86,0.0,2.4,0.06796031999999999,0.021657463982174795
1991-12-27,0.0,1.23,3.69,2.3,0.06512863999999999,0.02075506964958418
1991-12-28,6.29,1.51,1.26,2.5,0.070792,0.022559858314765414
1991-12-29,0.0,0.0,0.01,2.3,0.06512863999999999,0.02075506964958418
1991-12-30,0.0,0.0,0.0,2.1,0.05946528,0.01895028098440295
1991-12-31,0.0,0.0,0.07,2.0,0.0566336,0.018047886651812332
1992-01-01,0.0,0.05,0.1,1.9,0.053801919999999996,0.017145492319221713
1992-01-02,0.0,0.45,0.28,1.9,0.053801919999999996,0.017145492319221713
1992-01-03,0.0,0.15,0.09,1.8,0.05097024,0.016243097986631098
1992-01-04,0.0,0.0,0.0,1.8,0.05097024,0.016243097986631098
1992-01-05,0.0,0.0,0.0,1.7,0.04813856,0.015340703654040482
1992-01-06,0.0,0.0,0.0,1.7,0.04813856,0.015340703654040482
1992-01-07,0.0,0.0,0.0,1.6,0.04530688,0.014438309321449867
1992-01-08,0.0,0.27,1.39,1.6,0.04530688,0.014438309321449867
1992-01-09,7.68,0.41,0.5,1.5,0.0424752,0.01353591498885925
1992-01-10,0.0,0.0,0.01,1.5,0.0424752,0.01353591498885925
1992-01-11,0.0,0.0,0.0,1.4,0.039643519999999995,0.012633520656268632
1992-01-12,0.0,2.4,4.78,1.4,0.039643519999999995,0.012633520656268632
1992-01-13,22.63,47.97,37.35,8.0,0.2265344,0.07219154660724933
1992-01-14,56.93,5.88,11.92,14.0,0.3964352,0.12633520656268632
1992-01-15,0.0,0.0,0.0,20.0,0.566336,0.1804788665181233
1992-01-16,0.0,0.0,0.0,17.0,0.48138559999999997,0.15340703654040483
1992-01-17,0.0,0.0,0.0,15.0,0.424752,0.1353591498885925
1992-01-18,0.0,4.08,5.67,14.0,0.3964352,0.12633520656268632
1992-01-19,13.4,14.39,8.41,14.0,0.3964352,0.12633520656268632
1992-01-20,0.0,0.0,2.17,16.0,0.4530688,0.14438309321449866
1992-01-21,0.0,0.0,0.0,17.0,0.48138559999999997,0.15340703654040483
1992-01-22,0.0,0.0,14.62,16.0,0.4530688,0.14438309321449866
1992-01-23,42.5,47.85,25.93,84.0,2.3786112,0.7580112393761179
1992-01-24,0.0,0.0,7.02,140.0,3.964352,1.2633520656268633
1992-01-25,0.0,0.0,0.0,149.0,4.2192032,1.3445675555600187
1992-01-26,0.0,0.0,0.0,137.0,3.8794016,1.2362802356491447
1992-01-27,0.0,1.16,2.85,114.0,3.2281152,1.028729539153303
1992-01-28,13.14,27.44,18.48,120.0,3.398016,1.08287319910874
1992-01-29,10.88,2.96,10.34,205.0,5.804944,1.849908381810764
1992-01-30,11.92,14.3,9.25,258.0,7.3057343999999995,2.3281773780837907
1992-01-31,0.0,0.0,2.58,291.0,8.2401888,2.6259675078386944
1992-02-01,0.0,0.0,0.0,283.0,8.0136544,2.553775961231445
1992-02-02,0.0,0.0,0.0,252.0,7.1358336,2.274033718128354
1992-02-03,0.0,0.0,0.0,217.0,6.1447456,1.9581957017216383
1992-02-04,0.0,1.01,3.63,185.0,5.238608,1.6694295152926408
1992-02-05,8.31,19.84,9.59,176.0,4.9837568,1.5882140253594854
1992-02-06,11.72,8.03,8.08,183.0,5.1819744,1.6513816286408283
1992-02-07,0.0,0.04,1.82,178.0,5.0403904,1.6062619120112975
1992-02-08,0.0,0.08,0.02,165.0,4.6722719999999995,1.4889506487745172
1992-02-09,0.0,0.0,0.0,146.0,4.1342528,1.3174957255823
1992-02-10,0.0,0.0,0.0,127.0,3.5962336,1.1460408023900832
1992-02-11,0.0,0.0,0.0,108.0,3.0582143999999998,0.9745858791978659
1992-02-12,0.0,0.0,0.0,93.0,2.6334624,0.8392267293092734
1992-02-13,0.0,1.58,0.12,81.0,2.2936608,0.7309394093983995
1992-02-14,0.0,3.58,1.62,71.0,2.0104928,0.6406999761393378
1992-02-15,30.28,18.49,19.0,87.0,2.4635616,0.7850830693538364
1992-02-16,36.83,13.24,9.83,231.0,6.5411808,2.0845309082843246
1992-02-17,36.01,78.19,47.76,395.0,11.185136,3.5644576137329356
1992-02-18,63.07,38.16,46.59,996.0,28.203532799999998,8.987847552602542
1992-02-19,41.74,4.27,10.47,1680.0,47.572224,15.16022478752236
1992-02-20,0.0,0.1,0.04,1900.0,53.80192,17.145492319221717
1992-02-21,0.0,0.0,1.27,1670.0,47.289056,15.069985354263299
1992-02-22,3.62,3.32,6.68,1250.0,35.396,11.279929157382709
1992-02-23,6.34,5.48,3.0,908.0,25.7116544,8.1937405399228
1992-02-24,0.0,0.79,0.64,717.0,20.3031456,6.4701673646747215
1992-02-25,4.22,5.22,7.31,593.0,16.7918624,5.351198392262356
1992-02-26,0.0,2.5,2.4,548.0,15.5176064,4.945120942596579
1992-02-27,0.0,0.0,0.0,547.0,15.4892896,4.9360969992706725
1992-02-28,0.0,0.0,0.0,475.0,13.45048,4.286373079805429
1992-02-29,0.0,0.0,0.0,392.0,11.1001856,3.537385783755217
1992-03-01,0.0,0.0,0.0,323.0,9.1463264,2.914733694267692
1992-03-02,0.0,0.0,0.0,266.0,7.5322688,2.40036892469104
1992-03-03,0.0,0.0,0.0,218.0,6.1730624,1.9672196450475443
1992-03-04,0.0,0.47,0.0,179.0,5.0687071999999995,1.6152858553372036
1992-03-05,0.0,9.69,12.7,146.0,4.1342528,1.3174957255823
1992-03-06,19.96,19.51,10.36,173.0,4.8988064,1.5611421953817668
1992-03-07,7.37,1.65,2.04,235.0,6.6544479999999995,2.120626681587949
1992-03-08,0.0,0.0,0.0,243.0,6.8809824,2.1928182281951982
1992-03-09,0.0,0.0,0.0,224.0,6.3429632,2.021363305002981
1992-03-10,0.0,9.24,12.42,214.0,6.0597952,1.9311238717439196
1992-03-11,9.48,0.84,4.15,264.0,7.4756352,2.382321038039228
1992-03-12,0.0,0.0,0.0,259.0,7.3340512,2.337201321409697
1992-03-13,0.0,0.0,0.0,228.0,6.4562304,2.057459078306606
1992-03-14,0.0,0.0,0.0,194.0,5.4934592,1.7506450052257962
1992-03-15,0.0,0.0,0.0,161.0,4.5590048,1.452854875470893
1992-03-16,0.0,0.0,0.0,134.0,3.7944512,1.2092084056714263
1992-03-17,0.0,0.0,0.0,110.0,3.114848,0.9926337658496782
1992-03-18,0.0,0.66,8.05,90.0,2.548512,0.812154899331555
1992-03-19,15.76,12.31,10.31,78.0,2.2087104,0.703867579420681
1992-03-20,0.0,0.0,2.54,114.0,3.2281152,1.028729539153303
1992-03-21,0.0,0.0,0.0,123.0,3.4829664,1.1099450290864585
1992-03-22,0.0,1.14,1.81,108.0,3.0582143999999998,0.9745858791978659
1992-03-23,2.84,3.92,2.25,97.0,2.7467296,0.8753225026128981
1992-03-24,0.0,2.9,0.55,98.0,2.7750464,0.8843464459388043
1992-03-25,0.0,14.6,14.84,116.0,3.2847488,1.0467774258051152
1992-03-26,14.26,5.99,4.95,195.0,5.521776,1.7596689485517025
1992-03-27,0.0,0.01,0.0,208.0,5.8898944,1.8769802117884826
1992-03-28,0.0,0.0,0.0,195.0,5.521776,1.7596689485517025
1992-03-29,0.0,0.0,0.0,167.0,4.7289056,1.5069985354263298
1992-03-30,5.18,1.23,0.81,141.0,3.9926688,1.2723760089527696
1992-03-31,0.0,0.6,0.27,123.0,3.4829664,1.1099450290864585
1992-04-01,0.0,0.0,0.0,108.0,3.0582143999999998,0.9745858791978659
1992-04-02,0.0,0.0,0.0,88.0,2.4918784,0.7941070126797427
1992-04-03,0.0,0.0,0.0,72.0,2.0388096,0.649723919465244
1992-04-04,0.0,0.0,0.0,57.0,1.6140576,0.5143647695766514
1992-04-05,0.0,0.0,0.0,47.0,1.3308896,0.4241253363175898
1992-04-06,0.0,0.75,1.22,37.0,1.0477216,0.33388590305852817
1992-04-07,0.52,0.83,0.66,31.0,0.8778208,0.27974224310309115
1992-04-08,0.0,0.0,0.09,27.0,0.7645535999999999,0.24364646979946647
1992-04-09,0.0,0.0,0.0,23.0,0.6512864,0.20755069649584185
1992-04-10,0.0,0.01,0.0,20.0,0.566336,0.1804788665181233
1992-04-11,0.0,0.77,0.13,17.0,0.48138559999999997,0.15340703654040483
1992-04-12,0.0,0.21,0.82,15.0,0.424752,0.1353591498885925
1992-04-13,0.0,0.08,0.63,13.0,0.3681184,0.11731126323678016
1992-04-14,0.0,0.0,0.12,12.0,0.3398016,0.108287319910874
1992-04-15,0.0,0.0,0.0,9.6,0.27184127999999996,0.08662985592869918
1992-04-16,0.0,0.0,0.0,8.0,0.2265344,0.07219154660724933
1992-04-17,0.0,0.0,0.0,6.8,0.19255424,0.06136281461616193
1992-04-18,0.0,0.0,0.0,5.8,0.16423743999999998,0.05233887129025576
1992-04-19,0.0,4.31,4.44,5.4,0.15291072,0.0487292939598933
1992-04-20,3.37,1.56,2.74,5.0,0.141584,0.04511971662953083
1992-04-21,4.13,5.04,5.39,4.6,0.13025727999999998,0.04151013929916836
1992-04-22,10.84,1.67,1.66,4.3,0.12176224,0.03880295630139651
1992-04-23,0.0,0.0,0.0,3.8,0.10760383999999999,0.03429098463844343
1992-04-24,0.0,0.0,0.0,3.5,0.0991088,0.03158380164067158
1992-04-25,0.0,0.0,0.0,3.2,0.09061376,0.028876618642899733
1992-04-26,0.0,0.0,0.0,2.9,0.08211871999999999,0.02616943564512788
1992-04-27,0.0,0.0,0.0,2.6,0.07362368,0.023462252647356033
1992-04-28,0.0,0.0,0.0,2.5,0.070792,0.022559858314765414
1992-04-29,0.0,0.0,0.0,2.4,0.06796031999999999,0.021657463982174795
1992-04-30,0.0,0.0,0.0,2.4,0.06796031999999999,0.021657463982174795
1992-05-01,0.0,0.0,0.0,2.2,0.062296960000000005,0.019852675316993567
1992-05-02,0.0,0.0,0.0,2.1,0.05946528,0.01895028098440295
1992-05-03,0.0,0.0,0.0,1.9,0.053801919999999996,0.017145492319221713
1992-05-04,0.0,0.0,0.0,1.8,0.05097024,0.016243097986631098
1992-05-05,0.0,0.0,0.0,1.8,0.05097024,0.016243097986631098
1992-05-06,0.0,0.42,1.45,1.7,0.04813856,0.015340703654040482
1992-05-07,1.78,0.02,0.51,1.7,0.04813856,0.015340703654040482
1992-05-08,0.0,0.09,0.11,1.7,0.04813856,0.015340703654040482
1992-05-09,0.0,0.0,0.03,1.7,0.04813856,0.015340703654040482
1992-05-10,0.0,0.0,0.0,1.7,0.04813856,0.015340703654040482
1992-05-11,0.0,0.0,0.0,1.5,0.0424752,0.01353591498885925
1992-05-12,0.0,0.0,0.0,1.5,0.0424752,0.01353591498885925
1992-05-13,0.0,0.0,0.0,1.5,0.0424752,0.01353591498885925
1992-05-14,0.0,0.0,0.0,1.4,0.039643519999999995,0.012633520656268632
1992-05-15,0.0,0.0,0.0,1.4,0.039643519999999995,0.012633520656268632
1992-05-16,0.0,4.78,5.36,1.4,0.039643519999999995,0.012633520656268632
1992-05-17,0.0,0.33,2.4,1.4,0.039643519999999995,0.012633520656268632
1992-05-18,0.0,0.0,0.2,1.3,0.03681184,0.011731126323678016
1992-05-19,0.0,0.0,0.0,1.2,0.033980159999999995,0.010828731991087397
1992-05-20,0.0,0.0,0.0,1.2,0.033980159999999995,0.010828731991087397
1992-05-21,0.0,0.0,0.0,1.2,0.033980159999999995,0.010828731991087397
1992-05-22,0.0,0.0,0.0,1.2,0.033980159999999995,0.010828731991087397
1992-05-23,0.0,0.0,0.0,1.1,0.031148480000000003,0.009926337658496783
1992-05-24,0.0,1.66,0.0,1.1,0.031148480000000003,0.009926337658496783
1992-05-25,0.0,5.8,12.67,1.4,0.039643519999999995,0.012633520656268632
1992-05-26,0.0,4.27,7.21,1.7,0.04813856,0.015340703654040482
1992-05-27,4.41,14.27,4.28,1.8,0.05097024,0.016243097986631098
1992-05-28,4.64,30.39,21.19,2.2,0.062296960000000005,0.019852675316993567
1992-05-29,30.5,24.69,31.18,3.0,0.0849504,0.0270718299777185
1992-05-30,1.48,1.05,11.93,3.3,0.09344543999999999,0.029779012975490345
1992-05-31,1.16,2.43,1.26,2.7,0.07645536,0.02436464697994665
1992-06-01,0.0,0.0,0.0,1.9,0.053801919999999996,0.017145492319221713
1992-06-02,0.0,0.0,0.1,1.6,0.04530688,0.014438309321449867
1992-06-03,9.02,19.02,18.71,2.5,0.070792,0.022559858314765414
1992-06-04,18.37,12.78,6.28,8.1,0.22936608,0.07309394093983995
1992-06-05,0.0,0.01,0.02,4.9,0.13875232,0.04421732229694022
1992-06-06,0.0,0.49,0.55,4.0,0.1132672,0.036095773303624665
1992-06-07,0.0,1.43,1.29,3.0,0.0849504,0.0270718299777185
1992-06-08,28.32,27.04,26.6,2.8,0.07928703999999999,0.025267041312537264
1992-06-09,61.07,23.49,46.97,3.8,0.10760383999999999,0.03429098463844343
1992-06-10,34.65,27.2,14.76,8.8,0.24918784000000002,0.07941070126797427
1992-06-11,6.41,11.27,1.81,21.0,0.5946528,0.18950280984402948
1992-06-12,13.15,16.51,20.7,14.0,0.3964352,0.12633520656268632
1992-06-13,12.93,34.37,14.08,16.0,0.4530688,0.14438309321449866
1992-06-14,9.18,6.49,6.04,36.0,1.0194048,0.324861959732622
1992-06-15,4.27,17.87,4.74,45.0,1.274256,0.4060774496657775
1992-06-16,5.66,2.44,1.45,53.0,1.5007904,0.4782689962730268
1992-06-17,0.0,0.27,0.5,51.0,1.4441568,0.4602211096212145
1992-06-18,0.0,0.0,0.14,45.0,1.274256,0.4060774496657775
1992-06-19,0.0,0.13,1.5,39.0,1.1043552,0.3519337897103405
1992-06-20,0.0,0.12,0.5,33.0,0.9344544,0.2977901297549035
1992-06-21,0.0,0.01,0.0,26.0,0.7362368,0.23462252647356033
1992-06-22,0.0,0.02,0.0,20.0,0.566336,0.1804788665181233
1992-06-23,0.0,7.39,17.76,15.0,0.424752,0.1353591498885925
1992-06-24,2.11,24.35,5.94,11.0,0.3114848,0.09926337658496784
1992-06-25,0.0,1.42,0.15,12.0,0.3398016,0.108287319910874
1992-06-26,0.34,4.27,3.31,12.0,0.3398016,0.108287319910874
1992-06-27,1.98,17.33,3.96,10.0,0.283168,0.09023943325906165
1992-06-28,29.85,24.44,37.6,19.0,0.5380192,0.17145492319221717
1992-06-29,12.28,14.05,30.74,250.0,7.0792,2.2559858314765417
1992-06-30,7.55,14.54,17.66,528.0,14.9512704,4.764642076078456
1992-07-01,9.52,7.92,11.16,767.0,21.7189856,6.921364530970029
1992-07-02,24.74,3.32,2.44,673.0,19.0572064,6.07311385833485
1992-07-03,0.0,0.01,0.06,526.0,14.8946368,4.746594189426644
1992-07-04,0.0,0.01,0.02,378.0,10.7037504,3.411050577192531
1992-07-05,0.0,0.0,0.0,271.0,7.6738528,2.445488641320571
1992-07-06,0.0,0.0,0.0,194.0,5.4934592,1.7506450052257962
1992-07-07,0.0,0.55,0.0,138.0,3.9077184,1.245304178975051
1992-07-08,0.0,0.05,0.2,96.0,2.7184128,0.866298559286992
1992-07-09,0.0,0.0,0.07,71.0,2.0104928,0.6406999761393378
1992-07-10,0.0,0.0,0.0,50.0,1.41584,0.4511971662953083
1992-07-11,0.0,0.0,0.0,33.0,0.9344544,0.2977901297549035
1992-07-12,0.0,0.93,0.0,22.0,0.6229696,0.19852675316993568
1992-07-13,0.0,6.62,0.62,15.0,0.424752,0.1353591498885925
1992-07-14,0.21,4.99,4.73,11.0,0.3114848,0.09926337658496784
1992-07-15,13.65,4.8,8.66,13.0,0.3681184,0.11731126323678016
1992-07-16,14.2,19.37,13.64,57.0,1.6140576,0.5143647695766514
1992-07-17,22.0,8.72,10.81,172.0,4.8704896,1.5521182520558605
1992-07-18,9.17,4.18,5.62,181.0,5.1253408,1.6333337419890162
1992-07-19,13.0,5.34,6.3,234.0,6.6261312,2.111602738262043
1992-07-20,10.52,5.52,5.1,294.0,8.3251392,2.653039337816413
1992-07-21,10.24,12.27,13.09,275.0,7.78712,2.4815844146241957
1992-07-22,0.0,3.38,5.52,336.0,9.5144448,3.0320449575044717
1992-07-23,6.23,17.72,3.11,336.0,9.5144448,3.0320449575044717
1992-07-24,10.76,16.39,3.41,393.0,11.1285024,3.5464097270811235
1992-07-25,0.0,0.68,2.1,309.0,8.7498912,2.7883984877050056
1992-07-26,0.0,3.63,0.71,248.0,7.0225664,2.237937944824729
1992-07-27,0.0,0.26,0.87,220.0,6.229696,1.9852675316993564
1992-07-28,0.74,1.53,0.94,211.0,5.9748448,1.904052041766201
1992-07-29,0.07,4.16,0.35,305.0,8.636624,2.7523027144013805
1992-07-30,0.0,6.44,1.53,246.0,6.9659328,2.219890058172917
1992-07-31,4.89,0.04,1.71,243.0,6.8809824,2.1928182281951982
1992-08-01,0.0,1.63,0.41,243.0,6.8809824,2.1928182281951982
1992-08-02,0.0,4.36,1.68,198.0,5.6067264,1.7867407785294211
1992-08-03,1.98,12.58,4.77,151.0,4.2758367999999995,1.362615442211831
1992-08-04,3.67,8.55,3.59,115.0,3.2564319999999998,1.037753482479209
1992-08-05,9.92,3.42,6.38,86.0,2.4352448,0.7760591260279303
1992-08-06,15.56,3.72,3.71,76.0,2.1520768,0.6858196927688687
1992-08-07,15.69,5.2,13.85,69.0,1.9538592,0.6226520894875255
1992-08-08,23.73,7.99,13.85,53.0,1.5007904,0.4782689962730268
1992-08-09,0.0,4.51,4.54,53.0,1.5007904,0.4782689962730268
1992-08-10,0.0,3.27,1.62,73.0,2.0671264,0.65874786279115
1992-08-11,0.0,11.14,1.95,69.0,1.9538592,0.6226520894875255
1992-08-12,0.0,19.0,9.48,66.0,1.8689088,0.595580259509807
1992-08-13,42.06,44.6,42.4,215.0,6.088112,1.9401478150698257
1992-08-14,62.74,23.41,32.7,638.0,18.0661184,5.757275841928134
1992-08-15,28.76,7.41,8.18,1010.0,28.599968,9.114182759165228
1992-08-16,9.62,2.71,2.47,1160.0,32.847488,10.467774258051152
1992-08-17,11.55,4.68,8.07,1070.0,30.298976,9.655619358719598
1992-08-18,0.0,10.49,12.29,843.0,23.8710624,7.607184223738898
1992-08-19,22.39,12.06,15.61,762.0,21.577401599999998,6.876244814340498
1992-08-20,16.61,1.34,5.49,877.0,24.8338336,7.913998296819708
1992-08-21,8.65,14.27,5.72,949.0,26.8726432,8.563722216284951
1992-08-22,15.8,23.72,7.9,849.0,24.0409632,7.6613278836943355
1992-08-23,8.64,4.97,5.6,718.0,20.3314624,6.479191308000627
1992-08-24,7.89,4.59,2.8,582.0,16.4803776,5.251935015677389
1992-08-25,6.35,1.71,2.16,468.0,13.2522624,4.223205476524086
1992-08-26,0.0,9.76,3.83,435.0,12.317808,3.9254153467691824
1992-08-27,0.0,10.08,13.31,407.0,11.5249376,3.6727449336438096
1992-08-28,27.45,8.12,6.89,386.0,10.930284799999999,3.48324212379978
1992-08-29,0.0,0.07,0.94,490.0,13.875232,4.421732229694022
1992-08-30,0.0,0.0,0.0,437.0,12.374441599999999,3.9434632334209945
1992-08-31,0.0,0.0,0.0,369.0,10.4488992,3.3298350872593754
1992-09-01,0.0,0.8,0.0,289.0,8.1835552,2.6079196211868823
1992-09-02,0.0,6.58,15.58,221.0,6.2580127999999995,1.9942914750252627
1992-09-03,0.0,4.71,5.75,173.0,4.8988064,1.5611421953817668
1992-09-04,0.04,4.02,6.75,149.0,4.2192032,1.3445675555600187
1992-09-05,12.07,29.04,10.11,181.0,5.1253408,1.6333337419890162
1992-09-06,14.84,22.48,24.5,285.0,8.070288,2.571823847883257
1992-09-07,1.74,5.24,8.66,307.0,8.693257599999999,2.7703506010531926
1992-09-08,0.0,5.72,1.93,358.0,10.137414399999999,3.230571710674407
1992-09-09,0.0,0.83,0.49,378.0,10.7037504,3.411050577192531
1992-09-10,0.0,0.77,0.55,307.0,8.693257599999999,2.7703506010531926
1992-09-11,0.0,0.0,0.99,238.0,6.7393984,2.1476985115656677
1992-09-12,0.0,0.2,2.39,183.0,5.1819744,1.6513816286408283
1992-09-13,0.0,0.05,0.71,141.0,3.9926688,1.2723760089527696
1992-09-14,0.0,0.16,1.0,106.0,3.0015808,0.9565379925460537
1992-09-15,0.0,0.08,0.33,81.0,2.2936608,0.7309394093983995
1992-09-16,0.0,2.31,0.32,60.0,1.699008,0.54143659955437
1992-09-17,0.0,4.55,0.11,45.0,1.274256,0.4060774496657775
1992-09-18,0.0,0.74,0.51,33.0,0.9344544,0.2977901297549035
1992-09-19,0.0,2.07,0.17,24.0,0.6796032,0.216574639821748
1992-09-20,0.0,3.33,7.13,17.0,0.48138559999999997,0.15340703654040483
1992-09-21,0.0,0.37,2.38,13.0,0.3681184,0.11731126323678016
1992-09-22,0.0,0.82,0.55,10.0,0.283168,0.09023943325906165
1992-09-23,0.0,0.86,1.15,8.6,0.24352448,0.07760591260279302
1992-09-24,0.0,3.21,0.32,7.3,0.20671264,0.06587478627911501
1992-09-25,0.0,4.59,0.03,6.3,0.17839584,0.05685084295320885
1992-09-26,0.0,4.3,8.57,5.6,0.15857407999999998,0.05053408262507453
1992-09-27,12.24,3.79,6.54,14.0,0.3964352,0.12633520656268632
1992-09-28,0.0,0.15,1.23,32.0,0.9061376,0.2887661864289973
1992-09-29,0.0,0.0,0.0,22.0,0.6229696,0.19852675316993568
1992-09-30,0.0,0.0,0.0,15.0,0.424752,0.1353591498885925
1992-10-01,0.0,0.2,0.0,11.0,0.3114848,0.09926337658496784
1992-10-02,0.0,5.95,9.25,8.7,0.24635615999999996,0.07850830693538363
1992-10-03,35.79,28.96,38.75,103.0,2.9166304,0.9294661625683351
1992-10-04,23.97,8.06,12.5,369.0,10.4488992,3.3298350872593754
1992-10-05,0.0,0.0,0.2,393.0,11.1285024,3.5464097270811235
1992-10-06,0.0,0.0,0.0,355.0,10.052464,3.2034998806966892
1992-10-07,0.0,0.17,0.0,281.0,7.9570208,2.5357280745796325
1992-10-08,0.0,0.17,0.31,217.0,6.1447456,1.9581957017216383
1992-10-09,0.0,0.6,0.1,175.0,4.95544,1.5791900820335791
1992-10-10,0.0,0.0,0.0,141.0,3.9926688,1.2723760089527696
1992-10-11,0.0,0.0,0.0,113.0,3.1997984,1.0197055958273968
1992-10-12,0.0,0.0,0.0,88.0,2.4918784,0.7941070126797427
1992-10-13,0.0,0.0,0.0,66.0,1.8689088,0.595580259509807
1992-10-14,0.0,0.0,0.0,48.0,1.3592064,0.433149279643496
1992-10-15,0.0,0.0,0.0,35.0,0.991088,0.3158380164067158
1992-10-16,0.0,0.0,0.0,26.0,0.7362368,0.23462252647356033
1992-10-17,0.0,0.02,0.01,20.0,0.566336,0.1804788665181233
1992-10-18,0.0,0.0,0.0,16.0,0.4530688,0.14438309321449866
1992-10-19,0.0,0.0,0.0,13.0,0.3681184,0.11731126323678016
1992-10-20,0.0,0.0,0.0,11.0,0.3114848,0.09926337658496784
1992-10-21,0.0,0.0,0.0,8.9,0.25201952,0.08031309560056488
1992-10-22,0.0,0.0,0.0,7.5,0.212376,0.06767957494429624
1992-10-23,0.0,0.0,0.0,6.3,0.17839584,0.05685084295320885
1992-10-24,0.0,0.0,0.01,5.5,0.1557424,0.04963168829248392
1992-10-25,0.0,0.0,0.0,4.8,0.13592063999999998,0.04331492796434959
1992-10-26,0.0,0.42,0.0,4.4,0.12459392000000001,0.039705350633987134
1992-10-27,0.0,2.44,1.95,4.0,0.1132672,0.036095773303624665
1992-10-28,0.0,0.28,1.15,3.9,0.11043552,0.03519337897103405
1992-10-29,1.96,1.15,0.57,3.8,0.10760383999999999,0.03429098463844343
1992-10-30,3.62,13.59,7.03,3.5,0.0991088,0.03158380164067158
1992-10-31,1.34,0.21,2.3,3.4,0.09627712,0.030681407308080964
1992-11-01,0.0,0.68,4.05,3.2,0.09061376,0.028876618642899733
1992-11-02,16.03,17.63,11.21,4.3,0.12176224,0.03880295630139651
1992-11-03,0.55,0.05,3.45,7.1,0.20104928,0.06406999761393378
1992-11-04,0.0,23.95,17.99,12.0,0.3398016,0.108287319910874
1992-11-05,26.28,23.96,20.1,83.0,2.3502944,0.7489872960502119
1992-11-06,8.07,1.5,4.71,196.0,5.5500928,1.7686928918776086
1992-11-07,0.0,0.0,0.0,184.0,5.2102912,1.6604055719667348
1992-11-08,0.0,0.06,0.34,160.0,4.530688,1.4438309321449865
1992-11-09,0.0,0.01,0.11,131.0,3.7095008,1.1821365756937077
1992-11-10,0.0,0.02,0.0,105.0,2.973264,0.9475140492201475
1992-11-11,0.0,7.46,5.24,85.0,2.406928,0.7670351827020242
1992-11-12,28.98,45.48,31.41,127.0,3.5962336,1.1460408023900832
1992-11-13,47.93,4.94,9.89,318.0,9.0047424,2.869613977638161
1992-11-14,0.0,0.0,0.0,346.0,9.7976128,3.1222843907635336
1992-11-15,0.0,0.0,0.0,303.0,8.5799904,2.7342548277495684
1992-11-16,0.0,0.0,0.0,244.0,6.9092991999999995,2.2018421715211045
1992-11-17,0.0,0.0,0.01,195.0,5.521776,1.7596689485517025
1992-11-18,0.0,0.0,0.01,160.0,4.530688,1.4438309321449865
1992-11-19,0.0,0.0,0.0,133.0,3.7661344,1.20018446234552
1992-11-20,0.0,3.6,4.91,110.0,3.114848,0.9926337658496782
1992-11-21,23.36,30.72,13.94,103.0,2.9166304,0.9294661625683351
1992-11-22,5.36,9.85,18.2,108.0,3.0582143999999998,0.9745858791978659
1992-11-23,0.0,3.01,4.8,129.0,3.6528671999999998,1.1640886890418953
1992-11-24,0.0,6.57,2.13,146.0,4.1342528,1.3174957255823
1992-11-25,6.33,5.89,2.86,142.0,4.0209856,1.2813999522786756
1992-11-26,7.01,6.18,3.11,129.0,3.6528671999999998,1.1640886890418953
1992-11-27,3.24,0.57,1.79,125.0,3.5396,1.1279929157382709
1992-11-28,0.0,0.0,0.33,117.0,3.3130656,1.0558013691310215
1992-11-29,0.0,0.24,0.0,104.0,2.9449472,0.9384901058942413
1992-11-30,0.0,0.44,0.0,90.0,2.548512,0.812154899331555
1992-12-01,0.0,0.0,0.34,77.0,2.1803936,0.6948436360947748
1992-12-02,1.0,0.51,0.28,68.0,1.9255423999999999,0.6136281461616193
1992-12-03,0.0,0.0,0.05,61.0,1.7273247999999999,0.5504605428802761
1992-12-04,0.0,0.03,0.25,54.0,1.5291071999999999,0.48729293959893294
1992-12-05,0.0,0.6,0.1,48.0,1.3592064,0.433149279643496
1992-12-06,0.0,0.04,0.0,42.0,1.1893056,0.37900561968805896
1992-12-07,0.0,1.84,1.56,37.0,1.0477216,0.33388590305852817
1992-12-08,2.72,0.0,0.52,33.0,0.9344544,0.2977901297549035
1992-12-09,0.0,0.33,9.33,30.0,0.849504,0.270718299777185
1992-12-10,29.42,25.3,13.57,64.0,1.8122752,0.5775323728579946
1992-12-11,0.0,0.0,3.49,110.0,3.114848,0.9926337658496782
1992-12-12,0.0,0.0,0.0,120.0,3.398016,1.08287319910874
1992-12-13,0.0,0.0,0.0,113.0,3.1997984,1.0197055958273968
1992-12-14,0.0,0.0,0.0,99.0,2.8033632,0.8933703892647106
1992-12-15,0.0,0.0,0.0,86.0,2.4352448,0.7760591260279303
1992-12-16,0.0,0.56,0.15,76.0,2.1520768,0.6858196927688687
1992-12-17,0.82,5.79,5.07,69.0,1.9538592,0.6226520894875255
1992-12-18,6.01,0.05,1.67,65.0,1.840592,0.5865563161839008
1992-12-19,0.0,0.0,0.0,60.0,1.699008,0.54143659955437
1992-12-20,0.0,0.18,0.71,54.0,1.5291071999999999,0.48729293959893294
1992-12-21,0.0,0.0,0.24,48.0,1.3592064,0.433149279643496
1992-12-22,0.0,0.03,0.02,43.0,1.2176224,0.38802956301396513
1992-12-23,0.0,0.0,0.01,39.0,1.1043552,0.3519337897103405
1992-12-24,0.0,0.0,0.0,35.0,0.991088,0.3158380164067158
1992-12-25,0.0,0.0,0.0,30.0,0.849504,0.270718299777185
1992-12-26,0.0,1.62,2.35,26.0,0.7362368,0.23462252647356033
1992-12-27,0.0,0.78,0.78,25.0,0.70792,0.22559858314765416
1992-12-28,0.0,0.0,0.0,25.0,0.70792,0.22559858314765416
1992-12-29,0.0,0.0,0.01,26.0,0.7362368,0.23462252647356033
1992-12-30,0.0,0.0,0.0,26.0,0.7362368,0.23462252647356033
1992-12-31,0.0,0.0,0.0,24.0,0.6796032,0.216574639821748
1993-01-01,0.0,0.0,0.0,22.0,0.6229696,0.19852675316993568
1993-01-02,0.0,0.0,0.0,20.0,0.566336,0.1804788665181233
1993-01-03,0.0,0.0,0.0,18.0,0.5097024,0.162430979866311
1993-01-04,0.0,0.14,1.14,16.0,0.4530688,0.14438309321449866
1993-01-05,2.92,1.71,1.63,16.0,0.4530688,0.14438309321449866
1993-01-06,0.74,4.45,10.72,17.0,0.48138559999999997,0.15340703654040483
1993-01-07,29.73,63.7,50.33,35.0,0.991088,0.3158380164067158
1993-01-08,81.83,74.79,56.8,510.0,14.441568,4.6022110962121445
1993-01-09,9.76,2.92,14.26,1360.0,38.510848,12.272562923232387
1993-01-10,0.0,0.0,1.33,1790.0,50.687072,16.152858553372038
1993-01-11,3.73,6.55,6.2,1600.0,45.30688,14.438309321449866
1993-01-12,15.3,20.0,15.31,1260.0,35.679168,11.370168590641768
1993-01-13,13.18,1.08,4.59,1340.0,37.944511999999996,12.092084056714262
1993-01-14,0.0,1.55,0.05,1200.0,33.98016,10.828731991087398
1993-01-15,0.0,8.7,10.93,917.0,25.9665056,8.274956029855955
1993-01-16,12.01,9.74,5.32,858.0,24.2958144,7.742543373627491
1993-01-17,0.0,0.02,0.56,800.0,22.65344,7.219154660724933
1993-01-18,0.0,0.02,0.0,686.0,19.4253248,6.1904251215716295
1993-01-19,0.0,0.08,1.45,566.0,16.0273088,5.10755192246289
1993-01-20,0.0,7.84,0.87,459.0,12.9974112,4.14198998659093
1993-01-21,9.55,38.41,22.64,391.0,11.0718688,3.5283618404293113
1993-01-22,17.74,0.38,7.5,508.0,14.3849344,4.584163209560333
1993-01-23,0.0,0.0,0.0,644.0,18.2360192,5.811419501883572
1993-01-24,0.0,12.43,14.03,617.0,17.4714656,5.567773032084104
1993-01-25,18.08,7.66,5.58,643.0,18.2077024,5.802395558557665
1993-01-26,0.0,2.27,2.48,646.0,18.2926528,5.829467388535384
1993-01-27,0.0,0.12,0.73,605.0,17.131664,5.4594857121732305
1993-01-28,0.0,0.0,0.0,523.0,14.8096864,4.719522359448925
1993-01-29,0.0,0.0,0.19,431.0,12.2045408,3.8893195734655577
1993-01-30,0.0,0.24,0.1,358.0,10.137414399999999,3.230571710674407
1993-01-31,0.0,0.0,0.01,297.0,8.4100896,2.680111167794131
1993-02-01,0.0,0.0,0.0,246.0,6.9659328,2.219890058172917
1993-02-02,0.0,0.0,0.0,202.0,5.7199936,1.8228365518330454
1993-02-03,0.0,0.0,0.0,165.0,4.6722719999999995,1.4889506487745172
1993-02-04,0.0,0.0,0.0,136.0,3.8510847999999998,1.2272562923232386
1993-02-05,0.0,0.54,0.0,114.0,3.2281152,1.028729539153303
1993-02-06,0.0,3.98,12.4,97.0,2.7467296,0.8753225026128981
1993-02-07,18.96,18.23,13.9,125.0,3.5396,1.1279929157382709
1993-02-08,0.09,1.74,3.25,153.0,4.3324704,1.3806633288636434
1993-02-09,0.0,0.0,0.0,153.0,4.3324704,1.3806633288636434
1993-02-10,0.0,0.07,0.0,139.0,3.9360352,1.2543281223009572
1993-02-11,0.0,2.86,2.93,129.0,3.6528671999999998,1.1640886890418953
1993-02-12,6.05,2.17,0.98,129.0,3.6528671999999998,1.1640886890418953
1993-02-13,0.0,0.0,0.0,118.0,3.3413824,1.0648253124569276
1993-02-14,0.0,0.0,0.0,104.0,2.9449472,0.9384901058942413
1993-02-15,0.0,0.0,0.0,89.0,2.5201952,0.8031309560056488
1993-02-16,0.0,17.25,11.75,89.0,2.5201952,0.8031309560056488
1993-02-17,11.81,0.63,3.92,131.0,3.7095008,1.1821365756937077
1993-02-18,0.0,0.0,0.0,133.0,3.7661344,1.20018446234552
1993-02-19,0.0,0.0,0.0,122.0,3.4546495999999998,1.1009210857605523
1993-02-20,0.0,0.0,0.0,105.0,2.973264,0.9475140492201475
1993-02-21,0.0,3.12,1.24,91.0,2.5768288,0.8211788426574611
1993-02-22,11.97,17.01,14.78,108.0,3.0582143999999998,0.9745858791978659
1993-02-23,0.0,0.03,4.79,226.0,6.3995968,2.0394111916547937
1993-02-24,0.0,0.06,0.0,258.0,7.3057343999999995,2.3281773780837907
1993-02-25,0.0,6.67,17.21,223.0,6.3146464,2.0123393616770753
1993-02-26,21.88,24.4,7.03,320.0,9.061376,2.887661864289973
1993-02-27,0.0,0.0,0.43,396.0,11.2134528,3.5734815570588423
1993-02-28,0.0,0.0,0.0,391.0,11.0718688,3.5283618404293113
1993-03-01,0.0,0.0,0.0,335.0,9.486127999999999,3.0230210141785654
1993-03-02,0.0,12.78,12.86,276.0,7.8154368,2.490608357950102
1993-03-03,33.56,46.76,40.67,355.0,10.052464,3.2034998806966892
1993-03-04,42.65,25.41,12.13,811.0,22.9649248,7.3184180373099
1993-03-05,0.0,0.0,0.0,1020.0,28.883136,9.204422192424289
1993-03-06,0.0,0.0,0.0,966.0,27.3540288,8.717129252825357
1993-03-07,0.0,0.0,0.0,764.0,21.6340352,6.894292700992311
1993-03-08,0.0,0.0,0.0,589.0,16.6785952,5.315102618958732
1993-03-09,0.0,0.0,0.0,472.0,13.3655296,4.25930124982771
1993-03-10,0.0,0.0,0.0,379.0,10.7320672,3.420074520518437
1993-03-11,0.0,1.59,0.0,302.0,8.551673599999999,2.725230884423662
1993-03-12,0.0,4.52,32.55,241.0,6.8243488,2.174770341543386
1993-03-13,30.6,50.72,12.76,345.0,9.769296,3.1132604474376278
1993-03-14,0.0,0.0,0.64,428.0,12.1195904,3.8622477434878393
1993-03-15,0.0,0.0,0.0,443.0,12.5443424,3.9976068933764317
1993-03-16,0.0,1.36,2.05,400.0,11.32672,3.6095773303624665
1993-03-17,2.59,11.38,6.86,358.0,10.137414399999999,3.230571710674407
1993-03-18,8.21,3.72,2.06,342.0,9.6843456,3.086188617459909
1993-03-19,0.0,0.0,0.0,307.0,8.693257599999999,2.7703506010531926
1993-03-20,0.0,0.0,0.0,268.0,7.5889024,2.4184168113428526
1993-03-21,0.0,0.0,0.0,230.0,6.5128639999999995,2.075506964958418
1993-03-22,0.0,0.1,1.0,196.0,5.5500928,1.7686928918776086
1993-03-23,0.0,1.65,1.0,167.0,4.7289056,1.5069985354263298
1993-03-24,0.01,1.32,0.29,144.0,4.0776192,1.299447838930488
1993-03-25,0.0,1.93,5.03,123.0,3.4829664,1.1099450290864585
1993-03-26,11.53,14.75,6.76,122.0,3.4546495999999998,1.1009210857605523
1993-03-27,0.16,5.28,1.7,146.0,4.1342528,1.3174957255823
1993-03-28,0.0,0.0,0.0,149.0,4.2192032,1.3445675555600187
1993-03-29,0.0,1.68,0.0,134.0,3.7944512,1.2092084056714263
1993-03-30,0.0,3.91,10.35,115.0,3.2564319999999998,1.037753482479209
1993-03-31,16.57,23.2,15.07,140.0,3.964352,1.2633520656268633
1993-04-01,2.11,9.05,3.87,231.0,6.5411808,2.0845309082843246
1993-04-02,0.0,0.0,0.0,235.0,6.6544479999999995,2.120626681587949
1993-04-03,0.0,0.0,0.0,215.0,6.088112,1.9401478150698257
1993-04-04,0.0,1.71,1.91,186.0,5.2669248,1.678453458618547
1993-04-05,4.14,0.71,0.94,165.0,4.6722719999999995,1.4889506487745172
1993-04-06,0.0,0.0,0.1,145.0,4.105936,1.308471782256394
1993-04-07,0.0,0.0,0.0,125.0,3.5396,1.1279929157382709
1993-04-08,0.0,0.06,0.0,107.0,3.0298976,0.9655619358719598
1993-04-09,0.0,1.61,1.42,90.0,2.548512,0.812154899331555
1993-04-10,1.58,0.22,0.47,76.0,2.1520768,0.6858196927688687
1993-04-11,0.0,0.0,0.0,63.0,1.7839584,0.5685084295320885
1993-04-12,0.0,0.0,0.0,51.0,1.4441568,0.4602211096212145
1993-04-13,0.0,0.0,0.0,42.0,1.1893056,0.37900561968805896
1993-04-14,0.0,0.0,0.0,35.0,0.991088,0.3158380164067158
1993-04-15,0.0,2.88,3.27,30.0,0.849504,0.270718299777185
1993-04-16,5.36,0.7,1.09,26.0,0.7362368,0.23462252647356033
1993-04-17,0.0,0.0,0.0,22.0,0.6229696,0.19852675316993568
1993-04-18,0.0,0.0,0.0,18.0,0.5097024,0.162430979866311
1993-04-19,0.0,0.0,0.0,15.0,0.424752,0.1353591498885925
1993-04-20,0.0,0.01,0.0,13.0,0.3681184,0.11731126323678016
1993-04-21,0.0,2.13,1.13,11.0,0.3114848,0.09926337658496784
1993-04-22,0.0,0.0,0.38,9.4,0.26617792,0.08482506726351796
1993-04-23,0.0,0.0,0.0,8.3,0.23502944,0.07489872960502118
1993-04-24,0.0,0.0,0.0,7.3,0.20671264,0.06587478627911501
1993-04-25,0.0,0.17,4.33,6.4,0.18122752,0.057753237285799466
1993-04-26,8.67,4.76,5.43,6.1,0.17273248,0.05504605428802761
1993-04-27,2.54,0.0,1.33,5.6,0.15857407999999998,0.05053408262507453
1993-04-28,0.0,0.0,0.0,5.0,0.141584,0.04511971662953083
1993-04-29,0.0,0.0,0.0,4.7,0.13308896,0.04241253363175898
1993-04-30,0.0,0.0,0.0,4.4,0.12459392000000001,0.039705350633987134
1993-05-01,0.0,0.03,0.0,4.1,0.11609887999999999,0.03699816763621528
1993-05-02,0.0,0.04,0.45,3.9,0.11043552,0.03519337897103405
1993-05-03,1.72,3.16,2.4,3.8,0.10760383999999999,0.03429098463844343
1993-05-04,4.0,5.07,1.31,3.8,0.10760383999999999,0.03429098463844343
1993-05-05,0.0,0.36,0.19,3.6,0.10194048,0.032486195973262195
1993-05-06,0.0,0.0,0.0,3.4,0.09627712,0.030681407308080964
1993-05-07,0.0,0.0,0.0,3.2,0.09061376,0.028876618642899733
1993-05-08,0.0,0.02,0.02,3.0,0.0849504,0.0270718299777185
1993-05-09,0.0,0.17,0.16,2.9,0.08211871999999999,0.02616943564512788
1993-05-10,0.0,0.0,0.05,2.7,0.07645536,0.02436464697994665
1993-05-11,0.0,0.0,0.0,2.6,0.07362368,0.023462252647356033
1993-05-12,0.0,0.0,0.0,2.5,0.070792,0.022559858314765414
1993-05-13,0.0,0.0,0.0,2.5,0.070792,0.022559858314765414
1993-05-14,0.0,0.0,0.0,2.4,0.06796031999999999,0.021657463982174795
1993-05-15,0.0,0.0,0.0,2.3,0.06512863999999999,0.02075506964958418
1993-05-16,0.0,0.0,0.0,2.2,0.062296960000000005,0.019852675316993567
1993-05-17,0.0,0.0,0.0,2.2,0.062296960000000005,0.019852675316993567
1993-05-18,0.0,0.0,0.0,2.1,0.05946528,0.01895028098440295
1993-05-19,0.0,0.71,1.01,2.1,0.05946528,0.01895028098440295
1993-05-20,2.26,0.45,0.34,2.2,0.062296960000000005,0.019852675316993567
1993-05-21,0.0,0.0,0.0,2.0,0.0566336,0.018047886651812332
1993-05-22,0.0,0.0,0.0,2.0,0.0566336,0.018047886651812332
1993-05-23,0.0,0.0,0.0,1.9,0.053801919999999996,0.017145492319221713
1993-05-24,0.0,0.01,0.06,2.0,0.0566336,0.018047886651812332
1993-05-25,0.0,0.02,0.02,2.0,0.0566336,0.018047886651812332
1993-05-26,0.0,0.06,0.08,2.0,0.0566336,0.018047886651812332
1993-05-27,0.0,0.0,0.03,2.0,0.0566336,0.018047886651812332
1993-05-28,0.0,1.49,0.0,2.0,0.0566336,0.018047886651812332
1993-05-29,0.0,6.96,7.05,2.2,0.062296960000000005,0.019852675316993567
1993-05-30,0.02,0.54,2.37,2.3,0.06512863999999999,0.02075506964958418
1993-05-31,2.22,0.93,14.26,2.2,0.062296960000000005,0.019852675316993567
1993-06-01,0.0,14.08,4.75,2.1,0.05946528,0.01895028098440295
1993-06-02,0.0,0.0,0.0,2.1,0.05946528,0.01895028098440295
1993-06-03,0.0,0.0,0.0,2.0,0.0566336,0.018047886651812332
1993-06-04,0.0,0.0,0.0,2.0,0.0566336,0.018047886651812332
1993-06-05,0.0,0.0,0.0,2.0,0.0566336,0.018047886651812332
1993-06-06,0.0,0.33,0.0,2.1,0.05946528,0.01895028098440295
1993-06-07,0.0,0.06,0.23,2.1,0.05946528,0.01895028098440295
1993-06-08,0.0,0.0,0.08,2.0,0.0566336,0.018047886651812332
1993-06-09,0.0,0.53,0.0,2.0,0.0566336,0.018047886651812332
1993-06-10,0.0,4.76,6.86,2.0,0.0566336,0.018047886651812332
1993-06-11,8.15,6.94,14.19,2.5,0.070792,0.022559858314765414
1993-06-12,8.96,10.76,3.97,2.7,0.07645536,0.02436464697994665
1993-06-13,0.56,0.41,1.56,2.3,0.06512863999999999,0.02075506964958418
1993-06-14,0.0,7.11,4.94,2.8,0.07928703999999999,0.025267041312537264
1993-06-15,0.0,0.62,1.47,3.0,0.0849504,0.0270718299777185
1993-06-16,0.0,0.0,0.0,2.3,0.06512863999999999,0.02075506964958418
1993-06-17,0.0,0.0,0.0,2.2,0.062296960000000005,0.019852675316993567
1993-06-18,0.0,0.0,0.0,2.2,0.062296960000000005,0.019852675316993567
1993-06-19,0.0,0.0,0.0,2.1,0.05946528,0.01895028098440295
1993-06-20,0.0,0.0,0.0,2.1,0.05946528,0.01895028098440295
1993-06-21,0.0,0.13,0.04,2.0,0.0566336,0.018047886651812332
1993-06-22,0.0,0.18,0.01,2.1,0.05946528,0.01895028098440295
1993-06-23,0.0,4.04,0.0,2.1,0.05946528,0.01895028098440295
1993-06-24,0.0,2.42,3.25,2.2,0.062296960000000005,0.019852675316993567
1993-06-25,13.63,9.96,12.32,2.6,0.07362368,0.023462252647356033
1993-06-26,12.03,13.71,8.56,3.0,0.0849504,0.0270718299777185
1993-06-27,3.77,6.15,2.98,2.9,0.08211871999999999,0.02616943564512788
1993-06-28,6.01,12.53,1.99,3.3,0.09344543999999999,0.029779012975490345
1993-06-29,10.17,11.84,5.61,4.0,0.1132672,0.036095773303624665
1993-06-30,18.74,21.9,7.19,4.6,0.13025727999999998,0.04151013929916836
1993-07-01,15.69,1.78,5.59,5.6,0.15857407999999998,0.05053408262507453
1993-07-02,12.83,2.38,4.44,6.5,0.1840592,0.05865563161839008
1993-07-03,0.0,1.45,1.72,5.4,0.15291072,0.0487292939598933
1993-07-04,2.18,2.48,4.31,4.8,0.13592063999999998,0.04331492796434959
1993-07-05,0.0,1.9,1.36,3.9,0.11043552,0.03519337897103405
1993-07-06,0.0,3.01,5.94,3.3,0.09344543999999999,0.029779012975490345
1993-07-07,2.14,10.77,10.87,3.4,0.09627712,0.030681407308080964
1993-07-08,19.0,6.39,6.47,3.3,0.09344543999999999,0.029779012975490345
1993-07-09,0.0,0.83,1.77,4.1,0.11609887999999999,0.03699816763621528
1993-07-10,0.0,10.18,12.24,7.5,0.212376,0.06767957494429624
1993-07-11,6.23,16.65,17.14,9.8,0.27750464,0.08843464459388044
1993-07-12,11.43,2.14,5.2,18.0,0.5097024,0.162430979866311
1993-07-13,0.0,1.63,1.11,20.0,0.566336,0.1804788665181233
1993-07-14,5.71,6.87,4.36,17.0,0.48138559999999997,0.15340703654040483
1993-07-15,6.04,7.23,12.05,18.0,0.5097024,0.162430979866311
1993-07-16,0.0,4.42,3.89,17.0,0.48138559999999997,0.15340703654040483
1993-07-17,0.0,0.49,1.41,13.0,0.3681184,0.11731126323678016
1993-07-18,0.0,1.2,1.42,11.0,0.3114848,0.09926337658496784
1993-07-19,0.0,6.19,1.46,10.0,0.283168,0.09023943325906165
1993-07-20,13.69,6.19,17.48,13.0,0.3681184,0.11731126323678016
1993-07-21,0.0,14.69,10.05,13.0,0.3681184,0.11731126323678016
1993-07-22,13.37,14.95,19.92,15.0,0.424752,0.1353591498885925
1993-07-23,5.88,3.74,7.02,32.0,0.9061376,0.2887661864289973
1993-07-24,0.0,1.49,1.32,69.0,1.9538592,0.6226520894875255
1993-07-25,0.95,3.47,0.34,107.0,3.0298976,0.9655619358719598
1993-07-26,0.0,3.9,0.0,123.0,3.4829664,1.1099450290864585
1993-07-27,0.0,1.12,2.0,110.0,3.114848,0.9926337658496782
1993-07-28,0.0,1.41,0.76,83.0,2.3502944,0.7489872960502119
1993-07-29,0.0,11.46,1.24,59.0,1.6706912,0.5324126562284638
1993-07-30,0.04,1.28,2.53,41.0,1.1609888,0.3699816763621528
1993-07-31,0.0,0.0,0.71,30.0,0.849504,0.270718299777185
1993-08-01,0.0,0.0,0.0,21.0,0.5946528,0.18950280984402948
1993-08-02,0.0,17.18,23.23,14.0,0.3964352,0.12633520656268632
1993-08-03,28.88,3.1,10.9,17.0,0.48138559999999997,0.15340703654040483
1993-08-04,4.19,9.22,3.1,89.0,2.5201952,0.8031309560056488
1993-08-05,16.18,12.13,17.7,72.0,2.0388096,0.649723919465244
1993-08-06,0.0,2.98,5.94,48.0,1.3592064,0.433149279643496
1993-08-07,0.0,0.06,0.09,38.0,1.0760384,0.34290984638443434
1993-08-08,0.0,0.9,0.0,26.0,0.7362368,0.23462252647356033
1993-08-09,0.0,3.27,3.25,19.0,0.5380192,0.17145492319221717
1993-08-10,0.0,17.48,8.45,14.0,0.3964352,0.12633520656268632
1993-08-11,0.0,3.93,3.09,11.0,0.3114848,0.09926337658496784
1993-08-12,0.0,0.58,0.77,9.4,0.26617792,0.08482506726351796
1993-08-13,0.41,1.65,0.73,7.8,0.22087104,0.0703867579420681
1993-08-14,0.0,13.87,9.13,6.8,0.19255424,0.06136281461616193
1993-08-15,8.62,0.06,3.02,5.9,0.16706912000000002,0.05324126562284639
1993-08-16,0.0,0.02,0.04,5.0,0.141584,0.04511971662953083
1993-08-17,0.0,0.83,0.01,4.4,0.12459392000000001,0.039705350633987134
1993-08-18,0.0,0.11,0.48,3.9,0.11043552,0.03519337897103405
1993-08-19,0.0,4.77,0.32,4.0,0.1132672,0.036095773303624665
1993-08-20,0.0,1.44,1.01,4.9,0.13875232,0.04421732229694022
1993-08-21,0.0,1.59,0.32,5.3,0.15007904,0.04782689962730268
1993-08-22,0.0,1.27,0.0,4.9,0.13875232,0.04421732229694022
1993-08-23,0.0,2.06,2.64,4.5,0.1274256,0.04060774496657775
1993-08-24,0.0,0.05,0.88,3.9,0.11043552,0.03519337897103405
1993-08-25,0.0,8.41,0.0,3.3,0.09344543999999999,0.029779012975490345
1993-08-26,0.0,1.37,21.87,2.9,0.08211871999999999,0.02616943564512788
1993-08-27,4.36,15.62,15.17,3.4,0.09627712,0.030681407308080964
1993-08-28,10.89,5.34,4.16,3.6,0.10194048,0.032486195973262195
1993-08-29,0.02,24.55,2.11,3.9,0.11043552,0.03519337897103405
1993-08-30,12.84,7.47,7.53,3.6,0.10194048,0.032486195973262195
1993-08-31,14.18,1.69,4.05,3.8,0.10760383999999999,0.03429098463844343
1993-09-01,6.9,3.11,6.4,5.5,0.1557424,0.04963168829248392
1993-09-02,6.65,4.08,2.57,10.0,0.283168,0.09023943325906165
1993-09-03,2.69,5.39,8.98,19.0,0.5380192,0.17145492319221717
1993-09-04,11.19,9.78,7.0,17.0,0.48138559999999997,0.15340703654040483
1993-09-05,10.43,1.93,6.18,15.0,0.424752,0.1353591498885925
1993-09-06,4.18,8.71,3.1,14.0,0.3964352,0.12633520656268632
1993-09-07,8.49,31.33,20.44,13.0,0.3681184,0.11731126323678016
1993-09-08,35.55,14.15,19.67,11.0,0.3114848,0.09926337658496784
1993-09-09,17.23,4.52,5.91,11.0,0.3114848,0.09926337658496784
1993-09-10,4.43,0.55,1.85,11.0,0.3114848,0.09926337658496784
1993-09-11,6.57,2.04,1.12,11.0,0.3114848,0.09926337658496784
1993-09-12,0.0,0.02,0.25,9.6,0.27184127999999996,0.08662985592869918
1993-09-13,0.0,0.6,0.53,8.1,0.22936608,0.07309394093983995
1993-09-14,0.0,0.71,1.65,6.8,0.19255424,0.06136281461616193
1993-09-15,0.0,0.48,0.6,6.0,0.1699008,0.054143659955437
1993-09-16,0.0,1.56,0.04,4.9,0.13875232,0.04421732229694022
1993-09-17,0.0,1.18,2.36,4.1,0.11609887999999999,0.03699816763621528
1993-09-18,0.0,11.83,1.87,3.7,0.10477216,0.03338859030585282
1993-09-19,0.0,2.71,0.36,3.3,0.09344543999999999,0.029779012975490345
1993-09-20,0.0,1.59,1.57,2.9,0.08211871999999999,0.02616943564512788
1993-09-21,0.0,0.2,1.16,2.6,0.07362368,0.023462252647356033
1993-09-22,0.0,0.19,0.46,4.1,0.11609887999999999,0.03699816763621528
1993-09-23,0.0,0.0,0.08,6.3,0.17839584,0.05685084295320885
1993-09-24,0.0,0.0,0.0,5.5,0.1557424,0.04963168829248392
1993-09-25,0.0,0.0,0.0,4.7,0.13308896,0.04241253363175898
1993-09-26,0.0,0.0,0.06,3.9,0.11043552,0.03519337897103405
1993-09-27,0.0,0.2,0.58,3.2,0.09061376,0.028876618642899733
1993-09-28,0.0,0.01,0.2,2.7,0.07645536,0.02436464697994665
1993-09-29,0.0,0.0,0.0,2.3,0.06512863999999999,0.02075506964958418
1993-09-30,0.0,0.0,0.0,2.0,0.0566336,0.018047886651812332
1993-10-01,0.0,0.0,0.0,1.7,0.04813856,0.015340703654040482
1993-10-02,0.0,0.0,0.0,1.5,0.0424752,0.01353591498885925
1993-10-03,0.0,0.0,0.0,1.3,0.03681184,0.011731126323678016
1993-10-04,0.0,0.0,0.0,1.1,0.031148480000000003,0.009926337658496783
1993-10-05,0.0,0.0,0.0,1.1,0.031148480000000003,0.009926337658496783
1993-10-06,0.0,0.13,0.52,1.0,0.0283168,0.009023943325906166
1993-10-07,2.0,2.51,1.8,1.3,0.03681184,0.011731126323678016
1993-10-08,1.52,0.0,0.97,1.5,0.0424752,0.01353591498885925
1993-10-09,0.0,2.22,0.24,1.2,0.033980159999999995,0.010828731991087397
1993-10-10,0.0,0.06,0.03,1.2,0.033980159999999995,0.010828731991087397
1993-10-11,0.0,0.0,0.0,1.1,0.031148480000000003,0.009926337658496783
1993-10-12,0.0,0.0,0.0,1.0,0.0283168,0.009023943325906166
1993-10-13,0.0,0.4,0.0,0.94,0.026617791999999998,0.008482506726351795
1993-10-14,0.0,0.6,0.48,0.94,0.026617791999999998,0.008482506726351795
1993-10-15,10.22,12.22,25.23,1.1,0.031148480000000003,0.009926337658496783
1993-10-16,24.45,28.29,18.97,3.0,0.0849504,0.0270718299777185
1993-10-17,6.23,0.58,3.54,2.5,0.070792,0.022559858314765414
1993-10-18,0.0,0.0,0.0,1.8,0.05097024,0.016243097986631098
1993-10-19,0.0,0.0,0.0,1.5,0.0424752,0.01353591498885925
1993-10-20,0.0,0.0,0.0,1.6,0.04530688,0.014438309321449867
1993-10-21,0.0,0.23,0.38,1.6,0.04530688,0.014438309321449867
1993-10-22,0.0,0.06,0.13,1.5,0.0424752,0.01353591498885925
1993-10-23,0.0,1.53,2.2,1.4,0.039643519999999995,0.012633520656268632
1993-10-24,1.53,0.09,0.73,1.3,0.03681184,0.011731126323678016
1993-10-25,0.0,0.0,0.01,1.2,0.033980159999999995,0.010828731991087397
1993-10-26,0.0,0.0,0.0,1.2,0.033980159999999995,0.010828731991087397
1993-10-27,0.0,0.0,0.0,1.2,0.033980159999999995,0.010828731991087397
1993-10-28,0.0,0.0,0.0,1.2,0.033980159999999995,0.010828731991087397
1993-10-29,0.0,9.01,13.98,1.2,0.033980159999999995,0.010828731991087397
1993-10-30,52.68,53.11,37.91,6.5,0.1840592,0.05865563161839008
1993-10-31,8.04,4.56,11.08,11.0,0.3114848,0.09926337658496784
1993-11-01,0.0,0.0,0.0,11.0,0.3114848,0.09926337658496784
1993-11-02,0.0,0.0,0.0,7.0,0.1982176,0.06316760328134316
1993-11-03,0.0,0.0,0.0,5.1,0.14441568,0.04602211096212144
1993-11-04,0.0,0.11,0.37,4.6,0.13025727999999998,0.04151013929916836
1993-11-05,20.54,29.17,22.14,5.1,0.14441568,0.04602211096212144
1993-11-06,45.39,20.39,14.25,14.0,0.3964352,0.12633520656268632
1993-11-07,0.0,0.0,2.3,18.0,0.5097024,0.162430979866311
1993-11-08,0.0,0.0,0.42,19.0,0.5380192,0.17145492319221717
1993-11-09,6.29,7.7,7.88,19.0,0.5380192,0.17145492319221717
1993-11-10,13.81,13.29,6.1,21.0,0.5946528,0.18950280984402948
1993-11-11,0.0,0.0,1.17,24.0,0.6796032,0.216574639821748
1993-11-12,0.0,0.0,0.0,25.0,0.70792,0.22559858314765416
1993-11-13,0.0,0.0,0.0,23.0,0.6512864,0.20755069649584185
1993-11-14,0.0,0.0,0.0,20.0,0.566336,0.1804788665181233
1993-11-15,0.0,0.0,0.0,17.0,0.48138559999999997,0.15340703654040483
1993-11-16,0.0,0.0,0.0,15.0,0.424752,0.1353591498885925
1993-11-17,0.0,0.82,1.45,14.0,0.3964352,0.12633520656268632
1993-11-18,0.0,0.08,0.56,12.0,0.3398016,0.108287319910874
1993-11-19,0.0,0.0,0.81,11.0,0.3114848,0.09926337658496784
1993-11-20,0.0,0.61,0.26,9.5,0.2690096,0.08572746159610858
1993-11-21,0.0,0.0,0.0,8.5,0.24069279999999998,0.07670351827020241
1993-11-22,0.0,0.0,0.0,7.6,0.21520767999999998,0.06858196927688685
1993-11-23,0.0,0.0,0.0,6.7,0.18972256,0.06046042028357132
1993-11-24,0.0,0.0,0.0,5.8,0.16423743999999998,0.05233887129025576
1993-11-25,0.0,0.05,0.0,5.0,0.141584,0.04511971662953083
1993-11-26,0.0,2.94,3.21,4.5,0.1274256,0.04060774496657775
1993-11-27,11.48,13.32,3.68,4.3,0.12176224,0.03880295630139651
1993-11-28,0.0,0.09,0.87,3.9,0.11043552,0.03519337897103405
1993-11-29,0.0,0.0,0.0,3.5,0.0991088,0.03158380164067158
1993-11-30,0.0,0.0,0.0,3.6,0.10194048,0.032486195973262195
1993-12-01,0.0,0.0,0.0,3.5,0.0991088,0.03158380164067158
1993-12-02,0.0,0.0,0.0,3.3,0.09344543999999999,0.029779012975490345
1993-12-03,0.0,0.0,0.0,3.1,0.08778208,0.027974224310309114
1993-12-04,0.0,1.04,2.99,2.8,0.07928703999999999,0.025267041312537264
1993-12-05,3.51,2.16,1.0,2.8,0.07928703999999999,0.025267041312537264
1993-12-06,0.0,0.0,0.0,2.7,0.07645536,0.02436464697994665
1993-12-07,0.0,0.0,0.0,2.5,0.070792,0.022559858314765414
1993-12-08,0.0,0.0,0.0,2.5,0.070792,0.022559858314765414
1993-12-09,0.0,0.0,0.0,2.2,0.062296960000000005,0.019852675316993567
1993-12-10,0.0,1.45,1.83,2.1,0.05946528,0.01895028098440295
1993-12-11,4.67,0.36,0.61,2.1,0.05946528,0.01895028098440295
1993-12-12,0.0,0.05,0.0,2.0,0.0566336,0.018047886651812332
1993-12-13,0.0,0.69,6.22,1.8,0.05097024,0.016243097986631098
1993-12-14,18.9,18.03,9.58,4.5,0.1274256,0.04060774496657775
1993-12-15,0.0,0.0,2.5,5.2,0.14724736,0.046924505294712066
1993-12-16,0.0,0.0,0.0,5.3,0.15007904,0.04782689962730268
1993-12-17,0.0,0.0,0.0,5.2,0.14724736,0.046924505294712066
1993-12-18,0.0,0.0,0.03,4.4,0.12459392000000001,0.039705350633987134
1993-12-19,0.0,0.24,0.7,4.0,0.1132672,0.036095773303624665
1993-12-20,16.84,24.62,26.17,6.8,0.19255424,0.06136281461616193
1993-12-21,38.04,10.95,8.65,48.0,1.3592064,0.433149279643496
1993-12-22,0.0,1.06,6.15,78.0,2.2087104,0.703867579420681
1993-12-23,12.01,15.24,4.79,97.0,2.7467296,0.8753225026128981
1993-12-24,0.0,0.74,6.96,110.0,3.114848,0.9926337658496782
1993-12-25,6.28,2.81,2.03,127.0,3.5962336,1.1460408023900832
1993-12-26,0.0,0.0,0.0,133.0,3.7661344,1.20018446234552
1993-12-27,0.0,0.06,0.0,127.0,3.5962336,1.1460408023900832
1993-12-28,0.0,0.21,0.0,116.0,3.2847488,1.0467774258051152
1993-12-29,0.0,0.03,0.17,102.0,2.8883136,0.920442219242429
1993-12-30,0.0,0.0,0.06,88.0,2.4918784,0.7941070126797427
1993-12-31,0.0,0.0,4.95,76.0,2.1520768,0.6858196927688687
1994-01-01,0.0,8.62,17.55,71.0,2.0104928,0.6406999761393378
1994-01-02,22.54,16.23,5.33,157.0,4.4457376,1.416759102167268
1994-01-03,12.64,9.33,16.01,217.0,6.1447456,1.9581957017216383
1994-01-04,4.09,2.64,5.33,308.0,8.7215744,2.7793745443790994
1994-01-05,0.0,0.0,0.0,308.0,8.7215744,2.7793745443790994
1994-01-06,0.0,0.0,0.0,260.0,7.362368,2.346225264735603
1994-01-07,0.0,0.47,1.55,219.0,6.2013792,1.9762435883734504
1994-01-08,4.07,1.62,0.59,189.0,5.3518752,1.7055252885962655
1994-01-09,0.0,0.0,0.02,162.0,4.5873216,1.461878818796799
1994-01-10,0.0,0.0,0.0,137.0,3.8794016,1.2362802356491447
1994-01-11,0.0,0.87,1.16,117.0,3.3130656,1.0558013691310215
1994-01-12,3.17,1.22,2.42,108.0,3.0582143999999998,0.9745858791978659
1994-01-13,14.17,18.67,14.95,117.0,3.3130656,1.0558013691310215
1994-01-14,0.0,3.91,4.77,183.0,5.1819744,1.6513816286408283
1994-01-15,0.0,0.0,0.01,200.0,5.66336,1.8047886651812333
1994-01-16,0.0,0.0,0.0,189.0,5.3518752,1.7055252885962655
1994-01-17,0.0,24.67,27.14,183.0,5.1819744,1.6513816286408283
1994-01-18,25.41,14.09,9.05,333.0,9.4294944,3.0049731275267533
1994-01-19,0.0,0.0,0.0,401.0,11.3550368,3.618601273688373
1994-01-20,0.0,0.0,0.0,405.0,11.468304,3.6546970469919975
1994-01-21,0.0,0.0,0.0,361.0,10.2223648,3.257643540652126
1994-01-22,0.0,0.0,0.0,310.0,8.778208,2.7974224310309115
1994-01-23,0.0,0.0,0.0,266.0,7.5322688,2.40036892469104
1994-01-24,0.0,0.0,0.0,228.0,6.4562304,2.057459078306606
1994-01-25,0.0,0.0,0.0,196.0,5.5500928,1.7686928918776086
1994-01-26,0.0,0.0,0.0,169.0,4.7855392,1.5250464220781421
1994-01-27,0.0,0.12,12.75,147.0,4.1625696,1.3265196689082066
1994-01-28,51.81,68.98,35.57,169.0,4.7855392,1.5250464220781421
1994-01-29,23.45,23.65,22.04,271.0,7.6738528,2.445488641320571
1994-01-30,26.63,24.19,13.26,389.0,11.0152352,3.5103139537774983
1994-01-31,10.09,2.1,3.13,484.0,13.7053312,4.367588569738585
1994-02-01,0.0,0.0,0.0,467.0,13.2239456,4.21418153319818
1994-02-02,0.0,0.0,0.0,410.0,11.609888,3.699816763621528
1994-02-03,0.0,0.0,0.0,344.0,9.7409792,3.104236504111721
1994-02-04,0.0,0.0,0.0,289.0,8.1835552,2.6079196211868823
1994-02-05,0.0,3.52,1.86,246.0,6.9659328,2.219890058172917
1994-02-06,11.45,15.56,12.33,223.0,6.3146464,2.0123393616770753
1994-02-07,12.08,0.0,3.9,252.0,7.1358336,2.274033718128354
1994-02-08,0.0,0.0,0.0,254.0,7.1924672,2.2920816047801664
1994-02-09,0.0,0.0,0.54,236.0,6.6827648,2.129650624913855
1994-02-10,0.0,1.96,1.36,212.0,6.0031616,1.9130759850921073
1994-02-11,13.69,12.19,9.66,209.0,5.9182112,1.8860041551143887
1994-02-12,13.56,0.0,3.09,250.0,7.0792,2.2559858314765417
1994-02-13,0.0,0.0,0.0,264.0,7.4756352,2.382321038039228
1994-02-14,0.0,0.0,0.0,244.0,6.9092991999999995,2.2018421715211045
1994-02-15,0.0,0.0,0.0,210.0,5.946528,1.895028098440295
1994-02-16,0.0,0.0,0.35,179.0,5.0687071999999995,1.6152858553372036
1994-02-17,0.0,0.06,0.12,152.0,4.3041536,1.3716393855377373
1994-02-18,0.0,0.0,0.0,131.0,3.7095008,1.1821365756937077
1994-02-19,0.0,0.0,0.03,112.0,3.1714816,1.0106816525014906
1994-02-20,0.0,0.02,0.01,95.0,2.690096,0.8572746159610858
1994-02-21,0.0,0.14,0.17,82.0,2.3219776,0.7399633527243056
1994-02-22,0.0,0.0,0.12,70.0,1.982176,0.6316760328134317
1994-02-23,12.72,17.24,19.31,67.0,1.8972256,0.6046042028357131
1994-02-24,12.52,11.66,7.57,205.0,5.804944,1.849908381810764
1994-02-25,0.0,0.0,0.38,250.0,7.0792,2.2559858314765417
1994-02-26,0.0,0.0,0.0,246.0,6.9659328,2.219890058172917
1994-02-27,0.0,0.0,0.0,215.0,6.088112,1.9401478150698257
1994-02-28,0.0,0.0,0.0,180.0,5.097024,1.62430979866311
1994-03-01,0.0,42.12,95.74,159.0,4.5023712,1.4348069888190804
1994-03-02,90.55,70.96,50.52,863.0,24.4373984,7.787663090257022
1994-03-03,0.0,0.04,6.2,2370.0,67.110816,21.386745682397613
1994-03-04,0.0,0.04,0.1,3060.0,86.649408,27.613266577272867
1994-03-05,0.0,0.05,0.03,2240.0,63.429632,20.213633050029813
1994-03-06,0.0,0.0,0.0,1460.0,41.342528,13.174957255823003
1994-03-07,0.0,0.0,0.0,884.0,25.032051199999998,7.977165900101051
1994-03-08,0.0,0.0,0.0,607.0,17.1882976,5.477533598825042
1994-03-09,0.0,2.6,3.76,457.0,12.9407776,4.123942099939118
1994-03-10,6.8,4.38,1.68,359.0,10.1657312,3.2395956540003135
1994-03-11,0.0,0.0,0.14,290.0,8.211872,2.616943564512788
1994-03-12,0.0,0.0,0.0,237.0,6.7110816,2.1386745682397614
1994-03-13,0.0,0.0,0.0,196.0,5.5500928,1.7686928918776086
1994-03-14,0.0,0.0,0.0,163.0,4.6156384,1.470902762122705
1994-03-15,0.0,0.0,0.0,134.0,3.7944512,1.2092084056714263
1994-03-16,0.0,0.0,0.0,111.0,3.1431648,1.0016577091755845
1994-03-17,0.0,0.0,0.0,90.0,2.548512,0.812154899331555
1994-03-18,0.0,0.0,0.0,73.0,2.0671264,0.65874786279115
1994-03-19,0.0,0.0,0.0,60.0,1.699008,0.54143659955437
1994-03-20,0.0,0.0,0.0,50.0,1.41584,0.4511971662953083
1994-03-21,0.0,0.0,0.0,42.0,1.1893056,0.37900561968805896
1994-03-22,0.0,0.0,0.0,36.0,1.0194048,0.324861959732622
1994-03-23,0.0,1.38,1.56,31.0,0.8778208,0.27974224310309115
1994-03-24,0.75,1.4,8.58,27.0,0.7645535999999999,0.24364646979946647
1994-03-25,28.63,43.52,16.94,40.0,1.132672,0.3609577330362466
1994-03-26,0.0,0.0,4.75,90.0,2.548512,0.812154899331555
1994-03-27,0.0,0.41,0.87,101.0,2.8599968,0.9114182759165227
1994-03-28,24.73,24.11,30.35,110.0,3.114848,0.9926337658496782
1994-03-29,23.8,19.53,12.22,294.0,8.3251392,2.653039337816413
1994-03-30,0.0,0.0,0.73,348.0,9.8542464,3.1403322774153457
1994-03-31,0.0,0.0,0.0,339.0,9.5993952,3.0591167874821905
1994-04-01,0.0,0.0,0.0,294.0,8.3251392,2.653039337816413
1994-04-02,0.0,0.0,0.0,241.0,6.8243488,2.174770341543386
1994-04-03,0.0,0.0,7.31,197.0,5.5784096,1.7777168352035146
1994-04-04,1.41,6.29,3.26,168.0,4.7572224,1.5160224787522358
1994-04-05,0.0,0.0,0.27,147.0,4.1625696,1.3265196689082066
1994-04-06,0.0,3.79,7.87,126.0,3.5679168,1.137016859064177
1994-04-07,1.68,3.84,2.64,108.0,3.0582143999999998,0.9745858791978659
1994-04-08,0.0,0.0,0.39,89.0,2.5201952,0.8031309560056488
1994-04-09,0.0,0.25,0.13,71.0,2.0104928,0.6406999761393378
1994-04-10,0.0,0.0,0.0,58.0,1.6423744,0.5233887129025576
1994-04-11,0.0,0.0,0.0,46.0,1.3025728,0.4151013929916837
1994-04-12,0.23,14.74,22.51,41.0,1.1609888,0.3699816763621528
1994-04-13,34.4,36.42,24.26,81.0,2.2936608,0.7309394093983995
1994-04-14,19.45,0.51,5.67,182.0,5.1536576,1.6423576853149222
1994-04-15,0.0,0.14,3.57,232.0,6.5694976,2.0935548516102305
1994-04-16,11.71,10.79,3.73,249.0,7.0508831999999995,2.2469618881506355
1994-04-17,0.0,0.09,0.85,240.0,6.796032,2.16574639821748
1994-04-18,0.0,0.0,0.0,201.0,5.6916768,1.8138126085071393
1994-04-19,0.0,0.0,0.01,162.0,4.5873216,1.461878818796799
1994-04-20,0.0,0.0,1.4,133.0,3.7661344,1.20018446234552
1994-04-21,6.61,19.21,11.32,114.0,3.2281152,1.028729539153303
1994-04-22,12.2,15.03,6.21,112.0,3.1714816,1.0106816525014906
1994-04-23,11.49,3.24,3.51,97.0,2.7467296,0.8753225026128981
1994-04-24,0.0,0.0,0.88,83.0,2.3502944,0.7489872960502119
1994-04-25,0.0,0.0,0.0,68.0,1.9255423999999999,0.6136281461616193
1994-04-26,0.0,0.09,0.0,55.0,1.557424,0.4963168829248391
1994-04-27,0.0,0.61,0.0,43.0,1.2176224,0.38802956301396513
1994-04-28,0.0,0.19,0.0,33.0,0.9344544,0.2977901297549035
1994-04-29,0.0,0.0,0.0,26.0,0.7362368,0.23462252647356033
1994-04-30,0.0,0.01,0.0,20.0,0.566336,0.1804788665181233
1994-05-01,0.0,0.57,0.9,15.0,0.424752,0.1353591498885925
1994-05-02,0.0,5.6,2.37,14.0,0.3964352,0.12633520656268632
1994-05-03,4.12,13.73,17.63,15.0,0.424752,0.1353591498885925
1994-05-04,26.46,16.33,5.65,19.0,0.5380192,0.17145492319221717
1994-05-05,0.0,0.0,0.0,22.0,0.6229696,0.19852675316993568
1994-05-06,0.0,0.0,0.0,24.0,0.6796032,0.216574639821748
1994-05-07,0.0,0.0,0.0,26.0,0.7362368,0.23462252647356033
1994-05-08,0.0,0.7,2.68,32.0,0.9061376,0.2887661864289973
1994-05-09,0.0,0.46,1.1,30.0,0.849504,0.270718299777185
1994-05-10,0.0,0.88,0.73,25.0,0.70792,0.22559858314765416
1994-05-11,0.0,0.15,1.96,21.0,0.5946528,0.18950280984402948
1994-05-12,0.0,0.18,2.94,17.0,0.48138559999999997,0.15340703654040483
1994-05-13,0.0,0.08,0.79,13.0,0.3681184,0.11731126323678016
1994-05-14,0.0,0.0,0.0,11.0,0.3114848,0.09926337658496784
1994-05-15,0.0,13.16,12.34,9.0,0.2548512,0.0812154899331555
1994-05-16,25.6,8.53,4.52,7.6,0.21520767999999998,0.06858196927688685
1994-05-17,0.0,0.04,0.13,6.6,0.18689087999999998,0.05955802595098069
1994-05-18,0.0,0.0,0.0,5.6,0.15857407999999998,0.05053408262507453
1994-05-19,0.0,0.0,0.0,7.0,0.1982176,0.06316760328134316
1994-05-20,0.0,0.0,0.0,9.5,0.2690096,0.08572746159610858
1994-05-21,0.0,0.0,0.0,11.0,0.3114848,0.09926337658496784
1994-05-22,0.0,0.0,0.0,9.8,0.27750464,0.08843464459388044
1994-05-23,0.0,0.0,0.0,8.5,0.24069279999999998,0.07670351827020241
1994-05-24,0.0,0.0,0.0,6.9,0.19538592000000002,0.06226520894875255
1994-05-25,0.0,0.0,0.0,5.6,0.15857407999999998,0.05053408262507453
1994-05-26,0.0,0.0,0.0,4.6,0.13025727999999998,0.04151013929916836
1994-05-27,0.0,2.17,0.66,4.0,0.1132672,0.036095773303624665
1994-05-28,0.0,7.64,2.2,3.8,0.10760383999999999,0.03429098463844343
1994-05-29,0.0,9.36,5.61,3.3,0.09344543999999999,0.029779012975490345
1994-05-30,12.02,14.39,13.12,3.6,0.10194048,0.032486195973262195
1994-05-31,17.98,5.12,8.14,4.4,0.12459392000000001,0.039705350633987134
1994-06-01,7.78,2.07,1.44,3.5,0.0991088,0.03158380164067158
1994-06-02,0.0,0.05,0.34,3.0,0.0849504,0.0270718299777185
1994-06-03,0.0,0.47,0.47,2.8,0.07928703999999999,0.025267041312537264
1994-06-04,0.0,9.55,3.46,8.7,0.24635615999999996,0.07850830693538363
1994-06-05,23.62,23.49,9.9,29.0,0.8211872,0.2616943564512788
1994-06-06,24.07,19.57,27.34,34.0,0.9627711999999999,0.30681407308080966
1994-06-07,23.59,14.02,13.04,178.0,5.0403904,1.6062619120112975
1994-06-08,4.86,0.71,2.14,515.0,14.583152,4.647330812841676
1994-06-09,0.0,7.26,14.32,778.0,22.0304704,7.020627907554997
1994-06-10,19.69,30.81,10.24,703.0,19.9067104,6.343832158112035
1994-06-11,5.45,10.73,2.29,585.0,16.565328,5.279006845655108
1994-06-12,0.0,3.51,0.31,501.0,14.1867168,4.520995606278989
1994-06-13,0.46,0.14,0.05,547.0,15.4892896,4.9360969992706725
1994-06-14,0.0,0.1,0.68,567.0,16.0556256,5.116575865788796
1994-06-15,0.0,4.07,5.84,400.0,11.32672,3.6095773303624665
1994-06-16,24.59,15.3,14.75,520.0,14.724736,4.692450529471206
1994-06-17,21.72,22.11,14.28,645.0,18.264336,5.820443445209477
1994-06-18,19.76,13.4,12.91,599.0,16.9617632,5.405342052217794
1994-06-19,12.24,4.26,4.7,470.0,13.308895999999999,4.241253363175898
1994-06-20,3.48,2.79,5.83,367.0,10.3922656,3.3117872006075633
1994-06-21,13.39,3.18,2.57,320.0,9.061376,2.887661864289973
1994-06-22,8.81,6.74,5.61,299.0,8.4667232,2.6981590544459437
1994-06-23,20.76,26.68,21.89,476.0,13.4787968,4.295397023131335
1994-06-24,28.86,7.51,22.97,907.0,25.683337599999998,8.184716596596893
1994-06-25,18.01,26.75,16.43,1140.0,32.281152,10.287295391533029
1994-06-26,15.76,4.77,8.35,1230.0,34.829664,11.099450290864585
1994-06-27,0.0,0.38,1.56,1200.0,33.98016,10.828731991087398
1994-06-28,0.0,0.0,0.0,979.0,27.7221472,8.834440516062136
1994-06-29,0.0,0.67,0.28,697.0,19.7368096,6.289688498156599
1994-06-30,5.01,0.71,0.66,512.0,14.4982016,4.620258982863957
1994-07-01,0.0,3.48,0.2,380.0,10.760384,3.429098463844343
1994-07-02,1.19,12.22,10.93,283.0,8.0136544,2.553775961231445
1994-07-03,35.07,30.63,35.49,244.0,6.9092991999999995,2.2018421715211045
1994-07-04,23.59,51.23,21.23,440.0,12.459392,3.970535063398713
1994-07-05,6.88,9.13,7.33,757.0,21.4358176,6.831125097710968
1994-07-06,7.22,17.75,10.17,945.0,26.759376,8.527626442981328
1994-07-07,8.46,10.85,11.66,970.0,27.467296,8.753225026128982
1994-07-08,5.47,1.52,3.44,935.0,26.476208,8.437387009722265
1994-07-09,0.19,1.23,2.31,831.0,23.5312608,7.498896903828023
1994-07-10,0.89,3.35,0.89,669.0,18.9439392,6.037018085031225
1994-07-11,2.67,3.68,1.41,519.0,14.6964192,4.6834265861453
1994-07-12,3.67,7.88,3.89,395.0,11.185136,3.5644576137329356
1994-07-13,6.85,3.57,2.68,304.0,8.6083072,2.7432787710754747
1994-07-14,3.99,3.39,2.95,253.0,7.1641504,2.28305766145426
1994-07-15,0.0,0.98,0.81,206.0,5.8332608,1.8589323251366703
1994-07-16,0.0,0.0,0.0,172.0,4.8704896,1.5521182520558605
1994-07-17,0.0,1.09,0.0,140.0,3.964352,1.2633520656268633
1994-07-18,0.0,2.23,3.04,113.0,3.1997984,1.0197055958273968
1994-07-19,7.3,3.74,6.49,98.0,2.7750464,0.8843464459388043
1994-07-20,16.19,32.64,11.39,96.0,2.7184128,0.866298559286992
1994-07-21,18.48,21.54,5.74,193.0,5.4651423999999995,1.74162106189989
1994-07-22,0.0,1.64,1.64,340.0,9.627712,3.068140730808097
1994-07-23,9.19,1.21,3.95,566.0,16.0273088,5.10755192246289
1994-07-24,3.0,1.44,1.94,682.0,19.3120576,6.154329348268005
1994-07-25,0.0,4.55,1.46,596.0,16.8768128,5.378270222240075
1994-07-26,9.86,16.4,8.67,566.0,16.0273088,5.10755192246289
1994-07-27,17.34,17.75,13.62,552.0,15.6308736,4.981216715900204
1994-07-28,20.51,14.42,11.9,628.0,17.7829504,5.667036408669072
1994-07-29,9.23,8.94,5.56,653.0,18.4908704,5.892634991816726
1994-07-30,13.14,6.37,11.28,647.0,18.3209696,5.83849133186129
1994-07-31,7.95,4.03,8.26,771.0,21.8322528,6.957460304273654
1994-08-01,6.98,5.18,1.6,873.0,24.7205664,7.877902523516083
1994-08-02,0.0,0.9,0.62,740.0,20.954432,6.677718061170563
1994-08-03,9.68,5.39,18.1,554.0,15.6875072,4.999264602552016
1994-08-04,14.9,13.49,11.41,402.0,11.3833536,3.6276252170142786
1994-08-05,0.0,6.13,5.64,299.0,8.4667232,2.6981590544459437
1994-08-06,13.98,4.87,1.62,232.0,6.5694976,2.0935548516102305
1994-08-07,0.55,13.32,22.53,195.0,5.521776,1.7596689485517025
1994-08-08,7.16,10.47,7.47,298.0,8.4384064,2.6891351111200374
1994-08-09,0.0,0.08,0.0,267.0,7.5605856,2.4093928680169463
1994-08-10,0.0,1.13,0.12,229.0,6.4845472,2.066483021632512
1994-08-11,0.0,3.8,13.61,189.0,5.3518752,1.7055252885962655
1994-08-12,17.46,16.22,10.59,163.0,4.6156384,1.470902762122705
1994-08-13,14.77,10.05,13.12,159.0,4.5023712,1.4348069888190804
1994-08-14,31.19,29.31,22.83,172.0,4.8704896,1.5521182520558605
1994-08-15,75.43,36.55,102.07,579.0,16.3954272,5.224863185699671
1994-08-16,84.18,79.54,58.33,3270.0,92.595936,29.508294675713163
1994-08-17,9.81,12.88,14.7,4270.0,120.912736,38.532238001619326
1994-08-18,5.28,6.51,6.97,3920.0,111.001856,35.37385783755217
1994-08-19,10.4,11.61,12.48,3540.0,100.241472,31.94475937370783
1994-08-20,18.2,16.83,19.09,3010.0,85.233568,27.162069410977562
1994-08-21,11.92,4.73,8.65,2150.0,60.881119999999996,19.401478150698257
1994-08-22,12.47,1.06,2.98,1540.0,43.607872,13.896872721895496
1994-08-23,0.0,0.02,0.64,1120.0,31.714816,10.106816525014906
1994-08-24,0.0,0.36,0.02,789.0,22.3419552,7.119891284139966
1994-08-25,0.0,0.33,0.4,580.0,16.423744,5.233887129025576
1994-08-26,0.0,0.11,0.13,429.0,12.1479072,3.8712716868137456
1994-08-27,0.0,5.01,1.56,328.0,9.2879104,2.9598534108972223
1994-08-28,0.0,12.3,3.24,273.0,7.7304864,2.4635365279723835
1994-08-29,0.0,0.36,1.14,236.0,6.6827648,2.129650624913855
1994-08-30,0.0,0.0,0.08,194.0,5.4934592,1.7506450052257962
1994-08-31,0.0,4.67,0.29,147.0,4.1625696,1.3265196689082066
1994-09-01,0.0,2.73,5.16,115.0,3.2564319999999998,1.037753482479209
1994-09-02,0.0,3.87,2.7,93.0,2.6334624,0.8392267293092734
1994-09-03,12.08,3.16,1.65,77.0,2.1803936,0.6948436360947748
1994-09-04,0.0,0.4,0.44,109.0,3.0865312,0.9836098225237722
1994-09-05,0.0,0.0,0.0,139.0,3.9360352,1.2543281223009572
1994-09-06,0.0,0.0,0.0,123.0,3.4829664,1.1099450290864585
1994-09-07,0.0,0.03,0.06,97.0,2.7467296,0.8753225026128981
1994-09-08,0.0,1.48,0.02,79.0,2.2370272,0.7128915227465872
1994-09-09,0.0,13.23,18.59,65.0,1.840592,0.5865563161839008
1994-09-10,6.83,11.29,7.77,67.0,1.8972256,0.6046042028357131
1994-09-11,7.38,5.59,13.5,130.0,3.681184,1.1731126323678016
1994-09-12,0.02,16.36,4.52,143.0,4.0493024,1.290423895604582
1994-09-13,0.0,0.23,0.06,142.0,4.0209856,1.2813999522786756
1994-09-14,0.0,1.15,0.71,131.0,3.7095008,1.1821365756937077
1994-09-15,6.98,16.9,9.53,107.0,3.0298976,0.9655619358719598
1994-09-16,57.96,48.36,85.79,885.0,25.060368,7.986189843426957
1994-09-17,25.76,43.49,41.11,2860.0,80.986048,25.808477912091636
1994-09-18,24.39,5.54,5.73,2860.0,80.986048,25.808477912091636
1994-09-19,0.0,1.17,1.73,2160.0,61.164288,19.491717583957318
1994-09-20,0.0,0.0,0.44,1480.0,41.908864,13.355436122341127
1994-09-21,0.0,0.0,0.0,903.0,25.5700704,8.148620823293268
1994-09-22,0.0,1.43,0.0,602.0,17.0467136,5.432413882195513
1994-09-23,0.0,48.66,33.46,640.0,18.122752,5.775323728579946
1994-09-24,30.0,9.2,14.69,1130.0,31.997984,10.197055958273967
1994-09-25,8.75,3.47,7.54,1050.0,29.73264,9.475140492201474
1994-09-26,0.88,2.24,2.5,841.0,23.814428799999998,7.589136337087085
1994-09-27,0.0,0.0,0.13,639.0,18.0944352,5.7662997852540405
1994-09-28,0.0,0.0,0.0,493.0,13.960182399999999,4.4488040596717395
1994-09-29,0.0,0.0,0.0,381.0,10.788700799999999,3.438122407170249
1994-09-30,0.0,1.75,0.0,296.0,8.3817728,2.6710872244682253
1994-10-01,0.0,20.15,34.84,233.0,6.5978144,2.1025787949361368
1994-10-02,90.33,140.74,122.18,915.0,25.909872,8.256908143204143
1994-10-03,81.0,23.27,36.89,2890.0,81.83555199999999,26.07919621186882
1994-10-04,0.0,0.24,0.38,3510.0,99.391968,31.674041073930645
1994-10-05,0.0,0.0,0.12,2910.0,82.401888,26.259675078386945
1994-10-06,0.0,0.0,0.0,2010.0,56.916768,18.138126085071395
1994-10-07,0.0,0.43,0.0,1290.0,36.528672,11.640886890418955
1994-10-08,0.0,0.22,1.47,770.0,21.803936,6.948436360947748
1994-10-09,0.0,1.27,1.27,547.0,15.4892896,4.9360969992706725
1994-10-10,15.4,17.76,23.97,430.0,12.176224,3.8802956301396514
1994-10-11,32.4,20.88,20.3,482.0,13.6486976,4.349540683086772
1994-10-12,31.47,30.92,25.47,756.0,21.4075008,6.822101154385062
1994-10-13,8.8,1.3,7.11,1220.0,34.546496,11.009210857605522
1994-10-14,0.0,0.0,0.01,1330.0,37.661344,12.0018446234552
1994-10-15,0.0,0.0,0.0,1160.0,32.847488,10.467774258051152
1994-10-16,0.0,0.0,0.0,859.0,24.3241312,7.7515673169533965
1994-10-17,0.0,0.0,0.0,640.0,18.122752,5.775323728579946
1994-10-18,0.0,0.0,0.0,495.0,14.016816,4.466851946323552
1994-10-19,0.0,0.0,0.0,384.0,10.8736512,3.465194237147968
1994-10-20,0.0,0.0,0.0,304.0,8.6083072,2.7432787710754747
1994-10-21,0.0,0.19,0.0,243.0,6.8809824,2.1928182281951982
1994-10-22,0.0,0.76,1.26,191.0,5.4085088,1.7235731752480778
1994-10-23,0.0,0.08,0.42,150.0,4.24752,1.3535914988859248
1994-10-24,0.0,0.0,0.0,119.0,3.3696992,1.0738492557828339
1994-10-25,0.0,0.1,0.0,93.0,2.6334624,0.8392267293092734
1994-10-26,0.0,0.0,0.05,72.0,2.0388096,0.649723919465244
1994-10-27,0.0,0.0,0.02,54.0,1.5291071999999999,0.48729293959893294
1994-10-28,0.0,0.0,0.11,42.0,1.1893056,0.37900561968805896
1994-10-29,0.0,0.78,5.75,33.0,0.9344544,0.2977901297549035
1994-10-30,15.35,18.0,11.61,54.0,1.5291071999999999,0.48729293959893294
1994-10-31,4.39,2.08,5.87,72.0,2.0388096,0.649723919465244
1994-11-01,1.25,0.09,0.91,73.0,2.0671264,0.65874786279115
1994-11-02,0.0,0.0,0.01,67.0,1.8972256,0.6046042028357131
1994-11-03,0.0,0.0,0.0,58.0,1.6423744,0.5233887129025576
1994-11-04,0.0,0.0,0.0,46.0,1.3025728,0.4151013929916837
1994-11-05,0.0,0.0,0.0,36.0,1.0194048,0.324861959732622
1994-11-06,0.0,0.38,1.19,30.0,0.849504,0.270718299777185
1994-11-07,0.11,0.89,0.39,25.0,0.70792,0.22559858314765416
1994-11-08,0.0,0.0,0.0,21.0,0.5946528,0.18950280984402948
1994-11-09,0.0,0.05,0.0,18.0,0.5097024,0.162430979866311
1994-11-10,0.0,5.3,11.57,15.0,0.424752,0.1353591498885925
1994-11-11,2.49,9.65,3.86,15.0,0.424752,0.1353591498885925
1994-11-12,0.0,0.01,0.1,19.0,0.5380192,0.17145492319221717
1994-11-13,0.0,0.08,0.03,22.0,0.6229696,0.19852675316993568
1994-11-14,0.0,0.0,0.0,21.0,0.5946528,0.18950280984402948
1994-11-15,0.0,0.0,0.0,18.0,0.5097024,0.162430979866311
1994-11-16,0.0,0.0,0.01,15.0,0.424752,0.1353591498885925
1994-11-17,0.0,0.0,0.0,13.0,0.3681184,0.11731126323678016
1994-11-18,0.0,0.0,0.0,11.0,0.3114848,0.09926337658496784
1994-11-19,0.0,0.0,0.0,9.8,0.27750464,0.08843464459388044
1994-11-20,0.0,0.0,0.13,8.4,0.23786112,0.0758011239376118
1994-11-21,0.0,0.07,0.04,7.2,0.20388096,0.06497239194652439
1994-11-22,0.0,0.0,0.0,6.3,0.17839584,0.05685084295320885
1994-11-23,0.0,0.0,0.0,5.3,0.15007904,0.04782689962730268
1994-11-24,0.0,0.0,0.0,4.5,0.1274256,0.04060774496657775
1994-11-25,0.0,0.0,0.0,3.9,0.11043552,0.03519337897103405
1994-11-26,0.0,0.01,0.08,3.3,0.09344543999999999,0.029779012975490345
1994-11-27,0.0,0.01,0.03,3.0,0.0849504,0.0270718299777185
1994-11-28,0.0,3.05,0.16,2.8,0.07928703999999999,0.025267041312537264
1994-11-29,24.22,39.78,36.47,2.7,0.07645536,0.02436464697994665
1994-11-30,30.11,4.02,12.59,6.3,0.17839584,0.05685084295320885
1994-12-01,0.0,0.0,0.15,38.0,1.0760384,0.34290984638443434
1994-12-02,0.0,0.0,0.0,60.0,1.699008,0.54143659955437
1994-12-03,0.0,1.0,1.93,63.0,1.7839584,0.5685084295320885
1994-12-04,8.06,24.18,16.81,62.0,1.7556416,0.5594844862061823
1994-12-05,7.21,2.11,5.39,82.0,2.3219776,0.7399633527243056
1994-12-06,0.0,0.0,0.0,115.0,3.2564319999999998,1.037753482479209
1994-12-07,0.0,0.0,0.0,128.0,3.6245504,1.1550647457159893
1994-12-08,0.0,0.0,0.0,122.0,3.4546495999999998,1.1009210857605523
1994-12-09,0.0,0.0,0.0,112.0,3.1714816,1.0106816525014906
1994-12-10,0.0,6.82,11.41,101.0,2.8599968,0.9114182759165227
1994-12-11,28.05,23.03,12.44,107.0,3.0298976,0.9655619358719598
1994-12-12,0.0,0.0,2.88,138.0,3.9077184,1.245304178975051
1994-12-13,0.0,0.0,0.0,155.0,4.389104,1.3987112155154557
1994-12-14,0.0,0.0,0.0,149.0,4.2192032,1.3445675555600187
1994-12-15,0.0,0.0,0.0,134.0,3.7944512,1.2092084056714263
1994-12-16,0.0,0.02,0.02,117.0,3.3130656,1.0558013691310215
1994-12-17,0.0,0.13,0.16,102.0,2.8883136,0.920442219242429
1994-12-18,0.0,0.02,0.05,87.0,2.4635616,0.7850830693538364
1994-12-19,0.0,0.0,0.0,74.0,2.0954432,0.6677718061170563
1994-12-20,0.0,0.0,0.0,62.0,1.7556416,0.5594844862061823
1994-12-21,0.0,0.13,0.01,51.0,1.4441568,0.4602211096212145
1994-12-22,1.0,0.3,0.64,40.0,1.132672,0.3609577330362466
1994-12-23,2.24,0.22,0.21,31.0,0.8778208,0.27974224310309115
1994-12-24,0.0,0.0,0.0,58.0,1.6423744,0.5233887129025576
1994-12-25,0.0,0.0,0.0,87.0,2.4635616,0.7850830693538364
1994-12-26,0.0,0.0,0.0,87.0,2.4635616,0.7850830693538364
1994-12-27,0.0,0.0,0.0,74.0,2.0954432,0.6677718061170563
1994-12-28,0.0,0.0,0.0,62.0,1.7556416,0.5594844862061823
1994-12-29,0.0,9.77,11.73,78.0,2.2087104,0.703867579420681
1994-12-30,8.77,6.68,4.05,93.0,2.6334624,0.8392267293092734
1994-12-31,0.0,0.71,0.05,80.0,2.265344,0.7219154660724932
1995-01-01,1.39,2.73,0.07,68.0,1.9255423999999999,0.6136281461616193
1995-01-02,0.0,0.43,0.02,90.0,2.548512,0.812154899331555
1995-01-03,0.0,0.0,0.0,140.0,3.964352,1.2633520656268633
1995-01-04,0.0,0.0,0.0,169.0,4.7855392,1.5250464220781421
1995-01-05,0.0,0.0,0.0,176.0,4.9837568,1.5882140253594854
1995-01-06,0.0,3.8,7.9,166.0,4.7005888,1.4979745921004237
1995-01-07,8.22,10.35,4.64,178.0,5.0403904,1.6062619120112975
1995-01-08,0.0,0.09,0.67,163.0,4.6156384,1.470902762122705
1995-01-09,0.0,0.0,0.0,145.0,4.105936,1.308471782256394
1995-01-10,0.0,0.0,0.0,266.0,7.5322688,2.40036892469104
1995-01-11,0.0,0.0,0.0,385.0,10.901968,3.474218180473874
1995-01-12,0.0,0.0,0.0,408.0,11.5532544,3.681768876969716
1995-01-13,0.0,6.12,8.21,368.0,10.4205824,3.3208111439334695
1995-01-14,22.29,17.52,11.5,317.0,8.9764256,2.860590034312255
1995-01-15,6.32,9.46,7.88,274.0,7.7588032,2.4725604712982894
1995-01-16,6.91,2.31,1.65,234.0,6.6261312,2.111602738262043
1995-01-17,0.0,0.0,0.01,200.0,5.66336,1.8047886651812333
1995-01-18,0.0,1.12,0.97,167.0,4.7289056,1.5069985354263298
1995-01-19,8.19,6.71,5.62,142.0,4.0209856,1.2813999522786756
1995-01-20,2.4,0.27,1.77,143.0,4.0493024,1.290423895604582
1995-01-21,0.0,0.0,0.0,145.0,4.105936,1.308471782256394
1995-01-22,0.0,0.0,5.92,115.0,3.2564319999999998,1.037753482479209
1995-01-23,18.81,33.11,16.76,160.0,4.530688,1.4438309321449865
1995-01-24,0.0,0.95,4.93,300.0,8.49504,2.7071829977718496
1995-01-25,0.0,0.0,0.0,280.0,7.928704,2.5267041312537266
1995-01-26,0.0,0.0,0.0,180.0,5.097024,1.62430979866311
1995-01-27,0.0,0.55,1.36,120.0,3.398016,1.08287319910874
1995-01-28,0.14,1.69,0.52,110.0,3.114848,0.9926337658496782
1995-01-29,0.0,0.4,0.02,115.0,3.2564319999999998,1.037753482479209
1995-01-30,0.0,0.26,0.0,110.0,3.114848,0.9926337658496782
1995-01-31,0.0,0.0,0.0,105.0,2.973264,0.9475140492201475
1995-02-01,0.0,0.0,0.0,95.0,2.690096,0.8572746159610858
1995-02-02,0.0,0.95,0.0,90.0,2.548512,0.812154899331555
1995-02-03,0.0,2.88,6.25,85.0,2.406928,0.7670351827020242
1995-02-04,8.06,8.71,2.88,100.0,2.83168,0.9023943325906166
1995-02-05,0.0,0.07,0.27,125.0,3.5396,1.1279929157382709
1995-02-06,0.0,0.03,0.0,110.0,3.114848,0.9926337658496782
1995-02-07,0.0,0.0,0.27,100.0,2.83168,0.9023943325906166
1995-02-08,0.0,0.15,0.09,95.0,2.690096,0.8572746159610858
1995-02-09,0.0,0.08,0.57,90.0,2.548512,0.812154899331555
1995-02-10,0.9,1.91,2.37,100.0,2.83168,0.9023943325906166
1995-02-11,12.96,15.39,17.0,240.0,6.796032,2.16574639821748
1995-02-12,18.48,17.11,6.34,420.0,11.893056,3.79005619688059
1995-02-13,0.0,1.58,2.45,380.0,10.760384,3.429098463844343
1995-02-14,3.21,0.75,0.72,190.0,5.380192,1.7145492319221716
1995-02-15,0.0,0.07,0.06,120.0,3.398016,1.08287319910874
1995-02-16,0.13,0.08,0.02,95.0,2.690096,0.8572746159610858
1995-02-17,0.0,2.34,3.2,100.0,2.83168,0.9023943325906166
1995-02-18,10.5,15.49,9.91,121.0,3.4263328,1.0918971424346462
1995-02-19,6.76,2.27,8.4,222.0,6.2863296,2.003315418351169
1995-02-20,10.79,11.24,4.92,309.0,8.7498912,2.7883984877050056
1995-02-21,0.0,0.0,1.04,364.0,10.3073152,3.2847153706298444
1995-02-22,0.0,0.0,0.0,354.0,10.0241472,3.194475937370783
1995-02-23,0.0,0.0,0.0,318.0,9.0047424,2.869613977638161
1995-02-24,0.0,0.0,0.0,278.0,7.8720704,2.5086562446019145
1995-02-25,0.0,0.0,0.0,237.0,6.7110816,2.1386745682397614
1995-02-26,0.0,0.0,0.0,209.0,5.9182112,1.8860041551143887
1995-02-27,0.0,0.06,0.0,173.0,4.8988064,1.5611421953817668
1995-02-28,0.0,7.52,5.18,144.0,4.0776192,1.299447838930488
1995-03-01,7.59,4.65,3.19,123.0,3.4829664,1.1099450290864585
1995-03-02,0.0,0.0,0.49,111.0,3.1431648,1.0016577091755845
1995-03-03,0.0,0.0,0.0,96.0,2.7184128,0.866298559286992
1995-03-04,0.0,0.0,0.94,81.0,2.2936608,0.7309394093983995
1995-03-05,2.43,1.2,0.66,69.0,1.9538592,0.6226520894875255
1995-03-06,0.0,0.12,0.11,58.0,1.6423744,0.5233887129025576
1995-03-07,0.0,1.84,2.04,56.0,1.5857408,0.5053408262507453
1995-03-08,11.13,12.23,10.07,102.0,2.8883136,0.920442219242429
1995-03-09,0.0,0.0,3.13,106.0,3.0015808,0.9565379925460537
1995-03-10,0.0,0.0,0.0,98.0,2.7750464,0.8843464459388043
1995-03-11,0.0,0.0,0.0,84.0,2.3786112,0.7580112393761179
1995-03-12,0.0,0.0,0.0,70.0,1.982176,0.6316760328134317
1995-03-13,0.0,0.0,0.0,58.0,1.6423744,0.5233887129025576
1995-03-14,0.0,0.39,0.55,49.0,1.3875232,0.44217322296940215
1995-03-15,3.29,12.92,8.92,42.0,1.1893056,0.37900561968805896
1995-03-16,10.94,15.45,13.4,80.0,2.265344,0.7219154660724932
1995-03-17,6.67,5.32,4.65,127.0,3.5962336,1.1460408023900832
1995-03-18,0.81,0.61,2.77,171.0,4.8421728,1.5430943087299545
1995-03-19,0.0,0.79,0.79,211.0,5.9748448,1.904052041766201
1995-03-20,0.0,0.0,0.0,188.0,5.3235584,1.6965013452703592
1995-03-21,0.0,0.0,0.0,161.0,4.5590048,1.452854875470893
1995-03-22,0.0,0.0,0.0,136.0,3.8510847999999998,1.2272562923232386
1995-03-23,0.0,0.0,0.0,114.0,3.2281152,1.028729539153303
1995-03-24,0.0,0.0,0.0,93.0,2.6334624,0.8392267293092734
1995-03-25,0.0,0.0,0.0,73.0,2.0671264,0.65874786279115
1995-03-26,0.0,0.0,0.0,57.0,1.6140576,0.5143647695766514
1995-03-27,0.0,0.1,0.0,45.0,1.274256,0.4060774496657775
1995-03-28,0.0,0.86,0.93,34.0,0.9627711999999999,0.30681407308080966
1995-03-29,5.57,8.01,4.99,26.0,0.7362368,0.23462252647356033
1995-03-30,5.93,4.77,11.33,21.0,0.5946528,0.18950280984402948
1995-03-31,46.37,63.39,42.76,314.0,8.8914752,2.833518204334536
1995-04-01,22.69,8.76,13.26,659.0,18.6607712,5.9467786517721635
1995-04-02,0.0,0.04,0.03,793.0,22.4552224,7.15598705744359
1995-04-03,0.0,0.38,0.0,745.0,21.096016,6.722837777800094
1995-04-04,0.0,0.05,0.21,605.0,17.131664,5.4594857121732305
1995-04-05,0.92,0.68,0.99,479.0,13.5637472,4.322468853109053
1995-04-06,2.45,0.45,0.39,395.0,11.185136,3.5644576137329356
1995-04-07,0.0,0.0,0.03,328.0,9.2879104,2.9598534108972223
1995-04-08,0.0,0.0,0.0,265.0,7.503952,2.391344981365134
1995-04-09,0.0,0.0,0.0,211.0,5.9748448,1.904052041766201
1995-04-10,0.0,0.0,0.0,168.0,4.7572224,1.5160224787522358
1995-04-11,0.0,26.76,25.89,137.0,3.8794016,1.2362802356491447
1995-04-12,33.88,20.56,12.61,253.0,7.1641504,2.28305766145426
1995-04-13,0.0,0.0,1.33,361.0,10.2223648,3.257643540652126
1995-04-14,0.0,0.0,0.0,366.0,10.3639488,3.3027632572816565
1995-04-15,0.0,0.0,0.0,313.0,8.8631584,2.82449426100863
1995-04-16,0.0,0.0,0.0,249.0,7.0508831999999995,2.2469618881506355
1995-04-17,0.0,0.0,0.0,198.0,5.6067264,1.7867407785294211
1995-04-18,0.0,0.0,0.0,161.0,4.5590048,1.452854875470893
1995-04-19,0.0,0.0,0.0,130.0,3.681184,1.1731126323678016
1995-04-20,0.0,0.0,0.0,103.0,2.9166304,0.9294661625683351
1995-04-21,0.0,5.78,4.81,81.0,2.2936608,0.7309394093983995
1995-04-22,0.0,0.08,1.64,69.0,1.9538592,0.6226520894875255
1995-04-23,0.0,2.01,1.42,59.0,1.6706912,0.5324126562284638
1995-04-24,12.04,10.96,8.53,59.0,1.6706912,0.5324126562284638
1995-04-25,0.0,0.01,2.69,79.0,2.2370272,0.7128915227465872
1995-04-26,0.0,0.0,0.0,74.0,2.0954432,0.6677718061170563
1995-04-27,0.0,0.0,0.0,60.0,1.699008,0.54143659955437
1995-04-28,0.0,0.0,0.0,47.0,1.3308896,0.4241253363175898
1995-04-29,0.0,0.0,0.0,36.0,1.0194048,0.324861959732622
1995-04-30,0.0,0.0,0.0,27.0,0.7645535999999999,0.24364646979946647
1995-05-01,0.0,0.0,0.09,21.0,0.5946528,0.18950280984402948
1995-05-02,0.0,0.2,0.03,16.0,0.4530688,0.14438309321449866
1995-05-03,0.0,0.0,0.0,12.0,0.3398016,0.108287319910874
1995-05-04,0.0,0.0,0.0,9.8,0.27750464,0.08843464459388044
1995-05-05,0.0,0.0,0.0,8.1,0.22936608,0.07309394093983995
1995-05-06,0.0,0.0,0.0,6.7,0.18972256,0.06046042028357132
1995-05-07,0.0,0.0,0.0,6.0,0.1699008,0.054143659955437
1995-05-08,0.0,0.0,0.0,5.6,0.15857407999999998,0.05053408262507453
1995-05-09,0.0,1.29,0.0,5.4,0.15291072,0.0487292939598933
1995-05-10,26.77,25.73,9.87,5.5,0.1557424,0.04963168829248392
1995-05-11,30.65,43.39,46.64,12.0,0.3398016,0.108287319910874
1995-05-12,46.66,50.83,32.11,339.0,9.5993952,3.0591167874821905
1995-05-13,29.7,5.84,5.89,737.0,20.8694816,6.6506462311928445
1995-05-14,0.0,0.1,0.0,873.0,24.7205664,7.877902523516083
1995-05-15,0.0,0.03,0.0,766.0,21.6906688,6.912340587644124
1995-05-16,0.0,0.0,0.0,597.0,16.9051296,5.387294165565981
1995-05-17,0.0,0.0,0.0,445.0,12.600976,4.015654780028243
1995-05-18,0.0,0.0,0.0,329.0,9.3162272,2.9688773542231286
1995-05-19,0.0,0.83,0.63,247.0,6.9942496,2.228914001498823
1995-05-20,0.0,0.22,0.21,199.0,5.6350432,1.7957647218553272
1995-05-21,0.0,0.0,0.0,155.0,4.389104,1.3987112155154557
1995-05-22,0.0,0.02,0.0,113.0,3.1997984,1.0197055958273968
1995-05-23,0.0,0.0,0.0,79.0,2.2370272,0.7128915227465872
1995-05-24,0.0,0.0,0.0,54.0,1.5291071999999999,0.48729293959893294
1995-05-25,0.0,0.0,0.0,37.0,1.0477216,0.33388590305852817
1995-05-26,0.0,0.0,0.0,25.0,0.70792,0.22559858314765416
1995-05-27,0.0,0.0,0.0,17.0,0.48138559999999997,0.15340703654040483
1995-05-28,0.0,0.03,0.0,12.0,0.3398016,0.108287319910874
1995-05-29,0.0,0.51,1.84,9.4,0.26617792,0.08482506726351796
1995-05-30,0.0,1.16,0.66,7.4,0.20954432,0.06677718061170564
1995-05-31,0.0,0.04,0.02,6.3,0.17839584,0.05685084295320885
1995-06-01,0.0,0.52,0.28,5.8,0.16423743999999998,0.05233887129025576
1995-06-02,0.0,0.1,0.32,5.5,0.1557424,0.04963168829248392
1995-06-03,0.0,6.71,0.07,5.4,0.15291072,0.0487292939598933
1995-06-04,0.0,17.4,35.26,5.3,0.15007904,0.04782689962730268
1995-06-05,81.23,138.43,64.35,299.0,8.4667232,2.6981590544459437
1995-06-06,46.71,4.4,17.53,1050.0,29.73264,9.475140492201474
1995-06-07,0.0,0.0,0.0,1290.0,36.528672,11.640886890418955
1995-06-08,0.0,0.0,0.0,1170.0,33.130656,10.558013691310215
1995-06-09,0.0,0.0,0.0,850.0,24.06928,7.670351827020241
1995-06-10,0.0,0.2,4.01,619.0,17.5280992,5.585820918735917
1995-06-11,18.41,16.5,19.17,549.0,15.545923199999999,4.954144885922485
1995-06-12,4.9,3.8,6.67,482.0,13.6486976,4.349540683086772
1995-06-13,0.0,0.25,0.24,391.0,11.0718688,3.5283618404293113
1995-06-14,0.0,0.0,0.0,302.0,8.551673599999999,2.725230884423662
1995-06-15,0.0,0.0,0.0,225.0,6.37128,2.0303872483288874
1995-06-16,0.0,0.0,0.0,168.0,4.7572224,1.5160224787522358
1995-06-17,0.0,0.0,0.0,123.0,3.4829664,1.1099450290864585
1995-06-18,0.0,0.19,0.0,88.0,2.4918784,0.7941070126797427
1995-06-19,0.0,2.93,2.37,63.0,1.7839584,0.5685084295320885
1995-06-20,9.6,6.74,10.59,46.0,1.3025728,0.4151013929916837
1995-06-21,16.12,2.19,4.38,36.0,1.0194048,0.324861959732622
1995-06-22,0.0,2.38,0.41,33.0,0.9344544,0.2977901297549035
1995-06-23,0.0,1.92,3.26,28.0,0.7928704,0.25267041312537264
1995-06-24,0.0,0.76,1.09,27.0,0.7645535999999999,0.24364646979946647
1995-06-25,0.64,0.92,1.15,23.0,0.6512864,0.20755069649584185
1995-06-26,1.06,1.85,1.73,18.0,0.5097024,0.162430979866311
1995-06-27,0.0,1.5,2.96,14.0,0.3964352,0.12633520656268632
1995-06-28,0.0,0.06,0.86,11.0,0.3114848,0.09926337658496784
1995-06-29,0.0,0.17,0.87,8.7,0.24635615999999996,0.07850830693538363
1995-06-30,0.0,0.56,0.33,7.4,0.20954432,0.06677718061170564
1995-07-01,0.0,6.38,0.19,6.9,0.19538592000000002,0.06226520894875255
1995-07-02,0.0,2.21,5.26,6.1,0.17273248,0.05504605428802761
1995-07-03,14.31,15.0,4.6,5.4,0.15291072,0.0487292939598933
1995-07-04,16.6,5.98,11.88,4.8,0.13592063999999998,0.04331492796434959
1995-07-05,0.0,1.15,3.64,4.3,0.12176224,0.03880295630139651
1995-07-06,0.0,0.05,0.0,4.0,0.1132672,0.036095773303624665
1995-07-07,0.0,0.0,0.0,3.6,0.10194048,0.032486195973262195
1995-07-08,0.0,0.0,0.0,3.5,0.0991088,0.03158380164067158
1995-07-09,0.0,1.28,1.74,3.3,0.09344543999999999,0.029779012975490345
1995-07-10,0.0,3.38,0.58,3.4,0.09627712,0.030681407308080964
1995-07-11,0.0,3.2,10.17,3.3,0.09344543999999999,0.029779012975490345
1995-07-12,0.0,4.42,4.52,3.2,0.09061376,0.028876618642899733
1995-07-13,0.0,3.39,4.74,3.8,0.10760383999999999,0.03429098463844343
1995-07-14,12.36,6.75,3.96,3.7,0.10477216,0.03338859030585282
1995-07-15,0.0,0.51,0.83,3.9,0.11043552,0.03519337897103405
1995-07-16,0.0,1.29,0.0,3.5,0.0991088,0.03158380164067158
1995-07-17,15.72,22.85,25.29,4.4,0.12459392000000001,0.039705350633987134
1995-07-18,13.8,7.37,11.62,9.8,0.27750464,0.08843464459388044
1995-07-19,8.6,5.74,2.74,13.0,0.3681184,0.11731126323678016
1995-07-20,0.12,5.98,13.03,11.0,0.3114848,0.09926337658496784
1995-07-21,5.8,11.82,10.8,9.3,0.26334624,0.08392267293092735
1995-07-22,8.91,5.85,11.03,14.0,0.3964352,0.12633520656268632
1995-07-23,0.0,9.18,10.48,15.0,0.424752,0.1353591498885925
1995-07-24,10.63,7.07,12.71,32.0,0.9061376,0.2887661864289973
1995-07-25,18.43,6.88,5.41,47.0,1.3308896,0.4241253363175898
1995-07-26,10.4,2.88,3.0,65.0,1.840592,0.5865563161839008
1995-07-27,10.56,7.67,4.45,70.0,1.982176,0.6316760328134317
1995-07-28,21.51,8.91,14.59,143.0,4.0493024,1.290423895604582
1995-07-29,14.94,18.58,7.87,221.0,6.2580127999999995,1.9942914750252627
1995-07-30,6.02,10.29,3.42,221.0,6.2580127999999995,1.9942914750252627
1995-07-31,0.0,2.53,1.12,235.0,6.6544479999999995,2.120626681587949
1995-08-01,7.08,1.42,1.26,222.0,6.2863296,2.003315418351169
1995-08-02,0.0,21.26,11.77,174.0,4.9271232,1.5701661387076729
1995-08-03,38.24,36.75,28.02,490.0,13.875232,4.421732229694022
1995-08-04,23.75,7.47,12.05,1300.0,36.81184,11.731126323678016
1995-08-05,10.35,0.27,1.34,1750.0,49.5544,15.791900820335792
1995-08-06,0.0,0.14,0.2,1680.0,47.572224,15.16022478752236
1995-08-07,0.0,0.72,0.07,1270.0,35.962336,11.46040802390083
1995-08-08,0.0,1.44,3.61,807.0,22.8516576,7.282322264006276
1995-08-09,21.1,3.62,1.49,552.0,15.6308736,4.981216715900204
1995-08-10,0.0,0.17,0.14,399.0,11.2984032,3.6005533870365602
1995-08-11,0.0,0.36,0.17,309.0,8.7498912,2.7883984877050056
1995-08-12,0.0,3.34,5.01,238.0,6.7393984,2.1476985115656677
1995-08-13,13.6,0.93,2.59,257.0,7.2774176,2.319153434757885
1995-08-14,0.0,0.18,0.31,277.0,7.8437536,2.499632301276008
1995-08-15,0.0,4.33,4.89,241.0,6.8243488,2.174770341543386
1995-08-16,0.0,1.89,5.76,189.0,5.3518752,1.7055252885962655
1995-08-17,0.0,0.08,1.39,141.0,3.9926688,1.2723760089527696
1995-08-18,0.0,2.11,0.0,150.0,4.24752,1.3535914988859248
1995-08-19,0.0,13.67,21.12,200.0,5.66336,1.8047886651812333
1995-08-20,9.64,25.67,7.08,229.0,6.4845472,2.066483021632512
1995-08-21,0.0,0.85,0.57,217.0,6.1447456,1.9581957017216383
1995-08-22,0.0,0.53,0.5,183.0,5.1819744,1.6513816286408283
1995-08-23,0.0,2.63,2.08,148.0,4.1908864,1.3355436122341127
1995-08-24,4.19,3.55,2.3,121.0,3.4263328,1.0918971424346462
1995-08-25,3.05,3.83,4.3,98.0,2.7750464,0.8843464459388043
1995-08-26,9.95,2.92,2.29,82.0,2.3219776,0.7399633527243056
1995-08-27,5.25,1.34,1.36,69.0,1.9538592,0.6226520894875255
1995-08-28,0.0,0.0,0.53,53.0,1.5007904,0.4782689962730268
1995-08-29,0.0,0.0,0.06,47.0,1.3308896,0.4241253363175898
1995-08-30,0.0,0.0,0.0,41.0,1.1609888,0.3699816763621528
1995-08-31,0.0,0.0,0.0,30.0,0.849504,0.270718299777185
1995-09-01,0.0,0.0,0.0,21.0,0.5946528,0.18950280984402948
1995-09-02,0.0,0.0,0.0,15.0,0.424752,0.1353591498885925
1995-09-03,0.0,0.0,0.0,11.0,0.3114848,0.09926337658496784
1995-09-04,0.0,0.0,0.0,8.0,0.2265344,0.07219154660724933
1995-09-05,0.0,0.12,1.92,5.9,0.16706912000000002,0.05324126562284639
1995-09-06,0.0,1.34,0.79,4.6,0.13025727999999998,0.04151013929916836
1995-09-07,0.0,0.08,0.14,3.6,0.10194048,0.032486195973262195
1995-09-08,0.0,1.66,0.56,2.9,0.08211871999999999,0.02616943564512788
1995-09-09,4.01,0.23,1.06,11.0,0.3114848,0.09926337658496784
1995-09-10,0.0,0.4,0.3,27.0,0.7645535999999999,0.24364646979946647
1995-09-11,0.0,0.0,0.0,12.0,0.3398016,0.108287319910874
1995-09-12,0.0,0.54,0.15,6.8,0.19255424,0.06136281461616193
1995-09-13,0.0,0.47,2.91,5.3,0.15007904,0.04782689962730268
1995-09-14,6.41,0.67,1.11,5.6,0.15857407999999998,0.05053408262507453
1995-09-15,0.0,1.69,0.07,5.4,0.15291072,0.0487292939598933
1995-09-16,1.94,9.66,17.45,4.6,0.13025727999999998,0.04151013929916836
1995-09-17,22.49,12.52,22.69,6.7,0.18972256,0.06046042028357132
1995-09-18,74.65,7.63,5.63,18.0,0.5097024,0.162430979866311
1995-09-19,0.0,0.0,0.0,21.0,0.5946528,0.18950280984402948
1995-09-20,0.0,0.0,0.0,19.0,0.5380192,0.17145492319221717
1995-09-21,0.0,0.0,0.0,14.0,0.3964352,0.12633520656268632
1995-09-22,0.0,0.01,0.0,9.7,0.27467295999999997,0.0875322502612898
1995-09-23,0.0,4.63,3.56,6.9,0.19538592000000002,0.06226520894875255
1995-09-24,0.0,4.72,1.19,9.0,0.2548512,0.0812154899331555
1995-09-25,0.0,1.94,0.17,38.0,1.0760384,0.34290984638443434
1995-09-26,19.12,39.05,19.54,42.0,1.1893056,0.37900561968805896
1995-09-27,0.0,0.22,6.49,57.0,1.6140576,0.5143647695766514
1995-09-28,0.0,0.0,0.0,45.0,1.274256,0.4060774496657775
1995-09-29,0.0,0.0,0.0,37.0,1.0477216,0.33388590305852817
1995-09-30,0.0,0.0,0.0,27.0,0.7645535999999999,0.24364646979946647
1995-10-01,0.0,0.05,0.0,20.0,0.566336,0.1804788665181233
1995-10-02,0.0,0.08,0.07,16.0,0.4530688,0.14438309321449866
1995-10-03,0.0,25.94,17.36,13.0,0.3681184,0.11731126323678016
1995-10-04,39.81,43.55,30.19,37.0,1.0477216,0.33388590305852817
1995-10-05,26.45,14.49,8.97,150.0,4.24752,1.3535914988859248
1995-10-06,0.0,0.0,0.28,250.0,7.0792,2.2559858314765417
1995-10-07,0.0,0.0,0.0,290.0,8.211872,2.616943564512788
1995-10-08,0.0,0.0,0.0,120.0,3.398016,1.08287319910874
1995-10-09,0.0,1.8,0.0,50.0,1.41584,0.4511971662953083
1995-10-10,0.0,8.26,16.53,40.0,1.132672,0.3609577330362466
1995-10-11,15.78,30.71,18.99,110.0,3.114848,0.9926337658496782
1995-10-12,16.7,0.64,4.54,670.0,18.972255999999998,6.046042028357131
1995-10-13,0.0,0.83,0.02,850.0,24.06928,7.670351827020241
1995-10-14,0.0,11.81,12.95,300.0,8.49504,2.7071829977718496
1995-10-15,10.14,4.7,4.35,170.0,4.813856,1.5340703654040484
1995-10-16,0.0,0.0,0.01,120.0,3.398016,1.08287319910874
1995-10-17,0.0,0.0,0.0,90.0,2.548512,0.812154899331555
1995-10-18,0.0,0.06,0.0,60.0,1.699008,0.54143659955437
1995-10-19,0.0,0.04,1.36,50.0,1.41584,0.4511971662953083
1995-10-20,0.0,0.99,1.41,45.0,1.274256,0.4060774496657775
1995-10-21,0.0,0.0,0.34,40.0,1.132672,0.3609577330362466
1995-10-22,0.0,0.01,0.0,35.0,0.991088,0.3158380164067158
1995-10-23,0.0,0.0,0.0,30.0,0.849504,0.270718299777185
1995-10-24,0.0,0.0,0.0,29.0,0.8211872,0.2616943564512788
1995-10-25,0.0,0.0,0.0,28.0,0.7928704,0.25267041312537264
1995-10-26,0.0,0.0,0.08,27.0,0.7645535999999999,0.24364646979946647
1995-10-27,0.0,1.7,4.26,26.0,0.7362368,0.23462252647356033
1995-10-28,9.22,10.22,2.51,25.0,0.70792,0.22559858314765416
1995-10-29,0.0,0.11,0.37,40.0,1.132672,0.3609577330362466
1995-10-30,0.0,0.0,0.0,50.0,1.41584,0.4511971662953083
1995-10-31,0.0,0.08,0.05,40.0,1.132672,0.3609577330362466
1995-11-01,0.0,7.67,2.19,30.0,0.849504,0.270718299777185
1995-11-02,4.34,16.76,8.62,70.0,1.982176,0.6316760328134317
1995-11-03,10.42,30.95,17.45,200.0,5.66336,1.8047886651812333
1995-11-04,22.97,0.65,7.09,310.0,8.778208,2.7974224310309115
1995-11-05,0.0,0.0,0.72,370.0,10.477216,3.3388590305852817
1995-11-06,0.0,0.56,0.03,190.0,5.380192,1.7145492319221716
1995-11-07,0.0,5.14,5.74,90.0,2.548512,0.812154899331555
1995-11-08,15.1,4.4,2.46,95.0,2.690096,0.8572746159610858
1995-11-09,0.0,0.0,0.18,140.0,3.964352,1.2633520656268633
1995-11-10,0.0,0.08,0.04,100.0,2.83168,0.9023943325906166
1995-11-11,5.02,20.71,8.79,75.0,2.12376,0.6767957494429624
1995-11-12,24.68,1.54,4.71,90.0,2.548512,0.812154899331555
1995-11-13,0.0,0.0,0.63,100.0,2.83168,0.9023943325906166
1995-11-14,0.0,0.11,0.01,80.0,2.265344,0.7219154660724932
1995-11-15,0.0,0.0,0.0,60.0,1.699008,0.54143659955437
1995-11-16,0.0,0.01,0.03,55.0,1.557424,0.4963168829248391
1995-11-17,0.0,0.04,0.01,50.0,1.41584,0.4511971662953083
1995-11-18,0.0,0.0,0.0,48.0,1.3592064,0.433149279643496
1995-11-19,0.0,0.0,0.0,46.0,1.3025728,0.4151013929916837
1995-11-20,0.0,0.17,0.41,45.0,1.274256,0.4060774496657775
1995-11-21,1.0,0.21,0.15,44.0,1.2459392,0.39705350633987135
1995-11-22,0.0,0.0,0.0,42.0,1.1893056,0.37900561968805896
1995-11-23,0.0,0.19,2.02,40.0,1.132672,0.3609577330362466
1995-11-24,5.99,6.69,2.49,45.0,1.274256,0.4060774496657775
1995-11-25,0.0,1.24,0.68,50.0,1.41584,0.4511971662953083
1995-11-26,0.0,0.0,0.02,60.0,1.699008,0.54143659955437
1995-11-27,0.0,2.6,0.14,50.0,1.41584,0.4511971662953083
1995-11-28,0.0,9.54,9.9,45.0,1.274256,0.4060774496657775
1995-11-29,27.73,5.46,7.03,60.0,1.699008,0.54143659955437
1995-11-30,0.0,0.0,1.25,80.0,2.265344,0.7219154660724932
1995-12-01,0.0,0.0,0.0,70.0,1.982176,0.6316760328134317
1995-12-02,0.0,0.0,0.0,55.0,1.557424,0.4963168829248391
1995-12-03,0.0,0.0,0.0,45.0,1.274256,0.4060774496657775
1995-12-04,0.0,0.24,0.07,40.0,1.132672,0.3609577330362466
1995-12-05,0.0,0.02,0.98,35.0,0.991088,0.3158380164067158
1995-12-06,6.15,17.68,11.12,70.0,1.982176,0.6316760328134317
1995-12-07,6.79,5.6,6.9,173.0,4.8988064,1.5611421953817668
1995-12-08,0.0,0.18,3.1,240.0,6.796032,2.16574639821748
1995-12-09,9.34,19.22,12.85,263.0,7.4473184,2.373297094713322
1995-12-10,10.51,2.86,4.09,315.0,8.919792,2.842542147660442
1995-12-11,0.0,0.0,0.01,332.0,9.4011776,2.9959491842008474
1995-12-12,0.0,0.0,0.0,311.0,8.8065248,2.8064463743568178
1995-12-13,0.0,0.0,0.0,270.0,7.645536,2.4364646979946647
1995-12-14,0.0,0.05,0.01,232.0,6.5694976,2.0935548516102305
1995-12-15,0.0,0.0,0.02,201.0,5.6916768,1.8138126085071393
1995-12-16,0.0,0.05,0.02,176.0,4.9837568,1.5882140253594854
1995-12-17,0.0,0.05,0.01,154.0,4.3607872,1.3896872721895497
1995-12-18,0.0,2.6,8.54,134.0,3.7944512,1.2092084056714263
1995-12-19,23.24,25.03,15.02,166.0,4.7005888,1.4979745921004237
1995-12-20,0.0,0.0,4.06,253.0,7.1641504,2.28305766145426
1995-12-21,0.0,0.0,0.0,273.0,7.7304864,2.4635365279723835
1995-12-22,0.0,0.0,2.39,249.0,7.0508831999999995,2.2469618881506355
1995-12-23,12.01,1.7,0.8,216.0,6.1164287999999996,1.9491717583957318
1995-12-24,0.0,0.0,0.0,186.0,5.2669248,1.678453458618547
1995-12-25,0.0,0.0,0.0,160.0,4.530688,1.4438309321449865
1995-12-26,0.0,0.0,0.0,140.0,3.964352,1.2633520656268633
1995-12-27,0.0,0.0,0.0,122.0,3.4546495999999998,1.1009210857605523
1995-12-28,0.0,0.0,0.0,107.0,3.0298976,0.9655619358719598
1995-12-29,0.0,0.0,0.0,93.0,2.6334624,0.8392267293092734
1995-12-30,0.0,0.29,3.27,81.0,2.2936608,0.7309394093983995
1995-12-31,9.36,7.96,8.65,74.0,2.0954432,0.6677718061170563
1996-01-01,16.65,16.06,14.38,71.0,2.0104928,0.6406999761393378
1996-01-02,23.77,7.64,5.11,194.0,5.4934592,1.7506450052257962
1996-01-03,0.0,0.32,0.39,252.0,7.1358336,2.274033718128354
1996-01-04,0.0,0.0,0.0,245.0,6.937616,2.210866114847011
1996-01-05,0.0,0.0,0.0,220.0,6.229696,1.9852675316993564
1996-01-06,0.0,4.09,5.15,191.0,5.4085088,1.7235731752480778
1996-01-07,12.0,9.92,5.23,214.0,6.0597952,1.9311238717439196
1996-01-08,0.0,0.0,1.17,237.0,6.7110816,2.1386745682397614
1996-01-09,0.0,0.0,0.0,225.0,6.37128,2.0303872483288874
1996-01-10,0.0,0.0,0.0,203.0,5.7483104,1.8318604951589519
1996-01-11,0.0,0.06,4.71,179.0,5.0687071999999995,1.6152858553372036
1996-01-12,6.31,6.22,1.66,167.0,4.7289056,1.5069985354263298
1996-01-13,0.0,0.0,0.03,160.0,4.530688,1.4438309321449865
1996-01-14,0.0,0.0,0.0,147.0,4.1625696,1.3265196689082066
1996-01-15,0.0,0.0,0.0,132.0,3.7378176,1.191160519019614
1996-01-16,0.0,0.0,0.0,119.0,3.3696992,1.0738492557828339
1996-01-17,0.0,0.0,0.0,106.0,3.0015808,0.9565379925460537
1996-01-18,0.0,1.18,3.37,94.0,2.6617792,0.8482506726351796
1996-01-19,9.87,3.27,1.2,86.0,2.4352448,0.7760591260279303
1996-01-20,0.0,0.0,0.02,78.0,2.2087104,0.703867579420681
1996-01-21,0.0,0.0,0.0,70.0,1.982176,0.6316760328134317
1996-01-22,0.0,0.0,0.0,61.0,1.7273247999999999,0.5504605428802761
1996-01-23,0.0,0.0,0.82,54.0,1.5291071999999999,0.48729293959893294
1996-01-24,7.4,12.21,9.29,51.0,1.4441568,0.4602211096212145
1996-01-25,8.55,0.0,3.01,69.0,1.9538592,0.6226520894875255
1996-01-26,0.0,1.5,6.1,76.0,2.1520768,0.6858196927688687
1996-01-27,12.19,13.2,7.88,76.0,2.1520768,0.6858196927688687
1996-01-28,0.0,0.23,1.95,74.0,2.0954432,0.6677718061170563
1996-01-29,0.0,0.0,0.04,73.0,2.0671264,0.65874786279115
1996-01-30,0.0,0.39,0.29,70.0,1.982176,0.6316760328134317
1996-01-31,0.0,0.55,0.13,65.0,1.840592,0.5865563161839008
1996-02-01,0.0,0.74,0.31,59.0,1.6706912,0.5324126562284638
1996-02-02,1.26,22.01,18.11,60.0,1.699008,0.54143659955437
1996-02-03,35.22,5.88,6.0,134.0,3.7944512,1.2092084056714263
1996-02-04,0.0,0.0,0.0,171.0,4.8421728,1.5430943087299545
1996-02-05,0.0,0.67,0.05,177.0,5.0120736,1.5972379686853915
1996-02-06,0.0,0.15,0.02,163.0,4.6156384,1.470902762122705
1996-02-07,0.0,0.0,0.0,146.0,4.1342528,1.3174957255823
1996-02-08,0.0,0.0,0.0,130.0,3.681184,1.1731126323678016
1996-02-09,0.0,0.0,0.0,116.0,3.2847488,1.0467774258051152
1996-02-10,0.0,0.0,0.0,102.0,2.8883136,0.920442219242429
1996-02-11,0.0,0.0,0.0,90.0,2.548512,0.812154899331555
1996-02-12,0.0,0.0,0.0,78.0,2.2087104,0.703867579420681
1996-02-13,0.0,0.0,0.0,65.0,1.840592,0.5865563161839008
1996-02-14,0.0,0.97,0.31,54.0,1.5291071999999999,0.48729293959893294
1996-02-15,0.0,0.08,1.94,46.0,1.3025728,0.4151013929916837
1996-02-16,0.0,0.1,0.61,43.0,1.2176224,0.38802956301396513
1996-02-17,0.0,0.0,0.0,40.0,1.132672,0.3609577330362466
1996-02-18,0.0,0.0,0.0,35.0,0.991088,0.3158380164067158
1996-02-19,0.0,4.95,26.46,30.0,0.849504,0.270718299777185
1996-02-20,35.59,51.56,17.61,133.0,3.7661344,1.20018446234552
1996-02-21,0.0,0.15,2.98,264.0,7.4756352,2.382321038039228
1996-02-22,0.0,0.0,0.03,310.0,8.778208,2.7974224310309115
1996-02-23,0.0,0.11,0.02,301.0,8.5233568,2.7162069410977563
1996-02-24,0.0,0.01,0.0,266.0,7.5322688,2.40036892469104
1996-02-25,0.0,0.3,0.11,229.0,6.4845472,2.066483021632512
1996-02-26,0.0,0.0,0.08,194.0,5.4934592,1.7506450052257962
1996-02-27,0.0,0.15,0.54,165.0,4.6722719999999995,1.4889506487745172
1996-02-28,2.95,6.04,5.6,140.0,3.964352,1.2633520656268633
1996-02-29,8.44,17.08,10.17,127.0,3.5962336,1.1460408023900832
1996-03-01,22.14,28.13,14.75,166.0,4.7005888,1.4979745921004237
1996-03-02,9.43,6.49,3.84,268.0,7.5889024,2.4184168113428526
1996-03-03,0.0,0.0,0.0,295.0,8.353456,2.662063281142319
1996-03-04,0.0,0.0,0.0,276.0,7.8154368,2.490608357950102
1996-03-05,0.0,0.01,0.04,236.0,6.6827648,2.129650624913855
1996-03-06,0.0,5.65,0.83,199.0,5.6350432,1.7957647218553272
1996-03-07,12.22,24.24,24.56,191.0,5.4085088,1.7235731752480778
1996-03-08,31.3,7.46,8.11,307.0,8.693257599999999,2.7703506010531926
1996-03-09,0.0,0.06,0.0,350.0,9.91088,3.1583801640671583
1996-03-10,0.0,0.0,0.64,338.0,9.5710784,3.0500928441562842
1996-03-11,3.8,2.83,2.87,306.0,8.6649408,2.761326657727287
1996-03-12,0.0,0.0,0.89,280.0,7.928704,2.5267041312537266
1996-03-13,0.0,0.0,0.0,243.0,6.8809824,2.1928182281951982
1996-03-14,0.0,0.0,0.0,207.0,5.8615775999999995,1.8679562684625763
1996-03-15,0.0,0.09,0.54,175.0,4.95544,1.5791900820335791
1996-03-16,0.18,1.86,0.71,147.0,4.1625696,1.3265196689082066
1996-03-17,12.0,4.22,23.95,128.0,3.6245504,1.1550647457159893
1996-03-18,30.47,38.11,14.04,238.0,6.7393984,2.1476985115656677
1996-03-19,2.55,1.17,2.06,363.0,10.278998399999999,3.275691427303938
1996-03-20,0.0,0.0,0.01,412.0,11.6665216,3.7178646502733406
1996-03-21,0.0,0.0,0.0,374.0,10.5904832,3.374954803888906
1996-03-22,0.0,0.0,0.0,307.0,8.693257599999999,2.7703506010531926
1996-03-23,0.0,0.0,0.0,251.0,7.1075168,2.2650097748024476
1996-03-24,0.0,7.06,0.0,206.0,5.8332608,1.8589323251366703
1996-03-25,0.0,47.65,31.09,197.0,5.5784096,1.7777168352035146
1996-03-26,39.49,3.99,10.48,393.0,11.1285024,3.5464097270811235
1996-03-27,6.71,3.72,5.73,473.0,13.3938464,4.268325193153617
1996-03-28,13.84,4.41,2.7,555.0,15.715824,5.008288545877922
1996-03-29,2.37,0.08,4.5,543.0,15.3760224,4.900001225967048
1996-03-30,18.31,56.56,32.91,555.0,15.715824,5.008288545877922
1996-03-31,22.8,9.43,11.06,876.0,24.8055168,7.9049743534938015
1996-04-01,0.0,1.79,0.19,1060.0,30.015808,9.565379925460537
1996-04-02,0.0,0.0,0.0,1010.0,28.599968,9.114182759165228
1996-04-03,0.0,0.0,0.0,787.0,22.2853216,7.101843397488153
1996-04-04,0.0,0.03,0.01,598.0,16.9334464,5.3963181088918875
1996-04-05,0.0,0.42,1.16,467.0,13.2239456,4.21418153319818
1996-04-06,8.12,15.85,5.9,379.0,10.7320672,3.420074520518437
1996-04-07,3.28,0.01,1.84,341.0,9.6560288,3.0771646741340026
1996-04-08,0.0,0.0,0.0,295.0,8.353456,2.662063281142319
1996-04-09,0.0,0.0,0.0,247.0,6.9942496,2.228914001498823
1996-04-10,0.0,0.0,0.0,202.0,5.7199936,1.8228365518330454
1996-04-11,0.0,0.0,0.0,162.0,4.5873216,1.461878818796799
1996-04-12,0.0,0.0,0.0,130.0,3.681184,1.1731126323678016
1996-04-13,0.0,0.86,1.03,104.0,2.9449472,0.9384901058942413
1996-04-14,0.0,1.72,8.64,90.0,2.548512,0.812154899331555
1996-04-15,26.7,40.78,16.94,151.0,4.2758367999999995,1.362615442211831
1996-04-16,12.27,1.49,4.72,304.0,8.6083072,2.7432787710754747
1996-04-17,0.0,0.0,0.0,326.0,9.2312768,2.94180552424541
1996-04-18,0.0,0.14,0.06,297.0,8.4100896,2.680111167794131
1996-04-19,0.0,0.03,0.02,246.0,6.9659328,2.219890058172917
1996-04-20,0.0,0.0,0.0,199.0,5.6350432,1.7957647218553272
1996-04-21,0.0,0.0,0.0,161.0,4.5590048,1.452854875470893
1996-04-22,0.0,0.0,0.0,128.0,3.6245504,1.1550647457159893
1996-04-23,0.0,2.52,3.81,100.0,2.83168,0.9023943325906166
1996-04-24,10.99,3.3,1.27,76.0,2.1520768,0.6858196927688687
1996-04-25,0.0,0.0,0.0,57.0,1.6140576,0.5143647695766514
1996-04-26,0.0,0.0,0.0,43.0,1.2176224,0.38802956301396513
1996-04-27,0.0,0.0,0.0,32.0,0.9061376,0.2887661864289973
1996-04-28,0.0,0.0,0.0,23.0,0.6512864,0.20755069649584185
1996-04-29,0.0,9.59,36.5,18.0,0.5097024,0.162430979866311
1996-04-30,35.31,37.64,14.56,164.0,4.6439552,1.4799267054486112
1996-05-01,0.0,0.12,0.81,236.0,6.6827648,2.129650624913855
1996-05-02,0.0,0.0,0.0,228.0,6.4562304,2.057459078306606
1996-05-03,0.0,0.0,0.0,187.0,5.2952416,1.687477401944453
1996-05-04,0.0,0.06,0.0,146.0,4.1342528,1.3174957255823
1996-05-05,0.0,0.0,0.0,113.0,3.1997984,1.0197055958273968
1996-05-06,0.0,0.03,0.01,85.0,2.406928,0.7670351827020242
1996-05-07,0.0,0.05,0.01,61.0,1.7273247999999999,0.5504605428802761
1996-05-08,0.0,0.81,0.0,43.0,1.2176224,0.38802956301396513
1996-05-09,0.0,0.0,0.0,33.0,0.9344544,0.2977901297549035
1996-05-10,0.0,0.0,0.0,25.0,0.70792,0.22559858314765416
1996-05-11,0.0,0.0,0.34,19.0,0.5380192,0.17145492319221717
1996-05-12,0.0,0.07,0.11,15.0,0.424752,0.1353591498885925
1996-05-13,0.0,0.0,0.0,12.0,0.3398016,0.108287319910874
1996-05-14,0.0,0.0,0.0,10.0,0.283168,0.09023943325906165
1996-05-15,0.0,0.0,0.0,8.5,0.24069279999999998,0.07670351827020241
1996-05-16,0.0,0.0,0.0,7.4,0.20954432,0.06677718061170564
1996-05-17,0.0,0.0,0.0,6.7,0.18972256,0.06046042028357132
1996-05-18,0.0,0.48,0.0,6.0,0.1699008,0.054143659955437
1996-05-19,0.0,0.0,1.03,5.2,0.14724736,0.046924505294712066
1996-05-20,0.0,0.0,0.34,4.7,0.13308896,0.04241253363175898
1996-05-21,0.0,0.0,0.0,4.2,0.11893056,0.0379005619688059
1996-05-22,0.0,0.0,0.21,3.8,0.10760383999999999,0.03429098463844343
1996-05-23,0.0,0.11,4.35,3.6,0.10194048,0.032486195973262195
1996-05-24,0.0,2.78,1.43,3.2,0.09061376,0.028876618642899733
1996-05-25,0.0,3.78,0.96,2.9,0.08211871999999999,0.02616943564512788
1996-05-26,7.79,0.09,4.24,2.7,0.07645536,0.02436464697994665
1996-05-27,0.0,1.06,1.31,2.6,0.07362368,0.023462252647356033
1996-05-28,0.0,25.73,19.84,3.0,0.0849504,0.0270718299777185
1996-05-29,17.19,4.33,10.58,3.6,0.10194048,0.032486195973262195
1996-05-30,0.0,0.02,1.32,3.1,0.08778208,0.027974224310309114
1996-05-31,0.0,0.0,0.0,2.5,0.070792,0.022559858314765414
1996-06-01,0.0,0.0,0.0,2.3,0.06512863999999999,0.02075506964958418
1996-06-02,0.0,0.0,0.0,2.1,0.05946528,0.01895028098440295
1996-06-03,0.0,0.81,0.04,2.0,0.0566336,0.018047886651812332
1996-06-04,0.0,1.88,6.6,2.4,0.06796031999999999,0.021657463982174795
1996-06-05,0.0,0.0,2.2,5.2,0.14724736,0.046924505294712066
1996-06-06,0.0,0.0,5.2,3.8,0.10760383999999999,0.03429098463844343
1996-06-07,0.0,4.65,5.43,2.6,0.07362368,0.023462252647356033
1996-06-08,15.68,7.22,2.6,2.3,0.06512863999999999,0.02075506964958418
1996-06-09,18.98,2.87,1.58,3.1,0.08778208,0.027974224310309114
1996-06-10,0.0,0.09,0.54,3.1,0.08778208,0.027974224310309114
1996-06-11,0.0,0.0,0.06,2.3,0.06512863999999999,0.02075506964958418
1996-06-12,0.0,0.02,0.57,2.0,0.0566336,0.018047886651812332
1996-06-13,1.18,3.91,0.8,1.9,0.053801919999999996,0.017145492319221713
1996-06-14,4.09,5.33,10.45,1.7,0.04813856,0.015340703654040482
1996-06-15,21.98,6.2,14.47,1.9,0.053801919999999996,0.017145492319221713
1996-06-16,11.29,9.39,3.81,3.9,0.11043552,0.03519337897103405
1996-06-17,8.08,16.86,2.6,4.5,0.1274256,0.04060774496657775
1996-06-18,9.99,1.01,3.12,3.1,0.08778208,0.027974224310309114
1996-06-19,0.0,0.83,2.21,2.5,0.070792,0.022559858314765414
1996-06-20,4.05,15.21,0.8,2.8,0.07928703999999999,0.025267041312537264
1996-06-21,0.0,4.21,2.43,3.9,0.11043552,0.03519337897103405
1996-06-22,6.62,3.64,2.06,10.0,0.283168,0.09023943325906165
1996-06-23,0.0,1.14,0.43,74.0,2.0954432,0.6677718061170563
1996-06-24,0.0,0.0,0.0,33.0,0.9344544,0.2977901297549035
1996-06-25,0.0,5.33,0.09,26.0,0.7362368,0.23462252647356033
1996-06-26,0.0,1.12,12.93,20.0,0.566336,0.1804788665181233
1996-06-27,0.0,0.22,4.3,17.0,0.48138559999999997,0.15340703654040483
1996-06-28,0.0,0.03,0.0,18.0,0.5097024,0.162430979866311
1996-06-29,0.0,0.0,0.0,15.0,0.424752,0.1353591498885925
1996-06-30,0.0,0.0,0.0,12.0,0.3398016,0.108287319910874
1996-07-01,0.0,0.0,0.0,10.0,0.283168,0.09023943325906165
1996-07-02,0.0,0.0,0.0,8.0,0.2265344,0.07219154660724933
1996-07-03,0.0,0.34,2.13,15.0,0.424752,0.1353591498885925
1996-07-04,11.72,10.71,8.77,20.0,0.566336,0.1804788665181233
1996-07-05,15.92,22.31,18.31,30.0,0.849504,0.270718299777185
1996-07-06,34.92,15.0,15.08,50.0,1.41584,0.4511971662953083
1996-07-07,30.9,6.05,8.41,80.0,2.265344,0.7219154660724932
1996-07-08,16.94,7.44,7.91,40.0,1.132672,0.3609577330362466
1996-07-09,18.3,4.84,2.24,20.0,0.566336,0.1804788665181233
1996-07-10,1.26,0.0,0.06,12.0,0.3398016,0.108287319910874
1996-07-11,0.0,0.0,0.84,9.9,0.28033632,0.08933703892647106
1996-07-12,0.0,0.54,2.94,8.1,0.22936608,0.07309394093983995
1996-07-13,0.0,16.39,6.66,7.5,0.212376,0.06767957494429624
1996-07-14,13.84,6.42,6.73,27.0,0.7645535999999999,0.24364646979946647
1996-07-15,10.0,6.39,3.44,27.0,0.7645535999999999,0.24364646979946647
1996-07-16,9.14,13.44,7.06,23.0,0.6512864,0.20755069649584185
1996-07-17,0.0,1.8,2.2,27.0,0.7645535999999999,0.24364646979946647
1996-07-18,0.0,0.0,0.02,29.0,0.8211872,0.2616943564512788
1996-07-19,0.0,0.0,0.0,24.0,0.6796032,0.216574639821748
1996-07-20,0.0,0.0,0.0,19.0,0.5380192,0.17145492319221717
1996-07-21,0.0,0.0,0.08,14.0,0.3964352,0.12633520656268632
1996-07-22,0.0,0.26,0.03,11.0,0.3114848,0.09926337658496784
1996-07-23,0.0,13.2,13.21,8.6,0.24352448,0.07760591260279302
1996-07-24,17.05,18.85,12.59,8.2,0.23219775999999998,0.07399633527243056
1996-07-25,27.79,6.1,11.34,7.5,0.212376,0.06767957494429624
1996-07-26,21.02,0.01,2.87,10.0,0.283168,0.09023943325906165
1996-07-27,0.0,0.21,0.0,10.0,0.283168,0.09023943325906165
1996-07-28,0.0,0.0,0.12,8.5,0.24069279999999998,0.07670351827020241
1996-07-29,0.0,0.31,0.07,6.9,0.19538592000000002,0.06226520894875255
1996-07-30,0.0,0.0,0.06,5.3,0.15007904,0.04782689962730268
1996-07-31,0.0,16.41,2.51,5.2,0.14724736,0.046924505294712066
1996-08-01,7.83,18.25,10.83,4.3,0.12176224,0.03880295630139651
1996-08-02,22.07,10.03,20.59,3.2,0.09061376,0.028876618642899733
1996-08-03,14.64,4.5,6.7,3.2,0.09061376,0.028876618642899733
1996-08-04,0.0,4.27,2.93,4.6,0.13025727999999998,0.04151013929916836
1996-08-05,10.24,3.36,6.36,6.9,0.19538592000000002,0.06226520894875255
1996-08-06,14.45,2.69,18.5,8.0,0.2265344,0.07219154660724933
1996-08-07,20.44,8.95,16.82,8.8,0.24918784000000002,0.07941070126797427
1996-08-08,22.37,3.02,12.23,11.0,0.3114848,0.09926337658496784
1996-08-09,15.76,11.63,5.62,47.0,1.3308896,0.4241253363175898
1996-08-10,4.6,29.56,8.26,45.0,1.274256,0.4060774496657775
1996-08-11,0.0,2.73,6.27,97.0,2.7467296,0.8753225026128981
1996-08-12,29.73,21.28,7.87,105.0,2.973264,0.9475140492201475
1996-08-13,12.72,0.69,2.44,111.0,3.1431648,1.0016577091755845
1996-08-14,0.0,0.35,0.88,98.0,2.7750464,0.8843464459388043
1996-08-15,0.0,0.04,0.27,76.0,2.1520768,0.6858196927688687
1996-08-16,0.0,0.0,0.0,57.0,1.6140576,0.5143647695766514
1996-08-17,0.0,0.06,0.64,43.0,1.2176224,0.38802956301396513
1996-08-18,0.0,0.22,1.34,34.0,0.9627711999999999,0.30681407308080966
1996-08-19,0.0,1.38,0.54,27.0,0.7645535999999999,0.24364646979946647
1996-08-20,0.0,0.09,0.05,21.0,0.5946528,0.18950280984402948
1996-08-21,0.0,0.0,0.0,16.0,0.4530688,0.14438309321449866
1996-08-22,0.0,0.11,0.35,13.0,0.3681184,0.11731126323678016
1996-08-23,0.0,4.42,0.12,11.0,0.3114848,0.09926337658496784
1996-08-24,0.0,4.41,11.45,8.7,0.24635615999999996,0.07850830693538363
1996-08-25,3.46,9.72,4.86,7.5,0.212376,0.06767957494429624
1996-08-26,10.06,0.69,5.0,6.7,0.18972256,0.06046042028357132
1996-08-27,0.0,2.03,2.21,5.7,0.16140576,0.05143647695766515
1996-08-28,16.13,17.79,25.02,5.6,0.15857407999999998,0.05053408262507453
1996-08-29,4.01,4.32,14.31,10.0,0.283168,0.09023943325906165
1996-08-30,6.0,17.46,7.43,20.0,0.566336,0.1804788665181233
1996-08-31,19.24,7.66,16.91,75.0,2.12376,0.6767957494429624
1996-09-01,12.82,12.92,18.92,100.0,2.83168,0.9023943325906166
1996-09-02,21.38,60.88,23.56,300.0,8.49504,2.7071829977718496
1996-09-03,6.15,2.82,9.09,450.0,12.74256,4.060774496657775
1996-09-04,0.0,1.07,0.93,650.0,18.40592,5.865563161839008
1996-09-05,0.0,0.17,1.42,500.0,14.1584,4.5119716629530835
1996-09-06,0.0,0.0,0.47,350.0,9.91088,3.1583801640671583
1996-09-07,0.0,0.01,0.0,250.0,7.0792,2.2559858314765417
1996-09-08,0.0,0.12,0.01,200.0,5.66336,1.8047886651812333
1996-09-09,0.0,2.95,0.1,150.0,4.24752,1.3535914988859248
1996-09-10,10.43,31.98,12.1,100.0,2.83168,0.9023943325906166
1996-09-11,0.0,3.87,4.28,80.0,2.265344,0.7219154660724932
1996-09-12,0.0,0.25,0.09,70.0,1.982176,0.6316760328134317
1996-09-13,0.0,0.0,0.13,50.0,1.41584,0.4511971662953083
1996-09-14,0.0,0.02,0.04,40.0,1.132672,0.3609577330362466
1996-09-15,0.0,0.61,1.78,30.0,0.849504,0.270718299777185
1996-09-16,17.41,26.42,18.64,25.0,0.70792,0.22559858314765416
1996-09-17,12.26,15.59,11.18,30.0,0.849504,0.270718299777185
1996-09-18,9.15,1.07,1.72,40.0,1.132672,0.3609577330362466
1996-09-19,0.0,6.51,0.0,50.0,1.41584,0.4511971662953083
1996-09-20,0.0,2.82,1.89,60.0,1.699008,0.54143659955437
1996-09-21,6.23,1.66,4.12,70.0,1.982176,0.6316760328134317
1996-09-22,1.29,0.38,1.19,80.0,2.265344,0.7219154660724932
1996-09-23,0.0,0.0,0.01,100.0,2.83168,0.9023943325906166
1996-09-24,0.0,0.16,0.0,118.0,3.3413824,1.0648253124569276
1996-09-25,0.0,0.0,0.0,144.0,4.0776192,1.299447838930488
1996-09-26,0.0,0.0,2.44,205.0,5.804944,1.849908381810764
1996-09-27,0.0,10.57,1.69,217.0,6.1447456,1.9581957017216383
1996-09-28,3.65,19.57,13.52,215.0,6.088112,1.9401478150698257
1996-09-29,15.53,4.11,14.57,211.0,5.9748448,1.904052041766201
1996-09-30,25.48,12.81,10.46,218.0,6.1730624,1.9672196450475443
1996-10-01,38.66,13.35,24.44,216.0,6.1164287999999996,1.9491717583957318
1996-10-02,80.51,6.77,10.99,202.0,5.7199936,1.8228365518330454
1996-10-03,32.92,1.09,1.28,258.0,7.3057343999999995,2.3281773780837907
1996-10-04,0.0,0.0,0.02,280.0,7.928704,2.5267041312537266
1996-10-05,0.0,0.13,0.21,253.0,7.1641504,2.28305766145426
1996-10-06,5.8,47.07,22.12,221.0,6.2580127999999995,1.9942914750252627
1996-10-07,63.44,79.13,112.59,180.0,5.097024,1.62430979866311
1996-10-08,69.88,21.22,35.09,145.0,4.105936,1.308471782256394
1996-10-09,0.0,0.04,0.0,119.0,3.3696992,1.0738492557828339
1996-10-10,0.0,0.0,0.0,109.0,3.0865312,0.9836098225237722
1996-10-11,0.0,0.0,0.0,117.0,3.3130656,1.0558013691310215
1996-10-12,0.0,0.0,0.0,142.0,4.0209856,1.2813999522786756
1996-10-13,0.0,0.0,0.0,142.0,4.0209856,1.2813999522786756
1996-10-14,0.0,0.0,0.0,126.0,3.5679168,1.137016859064177
1996-10-15,0.0,0.0,0.0,111.0,3.1431648,1.0016577091755845
1996-10-16,0.0,0.0,0.0,100.0,2.83168,0.9023943325906166
1996-10-17,0.0,0.0,0.0,89.0,2.5201952,0.8031309560056488
1996-10-18,0.0,0.0,0.0,77.0,2.1803936,0.6948436360947748
1996-10-19,0.0,0.0,0.0,67.0,1.8972256,0.6046042028357131
1996-10-20,0.0,0.0,0.0,60.0,1.699008,0.54143659955437
1996-10-21,0.0,0.0,0.0,55.0,1.557424,0.4963168829248391
1996-10-22,0.0,0.0,0.3,57.0,1.6140576,0.5143647695766514
1996-10-23,1.65,0.54,0.29,50.0,1.41584,0.4511971662953083
1996-10-24,0.0,0.02,0.06,42.0,1.1893056,0.37900561968805896
1996-10-25,0.0,0.0,0.0,34.0,0.9627711999999999,0.30681407308080966
1996-10-26,0.0,0.0,0.0,28.0,0.7928704,0.25267041312537264
1996-10-27,0.0,0.0,0.0,23.0,0.6512864,0.20755069649584185
1996-10-28,0.0,0.0,0.0,19.0,0.5380192,0.17145492319221717
1996-10-29,0.0,0.0,0.0,16.0,0.4530688,0.14438309321449866
1996-10-30,0.0,0.0,0.0,14.0,0.3964352,0.12633520656268632
1996-10-31,0.0,0.0,0.0,12.0,0.3398016,0.108287319910874
1996-11-01,0.0,0.08,0.0,9.9,0.28033632,0.08933703892647106
1996-11-02,0.0,1.52,1.1,8.7,0.24635615999999996,0.07850830693538363
1996-11-03,3.59,0.08,0.37,7.8,0.22087104,0.0703867579420681
1996-11-04,0.0,0.0,0.0,7.0,0.1982176,0.06316760328134316
1996-11-05,0.0,0.0,0.0,6.5,0.1840592,0.05865563161839008
1996-11-06,0.0,0.0,0.0,6.0,0.1699008,0.054143659955437
1996-11-07,0.0,0.78,3.71,5.6,0.15857407999999998,0.05053408262507453
1996-11-08,12.46,9.32,6.94,6.4,0.18122752,0.057753237285799466
1996-11-09,0.0,0.1,1.9,8.4,0.23786112,0.0758011239376118
1996-11-10,0.0,0.0,0.0,8.4,0.23786112,0.0758011239376118
1996-11-11,0.0,0.0,0.0,7.5,0.212376,0.06767957494429624
1996-11-12,0.0,0.0,0.0,7.5,0.212376,0.06767957494429624
1996-11-13,0.0,0.0,0.0,8.0,0.2265344,0.07219154660724933
1996-11-14,0.0,0.0,0.0,7.2,0.20388096,0.06497239194652439
1996-11-15,0.0,0.0,0.0,6.5,0.1840592,0.05865563161839008
1996-11-16,0.0,0.0,0.0,5.9,0.16706912000000002,0.05324126562284639
1996-11-17,0.0,0.0,0.0,5.5,0.1557424,0.04963168829248392
1996-11-18,0.0,0.01,0.04,5.2,0.14724736,0.046924505294712066
1996-11-19,0.0,1.76,1.48,5.1,0.14441568,0.04602211096212144
1996-11-20,5.67,0.01,0.71,6.5,0.1840592,0.05865563161839008
1996-11-21,7.69,10.33,4.23,14.0,0.3964352,0.12633520656268632
1996-11-22,7.42,0.03,1.46,15.0,0.424752,0.1353591498885925
1996-11-23,0.0,0.0,0.02,14.0,0.3964352,0.12633520656268632
1996-11-24,0.0,0.0,0.0,12.0,0.3398016,0.108287319910874
1996-11-25,0.0,4.94,3.75,11.0,0.3114848,0.09926337658496784
1996-11-26,6.0,1.21,1.25,11.0,0.3114848,0.09926337658496784
1996-11-27,0.0,0.0,0.0,11.0,0.3114848,0.09926337658496784
1996-11-28,0.0,0.0,0.0,12.0,0.3398016,0.108287319910874
1996-11-29,0.0,0.0,0.0,11.0,0.3114848,0.09926337658496784
1996-11-30,0.0,4.47,6.69,11.0,0.3114848,0.09926337658496784
1996-12-01,27.09,35.84,21.76,22.0,0.6229696,0.19852675316993568
1996-12-02,14.83,1.42,6.51,86.0,2.4352448,0.7760591260279303
1996-12-03,0.0,0.14,0.0,127.0,3.5962336,1.1460408023900832
1996-12-04,0.0,0.01,0.01,121.0,3.4263328,1.0918971424346462
1996-12-05,0.0,0.85,2.25,103.0,2.9166304,0.9294661625683351
1996-12-06,0.0,0.16,10.9,89.0,2.5201952,0.8031309560056488
1996-12-07,32.86,69.02,28.1,227.0,6.4279136,2.0484351349807
1996-12-08,0.0,0.28,8.24,576.0,16.3104768,5.197791355721952
1996-12-09,0.0,0.0,0.0,770.0,21.803936,6.948436360947748
1996-12-10,0.0,0.0,0.0,683.0,19.340374399999998,6.163353291593911
1996-12-11,0.0,0.29,0.13,560.0,15.857408,5.053408262507453
1996-12-12,0.0,7.24,3.68,458.0,12.9690944,4.132966043265024
1996-12-13,0.0,0.2,1.28,411.0,11.6382048,3.7088407069474347
1996-12-14,0.0,0.0,0.02,366.0,10.3639488,3.3027632572816565
1996-12-15,0.0,0.0,0.0,313.0,8.8631584,2.82449426100863
1996-12-16,0.0,0.54,3.8,267.0,7.5605856,2.4093928680169463
1996-12-17,12.02,15.62,5.25,247.0,6.9942496,2.228914001498823
1996-12-18,0.0,17.27,21.72,251.0,7.1075168,2.2650097748024476
1996-12-19,23.52,11.62,7.36,359.0,10.1657312,3.2395956540003135
1996-12-20,0.0,0.0,0.19,422.0,11.9496896,3.808104083532402
1996-12-21,0.0,0.0,0.0,414.0,11.723155199999999,3.7359125369251527
1996-12-22,0.0,0.0,0.0,369.0,10.4488992,3.3298350872593754
1996-12-23,0.0,1.2,0.0,321.0,9.0896928,2.8966858076158792
1996-12-24,0.0,3.7,3.69,279.0,7.9003872,2.5176801879278203
1996-12-25,7.0,0.95,1.23,255.0,7.220784,2.3011055481060723
1996-12-26,0.0,1.58,0.16,227.0,6.4279136,2.0484351349807
1996-12-27,0.0,0.37,0.05,201.0,5.6916768,1.8138126085071393
1996-12-28,0.0,0.0,0.0,178.0,5.0403904,1.6062619120112975
1996-12-29,0.0,0.0,0.0,160.0,4.530688,1.4438309321449865
1996-12-30,0.0,0.18,0.07,143.0,4.0493024,1.290423895604582
1996-12-31,0.0,0.0,0.91,128.0,3.6245504,1.1550647457159893
1997-01-01,0.0,0.99,1.19,115.0,3.2564319999999998,1.037753482479209
1997-01-02,0.0,0.16,0.3,103.0,2.9166304,0.9294661625683351
1997-01-03,0.0,0.0,0.0,92.0,2.6051456,0.8302027859833674
1997-01-04,0.0,0.0,1.27,83.0,2.3502944,0.7489872960502119
1997-01-05,2.29,5.85,2.79,75.0,2.12376,0.6767957494429624
1997-01-06,4.36,2.14,2.31,67.0,1.8972256,0.6046042028357131
1997-01-07,3.31,14.04,10.63,62.0,1.7556416,0.5594844862061823
1997-01-08,21.49,11.01,17.03,72.0,2.0388096,0.649723919465244
1997-01-09,23.69,37.2,9.22,269.0,7.6172192,2.427440754668759
1997-01-10,0.0,0.08,1.58,371.0,10.5055328,3.3478829739111875
1997-01-11,0.0,0.11,0.01,385.0,10.901968,3.474218180473874
1997-01-12,0.0,0.03,0.0,350.0,9.91088,3.1583801640671583
1997-01-13,0.0,0.0,0.0,301.0,8.5233568,2.7162069410977563
1997-01-14,0.0,0.0,0.0,257.0,7.2774176,2.319153434757885
1997-01-15,0.0,0.04,4.07,220.0,6.229696,1.9852675316993564
1997-01-16,15.2,17.11,7.9,260.0,7.362368,2.346225264735603
1997-01-17,0.0,0.08,2.18,350.0,9.91088,3.1583801640671583
1997-01-18,0.0,0.0,0.0,370.0,10.477216,3.3388590305852817
1997-01-19,0.0,0.0,0.0,337.0,9.5427616,3.0410689008303784
1997-01-20,0.0,0.02,0.0,292.0,8.2685056,2.6349914511646
1997-01-21,0.0,0.02,0.0,253.0,7.1641504,2.28305766145426
1997-01-22,0.0,0.27,0.0,219.0,6.2013792,1.9762435883734504
1997-01-23,0.0,1.54,0.69,191.0,5.4085088,1.7235731752480778
1997-01-24,0.0,1.36,15.57,168.0,4.7572224,1.5160224787522358
1997-01-25,40.34,40.76,18.15,240.0,6.796032,2.16574639821748
1997-01-26,0.0,0.0,4.35,340.0,9.627712,3.068140730808097
1997-01-27,0.0,0.03,0.0,345.0,9.769296,3.1132604474376278
1997-01-28,0.0,0.71,0.27,321.0,9.0896928,2.8966858076158792
1997-01-29,0.0,4.57,6.87,292.0,8.2685056,2.6349914511646
1997-01-30,9.15,7.3,3.14,295.0,8.353456,2.662063281142319
1997-01-31,0.0,0.0,0.29,288.0,8.1552384,2.598895677860976
1997-02-01,0.0,0.0,0.0,265.0,7.503952,2.391344981365134
1997-02-02,0.0,0.0,0.0,240.0,6.796032,2.16574639821748
1997-02-03,0.0,0.0,0.0,214.0,6.0597952,1.9311238717439196
1997-02-04,0.0,0.0,0.0,188.0,5.3235584,1.6965013452703592
1997-02-05,0.0,0.03,0.0,164.0,4.6439552,1.4799267054486112
1997-02-06,0.0,0.0,0.0,143.0,4.0493024,1.290423895604582
1997-02-07,0.0,1.01,1.49,123.0,3.4829664,1.1099450290864585
1997-02-08,0.0,2.0,0.57,106.0,3.0015808,0.9565379925460537
1997-02-09,0.0,0.07,0.04,91.0,2.5768288,0.8211788426574611
1997-02-10,0.0,0.04,0.08,78.0,2.2087104,0.703867579420681
1997-02-11,0.0,0.15,0.04,68.0,1.9255423999999999,0.6136281461616193
1997-02-12,0.0,0.0,0.01,59.0,1.6706912,0.5324126562284638
1997-02-13,0.0,25.99,29.82,81.0,2.2936608,0.7309394093983995
1997-02-14,44.92,49.46,47.42,427.0,12.0912736,3.853223800161933
1997-02-15,21.79,11.39,13.27,1080.0,30.582144,9.745858791978659
1997-02-16,0.0,0.1,0.26,1500.0,42.4752,13.53591498885925
1997-02-17,0.0,0.0,0.0,1440.0,40.776192,12.99447838930488
1997-02-18,0.0,0.0,0.0,1090.0,30.865312,9.836098225237722
1997-02-19,0.0,0.0,0.0,778.0,22.0304704,7.020627907554997
1997-02-20,0.0,0.0,0.0,591.0,16.735228799999998,5.3331505056105435
1997-02-21,0.0,0.0,9.01,465.0,13.167311999999999,4.196133646546367
1997-02-22,23.46,23.52,8.46,394.0,11.1568192,3.5554336704070293
1997-02-23,0.0,0.24,3.78,369.0,10.4488992,3.3298350872593754
1997-02-24,3.98,4.33,3.38,321.0,9.0896928,2.8966858076158792
1997-02-25,3.29,10.73,4.24,276.0,7.8154368,2.490608357950102
1997-02-26,2.54,0.12,1.19,244.0,6.9092991999999995,2.2018421715211045
1997-02-27,0.0,0.03,0.03,213.0,6.0314784,1.9220999284180136
1997-02-28,0.0,0.0,0.0,186.0,5.2669248,1.678453458618547
1997-03-01,0.0,0.0,0.0,163.0,4.6156384,1.470902762122705
1997-03-02,0.0,0.0,0.04,141.0,3.9926688,1.2723760089527696
1997-03-03,0.0,0.15,0.09,122.0,3.4546495999999998,1.1009210857605523
1997-03-04,0.0,0.03,0.03,105.0,2.973264,0.9475140492201475
1997-03-05,0.0,0.0,0.42,92.0,2.6051456,0.8302027859833674
1997-03-06,0.39,1.3,0.31,79.0,2.2370272,0.7128915227465872
1997-03-07,0.0,0.0,0.06,65.0,1.840592,0.5865563161839008
1997-03-08,0.0,0.0,0.0,53.0,1.5007904,0.4782689962730268
1997-03-09,0.0,0.0,0.0,44.0,1.2459392,0.39705350633987135
1997-03-10,0.0,0.0,0.0,36.0,1.0194048,0.324861959732622
1997-03-11,0.0,0.0,0.0,30.0,0.849504,0.270718299777185
1997-03-12,0.0,0.0,0.05,25.0,0.70792,0.22559858314765416
1997-03-13,0.0,0.79,1.53,20.0,0.566336,0.1804788665181233
1997-03-14,7.15,6.53,5.98,17.0,0.48138559999999997,0.15340703654040483
1997-03-15,0.0,0.0,1.83,15.0,0.424752,0.1353591498885925
1997-03-16,0.0,0.0,0.0,12.0,0.3398016,0.108287319910874
1997-03-17,0.0,0.0,0.01,9.9,0.28033632,0.08933703892647106
1997-03-18,0.0,0.6,0.37,8.6,0.24352448,0.07760591260279302
1997-03-19,0.0,1.89,0.98,7.3,0.20671264,0.06587478627911501
1997-03-20,2.98,3.42,3.6,6.3,0.17839584,0.05685084295320885
1997-03-21,9.1,15.87,9.45,7.1,0.20104928,0.06406999761393378
1997-03-22,0.0,1.56,2.78,9.1,0.25768288,0.08211788426574612
1997-03-23,0.0,0.0,0.0,9.7,0.27467295999999997,0.0875322502612898
1997-03-24,0.0,0.0,0.0,12.0,0.3398016,0.108287319910874
1997-03-25,0.0,0.27,3.52,10.0,0.283168,0.09023943325906165
1997-03-26,10.91,3.0,2.86,32.0,0.9061376,0.2887661864289973
1997-03-27,0.0,0.0,0.56,76.0,2.1520768,0.6858196927688687
1997-03-28,0.0,4.12,2.86,73.0,2.0671264,0.65874786279115
1997-03-29,9.0,5.19,1.52,63.0,1.7839584,0.5685084295320885
1997-03-30,9.35,2.78,9.73,53.0,1.5007904,0.4782689962730268
1997-03-31,13.66,6.35,3.18,42.0,1.1893056,0.37900561968805896
1997-04-01,0.0,0.0,0.0,32.0,0.9061376,0.2887661864289973
1997-04-02,0.0,0.0,0.0,23.0,0.6512864,0.20755069649584185
1997-04-03,0.0,0.0,0.0,17.0,0.48138559999999997,0.15340703654040483
1997-04-04,0.0,0.0,0.0,12.0,0.3398016,0.108287319910874
1997-04-05,0.0,0.08,0.0,8.5,0.24069279999999998,0.07670351827020241
1997-04-06,0.0,4.51,2.16,6.7,0.18972256,0.06046042028357132
1997-04-07,3.2,0.0,0.72,5.8,0.16423743999999998,0.05233887129025576
1997-04-08,0.0,0.0,0.0,4.6,0.13025727999999998,0.04151013929916836
1997-04-09,0.0,0.0,0.0,3.5,0.0991088,0.03158380164067158
1997-04-10,0.0,0.35,0.0,2.5,0.070792,0.022559858314765414
1997-04-11,0.0,3.45,9.36,2.0,0.0566336,0.018047886651812332
1997-04-12,17.56,17.4,8.76,3.1,0.08778208,0.027974224310309114
1997-04-13,6.64,0.32,2.54,3.3,0.09344543999999999,0.029779012975490345
1997-04-14,0.0,0.13,0.64,3.2,0.09061376,0.028876618642899733
1997-04-15,0.0,0.85,0.16,2.9,0.08211871999999999,0.02616943564512788
1997-04-16,0.0,0.0,0.01,2.2,0.062296960000000005,0.019852675316993567
1997-04-17,0.0,0.0,0.0,1.7,0.04813856,0.015340703654040482
1997-04-18,0.0,0.0,0.0,1.2,0.033980159999999995,0.010828731991087397
1997-04-19,0.0,0.0,0.0,0.99,0.028033632,0.008933703892647105
1997-04-20,0.0,0.0,0.0,0.9,0.02548512,0.008121548993315549
1997-04-21,0.0,0.39,0.54,0.92,0.026051456,0.008302027859833673
1997-04-22,0.0,0.8,8.59,1.1,0.031148480000000003,0.009926337658496783
1997-04-23,33.22,34.53,18.0,6.6,0.18689087999999998,0.05955802595098069
1997-04-24,0.0,0.0,5.07,28.0,0.7928704,0.25267041312537264
1997-04-25,0.0,0.0,1.08,46.0,1.3025728,0.4151013929916837
1997-04-26,0.0,33.45,28.53,48.0,1.3592064,0.433149279643496
1997-04-27,39.56,25.75,27.59,216.0,6.1164287999999996,1.9491717583957318
1997-04-28,47.49,45.27,36.1,407.0,11.5249376,3.6727449336438096
1997-04-29,0.0,1.23,10.01,729.0,20.6429472,6.578454684585595
1997-04-30,0.0,0.0,0.0,834.0,23.6162112,7.525968733805742
1997-05-01,0.0,0.0,0.0,693.0,19.623542399999998,6.253592724852973
1997-05-02,0.0,0.25,0.04,534.0,15.1211712,4.818785736033893
1997-05-03,0.0,7.47,2.02,410.0,11.609888,3.699816763621528
1997-05-04,6.15,0.58,0.67,321.0,9.0896928,2.8966858076158792
1997-05-05,0.0,0.0,0.0,252.0,7.1358336,2.274033718128354
1997-05-06,0.0,0.0,0.0,194.0,5.4934592,1.7506450052257962
1997-05-07,0.0,0.0,0.0,148.0,4.1908864,1.3355436122341127
1997-05-08,0.0,0.0,0.0,111.0,3.1431648,1.0016577091755845
1997-05-09,0.0,0.0,0.0,81.0,2.2936608,0.7309394093983995
1997-05-10,0.0,0.0,0.1,58.0,1.6423744,0.5233887129025576
1997-05-11,0.0,0.41,0.03,45.0,1.274256,0.4060774496657775
1997-05-12,0.0,1.95,1.27,35.0,0.991088,0.3158380164067158
1997-05-13,0.0,0.0,0.42,28.0,0.7928704,0.25267041312537264
1997-05-14,0.0,0.7,0.0,22.0,0.6229696,0.19852675316993568
1997-05-15,0.0,3.33,2.26,18.0,0.5097024,0.162430979866311
1997-05-16,3.44,0.06,0.75,14.0,0.3964352,0.12633520656268632
1997-05-17,0.0,0.0,0.0,10.0,0.283168,0.09023943325906165
1997-05-18,0.0,0.0,0.0,6.1,0.17273248,0.05504605428802761
1997-05-19,0.0,9.13,26.66,4.7,0.13308896,0.04241253363175898
1997-05-20,11.49,1.16,12.38,3.8,0.10760383999999999,0.03429098463844343
1997-05-21,0.0,1.87,3.0,2.3,0.06512863999999999,0.02075506964958418
1997-05-22,4.07,5.08,4.26,11.0,0.3114848,0.09926337658496784
1997-05-23,12.0,19.05,12.37,28.0,0.7928704,0.25267041312537264
1997-05-24,0.0,0.19,15.58,68.0,1.9255423999999999,0.6136281461616193
1997-05-25,43.0,47.15,37.21,132.0,3.7378176,1.191160519019614
1997-05-26,34.26,0.87,11.36,212.0,6.0031616,1.9130759850921073
1997-05-27,0.0,2.96,0.16,259.0,7.3340512,2.337201321409697
1997-05-28,0.0,8.32,7.17,245.0,6.937616,2.210866114847011
1997-05-29,0.11,0.0,2.38,202.0,5.7199936,1.8228365518330454
1997-05-30,0.0,0.0,0.25,164.0,4.6439552,1.4799267054486112
1997-05-31,0.0,14.82,11.96,136.0,3.8510847999999998,1.2272562923232386
1997-06-01,12.77,1.28,4.04,115.0,3.2564319999999998,1.037753482479209
1997-06-02,0.0,2.17,0.46,107.0,3.0298976,0.9655619358719598
1997-06-03,0.0,1.15,0.56,95.0,2.690096,0.8572746159610858
1997-06-04,0.0,0.01,0.43,73.0,2.0671264,0.65874786279115
1997-06-05,3.61,7.22,14.97,54.0,1.5291071999999999,0.48729293959893294
1997-06-06,0.0,0.21,5.11,42.0,1.1893056,0.37900561968805896
1997-06-07,0.0,0.11,0.05,34.0,0.9627711999999999,0.30681407308080966
1997-06-08,0.0,2.59,0.71,26.0,0.7362368,0.23462252647356033
1997-06-09,0.0,0.0,0.5,20.0,0.566336,0.1804788665181233
1997-06-10,0.0,5.57,0.19,15.0,0.424752,0.1353591498885925
1997-06-11,0.0,7.84,12.7,11.0,0.3114848,0.09926337658496784
1997-06-12,10.44,8.31,6.4,17.0,0.48138559999999997,0.15340703654040483
1997-06-13,10.08,9.31,10.55,25.0,0.70792,0.22559858314765416
1997-06-14,0.0,5.06,4.26,17.0,0.48138559999999997,0.15340703654040483
1997-06-15,0.0,0.16,0.33,11.0,0.3114848,0.09926337658496784
1997-06-16,0.0,0.0,0.45,7.5,0.212376,0.06767957494429624
1997-06-17,0.0,6.0,4.87,5.0,0.141584,0.04511971662953083
1997-06-18,13.04,16.69,8.27,4.1,0.11609887999999999,0.03699816763621528
1997-06-19,14.74,9.96,21.75,13.0,0.3681184,0.11731126323678016
1997-06-20,3.08,6.02,10.18,45.0,1.274256,0.4060774496657775
1997-06-21,7.28,16.93,5.11,81.0,2.2936608,0.7309394093983995
1997-06-22,8.0,6.98,6.43,93.0,2.6334624,0.8392267293092734
1997-06-23,3.78,3.95,8.08,119.0,3.3696992,1.0738492557828339
1997-06-24,10.77,15.59,6.22,138.0,3.9077184,1.245304178975051
1997-06-25,11.17,3.1,10.74,190.0,5.380192,1.7145492319221716
1997-06-26,2.71,3.99,4.37,352.0,9.9675136,3.176428050718971
1997-06-27,6.73,2.32,9.39,442.0,12.516025599999999,3.9885829500505254
1997-06-28,0.3,10.0,4.88,555.0,15.715824,5.008288545877922
1997-06-29,12.51,10.84,14.27,509.0,14.4132512,4.593187152886238
1997-06-30,9.0,7.5,6.88,529.0,14.9795872,4.773666019404362
1997-07-01,7.16,4.77,8.65,466.0,13.1956288,4.2051575898722735
1997-07-02,21.4,4.7,2.62,416.0,11.7797888,3.7539604235769652
1997-07-03,0.0,0.26,0.22,386.0,10.930284799999999,3.48324212379978
1997-07-04,0.0,0.6,1.19,331.0,9.3728608,2.986925240874941
1997-07-05,0.0,0.56,0.61,261.0,7.3906848,2.3552492080615095
1997-07-06,7.72,2.95,1.57,201.0,5.6916768,1.8138126085071393
1997-07-07,14.71,31.61,14.82,158.0,4.4740544,1.4257830454931744
1997-07-08,31.52,3.9,8.73,176.0,4.9837568,1.5882140253594854
1997-07-09,20.58,0.21,1.39,541.0,15.3193888,4.881953339315237
1997-07-10,0.0,0.65,0.31,433.0,12.2611744,3.90736746011737
1997-07-11,0.0,0.12,0.14,304.0,8.6083072,2.7432787710754747
1997-07-12,0.0,1.06,0.55,219.0,6.2013792,1.9762435883734504
1997-07-13,0.0,0.01,0.18,200.0,5.66336,1.8047886651812333
1997-07-14,0.0,0.0,0.0,177.0,5.0120736,1.5972379686853915
1997-07-15,0.0,0.0,0.0,125.0,3.5396,1.1279929157382709
1997-07-16,0.0,12.98,0.05,88.0,2.4918784,0.7941070126797427
1997-07-17,0.0,7.81,30.67,67.0,1.8972256,0.6046042028357131
1997-07-18,1.57,10.51,14.11,116.0,3.2847488,1.0467774258051152
1997-07-19,18.95,11.67,19.82,241.0,6.8243488,2.174770341543386
1997-07-20,11.7,8.93,14.34,440.0,12.459392,3.970535063398713
1997-07-21,9.11,7.9,6.48,490.0,13.875232,4.421732229694022
1997-07-22,5.97,3.13,2.16,469.0,13.2805792,4.232229419849992
1997-07-23,6.52,0.62,0.71,353.0,9.9958304,3.1854519940448767
1997-07-24,0.0,2.22,1.24,246.0,6.9659328,2.219890058172917
1997-07-25,0.0,2.61,0.56,191.0,5.4085088,1.7235731752480778
1997-07-26,1.78,1.56,6.39,169.0,4.7855392,1.5250464220781421
1997-07-27,5.11,2.97,3.67,157.0,4.4457376,1.416759102167268
1997-07-28,0.26,16.83,3.46,147.0,4.1625696,1.3265196689082066
1997-07-29,15.52,19.34,5.23,147.0,4.1625696,1.3265196689082066
1997-07-30,10.12,10.15,5.56,163.0,4.6156384,1.470902762122705
1997-07-31,17.44,23.92,16.02,231.0,6.5411808,2.0845309082843246
1997-08-01,30.77,11.19,13.09,558.0,15.8007744,5.035360375855641
1997-08-02,14.44,12.92,13.87,928.0,26.2779904,8.374219406440922
1997-08-03,15.54,17.97,14.34,1350.0,38.22768,12.182323489973324
1997-08-04,11.36,1.88,9.53,2030.0,57.483104,18.318604951589517
1997-08-05,0.0,0.0,1.99,2110.0,59.748447999999996,19.04052041766201
1997-08-06,0.0,0.08,0.28,1560.0,44.174208,14.07735158841362
1997-08-07,0.0,6.75,4.6,1020.0,28.883136,9.204422192424289
1997-08-08,10.0,3.49,12.83,666.0,18.8589888,6.0099462550535065
1997-08-09,4.39,10.27,7.46,496.0,14.0451328,4.475875889649458
1997-08-10,12.15,7.48,18.21,383.0,10.8453344,3.456170293822062
1997-08-11,2.88,3.68,5.75,379.0,10.7320672,3.420074520518437
1997-08-12,0.0,0.58,0.26,388.0,10.9869184,3.5012900104515925
1997-08-13,0.0,5.12,0.08,274.0,7.7588032,2.4725604712982894
1997-08-14,0.0,3.48,1.6,194.0,5.4934592,1.7506450052257962
1997-08-15,5.0,7.0,5.08,163.0,4.6156384,1.470902762122705
1997-08-16,10.0,1.51,2.72,153.0,4.3324704,1.3806633288636434
1997-08-17,3.06,0.03,0.4,140.0,3.964352,1.2633520656268633
1997-08-18,0.0,0.08,0.03,122.0,3.4546495999999998,1.1009210857605523
1997-08-19,0.0,1.91,2.07,106.0,3.0015808,0.9565379925460537
1997-08-20,0.0,1.97,4.61,90.0,2.548512,0.812154899331555
1997-08-21,13.98,4.64,1.45,77.0,2.1803936,0.6948436360947748
1997-08-22,0.0,0.01,0.05,64.0,1.8122752,0.5775323728579946
1997-08-23,0.0,0.0,0.0,49.0,1.3875232,0.44217322296940215
1997-08-24,0.0,0.33,0.07,38.0,1.0760384,0.34290984638443434
1997-08-25,0.0,0.0,0.02,34.0,0.9627711999999999,0.30681407308080966
1997-08-26,0.0,0.08,0.0,25.0,0.70792,0.22559858314765416
1997-08-27,0.0,0.01,0.0,19.0,0.5380192,0.17145492319221717
1997-08-28,0.0,4.63,2.25,17.0,0.48138559999999997,0.15340703654040483
1997-08-29,0.0,0.55,0.75,12.0,0.3398016,0.108287319910874
1997-08-30,0.0,0.15,0.24,15.0,0.424752,0.1353591498885925
1997-08-31,0.0,0.53,0.08,15.0,0.424752,0.1353591498885925
1997-09-01,0.0,0.09,0.0,14.0,0.3964352,0.12633520656268632
1997-09-02,0.0,0.0,0.0,14.0,0.3964352,0.12633520656268632
1997-09-03,0.0,0.17,0.13,13.0,0.3681184,0.11731126323678016
1997-09-04,0.0,0.0,0.04,13.0,0.3681184,0.11731126323678016
1997-09-05,0.0,0.0,0.0,12.0,0.3398016,0.108287319910874
1997-09-06,0.0,0.0,0.0,12.0,0.3398016,0.108287319910874
1997-09-07,0.0,0.09,0.0,12.0,0.3398016,0.108287319910874
1997-09-08,0.0,0.45,0.98,11.0,0.3114848,0.09926337658496784
1997-09-09,0.0,0.78,0.95,10.0,0.283168,0.09023943325906165
1997-09-10,0.0,3.88,4.54,8.9,0.25201952,0.08031309560056488
1997-09-11,0.0,0.11,1.45,7.6,0.21520767999999998,0.06858196927688685
1997-09-12,0.0,0.0,0.0,6.9,0.19538592000000002,0.06226520894875255
1997-09-13,0.0,0.18,0.0,6.2,0.17556416,0.05594844862061823
1997-09-14,0.0,0.0,0.0,4.6,0.13025727999999998,0.04151013929916836
1997-09-15,0.0,0.0,0.0,2.8,0.07928703999999999,0.025267041312537264
1997-09-16,0.0,4.51,2.0,1.9,0.053801919999999996,0.017145492319221713
1997-09-17,0.0,0.1,1.36,1.4,0.039643519999999995,0.012633520656268632
1997-09-18,0.0,0.65,3.17,1.2,0.033980159999999995,0.010828731991087397
1997-09-19,0.0,0.04,0.98,1.0,0.0283168,0.009023943325906166
1997-09-20,0.0,0.0,0.0,0.95,0.026900959999999998,0.008572746159610857
1997-09-21,0.0,0.08,0.51,0.9,0.02548512,0.008121548993315549
1997-09-22,0.0,2.53,0.43,0.85,0.02406928,0.007670351827020241
1997-09-23,0.0,0.37,0.15,0.8,0.02265344,0.007219154660724933
1997-09-24,2.4,4.23,2.61,0.75,0.0212376,0.006767957494429625
1997-09-25,7.3,7.07,13.71,3.0,0.0849504,0.0270718299777185
1997-09-26,20.45,45.63,17.8,25.0,0.70792,0.22559858314765416
1997-09-27,15.51,1.17,6.78,100.0,2.83168,0.9023943325906166
1997-09-28,0.0,2.82,1.35,200.0,5.66336,1.8047886651812333
1997-09-29,0.0,0.05,0.2,150.0,4.24752,1.3535914988859248
1997-09-30,0.0,0.0,0.0,100.0,2.83168,0.9023943325906166
1997-10-01,0.0,0.08,0.0,80.0,2.265344,0.7219154660724932
1997-10-02,0.0,0.0,0.0,65.0,1.840592,0.5865563161839008
1997-10-03,0.0,0.0,0.0,40.0,1.132672,0.3609577330362466
1997-10-04,0.0,0.0,0.0,30.0,0.849504,0.270718299777185
1997-10-05,0.0,0.0,0.02,25.0,0.70792,0.22559858314765416
1997-10-06,0.0,0.0,0.01,20.0,0.566336,0.1804788665181233
1997-10-07,0.0,0.0,0.0,15.0,0.424752,0.1353591498885925
1997-10-08,0.0,0.0,0.0,10.0,0.283168,0.09023943325906165
1997-10-09,0.0,0.01,0.0,9.0,0.2548512,0.0812154899331555
1997-10-10,0.0,0.0,0.0,8.0,0.2265344,0.07219154660724933
1997-10-11,0.0,0.02,0.37,7.0,0.1982176,0.06316760328134316
1997-10-12,0.0,0.03,0.12,6.0,0.1699008,0.054143659955437
1997-10-13,0.0,0.0,0.13,5.0,0.141584,0.04511971662953083
1997-10-14,0.0,1.69,0.88,4.0,0.1132672,0.036095773303624665
1997-10-15,0.0,0.05,0.33,3.5,0.0991088,0.03158380164067158
1997-10-16,0.0,0.01,0.02,3.0,0.0849504,0.0270718299777185
1997-10-17,0.0,0.1,0.02,2.5,0.070792,0.022559858314765414
1997-10-18,0.0,0.01,0.01,2.0,0.0566336,0.018047886651812332
1997-10-19,0.0,0.0,0.0,1.7,0.04813856,0.015340703654040482
1997-10-20,0.0,0.0,0.0,1.4,0.039643519999999995,0.012633520656268632
1997-10-21,0.0,0.0,0.03,1.1,0.031148480000000003,0.009926337658496783
1997-10-22,0.0,0.03,0.01,0.9,0.02548512,0.008121548993315549
1997-10-23,0.0,0.91,9.08,0.7,0.019821759999999997,0.006316760328134316
1997-10-24,0.0,35.37,36.77,1.0,0.0283168,0.009023943325906166
1997-10-25,34.3,0.0,26.03,5.0,0.141584,0.04511971662953083
1997-10-26,44.68,17.87,42.04,10.0,0.283168,0.09023943325906165
1997-10-27,72.02,58.92,26.09,30.0,0.849504,0.270718299777185
1997-10-28,0.0,0.0,4.64,40.0,1.132672,0.3609577330362466
1997-10-29,0.0,0.15,0.02,30.0,0.849504,0.270718299777185
1997-10-30,0.0,0.0,1.81,20.0,0.566336,0.1804788665181233
1997-10-31,17.87,37.85,27.86,10.0,0.283168,0.09023943325906165
1997-11-01,38.92,14.94,35.2,30.0,0.849504,0.270718299777185
1997-11-02,26.33,28.78,8.78,50.0,1.41584,0.4511971662953083
1997-11-03,0.0,0.0,0.02,77.0,2.1803936,0.6948436360947748
1997-11-04,0.0,0.0,0.0,70.0,1.982176,0.6316760328134317
1997-11-05,0.0,0.0,0.0,60.0,1.699008,0.54143659955437
1997-11-06,0.0,3.93,7.6,50.0,1.41584,0.4511971662953083
1997-11-07,8.68,11.53,2.53,40.0,1.132672,0.3609577330362466
1997-11-08,0.0,0.0,0.0,30.0,0.849504,0.270718299777185
1997-11-09,0.0,0.0,0.0,25.0,0.70792,0.22559858314765416
1997-11-10,0.0,0.0,0.0,20.0,0.566336,0.1804788665181233
1997-11-11,0.0,0.0,0.84,15.0,0.424752,0.1353591498885925
1997-11-12,24.13,43.45,50.72,30.0,0.849504,0.270718299777185
1997-11-13,60.64,37.15,23.65,100.0,2.83168,0.9023943325906166
1997-11-14,21.02,10.5,2.28,300.0,8.49504,2.7071829977718496
1997-11-15,0.0,0.0,0.0,200.0,5.66336,1.8047886651812333
1997-11-16,0.0,0.08,0.0,150.0,4.24752,1.3535914988859248
1997-11-17,0.0,0.0,0.0,100.0,2.83168,0.9023943325906166
1997-11-18,0.0,0.0,0.29,90.0,2.548512,0.812154899331555
1997-11-19,2.0,0.79,0.26,80.0,2.265344,0.7219154660724932
1997-11-20,0.0,0.0,5.94,70.0,1.982176,0.6316760328134317
1997-11-21,0.0,10.2,2.69,60.0,1.699008,0.54143659955437
1997-11-22,0.0,0.0,0.24,65.0,1.840592,0.5865563161839008
1997-11-23,0.0,0.48,0.0,70.0,1.982176,0.6316760328134317
1997-11-24,0.0,0.0,0.0,60.0,1.699008,0.54143659955437
1997-11-25,0.0,0.0,0.0,55.0,1.557424,0.4963168829248391
1997-11-26,0.0,0.08,0.0,50.0,1.41584,0.4511971662953083
1997-11-27,0.0,0.0,0.0,45.0,1.274256,0.4060774496657775
1997-11-28,0.0,0.08,13.91,50.0,1.41584,0.4511971662953083
1997-11-29,33.77,38.81,25.76,70.0,1.982176,0.6316760328134317
1997-11-30,34.54,9.73,7.2,85.0,2.406928,0.7670351827020242
1997-12-01,0.0,0.0,0.05,99.0,2.8033632,0.8933703892647106
1997-12-02,0.0,0.3,0.0,98.0,2.7750464,0.8843464459388043
1997-12-03,0.0,0.77,3.33,91.0,2.5768288,0.8211788426574611
1997-12-04,8.28,5.2,2.3,99.0,2.8033632,0.8933703892647106
1997-12-05,0.0,0.0,0.4,104.0,2.9449472,0.9384901058942413
1997-12-06,0.0,0.0,0.0,95.0,2.690096,0.8572746159610858
1997-12-07,0.0,0.0,0.0,84.0,2.3786112,0.7580112393761179
1997-12-08,0.0,4.53,6.22,75.0,2.12376,0.6767957494429624
1997-12-09,19.17,6.8,2.82,77.0,2.1803936,0.6948436360947748
1997-12-10,9.93,1.6,0.32,82.0,2.3219776,0.7399633527243056
1997-12-11,0.0,0.16,2.57,80.0,2.265344,0.7219154660724932
1997-12-12,7.18,4.31,3.7,75.0,2.12376,0.6767957494429624
1997-12-13,6.63,8.67,7.76,72.0,2.0388096,0.649723919465244
1997-12-14,10.2,6.16,3.63,79.0,2.2370272,0.7128915227465872
1997-12-15,3.01,0.98,0.99,92.0,2.6051456,0.8302027859833674
1997-12-16,0.0,0.0,0.2,97.0,2.7467296,0.8753225026128981
1997-12-17,0.0,0.06,0.01,92.0,2.6051456,0.8302027859833674
1997-12-18,0.0,0.08,0.0,85.0,2.406928,0.7670351827020242
1997-12-19,0.0,0.0,0.0,78.0,2.2087104,0.703867579420681
1997-12-20,0.0,0.0,0.0,70.0,1.982176,0.6316760328134317
1997-12-21,0.0,0.0,1.66,63.0,1.7839584,0.5685084295320885
1997-12-22,4.9,12.02,7.59,104.0,2.9449472,0.9384901058942413
1997-12-23,2.8,12.42,9.01,184.0,5.2102912,1.6604055719667348
1997-12-24,14.39,23.62,21.61,239.0,6.7677152,2.1567224548915735
1997-12-25,25.92,0.2,6.51,389.0,11.0152352,3.5103139537774983
1997-12-26,0.76,0.72,1.5,419.0,11.8647392,3.781032253554684
1997-12-27,7.9,3.58,2.85,433.0,12.2611744,3.90736746011737
1997-12-28,0.0,0.0,2.76,421.0,11.9213728,3.799080140206496
1997-12-29,6.63,3.74,1.22,376.0,10.6471168,3.3930026905407185
1997-12-30,0.0,0.0,0.19,336.0,9.5144448,3.0320449575044717
1997-12-31,0.0,0.0,0.0,292.0,8.2685056,2.6349914511646
1998-01-01,0.0,0.0,0.0,248.0,7.0225664,2.237937944824729
1998-01-02,0.0,0.0,0.0,210.0,5.946528,1.895028098440295
1998-01-03,0.0,0.0,0.0,179.0,5.0687071999999995,1.6152858553372036
1998-01-04,0.0,0.0,0.0,154.0,4.3607872,1.3896872721895497
1998-01-05,0.0,0.88,0.16,134.0,3.7944512,1.2092084056714263
1998-01-06,4.67,3.55,4.65,118.0,3.3413824,1.0648253124569276
1998-01-07,25.96,35.56,37.25,120.0,3.398016,1.08287319910874
1998-01-08,37.15,14.0,13.55,419.0,11.8647392,3.781032253554684
1998-01-09,0.0,0.0,0.55,600.0,16.99008,5.414365995543699
1998-01-10,0.0,0.0,0.0,635.0,17.981168,5.730204011950415
1998-01-11,0.0,0.0,1.11,550.0,15.57424,4.963168829248391
1998-01-12,0.0,2.59,5.0,464.0,13.1389952,4.187109703220461
1998-01-13,13.74,9.89,7.08,410.0,11.609888,3.699816763621528
1998-01-14,9.55,5.91,8.54,403.0,11.4116704,3.636649160340185
1998-01-15,13.5,13.23,7.06,436.0,12.3461248,3.9344392900950886
1998-01-16,8.6,0.96,2.62,511.0,14.469884799999999,4.611235039538051
1998-01-17,0.0,0.08,0.36,494.0,13.9884992,4.457828002997646
1998-01-18,0.0,0.0,0.9,445.0,12.600976,4.015654780028243
1998-01-19,2.2,2.7,0.97,393.0,11.1285024,3.5464097270811235
1998-01-20,0.0,0.0,0.23,348.0,9.8542464,3.1403322774153457
1998-01-21,0.0,0.0,1.01,299.0,8.4667232,2.6981590544459437
1998-01-22,0.0,14.59,13.61,257.0,7.2774176,2.319153434757885
1998-01-23,20.2,12.18,9.02,325.0,9.20296,2.932781580919504
1998-01-24,0.0,0.09,1.53,372.0,10.5338496,3.356906917237094
1998-01-25,0.0,0.0,0.04,364.0,10.3073152,3.2847153706298444
1998-01-26,0.0,0.13,0.7,333.0,9.4294944,3.0049731275267533
1998-01-27,2.02,2.55,1.1,294.0,8.3251392,2.653039337816413
1998-01-28,0.0,0.0,0.29,261.0,7.3906848,2.3552492080615095
1998-01-29,0.0,0.0,0.0,227.0,6.4279136,2.0484351349807
1998-01-30,0.0,0.0,0.0,195.0,5.521776,1.7596689485517025
1998-01-31,0.0,4.8,1.89,167.0,4.7289056,1.5069985354263298
1998-02-01,0.0,0.09,5.46,142.0,4.0209856,1.2813999522786756
1998-02-02,25.59,48.96,37.15,218.0,6.1730624,1.9672196450475443
1998-02-03,34.7,17.9,19.51,792.0,22.4269056,7.146963114117685
1998-02-04,3.21,2.3,2.63,1110.0,31.431648,10.016577091755844
1998-02-05,0.0,0.0,0.02,1130.0,31.997984,10.197055958273967
1998-02-06,0.0,0.0,0.0,924.0,26.1647232,8.338123633137299
1998-02-07,0.0,0.0,0.0,708.0,20.0482944,6.388951874741566
1998-02-08,0.0,0.04,0.0,559.0,15.8290912,5.044384319181547
1998-02-09,0.0,0.04,0.0,458.0,12.9690944,4.132966043265024
1998-02-10,0.0,0.0,1.56,385.0,10.901968,3.474218180473874
1998-02-11,10.74,10.11,4.95,329.0,9.3162272,2.9688773542231286
1998-02-12,0.51,0.07,3.24,287.0,8.1269216,2.5898717345350697
1998-02-13,3.67,1.88,1.33,255.0,7.220784,2.3011055481060723
1998-02-14,0.0,2.46,0.92,225.0,6.37128,2.0303872483288874
1998-02-15,0.0,5.38,10.75,196.0,5.5500928,1.7686928918776086
1998-02-16,28.88,14.61,26.42,229.0,6.4845472,2.066483021632512
1998-02-17,35.21,26.08,7.81,494.0,13.9884992,4.457828002997646
1998-02-18,0.0,0.67,0.23,596.0,16.8768128,5.378270222240075
1998-02-19,0.0,2.08,1.63,595.0,16.848496,5.3692462789141695
1998-02-20,5.72,1.95,1.01,538.0,15.2344384,4.854881509337518
1998-02-21,0.0,10.19,2.13,464.0,13.1389952,4.187109703220461
1998-02-22,1.92,28.54,28.34,544.0,15.404339199999999,4.9090251692929545
1998-02-23,29.52,0.02,9.23,936.0,26.5045248,8.446410953048172
1998-02-24,0.0,0.0,0.0,968.0,27.4106624,8.73517713947717
1998-02-25,0.0,0.0,0.17,844.0,23.8993792,7.616208167064804
1998-02-26,0.0,0.44,4.55,673.0,19.0572064,6.07311385833485
1998-02-27,13.19,12.88,4.13,547.0,15.4892896,4.9360969992706725
1998-02-28,0.11,2.03,0.95,459.0,12.9974112,4.14198998659093
1998-03-01,0.0,0.14,0.07,389.0,11.0152352,3.5103139537774983
1998-03-02,0.0,0.0,0.01,327.0,9.2595936,2.9508294675713165
1998-03-03,0.0,0.0,0.0,263.0,7.4473184,2.373297094713322
1998-03-04,0.0,0.0,1.56,211.0,5.9748448,1.904052041766201
1998-03-05,5.73,7.49,6.38,172.0,4.8704896,1.5521182520558605
1998-03-06,12.21,5.63,8.19,150.0,4.24752,1.3535914988859248
1998-03-07,33.65,85.54,67.14,334.0,9.4578112,3.0139970708526596
1998-03-08,70.08,31.13,47.19,1060.0,30.015808,9.565379925460537
1998-03-09,34.53,14.8,8.5,2160.0,61.164288,19.491717583957318
1998-03-10,0.0,0.0,0.0,3010.0,85.233568,27.162069410977562
1998-03-11,0.0,0.0,0.0,2580.0,73.057344,23.28177378083791
1998-03-12,0.0,0.0,0.0,1780.0,50.403904,16.062619120112974
1998-03-13,0.0,0.0,0.0,1150.0,32.56432,10.377534824792091
1998-03-14,0.0,0.0,0.0,748.0,21.1809664,6.749909607777812
1998-03-15,0.0,0.0,0.0,560.0,15.857408,5.053408262507453
1998-03-16,0.0,0.01,0.52,433.0,12.2611744,3.90736746011737
1998-03-17,0.0,3.73,1.5,343.0,9.7126624,3.0952125607858147
1998-03-18,12.64,14.61,11.97,283.0,8.0136544,2.553775961231445
1998-03-19,22.87,14.79,17.35,301.0,8.5233568,2.7162069410977563
1998-03-20,15.69,1.95,4.93,373.0,10.5621664,3.365930860563
1998-03-21,0.0,0.0,0.14,387.0,10.9586016,3.492266067125686
1998-03-22,0.0,0.0,0.0,349.0,9.8825632,3.149356220741252
1998-03-23,0.0,0.0,0.0,297.0,8.4100896,2.680111167794131
1998-03-24,0.0,0.0,0.0,249.0,7.0508831999999995,2.2469618881506355
1998-03-25,0.0,0.0,0.0,208.0,5.8898944,1.8769802117884826
1998-03-26,0.0,0.0,0.0,173.0,4.8988064,1.5611421953817668
1998-03-27,0.0,0.0,0.0,143.0,4.0493024,1.290423895604582
1998-03-28,0.0,0.0,0.0,119.0,3.3696992,1.0738492557828339
1998-03-29,0.0,0.0,0.0,97.0,2.7467296,0.8753225026128981
1998-03-30,0.0,0.0,0.08,80.0,2.265344,0.7219154660724932
1998-03-31,0.0,0.25,0.09,66.0,1.8689088,0.595580259509807
1998-04-01,0.0,0.13,0.04,55.0,1.557424,0.4963168829248391
1998-04-02,0.0,0.6,0.01,46.0,1.3025728,0.4151013929916837
1998-04-03,0.0,0.56,0.0,39.0,1.1043552,0.3519337897103405
1998-04-04,0.0,0.0,0.0,33.0,0.9344544,0.2977901297549035
1998-04-05,0.0,0.0,0.0,27.0,0.7645535999999999,0.24364646979946647
1998-04-06,0.0,0.05,0.47,22.0,0.6229696,0.19852675316993568
1998-04-07,0.0,1.27,3.85,18.0,0.5097024,0.162430979866311
1998-04-08,7.09,6.77,7.61,16.0,0.4530688,0.14438309321449866
1998-04-09,11.31,6.95,2.85,15.0,0.424752,0.1353591498885925
1998-04-10,0.0,0.0,0.24,15.0,0.424752,0.1353591498885925
1998-04-11,0.0,0.0,0.0,13.0,0.3681184,0.11731126323678016
1998-04-12,0.0,0.0,0.0,12.0,0.3398016,0.108287319910874
1998-04-13,0.0,0.0,0.0,10.0,0.283168,0.09023943325906165
1998-04-14,0.0,0.0,0.0,8.9,0.25201952,0.08031309560056488
1998-04-15,0.0,0.0,0.0,8.0,0.2265344,0.07219154660724933
1998-04-16,0.0,0.0,0.0,7.2,0.20388096,0.06497239194652439
1998-04-17,0.0,0.05,0.0,6.7,0.18972256,0.06046042028357132
1998-04-18,0.0,0.0,1.45,6.3,0.17839584,0.05685084295320885
1998-04-19,6.21,19.53,9.78,7.5,0.212376,0.06767957494429624
1998-04-20,0.0,0.0,3.1,11.0,0.3114848,0.09926337658496784
1998-04-21,0.0,0.0,0.0,12.0,0.3398016,0.108287319910874
1998-04-22,0.0,0.0,0.0,11.0,0.3114848,0.09926337658496784
1998-04-23,0.0,0.0,0.0,10.0,0.283168,0.09023943325906165
1998-04-24,0.0,0.0,0.0,8.8,0.24918784000000002,0.07941070126797427
1998-04-25,0.0,0.0,0.0,7.3,0.20671264,0.06587478627911501
1998-04-26,0.0,0.0,0.0,6.1,0.17273248,0.05504605428802761
1998-04-27,0.0,0.0,0.0,5.3,0.15007904,0.04782689962730268
1998-04-28,0.0,0.1,0.03,4.6,0.13025727999999998,0.04151013929916836
1998-04-29,0.0,0.1,0.02,4.2,0.11893056,0.0379005619688059
1998-04-30,0.0,1.01,1.48,4.0,0.1132672,0.036095773303624665
1998-05-01,0.0,0.38,0.49,3.8,0.10760383999999999,0.03429098463844343
1998-05-02,0.0,1.32,0.66,3.4,0.09627712,0.030681407308080964
1998-05-03,0.0,0.0,3.3,3.3,0.09344543999999999,0.029779012975490345
1998-05-04,8.17,0.99,1.1,3.1,0.08778208,0.027974224310309114
1998-05-05,0.0,0.0,0.05,2.9,0.08211871999999999,0.02616943564512788
1998-05-06,0.0,0.1,0.21,2.8,0.07928703999999999,0.025267041312537264
1998-05-07,1.8,0.49,0.63,2.7,0.07645536,0.02436464697994665
1998-05-08,0.0,0.0,0.19,2.7,0.07645536,0.02436464697994665
1998-05-09,0.0,0.01,0.1,2.5,0.070792,0.022559858314765414
1998-05-10,0.0,0.22,0.2,2.4,0.06796031999999999,0.021657463982174795
1998-05-11,0.0,0.0,0.06,2.2,0.062296960000000005,0.019852675316993567
1998-05-12,0.0,0.0,0.0,2.1,0.05946528,0.01895028098440295
1998-05-13,0.0,0.0,0.0,2.1,0.05946528,0.01895028098440295
1998-05-14,0.0,0.0,0.0,2.2,0.062296960000000005,0.019852675316993567
1998-05-15,0.0,0.0,0.0,2.2,0.062296960000000005,0.019852675316993567
1998-05-16,0.0,0.0,0.0,2.1,0.05946528,0.01895028098440295
1998-05-17,0.0,0.0,0.0,2.1,0.05946528,0.01895028098440295
1998-05-18,0.0,0.0,0.0,2.0,0.0566336,0.018047886651812332
1998-05-19,0.0,0.03,0.0,2.0,0.0566336,0.018047886651812332
1998-05-20,0.0,0.08,0.0,1.9,0.053801919999999996,0.017145492319221713
1998-05-21,0.0,0.0,0.0,1.9,0.053801919999999996,0.017145492319221713
1998-05-22,0.0,0.0,0.0,1.8,0.05097024,0.016243097986631098
1998-05-23,0.0,0.0,0.0,1.8,0.05097024,0.016243097986631098
1998-05-24,0.0,0.08,0.0,1.7,0.04813856,0.015340703654040482
1998-05-25,0.0,0.0,0.0,1.7,0.04813856,0.015340703654040482
1998-05-26,0.0,0.01,0.0,1.7,0.04813856,0.015340703654040482
1998-05-27,0.0,0.0,0.06,1.7,0.04813856,0.015340703654040482
1998-05-28,0.0,0.0,0.02,1.7,0.04813856,0.015340703654040482
1998-05-29,0.0,0.98,0.24,1.7,0.04813856,0.015340703654040482
1998-05-30,0.0,0.29,0.33,1.7,0.04813856,0.015340703654040482
1998-05-31,3.47,10.6,4.76,1.8,0.05097024,0.016243097986631098
1998-06-01,0.0,0.46,1.56,1.9,0.053801919999999996,0.017145492319221713
1998-06-02,0.0,0.0,0.0,1.7,0.04813856,0.015340703654040482
1998-06-03,0.0,0.0,0.0,1.6,0.04530688,0.014438309321449867
1998-06-04,0.0,0.0,0.21,1.5,0.0424752,0.01353591498885925
1998-06-05,0.0,0.59,0.78,1.5,0.0424752,0.01353591498885925
1998-06-06,2.3,1.12,1.17,1.6,0.04530688,0.014438309321449867
1998-06-07,0.0,0.03,0.31,1.6,0.04530688,0.014438309321449867
1998-06-08,0.0,0.0,0.0,1.5,0.0424752,0.01353591498885925
1998-06-09,0.0,2.24,2.16,1.5,0.0424752,0.01353591498885925
1998-06-10,0.0,0.01,0.72,1.5,0.0424752,0.01353591498885925
1998-06-11,0.0,0.0,0.0,1.5,0.0424752,0.01353591498885925
1998-06-12,0.0,0.0,0.0,1.4,0.039643519999999995,0.012633520656268632
1998-06-13,0.0,0.0,0.0,1.4,0.039643519999999995,0.012633520656268632
1998-06-14,0.0,0.0,0.0,1.4,0.039643519999999995,0.012633520656268632
1998-06-15,0.0,0.0,0.0,1.3,0.03681184,0.011731126323678016
1998-06-16,0.0,0.01,0.0,1.3,0.03681184,0.011731126323678016
1998-06-17,0.0,0.01,0.0,1.2,0.033980159999999995,0.010828731991087397
1998-06-18,0.0,0.02,2.25,1.2,0.033980159999999995,0.010828731991087397
1998-06-19,0.55,2.89,1.55,1.3,0.03681184,0.011731126323678016
1998-06-20,1.95,1.62,4.65,1.5,0.0424752,0.01353591498885925
1998-06-21,0.0,8.26,1.46,1.3,0.03681184,0.011731126323678016
1998-06-22,0.0,4.91,0.1,1.3,0.03681184,0.011731126323678016
1998-06-23,0.0,15.85,12.62,1.2,0.033980159999999995,0.010828731991087397
1998-06-24,0.93,3.34,4.2,1.1,0.031148480000000003,0.009926337658496783
1998-06-25,0.0,0.1,4.73,1.1,0.031148480000000003,0.009926337658496783
1998-06-26,0.0,3.99,1.58,1.2,0.033980159999999995,0.010828731991087397
1998-06-27,0.0,0.25,1.7,1.1,0.031148480000000003,0.009926337658496783
1998-06-28,0.0,9.1,0.57,1.1,0.031148480000000003,0.009926337658496783
1998-06-29,0.0,4.37,0.0,1.1,0.031148480000000003,0.009926337658496783
1998-06-30,0.0,0.01,0.0,1.1,0.031148480000000003,0.009926337658496783
1998-07-01,0.0,5.21,3.54,1.1,0.031148480000000003,0.009926337658496783
1998-07-02,0.0,0.0,1.18,1.1,0.031148480000000003,0.009926337658496783
1998-07-03,0.0,0.02,0.1,1.1,0.031148480000000003,0.009926337658496783
1998-07-04,0.0,1.92,1.42,1.2,0.033980159999999995,0.010828731991087397
1998-07-05,0.0,0.35,0.53,1.2,0.033980159999999995,0.010828731991087397
1998-07-06,0.0,0.04,0.02,1.1,0.031148480000000003,0.009926337658496783
1998-07-07,0.0,0.38,0.26,1.2,0.033980159999999995,0.010828731991087397
1998-07-08,0.0,4.88,0.32,1.6,0.04530688,0.014438309321449867
1998-07-09,5.23,6.58,10.87,2.1,0.05946528,0.01895028098440295
1998-07-10,11.86,0.98,3.61,1.9,0.053801919999999996,0.017145492319221713
1998-07-11,0.0,0.02,0.01,1.5,0.0424752,0.01353591498885925
1998-07-12,0.0,0.74,4.2,1.3,0.03681184,0.011731126323678016
1998-07-13,30.68,34.62,54.34,2.1,0.05946528,0.01895028098440295
1998-07-14,25.83,7.51,38.63,3.1,0.08778208,0.027974224310309114
1998-07-15,0.02,13.06,7.03,11.0,0.3114848,0.09926337658496784
1998-07-16,0.0,3.41,0.52,9.8,0.27750464,0.08843464459388044
1998-07-17,0.88,3.76,2.99,5.9,0.16706912000000002,0.05324126562284639
1998-07-18,10.83,6.47,2.45,12.0,0.3398016,0.108287319910874
1998-07-19,6.69,3.66,4.28,19.0,0.5380192,0.17145492319221717
1998-07-20,22.29,11.55,7.35,18.0,0.5097024,0.162430979866311
1998-07-21,16.99,6.49,7.04,22.0,0.6229696,0.19852675316993568
1998-07-22,13.01,6.52,8.24,21.0,0.5946528,0.18950280984402948
1998-07-23,7.32,8.74,10.52,34.0,0.9627711999999999,0.30681407308080966
1998-07-24,15.73,4.91,7.14,35.0,0.991088,0.3158380164067158
1998-07-25,5.87,8.6,5.47,41.0,1.1609888,0.3699816763621528
1998-07-26,1.94,6.24,1.34,50.0,1.41584,0.4511971662953083
1998-07-27,0.0,17.63,25.78,47.0,1.3308896,0.4241253363175898
1998-07-28,10.55,3.55,19.82,39.0,1.1043552,0.3519337897103405
1998-07-29,19.7,31.2,26.3,39.0,1.1043552,0.3519337897103405
1998-07-30,20.47,24.52,35.32,146.0,4.1342528,1.3174957255823
1998-07-31,0.0,5.31,12.76,238.0,6.7393984,2.1476985115656677
1998-08-01,9.64,26.72,8.4,338.0,9.5710784,3.0500928441562842
1998-08-02,0.0,0.0,2.43,561.0,15.8857248,5.0624322058333595
1998-08-03,0.0,0.0,0.01,428.0,12.1195904,3.8622477434878393
1998-08-04,0.0,0.0,0.0,339.0,9.5993952,3.0591167874821905
1998-08-05,0.0,0.11,0.57,247.0,6.9942496,2.228914001498823
1998-08-06,0.0,0.65,0.37,173.0,4.8988064,1.5611421953817668
1998-08-07,2.12,3.6,3.26,125.0,3.5396,1.1279929157382709
1998-08-08,3.87,8.87,8.74,132.0,3.7378176,1.191160519019614
1998-08-09,15.07,5.45,2.99,238.0,6.7393984,2.1476985115656677
1998-08-10,0.0,1.63,1.17,323.0,9.1463264,2.914733694267692
1998-08-11,0.0,0.0,0.34,387.0,10.9586016,3.492266067125686
1998-08-12,0.0,0.81,1.16,306.0,8.6649408,2.761326657727287
1998-08-13,0.0,5.54,3.2,213.0,6.0314784,1.9220999284180136
1998-08-14,9.13,13.88,9.88,166.0,4.7005888,1.4979745921004237
1998-08-15,15.24,4.83,6.14,131.0,3.7095008,1.1821365756937077
1998-08-16,6.61,3.08,2.59,104.0,2.9449472,0.9384901058942413
1998-08-17,2.44,7.31,2.7,83.0,2.3502944,0.7489872960502119
1998-08-18,3.52,1.1,14.46,70.0,1.982176,0.6316760328134317
1998-08-19,8.53,7.99,11.44,84.0,2.3786112,0.7580112393761179
1998-08-20,0.0,11.15,2.29,148.0,4.1908864,1.3355436122341127
1998-08-21,0.0,2.45,1.27,136.0,3.8510847999999998,1.2272562923232386
1998-08-22,4.0,0.99,1.37,149.0,4.2192032,1.3445675555600187
1998-08-23,0.0,0.0,0.35,182.0,5.1536576,1.6423576853149222
1998-08-24,0.0,0.0,0.01,189.0,5.3518752,1.7055252885962655
1998-08-25,0.0,0.0,0.0,159.0,4.5023712,1.4348069888190804
1998-08-26,0.0,0.0,0.0,124.0,3.5112832,1.1189689724123646
1998-08-27,0.0,0.0,0.0,94.0,2.6617792,0.8482506726351796
1998-08-28,0.0,0.41,0.0,70.0,1.982176,0.6316760328134317
1998-08-29,0.0,8.99,9.56,51.0,1.4441568,0.4602211096212145
1998-08-30,0.0,3.34,5.66,48.0,1.3592064,0.433149279643496
1998-08-31,0.0,5.33,4.26,64.0,1.8122752,0.5775323728579946
1998-09-01,0.0,0.63,10.95,53.0,1.5007904,0.4782689962730268
1998-09-02,82.57,45.54,84.33,117.0,3.3130656,1.0558013691310215
1998-09-03,112.48,61.72,30.88,2610.0,73.906848,23.552492080615092
1998-09-04,0.0,0.5,1.29,3700.0,104.77216,33.388590305852816
1998-09-05,0.0,0.0,0.0,3190.0,90.330592,28.786379209640668
1998-09-06,0.0,11.08,9.86,2200.0,62.29696,19.852675316993565
1998-09-07,0.0,0.39,3.29,1390.0,39.360352,12.54328122300957
1998-09-08,0.0,0.0,0.0,853.0,24.1542304,7.69742365699796
1998-09-09,0.0,0.16,0.13,620.0,17.556416,5.594844862061823
1998-09-10,0.0,0.04,0.04,481.0,13.6203808,4.340516739760866
1998-09-11,0.0,0.0,0.0,367.0,10.3922656,3.3117872006075633
1998-09-12,0.0,0.0,0.0,283.0,8.0136544,2.553775961231445
1998-09-13,0.0,0.0,0.0,220.0,6.229696,1.9852675316993564
1998-09-14,0.0,0.1,0.85,170.0,4.813856,1.5340703654040484
1998-09-15,0.73,3.72,2.47,130.0,3.681184,1.1731126323678016
1998-09-16,0.0,3.06,3.82,103.0,2.9166304,0.9294661625683351
1998-09-17,8.61,2.31,6.41,100.0,2.83168,0.9023943325906166
1998-09-18,0.0,2.14,4.83,107.0,3.0298976,0.9655619358719598
1998-09-19,8.07,3.71,3.52,120.0,3.398016,1.08287319910874
1998-09-20,14.17,8.06,9.73,195.0,5.521776,1.7596689485517025
1998-09-21,24.27,11.52,13.35,486.0,13.7619648,4.3856364563903965
1998-09-22,14.2,1.21,5.74,834.0,23.6162112,7.525968733805742
1998-09-23,7.97,0.1,1.18,942.0,26.6744256,8.500554613003608
1998-09-24,0.0,0.05,0.42,811.0,22.9649248,7.3184180373099
1998-09-25,0.0,2.58,1.36,630.0,17.839584,5.685084295320884
1998-09-26,12.64,2.61,4.3,492.0,13.9318656,4.439780116345834
1998-09-27,0.0,1.19,2.36,447.0,12.6576096,4.033702666680057
1998-09-28,0.0,0.16,10.8,397.0,11.2417696,3.582505500384748
1998-09-29,65.39,72.35,86.99,639.0,18.0944352,5.7662997852540405
1998-09-30,59.22,26.06,38.7,3200.0,90.61376,28.876618642899732
1998-10-01,0.0,0.08,3.7,3930.0,111.28502399999999,35.46409727081123
1998-10-02,0.0,0.0,0.03,3420.0,96.843456,30.86188617459909
1998-10-03,0.0,1.56,2.02,2500.0,70.792,22.559858314765417
1998-10-04,0.02,0.82,1.17,1670.0,47.289056,15.069985354263299
1998-10-05,0.0,0.19,0.17,1330.0,37.661344,12.0018446234552
1998-10-06,0.0,0.42,0.24,988.0,27.9769984,8.915656005995292
1998-10-07,0.0,0.95,1.69,700.0,19.82176,6.3167603281343165
1998-10-08,0.0,0.23,0.72,564.0,15.9706752,5.089504035811078
1998-10-09,0.0,0.0,0.06,462.0,13.0823616,4.169061816568649
1998-10-10,0.0,0.0,0.0,372.0,10.5338496,3.356906917237094
1998-10-11,0.0,0.0,0.0,300.0,8.49504,2.7071829977718496
1998-10-12,0.0,0.0,0.0,243.0,6.8809824,2.1928182281951982
1998-10-13,0.0,0.0,0.0,198.0,5.6067264,1.7867407785294211
1998-10-14,0.0,0.0,0.0,160.0,4.530688,1.4438309321449865
1998-10-15,0.0,0.0,0.0,130.0,3.681184,1.1731126323678016
1998-10-16,0.0,0.0,0.0,104.0,2.9449472,0.9384901058942413
1998-10-17,0.0,0.0,0.0,82.0,2.3219776,0.7399633527243056
1998-10-18,0.0,0.07,0.47,65.0,1.840592,0.5865563161839008
1998-10-19,0.0,0.0,0.18,52.0,1.4724736,0.46924505294712066
1998-10-20,0.0,0.01,0.01,43.0,1.2176224,0.38802956301396513
1998-10-21,0.0,0.0,0.0,35.0,0.991088,0.3158380164067158
1998-10-22,0.0,0.0,0.0,28.0,0.7928704,0.25267041312537264
1998-10-23,0.0,0.0,0.0,23.0,0.6512864,0.20755069649584185
1998-10-24,0.0,0.0,0.0,18.0,0.5097024,0.162430979866311
1998-10-25,0.0,0.0,0.0,15.0,0.424752,0.1353591498885925
1998-10-26,0.0,0.0,0.0,13.0,0.3681184,0.11731126323678016
1998-10-27,0.0,0.0,0.0,11.0,0.3114848,0.09926337658496784
1998-10-28,0.0,0.0,0.0,9.5,0.2690096,0.08572746159610858
1998-10-29,0.0,0.0,0.0,8.4,0.23786112,0.0758011239376118
1998-10-30,0.0,0.0,0.0,7.3,0.20671264,0.06587478627911501
1998-10-31,0.0,0.0,0.0,6.6,0.18689087999999998,0.05955802595098069
1998-11-01,0.0,0.0,0.45,6.1,0.17273248,0.05504605428802761
1998-11-02,0.0,1.68,0.19,5.5,0.1557424,0.04963168829248392
1998-11-03,3.31,1.22,0.17,6.1,0.17273248,0.05504605428802761
1998-11-04,0.0,0.0,0.05,5.5,0.1557424,0.04963168829248392
1998-11-05,0.0,0.0,0.0,5.1,0.14441568,0.04602211096212144
1998-11-06,0.0,0.0,0.0,4.8,0.13592063999999998,0.04331492796434959
1998-11-07,0.0,0.0,0.0,4.6,0.13025727999999998,0.04151013929916836
1998-11-08,0.0,0.0,0.0,4.4,0.12459392000000001,0.039705350633987134
1998-11-09,0.0,0.0,0.0,4.3,0.12176224,0.03880295630139651
1998-11-10,0.0,2.8,0.32,4.2,0.11893056,0.0379005619688059
1998-11-11,0.8,6.12,8.04,4.6,0.13025727999999998,0.04151013929916836
1998-11-12,0.0,0.0,2.64,4.9,0.13875232,0.04421732229694022
1998-11-13,0.0,0.02,0.0,4.7,0.13308896,0.04241253363175898
1998-11-14,0.0,0.0,0.39,4.6,0.13025727999999998,0.04151013929916836
1998-11-15,0.0,0.92,3.35,4.5,0.1274256,0.04060774496657775
1998-11-16,12.45,9.88,5.34,4.8,0.13592063999999998,0.04331492796434959
1998-11-17,0.0,0.21,1.46,5.3,0.15007904,0.04782689962730268
1998-11-18,0.0,0.0,0.01,5.4,0.15291072,0.0487292939598933
1998-11-19,0.0,0.08,0.0,5.1,0.14441568,0.04602211096212144
1998-11-20,0.0,0.85,0.31,4.9,0.13875232,0.04421732229694022
1998-11-21,0.0,0.0,0.48,4.6,0.13025727999999998,0.04151013929916836
1998-11-22,1.13,1.09,0.28,4.4,0.12459392000000001,0.039705350633987134
1998-11-23,3.69,7.22,2.7,4.4,0.12459392000000001,0.039705350633987134
1998-11-24,0.0,0.03,0.88,4.7,0.13308896,0.04241253363175898
1998-11-25,0.0,0.0,0.0,4.6,0.13025727999999998,0.04151013929916836
1998-11-26,0.0,0.04,0.0,4.5,0.1274256,0.04060774496657775
1998-11-27,0.0,0.06,0.0,4.4,0.12459392000000001,0.039705350633987134
1998-11-28,0.0,0.0,0.0,4.1,0.11609887999999999,0.03699816763621528
1998-11-29,0.0,0.02,0.0,3.9,0.11043552,0.03519337897103405
1998-11-30,0.0,0.0,0.0,3.9,0.11043552,0.03519337897103405
1998-12-01,0.0,0.0,0.0,3.8,0.10760383999999999,0.03429098463844343
1998-12-02,0.0,0.05,0.0,3.7,0.10477216,0.03338859030585282
1998-12-03,0.0,0.06,0.0,3.6,0.10194048,0.032486195973262195
1998-12-04,0.0,0.02,0.0,3.5,0.0991088,0.03158380164067158
1998-12-05,0.0,0.07,0.0,3.5,0.0991088,0.03158380164067158
1998-12-06,0.0,0.09,0.0,3.5,0.0991088,0.03158380164067158
1998-12-07,0.0,0.38,0.12,3.5,0.0991088,0.03158380164067158
1998-12-08,0.0,0.44,3.73,3.5,0.0991088,0.03158380164067158
1998-12-09,0.8,1.13,1.4,3.8,0.10760383999999999,0.03429098463844343
1998-12-10,0.0,0.0,0.06,3.9,0.11043552,0.03519337897103405
1998-12-11,0.0,1.01,0.23,3.7,0.10477216,0.03338859030585282
1998-12-12,0.0,0.0,2.46,3.7,0.10477216,0.03338859030585282
1998-12-13,7.0,5.87,3.67,5.6,0.15857407999999998,0.05053408262507453
1998-12-14,0.0,0.0,0.96,6.4,0.18122752,0.057753237285799466
1998-12-15,0.0,0.08,0.0,5.5,0.1557424,0.04963168829248392
1998-12-16,0.0,0.0,0.0,5.1,0.14441568,0.04602211096212144
1998-12-17,0.0,0.0,0.0,4.6,0.13025727999999998,0.04151013929916836
1998-12-18,0.0,0.03,0.0,4.2,0.11893056,0.0379005619688059
1998-12-19,0.0,0.0,0.0,4.0,0.1132672,0.036095773303624665
1998-12-20,0.0,0.39,0.0,3.8,0.10760383999999999,0.03429098463844343
1998-12-21,0.0,1.14,0.0,3.7,0.10477216,0.03338859030585282
1998-12-22,0.0,5.97,4.17,3.9,0.11043552,0.03519337897103405
1998-12-23,0.0,1.45,1.39,4.0,0.1132672,0.036095773303624665
1998-12-24,0.0,4.26,3.29,4.3,0.12176224,0.03880295630139651
1998-12-25,3.64,0.0,10.79,5.2,0.14724736,0.046924505294712066
1998-12-26,16.4,18.66,7.86,6.0,0.1699008,0.054143659955437
1998-12-27,0.0,0.1,1.86,6.9,0.19538592000000002,0.06226520894875255
1998-12-28,0.0,0.86,1.9,7.7,0.21803936000000002,0.06948436360947749
1998-12-29,5.93,2.24,1.66,9.0,0.2548512,0.0812154899331555
1998-12-30,0.0,0.0,0.35,14.0,0.3964352,0.12633520656268632
1998-12-31,0.0,0.0,1.05,11.0,0.3114848,0.09926337658496784
1999-01-01,0.0,0.0,1.52,8.7,0.24635615999999996,0.07850830693538363
1999-01-02,21.31,8.93,16.28,8.2,0.23219775999999998,0.07399633527243056
1999-01-03,0.0,12.23,5.3,20.0,0.566336,0.1804788665181233
1999-01-04,0.0,2.52,0.0,22.0,0.6229696,0.19852675316993568
1999-01-05,0.0,0.04,0.0,17.0,0.48138559999999997,0.15340703654040483
1999-01-06,0.0,0.0,0.0,14.0,0.3964352,0.12633520656268632
1999-01-07,0.0,0.0,0.0,13.0,0.3681184,0.11731126323678016
1999-01-08,0.0,0.0,1.25,12.0,0.3398016,0.108287319910874
1999-01-09,20.01,16.86,12.64,15.0,0.424752,0.1353591498885925
1999-01-10,11.06,0.2,4.07,32.0,0.9061376,0.2887661864289973
1999-01-11,0.0,0.03,0.0,32.0,0.9061376,0.2887661864289973
1999-01-12,0.0,0.0,0.0,29.0,0.8211872,0.2616943564512788
1999-01-13,0.0,0.0,0.08,27.0,0.7645535999999999,0.24364646979946647
1999-01-14,0.6,3.16,0.35,25.0,0.70792,0.22559858314765416
1999-01-15,1.37,0.18,0.11,24.0,0.6796032,0.216574639821748
1999-01-16,0.0,0.0,0.12,22.0,0.6229696,0.19852675316993568
1999-01-17,0.0,2.56,3.48,20.0,0.566336,0.1804788665181233
1999-01-18,2.05,5.36,1.83,19.0,0.5380192,0.17145492319221717
1999-01-19,0.0,0.0,0.32,20.0,0.566336,0.1804788665181233
1999-01-20,0.0,0.01,0.03,19.0,0.5380192,0.17145492319221717
1999-01-21,0.0,0.16,0.07,18.0,0.5097024,0.162430979866311
1999-01-22,0.0,0.62,5.27,18.0,0.5097024,0.162430979866311
1999-01-23,48.05,50.32,37.04,71.0,2.0104928,0.6406999761393378
1999-01-24,33.54,0.12,11.76,354.0,10.0241472,3.194475937370783
1999-01-25,0.0,0.0,0.0,349.0,9.8825632,3.149356220741252
1999-01-26,0.0,0.0,0.0,345.0,9.769296,3.1132604474376278
1999-01-27,0.0,0.03,0.0,312.0,8.8348416,2.815470317682724
1999-01-28,0.0,0.0,0.0,267.0,7.5605856,2.4093928680169463
1999-01-29,0.0,0.11,0.16,226.0,6.3995968,2.0394111916547937
1999-01-30,0.0,0.0,1.26,188.0,5.3235584,1.6965013452703592
1999-01-31,5.93,5.34,2.49,158.0,4.4740544,1.4257830454931744
1999-02-01,6.51,7.54,5.04,144.0,4.0776192,1.299447838930488
1999-02-02,0.22,0.13,1.45,131.0,3.7095008,1.1821365756937077
1999-02-03,0.0,2.37,3.32,118.0,3.3413824,1.0648253124569276
1999-02-04,0.0,1.62,1.12,117.0,3.3130656,1.0558013691310215
1999-02-05,0.0,0.01,0.01,114.0,3.2281152,1.028729539153303
1999-02-06,0.0,0.0,0.05,101.0,2.8599968,0.9114182759165227
1999-02-07,0.0,0.0,0.02,88.0,2.4918784,0.7941070126797427
1999-02-08,0.0,0.0,0.01,76.0,2.1520768,0.6858196927688687
1999-02-09,0.0,0.03,0.01,66.0,1.8689088,0.595580259509807
1999-02-10,0.0,0.0,0.0,58.0,1.6423744,0.5233887129025576
1999-02-11,0.0,0.0,0.49,50.0,1.41584,0.4511971662953083
1999-02-12,0.0,0.52,0.54,44.0,1.2459392,0.39705350633987135
1999-02-13,0.0,0.0,0.12,38.0,1.0760384,0.34290984638443434
1999-02-14,0.0,0.0,0.06,32.0,0.9061376,0.2887661864289973
1999-02-15,0.0,0.0,0.02,27.0,0.7645535999999999,0.24364646979946647
1999-02-16,0.0,0.0,0.51,23.0,0.6512864,0.20755069649584185
1999-02-17,9.01,3.5,13.9,21.0,0.5946528,0.18950280984402948
1999-02-18,18.27,28.08,6.13,35.0,0.991088,0.3158380164067158
1999-02-19,0.0,3.07,1.34,45.0,1.274256,0.4060774496657775
1999-02-20,0.0,0.0,1.06,42.0,1.1893056,0.37900561968805896
1999-02-21,4.0,0.52,0.44,38.0,1.0760384,0.34290984638443434
1999-02-22,0.0,0.0,0.06,34.0,0.9627711999999999,0.30681407308080966
1999-02-23,0.0,0.57,1.54,29.0,0.8211872,0.2616943564512788
1999-02-24,6.98,1.65,0.59,27.0,0.7645535999999999,0.24364646979946647
1999-02-25,0.0,0.0,0.02,26.0,0.7362368,0.23462252647356033
1999-02-26,0.0,0.0,0.73,25.0,0.70792,0.22559858314765416
1999-02-27,0.0,0.0,3.99,25.0,0.70792,0.22559858314765416
1999-02-28,13.33,12.18,4.69,24.0,0.6796032,0.216574639821748
1999-03-01,0.0,0.0,1.56,30.0,0.849504,0.270718299777185
1999-03-02,0.0,0.0,4.09,28.0,0.7928704,0.25267041312537264
1999-03-03,13.36,16.28,9.16,30.0,0.849504,0.270718299777185
1999-03-04,0.0,0.0,2.61,39.0,1.1043552,0.3519337897103405
1999-03-05,0.0,0.0,0.22,37.0,1.0477216,0.33388590305852817
1999-03-06,4.28,10.3,2.45,33.0,0.9344544,0.2977901297549035
1999-03-07,0.0,0.2,0.79,34.0,0.9627711999999999,0.30681407308080966
1999-03-08,0.0,0.02,3.2,32.0,0.9061376,0.2887661864289973
1999-03-09,12.8,18.39,8.38,39.0,1.1043552,0.3519337897103405
1999-03-10,0.0,0.14,2.44,90.0,2.548512,0.812154899331555
1999-03-11,0.0,0.0,0.0,98.0,2.7750464,0.8843464459388043
1999-03-12,0.0,0.0,0.97,91.0,2.5768288,0.8211788426574611
1999-03-13,0.0,0.0,7.02,80.0,2.265344,0.7219154660724932
1999-03-14,29.85,32.19,18.98,160.0,4.530688,1.4438309321449865
1999-03-15,0.0,0.0,5.58,282.0,7.9853376,2.544752017905539
1999-03-16,0.0,0.0,0.0,311.0,8.8065248,2.8064463743568178
1999-03-17,0.0,0.0,0.0,289.0,8.1835552,2.6079196211868823
1999-03-18,0.0,0.0,0.0,248.0,7.0225664,2.237937944824729
1999-03-19,0.0,0.0,0.06,207.0,5.8615775999999995,1.8679562684625763
1999-03-20,0.0,0.0,0.53,168.0,4.7572224,1.5160224787522358
1999-03-21,2.13,1.49,1.13,133.0,3.7661344,1.20018446234552
1999-03-22,0.0,0.0,0.32,112.0,3.1714816,1.0106816525014906
1999-03-23,0.0,0.0,0.0,92.0,2.6051456,0.8302027859833674
1999-03-24,0.0,0.0,0.11,75.0,2.12376,0.6767957494429624
1999-03-25,0.0,0.0,1.27,61.0,1.7273247999999999,0.5504605428802761
1999-03-26,4.01,4.07,0.41,50.0,1.41584,0.4511971662953083
1999-03-27,0.0,0.0,0.0,41.0,1.1609888,0.3699816763621528
1999-03-28,0.0,0.0,0.0,34.0,0.9627711999999999,0.30681407308080966
1999-03-29,0.0,0.0,0.11,28.0,0.7928704,0.25267041312537264
1999-03-30,0.0,0.04,0.88,23.0,0.6512864,0.20755069649584185
1999-03-31,0.0,2.35,2.18,20.0,0.566336,0.1804788665181233
1999-04-01,6.46,8.43,4.88,20.0,0.566336,0.1804788665181233
1999-04-02,0.0,0.0,1.42,22.0,0.6229696,0.19852675316993568
1999-04-03,0.0,0.17,0.0,21.0,0.5946528,0.18950280984402948
1999-04-04,0.0,0.0,0.0,19.0,0.5380192,0.17145492319221717
1999-04-05,0.0,0.08,0.0,17.0,0.48138559999999997,0.15340703654040483
1999-04-06,0.0,0.0,0.0,15.0,0.424752,0.1353591498885925
1999-04-07,0.0,0.0,0.0,13.0,0.3681184,0.11731126323678016
1999-04-08,0.0,0.0,0.0,11.0,0.3114848,0.09926337658496784
1999-04-09,0.0,0.0,0.0,9.4,0.26617792,0.08482506726351796
1999-04-10,0.0,0.0,0.0,8.2,0.23219775999999998,0.07399633527243056
1999-04-11,0.0,0.0,0.0,7.2,0.20388096,0.06497239194652439
1999-04-12,0.0,0.0,0.0,6.4,0.18122752,0.057753237285799466
1999-04-13,0.0,0.0,0.0,5.7,0.16140576,0.05143647695766515
1999-04-14,0.0,0.0,0.0,5.3,0.15007904,0.04782689962730268
1999-04-15,0.0,0.0,0.12,5.0,0.141584,0.04511971662953083
1999-04-16,0.0,0.0,0.04,4.7,0.13308896,0.04241253363175898
1999-04-17,0.0,0.0,0.0,4.5,0.1274256,0.04060774496657775
1999-04-18,0.0,0.0,0.0,4.3,0.12176224,0.03880295630139651
1999-04-19,0.0,0.0,0.0,4.2,0.11893056,0.0379005619688059
1999-04-20,0.0,0.0,0.0,4.2,0.11893056,0.0379005619688059
1999-04-21,0.0,0.0,0.0,4.0,0.1132672,0.036095773303624665
1999-04-22,0.0,0.08,0.0,3.9,0.11043552,0.03519337897103405
1999-04-23,0.0,0.11,0.0,4.0,0.1132672,0.036095773303624665
1999-04-24,0.0,0.01,0.0,4.0,0.1132672,0.036095773303624665
1999-04-25,0.0,5.51,2.52,4.2,0.11893056,0.0379005619688059
1999-04-26,0.0,0.01,0.96,4.7,0.13308896,0.04241253363175898
1999-04-27,0.0,4.74,9.53,4.4,0.12459392000000001,0.039705350633987134
1999-04-28,20.07,3.11,8.7,4.5,0.1274256,0.04060774496657775
1999-04-29,11.97,4.85,5.41,7.1,0.20104928,0.06406999761393378
1999-04-30,5.99,0.02,1.19,36.0,1.0194048,0.324861959732622
1999-05-01,0.0,0.0,0.0,34.0,0.9627711999999999,0.30681407308080966
1999-05-02,0.0,0.0,0.0,34.0,0.9627711999999999,0.30681407308080966
1999-05-03,0.0,0.0,0.0,29.0,0.8211872,0.2616943564512788
1999-05-04,0.0,0.0,3.42,23.0,0.6512864,0.20755069649584185
1999-05-05,6.11,3.3,1.99,20.0,0.566336,0.1804788665181233
1999-05-06,0.53,0.06,15.76,18.0,0.5097024,0.162430979866311
1999-05-07,58.09,56.74,45.76,41.0,1.1609888,0.3699816763621528
1999-05-08,10.05,0.0,13.54,101.0,2.8599968,0.9114182759165227
1999-05-09,0.0,0.0,0.0,87.0,2.4635616,0.7850830693538364
1999-05-10,0.0,0.0,0.0,76.0,2.1520768,0.6858196927688687
1999-05-11,0.0,4.06,1.32,65.0,1.840592,0.5865563161839008
1999-05-12,0.0,11.59,10.22,56.0,1.5857408,0.5053408262507453
1999-05-13,2.31,1.86,3.36,67.0,1.8972256,0.6046042028357131
1999-05-14,0.0,0.65,0.04,62.0,1.7556416,0.5594844862061823
1999-05-15,0.0,0.0,0.0,58.0,1.6423744,0.5233887129025576
1999-05-16,0.0,0.0,0.0,50.0,1.41584,0.4511971662953083
1999-05-17,0.0,0.0,0.0,40.0,1.132672,0.3609577330362466
1999-05-18,0.0,0.0,0.0,30.0,0.849504,0.270718299777185
1999-05-19,0.0,0.0,0.0,22.0,0.6229696,0.19852675316993568
1999-05-20,0.0,0.0,0.0,16.0,0.4530688,0.14438309321449866
1999-05-21,0.0,2.17,3.26,12.0,0.3398016,0.108287319910874
1999-05-22,0.0,5.71,4.53,9.3,0.26334624,0.08392267293092735
1999-05-23,0.0,0.24,1.15,7.6,0.21520767999999998,0.06858196927688685
1999-05-24,0.0,0.62,0.0,6.5,0.1840592,0.05865563161839008
1999-05-25,0.0,0.0,0.0,5.6,0.15857407999999998,0.05053408262507453
1999-05-26,0.0,6.06,3.6,5.0,0.141584,0.04511971662953083
1999-05-27,9.0,12.1,3.86,4.9,0.13875232,0.04421732229694022
1999-05-28,0.0,0.0,0.97,7.3,0.20671264,0.06587478627911501
1999-05-29,0.0,12.2,14.73,9.8,0.27750464,0.08843464459388044
1999-05-30,26.24,0.0,4.9,10.0,0.283168,0.09023943325906165
1999-05-31,0.0,2.92,0.0,10.0,0.283168,0.09023943325906165
1999-06-01,0.0,1.37,2.4,16.0,0.4530688,0.14438309321449866
1999-06-02,0.0,0.0,0.8,16.0,0.4530688,0.14438309321449866
1999-06-03,0.0,0.0,0.24,12.0,0.3398016,0.108287319910874
1999-06-04,2.34,0.49,6.36,9.7,0.27467295999999997,0.0875322502612898
1999-06-05,7.16,8.47,2.67,8.2,0.23219775999999998,0.07399633527243056
1999-06-06,9.91,11.0,7.94,7.1,0.20104928,0.06406999761393378
1999-06-07,12.34,4.87,10.0,6.3,0.17839584,0.05685084295320885
1999-06-08,16.3,1.09,5.57,5.5,0.1557424,0.04963168829248392
1999-06-09,0.0,0.03,1.14,4.8,0.13592063999999998,0.04331492796434959
1999-06-10,0.0,20.3,21.51,4.5,0.1274256,0.04060774496657775
1999-06-11,1.04,5.12,10.54,4.7,0.13308896,0.04241253363175898
1999-06-12,11.82,11.26,4.27,10.0,0.283168,0.09023943325906165
1999-06-13,0.0,0.83,6.58,11.0,0.3114848,0.09926337658496784
1999-06-14,19.33,14.28,9.6,11.0,0.3114848,0.09926337658496784
1999-06-15,0.43,8.75,3.05,13.0,0.3681184,0.11731126323678016
1999-06-16,0.0,2.98,0.51,14.0,0.3964352,0.12633520656268632
1999-06-17,8.54,0.26,0.2,17.0,0.48138559999999997,0.15340703654040483
1999-06-18,0.0,0.0,0.03,19.0,0.5380192,0.17145492319221717
1999-06-19,0.0,0.0,0.0,17.0,0.48138559999999997,0.15340703654040483
1999-06-20,0.0,0.27,0.09,14.0,0.3964352,0.12633520656268632
1999-06-21,3.92,0.78,1.23,12.0,0.3398016,0.108287319910874
1999-06-22,0.0,5.86,6.25,10.0,0.283168,0.09023943325906165
1999-06-23,2.92,5.53,3.72,15.0,0.424752,0.1353591498885925
1999-06-24,8.02,1.78,1.68,57.0,1.6140576,0.5143647695766514
1999-06-25,8.36,15.23,4.99,51.0,1.4441568,0.4602211096212145
1999-06-26,3.28,0.63,3.04,51.0,1.4441568,0.4602211096212145
1999-06-27,12.5,20.5,17.45,54.0,1.5291071999999999,0.48729293959893294
1999-06-28,10.76,18.59,12.3,74.0,2.0954432,0.6677718061170563
1999-06-29,2.04,3.67,7.85,99.0,2.8033632,0.8933703892647106
1999-06-30,20.49,23.87,5.3,95.0,2.690096,0.8572746159610858
1999-07-01,0.14,1.78,2.65,80.0,2.265344,0.7219154660724932
1999-07-02,6.28,0.09,2.04,75.0,2.12376,0.6767957494429624
1999-07-03,7.49,1.73,5.59,66.0,1.8689088,0.595580259509807
1999-07-04,9.08,9.81,5.41,56.0,1.5857408,0.5053408262507453
1999-07-05,0.0,0.69,3.11,49.0,1.3875232,0.44217322296940215
1999-07-06,20.2,1.71,20.49,42.0,1.1893056,0.37900561968805896
1999-07-07,20.93,34.47,7.47,69.0,1.9538592,0.6226520894875255
1999-07-08,0.0,0.31,0.8,93.0,2.6334624,0.8392267293092734
1999-07-09,0.0,7.15,9.03,95.0,2.690096,0.8572746159610858
1999-07-10,11.2,8.67,7.82,152.0,4.3041536,1.3716393855377373
1999-07-11,5.46,1.66,4.86,248.0,7.0225664,2.237937944824729
1999-07-12,17.31,2.47,13.68,243.0,6.8809824,2.1928182281951982
1999-07-13,24.71,43.82,31.52,231.0,6.5411808,2.0845309082843246
1999-07-14,15.57,1.26,11.38,304.0,8.6083072,2.7432787710754747
1999-07-15,0.0,6.69,5.51,328.0,9.2879104,2.9598534108972223
1999-07-16,22.25,10.38,10.15,284.0,8.0419712,2.5627999045573513
1999-07-17,33.74,13.38,15.53,232.0,6.5694976,2.0935548516102305
1999-07-18,22.44,8.42,9.29,380.0,10.760384,3.429098463844343
1999-07-19,27.34,10.09,5.1,409.0,11.581571199999999,3.6907928202956217
1999-07-20,0.0,0.01,1.14,464.0,13.1389952,4.187109703220461
1999-07-21,0.0,0.02,0.0,471.0,13.3372128,4.250277306501804
1999-07-22,0.0,0.0,0.38,392.0,11.1001856,3.537385783755217
1999-07-23,0.0,0.68,0.13,314.0,8.8914752,2.833518204334536
1999-07-24,0.0,1.19,0.01,312.0,8.8348416,2.815470317682724
1999-07-25,23.29,4.02,9.16,308.0,8.7215744,2.7793745443790994
1999-07-26,0.0,0.04,3.05,311.0,8.8065248,2.8064463743568178
1999-07-27,0.0,2.35,4.19,307.0,8.693257599999999,2.7703506010531926
1999-07-28,0.0,0.71,1.4,250.0,7.0792,2.2559858314765417
1999-07-29,0.0,0.01,0.01,195.0,5.521776,1.7596689485517025
1999-07-30,0.0,0.09,0.08,151.0,4.2758367999999995,1.362615442211831
1999-07-31,0.0,0.02,0.02,114.0,3.2281152,1.028729539153303
1999-08-01,0.0,2.1,0.0,87.0,2.4635616,0.7850830693538364
1999-08-02,0.0,1.82,1.65,127.0,3.5962336,1.1460408023900832
1999-08-03,22.51,5.45,13.73,122.0,3.4546495999999998,1.1009210857605523
1999-08-04,0.0,4.72,4.39,124.0,3.5112832,1.1189689724123646
1999-08-05,0.0,0.0,0.0,139.0,3.9360352,1.2543281223009572
1999-08-06,0.0,0.0,0.3,125.0,3.5396,1.1279929157382709
1999-08-07,0.0,2.59,3.54,101.0,2.8599968,0.9114182759165227
1999-08-08,22.48,15.92,12.93,120.0,3.398016,1.08287319910874
1999-08-09,11.28,2.48,4.3,216.0,6.1164287999999996,1.9491717583957318
1999-08-10,3.72,4.68,0.85,189.0,5.3518752,1.7055252885962655
1999-08-11,0.0,0.16,0.57,186.0,5.2669248,1.678453458618547
1999-08-12,0.0,0.0,0.51,186.0,5.2669248,1.678453458618547
1999-08-13,0.63,0.62,4.84,161.0,4.5590048,1.452854875470893
1999-08-14,39.71,19.73,26.7,144.0,4.0776192,1.299447838930488
1999-08-15,7.15,14.96,9.79,136.0,3.8510847999999998,1.2272562923232386
1999-08-16,14.33,4.18,0.67,180.0,5.097024,1.62430979866311
1999-08-17,0.0,0.4,0.07,171.0,4.8421728,1.5430943087299545
1999-08-18,0.0,0.5,1.37,136.0,3.8510847999999998,1.2272562923232386
1999-08-19,0.0,0.08,0.48,106.0,3.0015808,0.9565379925460537
1999-08-20,0.0,1.12,0.31,153.0,4.3324704,1.3806633288636434
1999-08-21,4.6,3.47,3.95,181.0,5.1253408,1.6333337419890162
1999-08-22,0.0,3.87,6.0,140.0,3.964352,1.2633520656268633
1999-08-23,0.0,0.27,2.13,106.0,3.0015808,0.9565379925460537
1999-08-24,0.0,0.57,1.52,95.0,2.690096,0.8572746159610858
1999-08-25,1.71,6.42,7.26,105.0,2.973264,0.9475140492201475
1999-08-26,0.0,0.12,2.27,120.0,3.398016,1.08287319910874
1999-08-27,0.0,0.0,0.0,137.0,3.8794016,1.2362802356491447
1999-08-28,0.0,0.0,0.0,148.0,4.1908864,1.3355436122341127
1999-08-29,0.0,1.57,0.0,122.0,3.4546495999999998,1.1009210857605523
1999-08-30,0.0,0.58,0.0,98.0,2.7750464,0.8843464459388043
1999-08-31,0.0,0.0,0.0,74.0,2.0954432,0.6677718061170563
1999-09-01,0.0,0.0,0.0,56.0,1.5857408,0.5053408262507453
1999-09-02,0.0,0.0,0.0,42.0,1.1893056,0.37900561968805896
1999-09-03,0.0,0.0,0.0,31.0,0.8778208,0.27974224310309115
1999-09-04,0.0,0.0,0.0,23.0,0.6512864,0.20755069649584185
1999-09-05,0.0,1.96,2.24,16.0,0.4530688,0.14438309321449866
1999-09-06,0.0,5.03,0.75,12.0,0.3398016,0.108287319910874
1999-09-07,0.0,15.2,1.9,8.9,0.25201952,0.08031309560056488
1999-09-08,0.0,4.7,1.04,6.9,0.19538592000000002,0.06226520894875255
1999-09-09,16.01,46.46,35.16,8.1,0.22936608,0.07309394093983995
1999-09-10,0.0,0.26,11.68,28.0,0.7928704,0.25267041312537264
1999-09-11,0.0,0.0,0.0,72.0,2.0388096,0.649723919465244
1999-09-12,0.0,0.0,0.0,88.0,2.4918784,0.7941070126797427
1999-09-13,0.0,0.0,0.24,74.0,2.0954432,0.6677718061170563
1999-09-14,0.0,0.0,0.08,57.0,1.6140576,0.5143647695766514
1999-09-15,0.0,0.0,0.0,43.0,1.2176224,0.38802956301396513
1999-09-16,0.0,0.0,0.0,31.0,0.8778208,0.27974224310309115
1999-09-17,0.0,0.0,0.0,22.0,0.6229696,0.19852675316993568
1999-09-18,0.0,0.0,4.98,15.0,0.424752,0.1353591498885925
1999-09-19,14.14,1.69,6.03,12.0,0.3398016,0.108287319910874
1999-09-20,17.98,5.46,9.98,11.0,0.3114848,0.09926337658496784
1999-09-21,5.46,3.28,2.84,12.0,0.3398016,0.108287319910874
1999-09-22,0.0,0.0,0.0,11.0,0.3114848,0.09926337658496784
1999-09-23,0.0,0.0,0.0,11.0,0.3114848,0.09926337658496784
1999-09-24,0.0,0.0,0.0,9.8,0.27750464,0.08843464459388044
1999-09-25,0.0,0.0,0.87,8.0,0.2265344,0.07219154660724933
1999-09-26,0.0,1.25,5.35,6.8,0.19255424,0.06136281461616193
1999-09-27,26.22,24.92,41.53,337.0,9.5427616,3.0410689008303784
1999-09-28,6.27,5.13,13.32,1180.0,33.413824,10.648253124569276
1999-09-29,0.0,0.24,0.01,985.0,27.892048,8.888584176017574
1999-09-30,0.0,0.0,0.0,720.0,20.388096,6.49723919465244
1999-10-01,0.0,0.0,0.0,480.0,13.592064,4.33149279643496
1999-10-02,0.0,0.0,1.87,340.0,9.627712,3.068140730808097
1999-10-03,0.0,0.0,0.84,251.0,7.1075168,2.2650097748024476
1999-10-04,9.38,4.22,5.11,189.0,5.3518752,1.7055252885962655
1999-10-05,0.0,0.62,1.68,148.0,4.1908864,1.3355436122341127
1999-10-06,0.0,0.05,0.0,117.0,3.3130656,1.0558013691310215
1999-10-07,0.0,0.0,0.11,92.0,2.6051456,0.8302027859833674
1999-10-08,0.0,0.75,0.69,74.0,2.0954432,0.6677718061170563
1999-10-09,8.48,18.26,8.31,70.0,1.982176,0.6316760328134317
1999-10-10,22.66,20.96,8.14,84.0,2.3786112,0.7580112393761179
1999-10-11,15.9,41.97,12.14,121.0,3.4263328,1.0918971424346462
1999-10-12,0.0,0.5,3.44,348.0,9.8542464,3.1403322774153457
1999-10-13,0.0,0.0,0.0,366.0,10.3639488,3.3027632572816565
1999-10-14,0.0,0.0,0.0,323.0,9.1463264,2.914733694267692
1999-10-15,0.0,0.0,0.0,256.0,7.2491008,2.3101294914319785
1999-10-16,0.0,0.0,0.0,204.0,5.7766272,1.840884438484858
1999-10-17,0.0,0.0,0.0,160.0,4.530688,1.4438309321449865
1999-10-18,0.0,0.0,0.0,123.0,3.4829664,1.1099450290864585
1999-10-19,0.0,0.0,0.0,94.0,2.6617792,0.8482506726351796
1999-10-20,0.0,0.0,0.0,73.0,2.0671264,0.65874786279115
1999-10-21,0.0,0.45,0.51,58.0,1.6423744,0.5233887129025576
1999-10-22,0.0,0.09,0.17,47.0,1.3308896,0.4241253363175898
1999-10-23,0.0,0.0,0.0,37.0,1.0477216,0.33388590305852817
1999-10-24,0.0,0.0,0.0,29.0,0.8211872,0.2616943564512788
1999-10-25,0.0,0.0,0.0,23.0,0.6512864,0.20755069649584185
1999-10-26,0.0,0.0,0.0,19.0,0.5380192,0.17145492319221717
1999-10-27,0.0,0.0,0.0,16.0,0.4530688,0.14438309321449866
1999-10-28,0.0,0.0,0.0,14.0,0.3964352,0.12633520656268632
1999-10-29,0.0,0.0,0.0,12.0,0.3398016,0.108287319910874
1999-10-30,0.0,0.0,0.0,11.0,0.3114848,0.09926337658496784
1999-10-31,0.0,0.0,5.73,9.9,0.28033632,0.08933703892647106
1999-11-01,62.67,46.9,36.87,17.0,0.48138559999999997,0.15340703654040483
1999-11-02,0.0,1.02,11.65,142.0,4.0209856,1.2813999522786756
1999-11-03,0.0,0.05,0.0,209.0,5.9182112,1.8860041551143887
1999-11-04,0.0,0.0,0.0,223.0,6.3146464,2.0123393616770753
1999-11-05,0.0,0.0,0.0,196.0,5.5500928,1.7686928918776086
1999-11-06,0.0,0.0,0.0,163.0,4.6156384,1.470902762122705
1999-11-07,0.0,0.0,0.0,132.0,3.7378176,1.191160519019614
1999-11-08,0.0,0.0,0.0,107.0,3.0298976,0.9655619358719598
1999-11-09,0.0,0.0,0.0,86.0,2.4352448,0.7760591260279303
1999-11-10,0.0,0.0,0.0,70.0,1.982176,0.6316760328134317
1999-11-11,0.0,0.0,0.0,57.0,1.6140576,0.5143647695766514
1999-11-12,0.0,0.0,0.0,47.0,1.3308896,0.4241253363175898
1999-11-13,0.0,0.0,0.0,38.0,1.0760384,0.34290984638443434
1999-11-14,0.0,0.0,0.0,30.0,0.849504,0.270718299777185
1999-11-15,0.0,0.0,0.0,25.0,0.70792,0.22559858314765416
1999-11-16,0.0,0.0,0.0,20.0,0.566336,0.1804788665181233
1999-11-17,0.0,0.0,0.0,16.0,0.4530688,0.14438309321449866
1999-11-18,0.0,0.0,0.0,14.0,0.3964352,0.12633520656268632
1999-11-19,0.0,0.0,0.0,12.0,0.3398016,0.108287319910874
1999-11-20,0.0,0.38,0.1,10.0,0.283168,0.09023943325906165
1999-11-21,0.0,3.93,2.14,9.5,0.2690096,0.08572746159610858
1999-11-22,0.0,0.01,0.7,8.6,0.24352448,0.07760591260279302
1999-11-23,0.0,0.0,0.06,7.9,0.22370272,0.07128915227465871
1999-11-24,0.0,0.08,1.11,7.5,0.212376,0.06767957494429624
1999-11-25,1.1,4.28,0.77,7.2,0.20388096,0.06497239194652439
1999-11-26,0.0,7.46,0.14,7.0,0.1982176,0.06316760328134316
1999-11-27,0.0,0.0,0.01,6.6,0.18689087999999998,0.05955802595098069
1999-11-28,0.0,0.0,0.0,6.2,0.17556416,0.05594844862061823
1999-11-29,0.0,0.07,0.0,5.8,0.16423743999999998,0.05233887129025576
1999-11-30,0.0,0.0,0.0,5.4,0.15291072,0.0487292939598933
1999-12-01,0.0,0.0,0.0,5.0,0.141584,0.04511971662953083
1999-12-02,0.0,0.0,0.0,4.8,0.13592063999999998,0.04331492796434959
1999-12-03,0.0,0.0,0.0,4.7,0.13308896,0.04241253363175898
1999-12-04,0.0,0.0,1.31,4.6,0.13025727999999998,0.04151013929916836
1999-12-05,0.0,0.0,2.74,4.4,0.12459392000000001,0.039705350633987134
1999-12-06,5.17,2.78,0.77,4.4,0.12459392000000001,0.039705350633987134
1999-12-07,0.0,0.0,0.0,4.4,0.12459392000000001,0.039705350633987134
1999-12-08,0.0,0.0,0.05,4.4,0.12459392000000001,0.039705350633987134
1999-12-09,0.0,0.0,0.1,4.4,0.12459392000000001,0.039705350633987134
1999-12-10,0.0,0.0,0.19,4.4,0.12459392000000001,0.039705350633987134
1999-12-11,0.0,0.0,3.32,4.4,0.12459392000000001,0.039705350633987134
1999-12-12,0.0,0.0,4.45,4.3,0.12176224,0.03880295630139651
1999-12-13,6.5,21.84,5.7,4.5,0.1274256,0.04060774496657775
1999-12-14,7.94,0.41,1.57,4.8,0.13592063999999998,0.04331492796434959
1999-12-15,0.0,0.0,0.02,4.9,0.13875232,0.04421732229694022
1999-12-16,0.0,0.0,0.0,5.5,0.1557424,0.04963168829248392
1999-12-17,0.0,0.0,3.03,5.8,0.16423743999999998,0.05233887129025576
1999-12-18,15.02,0.0,3.09,6.1,0.17273248,0.05504605428802761
1999-12-19,9.2,22.7,4.02,10.0,0.283168,0.09023943325906165
1999-12-20,0.0,1.38,12.76,18.0,0.5097024,0.162430979866311
1999-12-21,23.75,25.4,15.45,20.0,0.566336,0.1804788665181233
1999-12-22,16.77,1.39,3.87,52.0,1.4724736,0.46924505294712066
1999-12-23,0.0,0.0,0.01,59.0,1.6706912,0.5324126562284638
1999-12-24,0.0,0.0,0.0,56.0,1.5857408,0.5053408262507453
1999-12-25,0.0,0.0,0.0,49.0,1.3875232,0.44217322296940215
1999-12-26,0.0,0.0,0.0,42.0,1.1893056,0.37900561968805896
1999-12-27,0.0,0.0,0.0,36.0,1.0194048,0.324861959732622
1999-12-28,0.0,0.0,0.0,31.0,0.8778208,0.27974224310309115
1999-12-29,0.0,0.0,0.0,26.0,0.7362368,0.23462252647356033
1999-12-30,0.0,0.0,0.58,22.0,0.6229696,0.19852675316993568
1999-12-31,0.0,0.91,0.19,20.0,0.566336,0.1804788665181233
2000-01-01,0.0,0.14,0.58,18.0,0.5097024,0.162430979866311
2000-01-02,0.0,0.02,0.38,18.0,0.5097024,0.162430979866311
2000-01-03,0.0,0.09,0.21,17.0,0.48138559999999997,0.15340703654040483
2000-01-04,3.0,3.88,2.46,15.0,0.424752,0.1353591498885925
2000-01-05,0.0,0.0,0.8,15.0,0.424752,0.1353591498885925
2000-01-06,0.0,0.02,0.0,15.0,0.424752,0.1353591498885925
2000-01-07,0.0,0.0,0.01,14.0,0.3964352,0.12633520656268632
2000-01-08,0.0,0.03,2.3,13.0,0.3681184,0.11731126323678016
2000-01-09,11.16,0.76,3.25,12.0,0.3398016,0.108287319910874
2000-01-10,16.72,7.97,6.15,13.0,0.3681184,0.11731126323678016
2000-01-11,0.0,1.38,1.77,23.0,0.6512864,0.20755069649584185
2000-01-12,0.0,0.37,0.0,30.0,0.849504,0.270718299777185
2000-01-13,0.0,1.48,1.65,27.0,0.7645535999999999,0.24364646979946647
2000-01-14,0.0,2.12,0.55,27.0,0.7645535999999999,0.24364646979946647
2000-01-15,0.0,0.0,0.0,29.0,0.8211872,0.2616943564512788
2000-01-16,0.0,0.0,0.0,26.0,0.7362368,0.23462252647356033
2000-01-17,0.0,0.0,0.0,23.0,0.6512864,0.20755069649584185
2000-01-18,0.0,0.0,0.74,20.0,0.566336,0.1804788665181233
2000-01-19,3.0,2.36,0.57,18.0,0.5097024,0.162430979866311
2000-01-20,0.0,0.0,0.11,16.0,0.4530688,0.14438309321449866
2000-01-21,0.0,0.0,0.0,14.0,0.3964352,0.12633520656268632
2000-01-22,0.0,0.0,6.11,13.0,0.3681184,0.11731126323678016
2000-01-23,28.07,13.51,13.91,13.0,0.3681184,0.11731126323678016
2000-01-24,33.57,16.65,9.99,76.0,2.1520768,0.6858196927688687
2000-01-25,0.0,0.0,2.01,158.0,4.4740544,1.4257830454931744
2000-01-26,0.0,0.0,0.0,164.0,4.6439552,1.4799267054486112
2000-01-27,0.0,0.0,0.59,153.0,4.3324704,1.3806633288636434
2000-01-28,4.0,3.02,2.99,136.0,3.8510847999999998,1.2272562923232386
2000-01-29,3.02,1.18,1.72,129.0,3.6528671999999998,1.1640886890418953
2000-01-30,6.28,5.24,4.86,131.0,3.7095008,1.1821365756937077
2000-01-31,0.0,0.0,1.53,156.0,4.4174208,1.407735158841362
2000-02-01,0.0,0.0,0.0,148.0,4.1908864,1.3355436122341127
2000-02-02,0.0,0.0,0.0,133.0,3.7661344,1.20018446234552
2000-02-03,0.0,0.0,0.0,116.0,3.2847488,1.0467774258051152
2000-02-04,0.0,0.0,0.0,98.0,2.7750464,0.8843464459388043
2000-02-05,0.0,0.0,0.0,84.0,2.3786112,0.7580112393761179
2000-02-06,0.0,0.0,0.0,71.0,2.0104928,0.6406999761393378
2000-02-07,0.0,0.0,0.0,60.0,1.699008,0.54143659955437
2000-02-08,0.0,0.0,0.0,51.0,1.4441568,0.4602211096212145
2000-02-09,0.0,0.0,0.0,44.0,1.2459392,0.39705350633987135
2000-02-10,0.0,0.0,0.0,37.0,1.0477216,0.33388590305852817
2000-02-11,0.0,0.0,0.0,31.0,0.8778208,0.27974224310309115
2000-02-12,0.0,0.02,1.24,27.0,0.7645535999999999,0.24364646979946647
2000-02-13,0.0,0.09,3.95,23.0,0.6512864,0.20755069649584185
2000-02-14,11.39,15.34,5.45,28.0,0.7928704,0.25267041312537264
2000-02-15,0.0,0.0,1.47,43.0,1.2176224,0.38802956301396513
2000-02-16,0.0,0.0,0.02,40.0,1.132672,0.3609577330362466
2000-02-17,0.0,0.1,0.0,34.0,0.9627711999999999,0.30681407308080966
2000-02-18,0.0,0.0,0.0,30.0,0.849504,0.270718299777185
2000-02-19,0.0,0.03,0.49,27.0,0.7645535999999999,0.24364646979946647
2000-02-20,0.0,0.66,0.16,23.0,0.6512864,0.20755069649584185
2000-02-21,0.0,0.2,0.0,19.0,0.5380192,0.17145492319221717
2000-02-22,0.0,0.0,0.0,16.0,0.4530688,0.14438309321449866
2000-02-23,0.0,0.48,0.0,13.0,0.3681184,0.11731126323678016
2000-02-24,0.0,0.0,0.0,11.0,0.3114848,0.09926337658496784
2000-02-25,0.0,0.0,0.0,9.9,0.28033632,0.08933703892647106
2000-02-26,0.0,0.0,1.2,8.6,0.24352448,0.07760591260279302
2000-02-27,21.21,27.63,14.67,8.9,0.25201952,0.08031309560056488
2000-02-28,0.0,0.0,4.76,11.0,0.3114848,0.09926337658496784
2000-02-29,0.0,0.0,2.38,15.0,0.424752,0.1353591498885925
2000-03-01,0.0,0.0,0.0,20.0,0.566336,0.1804788665181233
2000-03-02,0.0,0.0,0.07,19.0,0.5380192,0.17145492319221717
2000-03-03,0.0,0.0,0.08,16.0,0.4530688,0.14438309321449866
2000-03-04,0.0,0.01,0.02,13.0,0.3681184,0.11731126323678016
2000-03-05,0.0,0.0,0.0,11.0,0.3114848,0.09926337658496784
2000-03-06,0.0,0.0,1.22,9.3,0.26334624,0.08392267293092735
2000-03-07,0.0,0.0,0.41,7.9,0.22370272,0.07128915227465871
2000-03-08,0.0,0.0,0.0,6.7,0.18972256,0.06046042028357132
2000-03-09,0.0,0.0,0.0,5.9,0.16706912000000002,0.05324126562284639
2000-03-10,0.0,0.0,0.12,5.2,0.14724736,0.046924505294712066
2000-03-11,12.46,2.23,1.18,5.4,0.15291072,0.0487292939598933
2000-03-12,0.0,4.89,0.38,5.6,0.15857407999999998,0.05053408262507453
2000-03-13,0.0,0.02,5.15,4.7,0.13308896,0.04241253363175898
2000-03-14,0.0,0.02,1.98,4.2,0.11893056,0.0379005619688059
2000-03-15,0.0,0.0,3.52,3.8,0.10760383999999999,0.03429098463844343
2000-03-16,24.27,39.19,16.51,4.6,0.13025727999999998,0.04151013929916836
2000-03-17,0.0,2.01,5.48,11.0,0.3114848,0.09926337658496784
2000-03-18,0.0,0.0,1.16,15.0,0.424752,0.1353591498885925
2000-03-19,16.97,4.79,12.03,16.0,0.4530688,0.14438309321449866
2000-03-20,15.51,12.08,5.24,36.0,1.0194048,0.324861959732622
2000-03-21,0.0,0.0,0.45,46.0,1.3025728,0.4151013929916837
2000-03-22,0.0,0.0,0.0,45.0,1.274256,0.4060774496657775
2000-03-23,0.0,0.0,0.59,37.0,1.0477216,0.33388590305852817
2000-03-24,0.0,0.0,0.2,29.0,0.8211872,0.2616943564512788
2000-03-25,0.0,0.0,0.07,22.0,0.6229696,0.19852675316993568
2000-03-26,11.47,7.37,6.86,20.0,0.566336,0.1804788665181233
2000-03-27,10.61,3.42,2.65,38.0,1.0760384,0.34290984638443434
2000-03-28,0.0,0.0,0.12,49.0,1.3875232,0.44217322296940215
2000-03-29,16.38,0.0,4.11,69.0,1.9538592,0.6226520894875255
2000-03-30,9.39,26.45,7.03,129.0,3.6528671999999998,1.1640886890418953
2000-03-31,0.0,0.11,1.89,152.0,4.3041536,1.3716393855377373
2000-04-01,0.0,0.0,0.0,140.0,3.964352,1.2633520656268633
2000-04-02,0.0,0.1,0.04,119.0,3.3696992,1.0738492557828339
2000-04-03,0.0,0.11,0.54,99.0,2.8033632,0.8933703892647106
2000-04-04,3.04,3.48,1.21,85.0,2.406928,0.7670351827020242
2000-04-05,0.0,0.0,0.35,71.0,2.0104928,0.6406999761393378
2000-04-06,0.0,0.0,0.03,58.0,1.6423744,0.5233887129025576
2000-04-07,0.0,0.0,0.01,46.0,1.3025728,0.4151013929916837
2000-04-08,0.0,0.31,0.16,37.0,1.0477216,0.33388590305852817
2000-04-09,0.0,0.0,0.05,29.0,0.8211872,0.2616943564512788
2000-04-10,0.0,0.0,0.0,23.0,0.6512864,0.20755069649584185
2000-04-11,0.0,0.0,0.0,19.0,0.5380192,0.17145492319221717
2000-04-12,0.0,0.0,0.0,15.0,0.424752,0.1353591498885925
2000-04-13,0.0,0.0,0.0,12.0,0.3398016,0.108287319910874
2000-04-14,0.0,0.0,0.0,10.0,0.283168,0.09023943325906165
2000-04-15,0.0,0.14,0.0,8.8,0.24918784000000002,0.07941070126797427
2000-04-16,0.0,0.04,1.98,7.6,0.21520767999999998,0.06858196927688685
2000-04-17,0.0,0.0,1.3,6.6,0.18689087999999998,0.05955802595098069
2000-04-18,0.0,0.0,0.21,5.6,0.15857407999999998,0.05053408262507453
2000-04-19,0.0,0.0,0.0,4.8,0.13592063999999998,0.04331492796434959
2000-04-20,0.0,0.0,0.0,4.3,0.12176224,0.03880295630139651
2000-04-21,0.0,0.0,0.0,3.9,0.11043552,0.03519337897103405
2000-04-22,0.0,0.0,0.0,3.6,0.10194048,0.032486195973262195
2000-04-23,0.0,0.0,0.67,3.3,0.09344543999999999,0.029779012975490345
2000-04-24,22.61,26.15,14.43,3.3,0.09344543999999999,0.029779012975490345
2000-04-25,0.0,0.7,4.74,3.3,0.09344543999999999,0.029779012975490345
2000-04-26,0.0,0.0,0.07,3.1,0.08778208,0.027974224310309114
2000-04-27,0.0,0.0,2.89,2.9,0.08211871999999999,0.02616943564512788
2000-04-28,4.19,4.4,3.03,2.8,0.07928703999999999,0.025267041312537264
2000-04-29,0.0,0.0,0.69,2.7,0.07645536,0.02436464697994665
2000-04-30,0.0,0.0,0.02,2.6,0.07362368,0.023462252647356033
2000-05-01,0.0,0.0,0.01,2.4,0.06796031999999999,0.021657463982174795
2000-05-02,0.0,0.0,0.0,2.4,0.06796031999999999,0.021657463982174795
2000-05-03,0.0,0.0,0.0,2.3,0.06512863999999999,0.02075506964958418
2000-05-04,0.0,0.0,0.0,2.3,0.06512863999999999,0.02075506964958418
2000-05-05,0.0,0.0,0.0,2.1,0.05946528,0.01895028098440295
2000-05-06,0.0,0.0,0.0,2.1,0.05946528,0.01895028098440295
2000-05-07,0.0,0.0,0.0,2.0,0.0566336,0.018047886651812332
2000-05-08,0.0,0.0,0.0,1.9,0.053801919999999996,0.017145492319221713
2000-05-09,0.0,0.0,0.0,1.9,0.053801919999999996,0.017145492319221713
2000-05-10,0.0,0.0,0.0,1.8,0.05097024,0.016243097986631098
2000-05-11,0.0,0.0,0.0,1.7,0.04813856,0.015340703654040482
2000-05-12,0.0,0.0,0.0,1.7,0.04813856,0.015340703654040482
2000-05-13,0.0,0.0,0.0,1.7,0.04813856,0.015340703654040482
2000-05-14,0.0,0.03,0.0,1.7,0.04813856,0.015340703654040482
2000-05-15,0.0,0.0,0.0,1.7,0.04813856,0.015340703654040482
2000-05-16,0.0,0.0,0.0,1.7,0.04813856,0.015340703654040482
2000-05-17,0.0,0.0,0.0,1.7,0.04813856,0.015340703654040482
2000-05-18,0.0,0.0,0.0,1.7,0.04813856,0.015340703654040482
2000-05-19,0.0,0.0,0.0,1.7,0.04813856,0.015340703654040482
2000-05-20,0.0,0.0,0.0,1.7,0.04813856,0.015340703654040482
2000-05-21,0.0,0.0,0.0,1.6,0.04530688,0.014438309321449867
2000-05-22,14.11,1.25,1.66,1.7,0.04813856,0.015340703654040482
2000-05-23,0.0,0.6,0.55,1.6,0.04530688,0.014438309321449867
2000-05-24,0.0,0.0,0.0,1.6,0.04530688,0.014438309321449867
2000-05-25,0.0,0.0,0.02,1.6,0.04530688,0.014438309321449867
2000-05-26,0.0,3.2,7.4,1.6,0.04530688,0.014438309321449867
2000-05-27,0.0,0.02,2.47,1.7,0.04813856,0.015340703654040482
2000-05-28,0.0,0.0,0.0,1.6,0.04530688,0.014438309321449867
2000-05-29,0.0,0.0,0.0,1.5,0.0424752,0.01353591498885925
2000-05-30,0.0,0.51,0.0,1.3,0.03681184,0.011731126323678016
2000-05-31,0.0,0.0,0.0,1.3,0.03681184,0.011731126323678016
2000-06-01,0.0,0.0,0.0,1.3,0.03681184,0.011731126323678016
2000-06-02,0.0,0.0,0.0,1.2,0.033980159999999995,0.010828731991087397
2000-06-03,0.0,0.0,0.0,1.2,0.033980159999999995,0.010828731991087397
2000-06-04,0.0,0.0,0.0,1.2,0.033980159999999995,0.010828731991087397
2000-06-05,0.12,3.11,1.77,1.3,0.03681184,0.011731126323678016
2000-06-06,2.88,0.0,0.59,1.2,0.033980159999999995,0.010828731991087397
2000-06-07,0.0,0.0,0.0,1.2,0.033980159999999995,0.010828731991087397
2000-06-08,0.0,0.0,0.0,1.2,0.033980159999999995,0.010828731991087397
2000-06-09,0.0,0.0,0.0,1.2,0.033980159999999995,0.010828731991087397
2000-06-10,0.0,0.0,0.04,1.1,0.031148480000000003,0.009926337658496783
2000-06-11,0.0,0.0,0.01,1.1,0.031148480000000003,0.009926337658496783
2000-06-12,0.0,0.18,1.3,1.2,0.033980159999999995,0.010828731991087397
2000-06-13,7.82,0.05,0.44,1.2,0.033980159999999995,0.010828731991087397
2000-06-14,0.0,0.22,0.0,1.2,0.033980159999999995,0.010828731991087397
2000-06-15,0.0,0.83,0.59,1.1,0.031148480000000003,0.009926337658496783
2000-06-16,5.01,0.24,1.53,1.2,0.033980159999999995,0.010828731991087397
2000-06-17,8.89,2.36,3.18,1.7,0.04813856,0.015340703654040482
2000-06-18,11.87,1.65,2.49,1.5,0.0424752,0.01353591498885925
2000-06-19,0.0,1.18,3.18,1.4,0.039643519999999995,0.012633520656268632
2000-06-20,15.37,0.41,2.37,1.3,0.03681184,0.011731126323678016
2000-06-21,15.35,5.07,11.67,1.3,0.03681184,0.011731126323678016
2000-06-22,0.0,2.16,4.52,1.5,0.0424752,0.01353591498885925
2000-06-23,10.39,4.3,7.33,1.7,0.04813856,0.015340703654040482
2000-06-24,18.45,17.83,5.03,1.6,0.04530688,0.014438309321449867
2000-06-25,7.56,6.62,3.22,1.6,0.04530688,0.014438309321449867
2000-06-26,7.99,6.79,2.22,1.7,0.04813856,0.015340703654040482
2000-06-27,0.0,1.78,3.42,1.4,0.039643519999999995,0.012633520656268632
2000-06-28,13.92,13.88,8.68,1.5,0.0424752,0.01353591498885925
2000-06-29,11.22,8.34,10.97,1.0,0.0283168,0.009023943325906166
2000-06-30,7.04,3.73,2.8,1.0,0.0283168,0.009023943325906166
2000-07-01,0.0,0.99,2.13,1.2,0.033980159999999995,0.010828731991087397
2000-07-02,0.0,0.07,0.71,0.97,0.027467296,0.00875322502612898
2000-07-03,0.0,0.0,0.0,0.81,0.022936608,0.007309394093983995
2000-07-04,0.0,0.0,0.0,0.77,0.021803936,0.006948436360947748
2000-07-05,0.0,0.0,0.0,0.79,0.022370272,0.007128915227465871
2000-07-06,0.0,0.0,0.0,0.77,0.021803936,0.006948436360947748
2000-07-07,0.0,0.0,0.0,0.69,0.019538591999999997,0.006226520894875254
2000-07-08,0.0,0.52,1.77,0.73,0.020671263999999998,0.0065874786279115005
2000-07-09,0.0,0.0,0.59,1.0,0.0283168,0.009023943325906166
2000-07-10,0.0,0.06,0.1,1.3,0.03681184,0.011731126323678016
2000-07-11,0.0,0.16,0.53,1.1,0.031148480000000003,0.009926337658496783
2000-07-12,21.49,9.87,5.72,0.95,0.026900959999999998,0.008572746159610857
2000-07-13,17.53,6.52,15.29,1.1,0.031148480000000003,0.009926337658496783
2000-07-14,41.15,3.75,8.5,1.2,0.033980159999999995,0.010828731991087397
2000-07-15,0.0,0.13,1.34,1.2,0.033980159999999995,0.010828731991087397
2000-07-16,0.0,0.0,0.0,1.2,0.033980159999999995,0.010828731991087397
2000-07-17,0.0,2.45,0.0,1.1,0.031148480000000003,0.009926337658496783
2000-07-18,0.0,0.0,0.0,0.91,0.025768288,0.008211788426574612
2000-07-19,0.0,0.0,1.16,0.99,0.028033632,0.008933703892647105
2000-07-20,0.0,0.53,2.27,1.5,0.0424752,0.01353591498885925
2000-07-21,0.0,0.5,0.86,2.6,0.07362368,0.023462252647356033
2000-07-22,9.32,3.35,4.34,11.0,0.3114848,0.09926337658496784
2000-07-23,16.15,12.07,21.46,13.0,0.3681184,0.11731126323678016
2000-07-24,13.05,5.25,21.02,30.0,0.849504,0.270718299777185
2000-07-25,13.2,8.99,6.23,96.0,2.7184128,0.866298559286992
2000-07-26,5.0,1.42,3.67,183.0,5.1819744,1.6513816286408283
2000-07-27,0.39,2.42,1.06,150.0,4.24752,1.3535914988859248
2000-07-28,0.0,0.0,12.67,98.0,2.7750464,0.8843464459388043
2000-07-29,0.0,14.43,5.49,67.0,1.8972256,0.6046042028357131
2000-07-30,0.22,0.0,1.64,47.0,1.3308896,0.4241253363175898
2000-07-31,7.4,1.72,3.59,32.0,0.9061376,0.2887661864289973
2000-08-01,11.75,5.75,4.05,35.0,0.991088,0.3158380164067158
2000-08-02,8.12,6.93,10.22,59.0,1.6706912,0.5324126562284638
2000-08-03,14.63,2.45,6.49,71.0,2.0104928,0.6406999761393378
2000-08-04,22.75,19.68,32.24,126.0,3.5679168,1.137016859064177
2000-08-05,2.78,0.95,13.99,204.0,5.7766272,1.840884438484858
2000-08-06,0.0,0.0,1.21,168.0,4.7572224,1.5160224787522358
2000-08-07,0.0,0.08,0.0,126.0,3.5679168,1.137016859064177
2000-08-08,0.0,0.48,1.25,89.0,2.5201952,0.8031309560056488
2000-08-09,0.88,0.0,25.54,66.0,1.8689088,0.595580259509807
2000-08-10,0.0,19.19,9.25,88.0,2.4918784,0.7941070126797427
2000-08-11,0.0,25.69,31.29,102.0,2.8883136,0.920442219242429
2000-08-12,0.0,0.32,10.34,206.0,5.8332608,1.8589323251366703
2000-08-13,0.0,0.0,0.0,190.0,5.380192,1.7145492319221716
2000-08-14,0.0,0.0,0.0,158.0,4.4740544,1.4257830454931744
2000-08-15,0.0,0.0,0.0,130.0,3.681184,1.1731126323678016
2000-08-16,0.0,0.0,0.0,99.0,2.8033632,0.8933703892647106
2000-08-17,0.0,0.0,0.0,74.0,2.0954432,0.6677718061170563
2000-08-18,0.0,2.33,0.07,53.0,1.5007904,0.4782689962730268
2000-08-19,0.0,1.71,0.02,38.0,1.0760384,0.34290984638443434
2000-08-20,0.0,8.98,11.54,35.0,0.991088,0.3158380164067158
2000-08-21,0.99,5.74,5.56,30.0,0.849504,0.270718299777185
2000-08-22,0.0,0.01,0.57,29.0,0.8211872,0.2616943564512788
2000-08-23,0.0,0.0,0.0,29.0,0.8211872,0.2616943564512788
2000-08-24,0.0,0.0,0.0,23.0,0.6512864,0.20755069649584185
2000-08-25,0.0,15.7,4.46,16.0,0.4530688,0.14438309321449866
2000-08-26,0.0,0.26,1.49,12.0,0.3398016,0.108287319910874
2000-08-27,0.0,0.0,5.74,9.1,0.25768288,0.08211788426574612
2000-08-28,0.0,3.06,1.91,7.2,0.20388096,0.06497239194652439
2000-08-29,0.0,0.0,0.0,6.6,0.18689087999999998,0.05955802595098069
2000-08-30,0.0,0.0,0.0,5.4,0.15291072,0.0487292939598933
2000-08-31,0.0,0.28,1.12,4.4,0.12459392000000001,0.039705350633987134
2000-09-01,28.03,10.16,18.67,3.8,0.10760383999999999,0.03429098463844343
2000-09-02,19.97,9.92,7.84,3.5,0.0991088,0.03158380164067158
2000-09-03,0.0,0.23,1.4,5.0,0.141584,0.04511971662953083
2000-09-04,18.87,0.88,7.38,9.9,0.28033632,0.08933703892647106
2000-09-05,27.29,25.56,20.2,33.0,0.9344544,0.2977901297549035
2000-09-06,59.25,47.05,56.21,654.0,18.5191872,5.901658935142633
2000-09-07,35.49,2.13,17.29,2030.0,57.483104,18.318604951589517
2000-09-08,0.0,0.02,0.18,2220.0,62.863296,20.033154183511687
2000-09-09,0.0,0.0,1.81,1670.0,47.289056,15.069985354263299
2000-09-10,0.0,0.34,2.18,1080.0,30.582144,9.745858791978659
2000-09-11,0.0,0.0,0.56,697.0,19.7368096,6.289688498156599
2000-09-12,0.0,0.0,0.01,488.0,13.818598399999999,4.403684343042209
2000-09-13,0.0,0.0,0.0,345.0,9.769296,3.1132604474376278
2000-09-14,0.0,0.09,0.02,249.0,7.0508831999999995,2.2469618881506355
2000-09-15,0.0,0.15,0.44,181.0,5.1253408,1.6333337419890162
2000-09-16,0.0,0.0,1.06,134.0,3.7944512,1.2092084056714263
2000-09-17,18.62,3.83,11.51,100.0,2.83168,0.9023943325906166
2000-09-18,17.53,6.04,4.71,114.0,3.2281152,1.028729539153303
2000-09-19,0.0,0.0,0.33,115.0,3.2564319999999998,1.037753482479209
2000-09-20,0.0,0.03,0.16,100.0,2.83168,0.9023943325906166
2000-09-21,3.31,5.04,32.07,94.0,2.6617792,0.8482506726351796
2000-09-22,111.2,46.49,121.26,2430.0,68.809824,21.928182281951987
2000-09-23,18.15,6.7,39.94,6610.0,187.174048,59.64826538423976
2000-09-24,0.0,0.17,1.87,4620.0,130.823616,41.69061816568649
2000-09-25,0.0,0.01,0.83,3220.0,91.18009599999999,29.057097509417854
2000-09-26,8.07,1.4,0.27,2150.0,60.881119999999996,19.401478150698257
2000-09-27,0.0,0.0,0.03,1350.0,38.22768,12.182323489973324
2000-09-28,0.0,0.0,0.0,822.0,23.2764096,7.4176814138948695
2000-09-29,0.0,0.0,0.0,580.0,16.423744,5.233887129025576
2000-09-30,0.0,0.0,0.0,420.0,11.893056,3.79005619688059
2000-10-01,0.0,0.0,0.0,309.0,8.7498912,2.7883984877050056
2000-10-02,0.0,0.0,0.0,229.0,6.4845472,2.066483021632512
2000-10-03,0.0,0.0,0.0,168.0,4.7572224,1.5160224787522358
2000-10-04,0.0,0.0,0.0,125.0,3.5396,1.1279929157382709
2000-10-05,0.0,0.0,0.58,97.0,2.7467296,0.8753225026128981
2000-10-06,13.43,13.71,19.16,85.0,2.406928,0.7670351827020242
2000-10-07,0.0,0.0,6.32,162.0,4.5873216,1.461878818796799
2000-10-08,0.0,0.0,0.0,300.0,8.49504,2.7071829977718496
2000-10-09,0.0,0.0,0.0,280.0,7.928704,2.5267041312537266
2000-10-10,0.0,0.0,0.0,208.0,5.8898944,1.8769802117884826
2000-10-11,0.0,0.0,0.0,151.0,4.2758367999999995,1.362615442211831
2000-10-12,0.0,0.0,0.0,113.0,3.1997984,1.0197055958273968
2000-10-13,0.0,0.0,0.0,87.0,2.4635616,0.7850830693538364
2000-10-14,0.0,0.0,0.0,69.0,1.9538592,0.6226520894875255
2000-10-15,0.0,0.0,0.0,54.0,1.5291071999999999,0.48729293959893294
2000-10-16,0.0,0.0,0.0,43.0,1.2176224,0.38802956301396513
2000-10-17,0.0,0.0,0.0,34.0,0.9627711999999999,0.30681407308080966
2000-10-18,0.0,0.0,0.0,27.0,0.7645535999999999,0.24364646979946647
2000-10-19,0.0,0.0,0.0,22.0,0.6229696,0.19852675316993568
2000-10-20,0.0,0.0,0.0,18.0,0.5097024,0.162430979866311
2000-10-21,0.0,0.0,0.0,15.0,0.424752,0.1353591498885925
2000-10-22,0.0,0.0,0.0,13.0,0.3681184,0.11731126323678016
2000-10-23,0.0,0.0,0.0,11.0,0.3114848,0.09926337658496784
2000-10-24,0.0,0.0,0.0,9.5,0.2690096,0.08572746159610858
2000-10-25,0.0,0.0,0.0,8.4,0.23786112,0.0758011239376118
2000-10-26,0.0,0.0,0.0,7.4,0.20954432,0.06677718061170564
2000-10-27,0.0,0.0,0.0,6.7,0.18972256,0.06046042028357132
2000-10-28,0.0,0.0,0.0,6.1,0.17273248,0.05504605428802761
2000-10-29,0.0,0.0,0.0,5.5,0.1557424,0.04963168829248392
2000-10-30,0.0,0.0,0.0,5.1,0.14441568,0.04602211096212144
2000-10-31,0.0,0.0,0.0,4.7,0.13308896,0.04241253363175898
2000-11-01,0.0,0.0,0.0,4.5,0.1274256,0.04060774496657775
2000-11-02,0.0,0.0,0.0,4.3,0.12176224,0.03880295630139651
2000-11-03,0.0,0.0,0.0,4.1,0.11609887999999999,0.03699816763621528
2000-11-04,0.0,0.0,0.0,4.0,0.1132672,0.036095773303624665
2000-11-05,0.0,0.0,0.0,3.8,0.10760383999999999,0.03429098463844343
2000-11-06,0.0,0.0,0.0,3.7,0.10477216,0.03338859030585282
2000-11-07,0.0,0.0,0.0,3.7,0.10477216,0.03338859030585282
2000-11-08,0.0,0.0,0.71,3.7,0.10477216,0.03338859030585282
2000-11-09,11.03,6.75,7.0,4.0,0.1132672,0.036095773303624665
2000-11-10,0.0,0.09,2.26,4.3,0.12176224,0.03880295630139651
2000-11-11,0.0,0.0,0.0,4.2,0.11893056,0.0379005619688059
2000-11-12,0.0,0.0,0.33,4.2,0.11893056,0.0379005619688059
2000-11-13,0.0,0.0,2.52,4.4,0.12459392000000001,0.039705350633987134
2000-11-14,7.71,3.33,1.63,4.5,0.1274256,0.04060774496657775
2000-11-15,0.0,0.0,0.35,4.3,0.12176224,0.03880295630139651
2000-11-16,4.42,0.0,4.5,4.3,0.12176224,0.03880295630139651
2000-11-17,9.98,5.61,5.98,4.5,0.1274256,0.04060774496657775
2000-11-18,2.7,2.05,4.93,5.1,0.14441568,0.04602211096212144
2000-11-19,12.34,7.28,7.14,5.5,0.1557424,0.04963168829248392
2000-11-20,6.61,0.2,2.0,6.4,0.18122752,0.057753237285799466
2000-11-21,0.0,0.0,0.0,6.6,0.18689087999999998,0.05955802595098069
2000-11-22,0.0,0.0,0.0,6.4,0.18122752,0.057753237285799466
2000-11-23,0.0,0.02,5.93,5.7,0.16140576,0.05143647695766515
2000-11-24,51.31,3.77,20.03,5.8,0.16423743999999998,0.05233887129025576
2000-11-25,55.75,9.13,9.48,19.0,0.5380192,0.17145492319221717
2000-11-26,0.0,0.0,1.15,25.0,0.70792,0.22559858314765416
2000-11-27,0.0,0.0,0.0,22.0,0.6229696,0.19852675316993568
2000-11-28,0.0,0.0,0.0,21.0,0.5946528,0.18950280984402948
2000-11-29,0.0,0.0,0.0,17.0,0.48138559999999997,0.15340703654040483
2000-11-30,0.0,0.0,0.0,13.0,0.3681184,0.11731126323678016
2000-12-01,0.0,0.0,0.04,11.0,0.3114848,0.09926337658496784
2000-12-02,0.0,0.0,0.01,9.6,0.27184127999999996,0.08662985592869918
2000-12-03,0.0,0.0,0.0,8.4,0.23786112,0.0758011239376118
2000-12-04,0.0,0.0,0.0,7.5,0.212376,0.06767957494429624
2000-12-05,0.0,0.0,0.0,6.7,0.18972256,0.06046042028357132
2000-12-06,0.0,0.0,0.0,6.0,0.1699008,0.054143659955437
2000-12-07,0.0,0.0,0.0,5.5,0.1557424,0.04963168829248392
2000-12-08,0.0,0.0,0.0,5.0,0.141584,0.04511971662953083
2000-12-09,0.0,0.0,5.94,4.7,0.13308896,0.04241253363175898
2000-12-10,5.75,2.21,1.98,4.4,0.12459392000000001,0.039705350633987134
2000-12-11,0.0,0.0,0.1,4.2,0.11893056,0.0379005619688059
2000-12-12,0.0,0.12,0.03,4.0,0.1132672,0.036095773303624665
2000-12-13,0.0,0.25,0.57,3.9,0.11043552,0.03519337897103405
2000-12-14,7.72,4.82,2.62,4.0,0.1132672,0.036095773303624665
2000-12-15,2.59,0.07,4.18,7.2,0.20388096,0.06497239194652439
2000-12-16,1.59,0.15,4.21,12.0,0.3398016,0.108287319910874
2000-12-17,0.0,6.32,1.52,18.0,0.5097024,0.162430979866311
2000-12-18,0.0,0.0,1.79,21.0,0.5946528,0.18950280984402948
2000-12-19,3.98,2.43,2.89,17.0,0.48138559999999997,0.15340703654040483
2000-12-20,0.0,0.0,1.27,17.0,0.48138559999999997,0.15340703654040483
2000-12-21,0.0,0.0,1.13,15.0,0.424752,0.1353591498885925
2000-12-22,3.0,0.83,0.32,14.0,0.3964352,0.12633520656268632
2000-12-23,0.0,0.0,0.0,13.0,0.3681184,0.11731126323678016
2000-12-24,0.0,0.0,0.0,12.0,0.3398016,0.108287319910874
2000-12-25,0.0,0.0,0.0,11.0,0.3114848,0.09926337658496784
2000-12-26,0.0,0.0,1.06,9.8,0.27750464,0.08843464459388044
2000-12-27,0.0,0.0,13.06,8.7,0.24635615999999996,0.07850830693538363
2000-12-28,26.29,28.0,21.53,19.0,0.5380192,0.17145492319221717
2000-12-29,16.63,0.25,5.76,72.0,2.0388096,0.649723919465244
2000-12-30,0.0,0.0,0.0,88.0,2.4918784,0.7941070126797427
2000-12-31,8.32,0.0,0.0,92.0,2.6051456,0.8302027859833674
2001-01-01,0.0,0.0,0.0,85.0,2.406928,0.7670351827020242
2001-01-02,0.0,0.0,0.0,74.0,2.0954432,0.6677718061170563
2001-01-03,0.0,0.0,0.0,63.0,1.7839584,0.5685084295320885
2001-01-04,0.0,0.0,0.0,57.0,1.6140576,0.5143647695766514
2001-01-05,0.0,0.0,0.0,51.0,1.4441568,0.4602211096212145
2001-01-06,0.0,0.0,0.0,46.0,1.3025728,0.4151013929916837
2001-01-07,0.0,0.0,0.45,42.0,1.1893056,0.37900561968805896
2001-01-08,5.64,2.14,2.29,38.0,1.0760384,0.34290984638443434
2001-01-09,0.0,0.0,0.71,36.0,1.0194048,0.324861959732622
2001-01-10,0.0,0.0,0.59,32.0,0.9061376,0.2887661864289973
2001-01-11,6.74,1.0,9.64,30.0,0.849504,0.270718299777185
2001-01-12,0.0,3.79,3.15,43.0,1.2176224,0.38802956301396513
2001-01-13,0.0,0.0,0.0,59.0,1.6706912,0.5324126562284638
2001-01-14,0.0,0.0,0.0,63.0,1.7839584,0.5685084295320885
2001-01-15,0.0,0.0,0.0,61.0,1.7273247999999999,0.5504605428802761
2001-01-16,0.0,0.11,0.0,56.0,1.5857408,0.5053408262507453
2001-01-17,0.0,0.01,0.0,50.0,1.41584,0.4511971662953083
2001-01-18,0.0,0.0,0.44,45.0,1.274256,0.4060774496657775
2001-01-19,12.04,4.98,11.87,41.0,1.1609888,0.3699816763621528
2001-01-20,12.03,2.26,4.38,55.0,1.557424,0.4963168829248391
2001-01-21,0.0,0.0,0.16,72.0,2.0388096,0.649723919465244
2001-01-22,0.0,0.0,0.0,74.0,2.0954432,0.6677718061170563
2001-01-23,0.0,0.0,0.0,70.0,1.982176,0.6316760328134317
2001-01-24,0.0,0.0,0.0,63.0,1.7839584,0.5685084295320885
2001-01-25,0.0,0.0,0.0,56.0,1.5857408,0.5053408262507453
2001-01-26,0.0,0.0,0.0,49.0,1.3875232,0.44217322296940215
2001-01-27,0.0,0.0,0.0,44.0,1.2459392,0.39705350633987135
2001-01-28,0.0,0.0,0.57,39.0,1.1043552,0.3519337897103405
2001-01-29,0.0,0.0,3.32,35.0,0.991088,0.3158380164067158
2001-01-30,11.0,8.44,7.23,39.0,1.1043552,0.3519337897103405
2001-01-31,10.86,6.07,10.1,57.0,1.6140576,0.5143647695766514
2001-02-01,5.56,0.8,3.32,81.0,2.2936608,0.7309394093983995
2001-02-02,4.63,1.0,0.95,104.0,2.9449472,0.9384901058942413
2001-02-03,0.0,0.12,0.56,107.0,3.0298976,0.9655619358719598
2001-02-04,1.81,0.22,0.49,100.0,2.83168,0.9023943325906166
2001-02-05,0.0,0.0,0.13,92.0,2.6051456,0.8302027859833674
2001-02-06,0.0,0.0,0.0,82.0,2.3219776,0.7399633527243056
2001-02-07,0.0,0.03,0.0,71.0,2.0104928,0.6406999761393378
2001-02-08,0.0,0.0,0.0,61.0,1.7273247999999999,0.5504605428802761
2001-02-09,0.0,0.01,1.47,53.0,1.5007904,0.4782689962730268
2001-02-10,5.0,3.24,1.96,47.0,1.3308896,0.4241253363175898
2001-02-11,0.0,0.0,0.49,44.0,1.2459392,0.39705350633987135
2001-02-12,0.0,0.0,0.0,41.0,1.1609888,0.3699816763621528
2001-02-13,0.0,0.0,0.0,37.0,1.0477216,0.33388590305852817
2001-02-14,0.0,0.02,0.0,34.0,0.9627711999999999,0.30681407308080966
2001-02-15,0.0,0.08,0.04,31.0,0.8778208,0.27974224310309115
2001-02-16,0.0,0.5,0.53,29.0,0.8211872,0.2616943564512788
2001-02-17,2.0,0.69,0.34,26.0,0.7362368,0.23462252647356033
2001-02-18,0.0,0.0,0.06,23.0,0.6512864,0.20755069649584185
2001-02-19,0.0,0.0,0.0,20.0,0.566336,0.1804788665181233
2001-02-20,0.0,0.0,0.0,17.0,0.48138559999999997,0.15340703654040483
2001-02-21,0.0,0.0,0.0,15.0,0.424752,0.1353591498885925
2001-02-22,0.02,1.47,2.32,14.0,0.3964352,0.12633520656268632
2001-02-23,0.0,0.0,0.77,19.0,0.5380192,0.17145492319221717
2001-02-24,0.0,0.0,0.46,17.0,0.48138559999999997,0.15340703654040483
2001-02-25,0.0,0.0,0.77,16.0,0.4530688,0.14438309321449866
2001-02-26,0.72,1.25,0.21,15.0,0.424752,0.1353591498885925
2001-02-27,0.0,0.03,0.0,14.0,0.3964352,0.12633520656268632
2001-02-28,0.0,1.56,2.16,12.0,0.3398016,0.108287319910874
2001-03-01,5.72,8.54,7.29,15.0,0.424752,0.1353591498885925
2001-03-02,4.1,0.29,3.3,17.0,0.48138559999999997,0.15340703654040483
2001-03-03,0.0,0.82,13.88,16.0,0.4530688,0.14438309321449866
2001-03-04,30.12,22.59,12.48,30.0,0.849504,0.270718299777185
2001-03-05,0.0,0.0,2.66,41.0,1.1609888,0.3699816763621528
2001-03-06,0.0,0.0,0.0,39.0,1.1043552,0.3519337897103405
2001-03-07,0.0,0.0,0.0,34.0,0.9627711999999999,0.30681407308080966
2001-03-08,0.0,0.0,0.51,27.0,0.7645535999999999,0.24364646979946647
2001-03-09,0.0,9.13,12.0,29.0,0.8211872,0.2616943564512788
2001-03-10,3.06,0.1,3.94,99.0,2.8033632,0.8933703892647106
2001-03-11,0.0,0.0,0.7,136.0,3.8510847999999998,1.2272562923232386
2001-03-12,50.19,1.41,26.99,161.0,4.5590048,1.452854875470893
2001-03-13,43.71,37.83,10.84,612.0,17.3298816,5.522653315454574
2001-03-14,6.19,0.03,14.97,1000.0,28.3168,9.023943325906167
2001-03-15,25.91,32.82,10.96,1200.0,33.98016,10.828731991087398
2001-03-16,0.0,0.01,3.26,1450.0,41.05936,13.08471782256394
2001-03-17,17.14,0.67,12.0,1280.0,36.245504,11.550647457159892
2001-03-18,16.33,11.02,11.28,1070.0,30.298976,9.655619358719598
2001-03-19,17.84,2.86,18.94,989.0,28.0053152,8.924679949321199
2001-03-20,26.24,24.12,12.34,1080.0,30.582144,9.745858791978659
2001-03-21,0.0,0.17,2.28,1410.0,39.926688,12.723760089527694
2001-03-22,0.0,0.0,0.0,1510.0,42.758368,13.62615442211831
2001-03-23,0.0,0.0,0.0,1250.0,35.396,11.279929157382709
2001-03-24,0.0,0.02,0.62,923.0,26.1364064,8.329099689811391
2001-03-25,8.07,4.06,3.8,704.0,19.9350272,6.352856101437942
2001-03-26,0.0,0.0,1.2,586.0,16.5936448,5.288030788981014
2001-03-27,0.0,0.0,1.84,474.0,13.4221632,4.277349136479523
2001-03-28,18.75,0.0,9.24,369.0,10.4488992,3.3298350872593754
2001-03-29,25.75,26.59,24.32,453.0,12.8275104,4.087846326635494
2001-03-30,8.45,1.91,7.24,602.0,17.0467136,5.432413882195513
2001-03-31,0.0,0.29,0.03,587.0,16.6219616,5.297054732306919
2001-04-01,0.0,0.01,0.0,519.0,14.6964192,4.6834265861453
2001-04-02,0.0,0.0,0.05,417.0,11.8081056,3.762984366902871
2001-04-03,2.72,0.02,6.16,328.0,9.2879104,2.9598534108972223
2001-04-04,11.33,14.53,12.51,284.0,8.0419712,2.5627999045573513
2001-04-05,0.0,0.0,3.49,272.0,7.7021695999999995,2.4545125846464773
2001-04-06,0.0,0.08,0.0,242.0,6.8526656,2.1837942848692924
2001-04-07,0.0,0.0,0.0,207.0,5.8615775999999995,1.8679562684625763
2001-04-08,0.0,0.0,0.0,169.0,4.7855392,1.5250464220781421
2001-04-09,0.0,0.0,0.0,136.0,3.8510847999999998,1.2272562923232386
2001-04-10,0.0,0.0,0.0,110.0,3.114848,0.9926337658496782
2001-04-11,0.0,0.03,0.0,90.0,2.548512,0.812154899331555
2001-04-12,0.0,0.05,0.0,74.0,2.0954432,0.6677718061170563
2001-04-13,0.0,0.0,0.0,60.0,1.699008,0.54143659955437
2001-04-14,0.0,3.03,6.06,48.0,1.3592064,0.433149279643496
2001-04-15,0.0,0.75,3.08,47.0,1.3308896,0.4241253363175898
2001-04-16,0.0,0.8,0.35,57.0,1.6140576,0.5143647695766514
2001-04-17,0.0,0.0,0.0,64.0,1.8122752,0.5775323728579946
2001-04-18,0.0,0.0,0.0,55.0,1.557424,0.4963168829248391
2001-04-19,0.0,0.0,0.0,46.0,1.3025728,0.4151013929916837
2001-04-20,0.0,0.0,0.0,38.0,1.0760384,0.34290984638443434
2001-04-21,0.0,0.0,0.0,31.0,0.8778208,0.27974224310309115
2001-04-22,0.0,0.0,0.0,26.0,0.7362368,0.23462252647356033
2001-04-23,0.0,0.0,1.76,21.0,0.5946528,0.18950280984402948
2001-04-24,0.0,0.06,0.77,18.0,0.5097024,0.162430979866311
2001-04-25,4.13,1.19,0.99,15.0,0.424752,0.1353591498885925
2001-04-26,0.0,0.0,0.31,13.0,0.3681184,0.11731126323678016
2001-04-27,0.0,0.0,0.0,11.0,0.3114848,0.09926337658496784
2001-04-28,0.0,0.0,0.0,8.9,0.25201952,0.08031309560056488
2001-04-29,0.0,0.0,0.0,7.4,0.20954432,0.06677718061170564
2001-04-30,0.0,0.0,0.0,6.1,0.17273248,0.05504605428802761
2001-05-01,0.0,0.0,0.0,5.2,0.14724736,0.046924505294712066
2001-05-02,0.0,0.0,0.37,4.5,0.1274256,0.04060774496657775
2001-05-03,0.0,0.18,0.12,3.9,0.11043552,0.03519337897103405
2001-05-04,0.0,0.0,0.0,3.5,0.0991088,0.03158380164067158
2001-05-05,0.0,0.0,0.0,3.1,0.08778208,0.027974224310309114
2001-05-06,0.0,0.0,0.0,2.9,0.08211871999999999,0.02616943564512788
2001-05-07,0.0,0.0,0.0,2.7,0.07645536,0.02436464697994665
2001-05-08,0.0,0.0,0.0,2.6,0.07362368,0.023462252647356033
2001-05-09,0.0,0.0,0.14,2.5,0.070792,0.022559858314765414
2001-05-10,0.0,0.0,0.05,2.4,0.06796031999999999,0.021657463982174795
2001-05-11,0.0,2.07,0.0,2.4,0.06796031999999999,0.021657463982174795
2001-05-12,0.0,0.28,6.19,2.4,0.06796031999999999,0.021657463982174795
2001-05-13,0.0,4.09,2.06,2.5,0.070792,0.022559858314765414
2001-05-14,0.0,0.0,0.0,2.3,0.06512863999999999,0.02075506964958418
2001-05-15,0.0,0.0,0.0,2.3,0.06512863999999999,0.02075506964958418
2001-05-16,0.0,0.0,0.0,2.2,0.062296960000000005,0.019852675316993567
2001-05-17,0.0,0.0,0.0,2.2,0.062296960000000005,0.019852675316993567
2001-05-18,0.0,0.0,0.0,2.0,0.0566336,0.018047886651812332
2001-05-19,0.0,0.38,0.02,2.0,0.0566336,0.018047886651812332
2001-05-20,11.3,11.84,10.46,2.1,0.05946528,0.01895028098440295
2001-05-21,0.0,0.07,3.99,2.6,0.07362368,0.023462252647356033
2001-05-22,0.0,1.22,0.44,2.3,0.06512863999999999,0.02075506964958418
2001-05-23,0.0,1.11,0.09,2.2,0.062296960000000005,0.019852675316993567
2001-05-24,0.0,0.01,0.0,2.0,0.0566336,0.018047886651812332
2001-05-25,0.0,0.0,0.0,2.0,0.0566336,0.018047886651812332
2001-05-26,0.0,0.0,0.0,1.9,0.053801919999999996,0.017145492319221713
2001-05-27,0.0,0.0,0.0,1.8,0.05097024,0.016243097986631098
2001-05-28,0.0,5.65,3.22,1.9,0.053801919999999996,0.017145492319221713
2001-05-29,51.18,6.26,11.01,2.3,0.06512863999999999,0.02075506964958418
2001-05-30,0.0,1.77,3.5,2.7,0.07645536,0.02436464697994665
2001-05-31,0.0,1.3,4.12,2.4,0.06796031999999999,0.021657463982174795
2001-06-01,7.68,4.81,7.39,3.1,0.08778208,0.027974224310309114
2001-06-02,0.0,0.02,2.02,3.6,0.10194048,0.032486195973262195
2001-06-03,0.0,0.0,0.86,2.8,0.07928703999999999,0.025267041312537264
2001-06-04,0.0,2.47,2.72,2.4,0.06796031999999999,0.021657463982174795
2001-06-05,0.0,0.72,0.81,2.3,0.06512863999999999,0.02075506964958418
2001-06-06,19.57,12.43,12.25,2.2,0.062296960000000005,0.019852675316993567
2001-06-07,5.3,6.56,8.4,2.1,0.05946528,0.01895028098440295
2001-06-08,12.62,15.0,10.33,2.5,0.070792,0.022559858314765414
2001-06-09,16.58,10.95,14.44,3.0,0.0849504,0.0270718299777185
2001-06-10,14.86,7.51,10.03,2.9,0.08211871999999999,0.02616943564512788
2001-06-11,88.93,40.27,114.01,4.8,0.13592063999999998,0.04331492796434959
2001-06-12,59.54,64.26,58.97,87.0,2.4635616,0.7850830693538364
2001-06-13,0.0,4.75,7.53,447.0,12.6576096,4.033702666680057
2001-06-14,10.1,8.56,1.77,781.0,22.1154208,7.0476997375327155
2001-06-15,0.0,0.0,0.56,634.0,17.9528512,5.72118006862451
2001-06-16,0.0,4.56,4.64,413.0,11.6948384,3.726888593599247
2001-06-17,1.06,0.08,1.76,292.0,8.2685056,2.6349914511646
2001-06-18,0.0,0.39,0.72,221.0,6.2580127999999995,1.9942914750252627
2001-06-19,0.0,1.71,0.61,172.0,4.8704896,1.5521182520558605
2001-06-20,8.17,1.01,3.4,132.0,3.7378176,1.191160519019614
2001-06-21,0.0,0.22,3.65,133.0,3.7661344,1.20018446234552
2001-06-22,26.45,13.39,21.77,135.0,3.822768,1.2182323489973323
2001-06-23,14.92,13.15,8.91,489.0,13.8469152,4.412708286368115
2001-06-24,0.0,0.29,0.65,544.0,15.404339199999999,4.9090251692929545
2001-06-25,0.0,0.0,0.0,523.0,14.8096864,4.719522359448925
2001-06-26,0.0,0.0,0.0,424.0,12.0063232,3.8261519701842146
2001-06-27,0.0,1.06,7.66,329.0,9.3162272,2.9688773542231286
2001-06-28,12.48,0.34,6.38,253.0,7.1641504,2.28305766145426
2001-06-29,12.71,4.23,8.35,199.0,5.6350432,1.7957647218553272
2001-06-30,15.66,4.61,6.93,301.0,8.5233568,2.7162069410977563
2001-07-01,12.87,1.65,1.62,422.0,11.9496896,3.808104083532402
2001-07-02,0.0,0.43,0.66,341.0,9.6560288,3.0771646741340026
2001-07-03,15.39,4.66,10.52,256.0,7.2491008,2.3101294914319785
2001-07-04,5.87,0.13,4.85,209.0,5.9182112,1.8860041551143887
2001-07-05,0.0,1.12,0.98,203.0,5.7483104,1.8318604951589519
2001-07-06,11.69,5.32,11.99,249.0,7.0508831999999995,2.2469618881506355
2001-07-07,0.0,0.75,4.09,320.0,9.061376,2.887661864289973
2001-07-08,0.0,1.54,0.49,276.0,7.8154368,2.490608357950102
2001-07-09,0.0,0.41,4.16,212.0,6.0031616,1.9130759850921073
2001-07-10,23.11,26.28,19.69,250.0,7.0792,2.2559858314765417
2001-07-11,23.52,2.36,8.83,676.0,19.1421568,6.1001856883125685
2001-07-12,12.9,7.27,1.0,693.0,19.623542399999998,6.253592724852973
2001-07-13,0.0,1.83,1.13,723.0,20.4730464,6.524311024630158
2001-07-14,0.0,1.04,1.12,605.0,17.131664,5.4594857121732305
2001-07-15,0.0,0.84,0.25,480.0,13.592064,4.33149279643496
2001-07-16,0.0,0.0,0.0,365.0,10.335632,3.2937393139557507
2001-07-17,0.0,0.0,0.31,273.0,7.7304864,2.4635365279723835
2001-07-18,0.0,0.76,3.22,204.0,5.7766272,1.840884438484858
2001-07-19,12.14,3.52,7.2,165.0,4.6722719999999995,1.4889506487745172
2001-07-20,0.0,0.44,5.85,150.0,4.24752,1.3535914988859248
2001-07-21,12.71,5.36,1.32,133.0,3.7661344,1.20018446234552
2001-07-22,0.0,0.12,0.02,111.0,3.1431648,1.0016577091755845
2001-07-23,0.0,0.09,2.71,86.0,2.4352448,0.7760591260279303
2001-07-24,34.67,18.29,24.05,130.0,3.681184,1.1731126323678016
2001-07-25,21.47,8.04,9.17,324.0,9.1746432,2.923757637593598
2001-07-26,5.46,11.15,2.95,361.0,10.2223648,3.257643540652126
2001-07-27,6.4,1.04,2.82,359.0,10.1657312,3.2395956540003135
2001-07-28,5.61,3.01,6.6,319.0,9.0330592,2.878637920964067
2001-07-29,3.95,0.44,2.55,336.0,9.5144448,3.0320449575044717
2001-07-30,4.18,3.65,5.59,312.0,8.8348416,2.815470317682724
2001-07-31,18.36,25.76,16.68,391.0,11.0718688,3.5283618404293113
2001-08-01,3.85,7.12,7.65,1190.0,33.696992,10.738492557828339
2001-08-02,3.8,4.75,8.0,1410.0,39.926688,12.723760089527694
2001-08-03,10.57,0.79,4.13,1390.0,39.360352,12.54328122300957
2001-08-04,0.05,0.19,18.55,1150.0,32.56432,10.377534824792091
2001-08-05,58.45,20.17,47.13,933.0,26.4195744,8.419339123070452
2001-08-06,65.08,40.47,30.16,1550.0,43.89104,13.987112155154557
2001-08-07,18.58,6.62,10.36,3250.0,92.0296,29.32781580919504
2001-08-08,1.21,2.36,2.67,3140.0,88.914752,28.33518204334536
2001-08-09,0.0,0.05,0.35,2380.0,67.393984,21.476985115656678
2001-08-10,0.0,12.55,10.47,1590.0,45.023711999999996,14.348069888190803
2001-08-11,9.98,1.43,5.63,1080.0,30.582144,9.745858791978659
2001-08-12,5.07,1.93,6.62,899.0,25.4568032,8.112525049989644
2001-08-13,8.34,0.0,3.2,792.0,22.4269056,7.146963114117685
2001-08-14,5.67,2.44,6.19,712.0,20.1615616,6.42504764804519
2001-08-15,0.0,0.19,3.17,642.0,18.1793856,5.7933716152317585
2001-08-16,5.5,0.85,8.68,569.0,16.1122592,5.134623752440609
2001-08-17,0.0,0.42,7.37,513.0,14.5265184,4.629282926189863
2001-08-18,8.08,3.13,4.89,407.0,11.5249376,3.6727449336438096
2001-08-19,11.63,2.59,9.97,362.0,10.2506816,3.2666674839780323
2001-08-20,0.0,0.09,2.95,341.0,9.6560288,3.0771646741340026
2001-08-21,0.0,0.0,0.0,304.0,8.6083072,2.7432787710754747
2001-08-22,0.0,0.0,0.0,249.0,7.0508831999999995,2.2469618881506355
2001-08-23,0.0,0.0,0.0,197.0,5.5784096,1.7777168352035146
2001-08-24,0.0,0.0,0.0,153.0,4.3324704,1.3806633288636434
2001-08-25,0.0,0.0,0.0,119.0,3.3696992,1.0738492557828339
2001-08-26,0.0,0.04,0.0,94.0,2.6617792,0.8482506726351796
2001-08-27,0.0,0.1,0.0,75.0,2.12376,0.6767957494429624
2001-08-28,0.0,0.1,0.0,59.0,1.6706912,0.5324126562284638
2001-08-29,0.0,1.16,0.0,46.0,1.3025728,0.4151013929916837
2001-08-30,0.0,0.24,0.16,35.0,0.991088,0.3158380164067158
2001-08-31,0.98,3.23,4.31,28.0,0.7928704,0.25267041312537264
2001-09-01,16.57,3.4,7.22,31.0,0.8778208,0.27974224310309115
2001-09-02,14.24,16.18,20.45,75.0,2.12376,0.6767957494429624
2001-09-03,9.82,20.01,21.09,154.0,4.3607872,1.3896872721895497
2001-09-04,15.6,10.98,22.66,205.0,5.804944,1.849908381810764
2001-09-05,0.0,0.07,5.92,320.0,9.061376,2.887661864289973
2001-09-06,12.97,13.53,20.5,364.0,10.3073152,3.2847153706298444
2001-09-07,0.0,0.05,7.71,408.0,11.5532544,3.681768876969716
2001-09-08,0.0,0.11,0.41,418.0,11.8364224,3.7720083102287774
2001-09-09,0.0,0.02,0.04,362.0,10.2506816,3.2666674839780323
2001-09-10,0.0,0.09,0.39,327.0,9.2595936,2.9508294675713165
2001-09-11,5.21,0.91,3.04,281.0,7.9570208,2.5357280745796325
2001-09-12,0.0,0.26,1.8,282.0,7.9853376,2.544752017905539
2001-09-13,2.42,3.08,0.65,280.0,7.928704,2.5267041312537266
2001-09-14,0.0,0.01,1.84,234.0,6.6261312,2.111602738262043
2001-09-15,0.0,0.0,0.57,180.0,5.097024,1.62430979866311
2001-09-16,0.0,0.0,0.0,132.0,3.7378176,1.191160519019614
2001-09-17,0.0,0.0,1.42,96.0,2.7184128,0.866298559286992
2001-09-18,0.0,0.01,0.47,72.0,2.0388096,0.649723919465244
2001-09-19,0.0,0.0,0.94,53.0,1.5007904,0.4782689962730268
2001-09-20,0.0,1.01,3.2,39.0,1.1043552,0.3519337897103405
2001-09-21,0.0,0.05,0.96,31.0,0.8778208,0.27974224310309115
2001-09-22,0.0,2.05,5.22,28.0,0.7928704,0.25267041312537264
2001-09-23,20.65,3.99,16.59,26.0,0.7362368,0.23462252647356033
2001-09-24,41.34,17.79,13.82,36.0,1.0194048,0.324861959732622
2001-09-25,0.0,0.12,9.2,112.0,3.1714816,1.0106816525014906
2001-09-26,0.0,0.0,2.08,140.0,3.964352,1.2633520656268633
2001-09-27,0.0,0.07,0.0,134.0,3.7944512,1.2092084056714263
2001-09-28,0.0,0.0,0.0,109.0,3.0865312,0.9836098225237722
2001-09-29,0.0,0.0,0.0,86.0,2.4352448,0.7760591260279303
2001-09-30,0.0,0.0,0.0,67.0,1.8972256,0.6046042028357131
2001-10-01,0.0,0.0,0.0,53.0,1.5007904,0.4782689962730268
2001-10-02,0.0,0.0,0.0,41.0,1.1609888,0.3699816763621528
2001-10-03,0.0,0.0,0.0,32.0,0.9061376,0.2887661864289973
2001-10-04,0.0,0.0,0.14,24.0,0.6796032,0.216574639821748
2001-10-05,0.0,0.03,0.45,20.0,0.566336,0.1804788665181233
2001-10-06,10.15,18.68,19.25,17.0,0.48138559999999997,0.15340703654040483
2001-10-07,0.0,0.0,6.37,17.0,0.48138559999999997,0.15340703654040483
2001-10-08,0.0,0.0,0.0,24.0,0.6796032,0.216574639821748
2001-10-09,0.0,0.0,0.0,30.0,0.849504,0.270718299777185
2001-10-10,0.0,0.0,0.0,25.0,0.70792,0.22559858314765416
2001-10-11,0.0,0.0,0.14,21.0,0.5946528,0.18950280984402948
2001-10-12,0.0,3.35,3.07,17.0,0.48138559999999997,0.15340703654040483
2001-10-13,0.0,0.23,6.08,15.0,0.424752,0.1353591498885925
2001-10-14,32.91,28.36,23.33,51.0,1.4441568,0.4602211096212145
2001-10-15,0.0,0.27,7.21,76.0,2.1520768,0.6858196927688687
2001-10-16,0.0,0.0,0.0,71.0,2.0104928,0.6406999761393378
2001-10-17,0.0,0.0,0.0,59.0,1.6706912,0.5324126562284638
2001-10-18,0.0,0.0,0.0,46.0,1.3025728,0.4151013929916837
2001-10-19,0.0,0.0,0.0,36.0,1.0194048,0.324861959732622
2001-10-20,0.0,0.0,0.0,30.0,0.849504,0.270718299777185
2001-10-21,0.0,0.0,0.0,24.0,0.6796032,0.216574639821748
2001-10-22,0.0,0.0,0.0,20.0,0.566336,0.1804788665181233
2001-10-23,0.0,0.0,0.0,16.0,0.4530688,0.14438309321449866
2001-10-24,0.0,4.71,14.15,18.0,0.5097024,0.162430979866311
2001-10-25,0.0,0.12,4.72,51.0,1.4441568,0.4602211096212145
2001-10-26,0.0,0.0,0.0,44.0,1.2459392,0.39705350633987135
2001-10-27,0.0,0.0,0.0,34.0,0.9627711999999999,0.30681407308080966
2001-10-28,0.0,0.0,0.0,27.0,0.7645535999999999,0.24364646979946647
2001-10-29,0.0,0.0,0.0,21.0,0.5946528,0.18950280984402948
2001-10-30,0.0,0.0,0.0,16.0,0.4530688,0.14438309321449866
2001-10-31,0.0,0.0,0.0,13.0,0.3681184,0.11731126323678016
2001-11-01,0.0,0.0,0.0,11.0,0.3114848,0.09926337658496784
2001-11-02,0.0,0.0,0.0,9.5,0.2690096,0.08572746159610858
2001-11-03,0.0,0.0,0.0,8.4,0.23786112,0.0758011239376118
2001-11-04,0.0,0.0,0.0,7.4,0.20954432,0.06677718061170564
2001-11-05,0.0,0.0,0.0,6.5,0.1840592,0.05865563161839008
2001-11-06,0.0,0.0,0.0,5.7,0.16140576,0.05143647695766515
2001-11-07,0.0,0.0,0.0,5.2,0.14724736,0.046924505294712066
2001-11-08,0.0,0.0,0.0,4.8,0.13592063999999998,0.04331492796434959
2001-11-09,0.0,0.0,0.0,4.4,0.12459392000000001,0.039705350633987134
2001-11-10,0.0,0.0,0.0,4.1,0.11609887999999999,0.03699816763621528
2001-11-11,0.0,0.0,0.0,3.9,0.11043552,0.03519337897103405
2001-11-12,0.0,0.0,0.18,3.7,0.10477216,0.03338859030585282
2001-11-13,0.0,0.0,0.23,3.5,0.0991088,0.03158380164067158
2001-11-14,0.0,0.42,0.06,3.3,0.09344543999999999,0.029779012975490345
2001-11-15,0.0,0.0,0.0,3.3,0.09344543999999999,0.029779012975490345
2001-11-16,0.0,0.0,0.0,3.2,0.09061376,0.028876618642899733
2001-11-17,0.0,0.0,0.0,3.1,0.08778208,0.027974224310309114
2001-11-18,0.0,0.0,0.0,3.1,0.08778208,0.027974224310309114
2001-11-19,0.0,0.0,0.0,3.1,0.08778208,0.027974224310309114
2001-11-20,0.0,0.0,0.0,3.1,0.08778208,0.027974224310309114
2001-11-21,0.0,0.0,0.0,3.0,0.0849504,0.0270718299777185
2001-11-22,0.0,0.0,4.4,3.0,0.0849504,0.0270718299777185
2001-11-23,33.92,28.41,24.91,6.2,0.17556416,0.05594844862061823
2001-11-24,0.0,0.08,8.15,13.0,0.3681184,0.11731126323678016
2001-11-25,13.59,5.25,2.11,17.0,0.48138559999999997,0.15340703654040483
2001-11-26,0.0,0.03,0.66,20.0,0.566336,0.1804788665181233
2001-11-27,0.0,0.0,0.0,21.0,0.5946528,0.18950280984402948
2001-11-28,0.0,0.0,0.0,17.0,0.48138559999999997,0.15340703654040483
2001-11-29,0.0,0.56,1.37,15.0,0.424752,0.1353591498885925
2001-11-30,6.03,5.49,3.51,14.0,0.3964352,0.12633520656268632
2001-12-01,0.0,0.16,1.02,14.0,0.3964352,0.12633520656268632
2001-12-02,0.0,0.0,0.0,13.0,0.3681184,0.11731126323678016
2001-12-03,0.0,0.0,0.0,12.0,0.3398016,0.108287319910874
2001-12-04,0.0,0.02,0.0,9.8,0.27750464,0.08843464459388044
2001-12-05,0.0,0.02,0.0,8.8,0.24918784000000002,0.07941070126797427
2001-12-06,0.0,0.0,0.17,8.1,0.22936608,0.07309394093983995
2001-12-07,0.0,0.0,0.06,7.5,0.212376,0.06767957494429624
2001-12-08,0.0,0.42,0.79,7.2,0.20388096,0.06497239194652439
2001-12-09,0.0,0.06,0.65,7.3,0.20671264,0.06587478627911501
2001-12-10,3.98,0.01,0.36,7.0,0.1982176,0.06316760328134316
2001-12-11,0.69,0.46,0.33,6.8,0.19255424,0.06136281461616193
2001-12-12,0.0,0.0,0.09,6.4,0.18122752,0.057753237285799466
2001-12-13,0.0,0.0,0.0,6.3,0.17839584,0.05685084295320885
2001-12-14,0.0,0.64,0.0,6.2,0.17556416,0.05594844862061823
2001-12-15,0.0,0.02,0.0,6.0,0.1699008,0.054143659955437
2001-12-16,0.0,0.0,0.63,5.8,0.16423743999999998,0.05233887129025576
2001-12-17,7.0,0.83,4.74,5.8,0.16423743999999998,0.05233887129025576
2001-12-18,0.0,5.04,1.53,6.2,0.17556416,0.05594844862061823
2001-12-19,0.0,0.0,0.0,6.5,0.1840592,0.05865563161839008
2001-12-20,0.0,0.0,0.0,6.9,0.19538592000000002,0.06226520894875255
2001-12-21,0.0,0.0,0.0,6.5,0.1840592,0.05865563161839008
2001-12-22,0.0,0.0,4.26,6.2,0.17556416,0.05594844862061823
2001-12-23,31.84,12.36,8.14,8.0,0.2265344,0.07219154660724933
2001-12-24,0.0,2.4,2.62,22.0,0.6229696,0.19852675316993568
2001-12-25,0.0,0.0,0.13,19.0,0.5380192,0.17145492319221717
2001-12-26,0.0,0.0,0.0,15.0,0.424752,0.1353591498885925
2001-12-27,0.0,0.0,0.0,13.0,0.3681184,0.11731126323678016
2001-12-28,0.0,0.0,0.0,11.0,0.3114848,0.09926337658496784
2001-12-29,0.0,0.02,0.0,10.0,0.283168,0.09023943325906165
2001-12-30,0.0,0.0,0.0,9.1,0.25768288,0.08211788426574612
2001-12-31,0.0,0.0,0.06,8.2,0.23219775999999998,0.07399633527243056
2002-01-01,26.18,0.67,2.97,7.5,0.212376,0.06767957494429624
2002-01-02,19.01,14.48,13.16,18.0,0.5097024,0.162430979866311
2002-01-03,0.14,0.09,4.15,39.0,1.1043552,0.3519337897103405
2002-01-04,0.0,0.0,0.03,42.0,1.1893056,0.37900561968805896
2002-01-05,0.0,0.0,3.73,41.0,1.1609888,0.3699816763621528
2002-01-06,15.52,11.45,7.74,43.0,1.2176224,0.38802956301396513
2002-01-07,1.42,0.08,2.17,59.0,1.6706912,0.5324126562284638
2002-01-08,0.0,0.0,0.0,76.0,2.1520768,0.6858196927688687
2002-01-09,0.0,0.0,0.0,78.0,2.2087104,0.703867579420681
2002-01-10,0.0,0.0,0.0,72.0,2.0388096,0.649723919465244
2002-01-11,0.0,0.06,2.21,65.0,1.840592,0.5865563161839008
2002-01-12,13.38,1.0,11.42,58.0,1.6423744,0.5233887129025576
2002-01-13,12.42,15.3,4.58,68.0,1.9255423999999999,0.6136281461616193
2002-01-14,12.4,13.79,18.89,98.0,2.7750464,0.8843464459388043
2002-01-15,37.52,0.09,6.3,216.0,6.1164287999999996,1.9491717583957318
2002-01-16,0.0,0.0,0.04,232.0,6.5694976,2.0935548516102305
2002-01-17,0.0,0.0,0.0,222.0,6.2863296,2.003315418351169
2002-01-18,0.0,0.03,0.2,199.0,5.6350432,1.7957647218553272
2002-01-19,0.0,0.3,2.87,177.0,5.0120736,1.5972379686853915
2002-01-20,0.0,2.96,3.05,163.0,4.6156384,1.470902762122705
2002-01-21,21.54,12.64,26.35,208.0,5.8898944,1.8769802117884826
2002-01-22,13.51,0.0,8.56,308.0,8.7215744,2.7793745443790994
2002-01-23,0.0,0.0,0.0,328.0,9.2879104,2.9598534108972223
2002-01-24,0.0,0.0,1.19,318.0,9.0047424,2.869613977638161
2002-01-25,4.57,6.59,7.51,296.0,8.3817728,2.6710872244682253
2002-01-26,8.44,0.0,2.6,280.0,7.928704,2.5267041312537266
2002-01-27,8.85,8.9,8.91,258.0,7.3057343999999995,2.3281773780837907
2002-01-28,0.0,2.41,3.01,316.0,8.9481088,2.8515660909863487
2002-01-29,0.0,0.11,0.02,328.0,9.2879104,2.9598534108972223
2002-01-30,0.0,0.0,0.0,309.0,8.7498912,2.7883984877050056
2002-01-31,0.0,0.05,0.02,277.0,7.8437536,2.499632301276008
2002-02-01,0.0,0.14,0.36,244.0,6.9092991999999995,2.2018421715211045
2002-02-02,0.0,0.08,0.12,213.0,6.0314784,1.9220999284180136
2002-02-03,0.0,0.0,0.03,181.0,5.1253408,1.6333337419890162
2002-02-04,0.0,0.0,0.51,152.0,4.3041536,1.3716393855377373
2002-02-05,0.0,0.0,0.95,126.0,3.5679168,1.137016859064177
2002-02-06,0.0,16.44,9.42,106.0,3.0015808,0.9565379925460537
2002-02-07,15.91,15.71,9.88,123.0,3.4829664,1.1099450290864585
2002-02-08,0.0,0.0,2.28,161.0,4.5590048,1.452854875470893
2002-02-09,0.0,0.0,0.0,160.0,4.530688,1.4438309321449865
2002-02-10,0.0,0.0,0.0,149.0,4.2192032,1.3445675555600187
2002-02-11,0.0,0.0,0.0,132.0,3.7378176,1.191160519019614
2002-02-12,0.0,0.0,0.0,115.0,3.2564319999999998,1.037753482479209
2002-02-13,0.0,0.11,0.17,98.0,2.7750464,0.8843464459388043
2002-02-14,0.0,0.02,0.06,87.0,2.4635616,0.7850830693538364
2002-02-15,0.0,0.0,0.0,76.0,2.1520768,0.6858196927688687
2002-02-16,0.0,0.0,0.0,66.0,1.8689088,0.595580259509807
2002-02-17,0.0,0.0,0.0,57.0,1.6140576,0.5143647695766514
2002-02-18,0.0,0.0,0.0,48.0,1.3592064,0.433149279643496
2002-02-19,0.0,0.0,0.87,41.0,1.1609888,0.3699816763621528
2002-02-20,2.85,22.4,10.49,36.0,1.0194048,0.324861959732622
2002-02-21,11.97,0.05,3.42,43.0,1.2176224,0.38802956301396513
2002-02-22,0.0,0.0,0.01,52.0,1.4724736,0.46924505294712066
2002-02-23,0.0,0.0,0.01,50.0,1.41584,0.4511971662953083
2002-02-24,0.0,0.0,0.0,44.0,1.2459392,0.39705350633987135
2002-02-25,0.0,0.0,0.0,39.0,1.1043552,0.3519337897103405
2002-02-26,0.0,0.06,0.0,34.0,0.9627711999999999,0.30681407308080966
2002-02-27,0.0,0.0,0.0,29.0,0.8211872,0.2616943564512788
2002-02-28,0.0,0.0,5.99,25.0,0.70792,0.22559858314765416
2002-03-01,0.0,0.0,12.09,22.0,0.6229696,0.19852675316993568
2002-03-02,68.47,38.47,46.96,88.0,2.4918784,0.7941070126797427
2002-03-03,136.28,32.32,83.19,1310.0,37.095008,11.821365756937078
2002-03-04,0.0,0.04,22.88,4350.0,123.17808,39.25415346769182
2002-03-05,0.0,0.0,0.0,3930.0,111.28502399999999,35.46409727081123
2002-03-06,0.0,0.0,0.0,2830.0,80.136544,25.537759612314453
2002-03-07,0.0,0.0,0.0,1900.0,53.80192,17.145492319221717
2002-03-08,0.0,0.0,0.0,1240.0,35.112832,11.189689724123646
2002-03-09,0.0,0.0,0.02,806.0,22.8233408,7.27329832068037
2002-03-10,0.0,0.34,0.01,593.0,16.7918624,5.351198392262356
2002-03-11,0.0,0.0,1.12,452.0,12.7991936,4.078822383309587
2002-03-12,18.17,19.07,12.72,359.0,10.1657312,3.2395956540003135
2002-03-13,0.0,9.86,4.17,366.0,10.3639488,3.3027632572816565
2002-03-14,0.0,0.04,0.02,369.0,10.4488992,3.3298350872593754
2002-03-15,0.0,0.0,0.0,342.0,9.6843456,3.086188617459909
2002-03-16,0.0,0.0,0.0,298.0,8.4384064,2.6891351111200374
2002-03-17,0.0,0.0,0.0,254.0,7.1924672,2.2920816047801664
2002-03-18,0.0,0.03,0.0,216.0,6.1164287999999996,1.9491717583957318
2002-03-19,0.0,0.0,0.09,181.0,5.1253408,1.6333337419890162
2002-03-20,0.0,0.0,3.57,151.0,4.2758367999999995,1.362615442211831
2002-03-21,9.0,17.84,10.09,131.0,3.7095008,1.1821365756937077
2002-03-22,0.0,0.0,2.97,119.0,3.3696992,1.0738492557828339
2002-03-23,0.0,0.0,0.0,105.0,2.973264,0.9475140492201475
2002-03-24,0.0,0.0,0.0,91.0,2.5768288,0.8211788426574611
2002-03-25,0.0,0.0,0.59,79.0,2.2370272,0.7128915227465872
2002-03-26,9.53,17.27,5.81,69.0,1.9538592,0.6226520894875255
2002-03-27,0.0,0.96,1.87,67.0,1.8972256,0.6046042028357131
2002-03-28,0.0,0.0,0.0,66.0,1.8689088,0.595580259509807
2002-03-29,0.0,0.0,0.0,61.0,1.7273247999999999,0.5504605428802761
2002-03-30,0.0,0.0,0.79,53.0,1.5007904,0.4782689962730268
2002-03-31,9.04,2.8,4.12,46.0,1.3025728,0.4151013929916837
2002-04-01,10.34,14.01,1.98,43.0,1.2176224,0.38802956301396513
2002-04-02,0.0,0.0,0.27,42.0,1.1893056,0.37900561968805896
2002-04-03,4.08,5.91,2.58,42.0,1.1893056,0.37900561968805896
2002-04-04,0.0,0.12,0.86,148.0,4.1908864,1.3355436122341127
2002-04-05,0.0,0.0,0.0,110.0,3.114848,0.9926337658496782
2002-04-06,0.0,0.0,0.0,79.0,2.2370272,0.7128915227465872
2002-04-07,0.0,0.0,0.0,60.0,1.699008,0.54143659955437
2002-04-08,0.0,0.0,0.23,47.0,1.3308896,0.4241253363175898
2002-04-09,0.0,7.94,1.65,38.0,1.0760384,0.34290984638443434
2002-04-10,7.33,2.37,3.77,31.0,0.8778208,0.27974224310309115
2002-04-11,9.86,3.89,3.24,26.0,0.7362368,0.23462252647356033
2002-04-12,5.23,6.31,6.78,23.0,0.6512864,0.20755069649584185
2002-04-13,4.07,2.05,3.38,20.0,0.566336,0.1804788665181233
2002-04-14,0.0,1.35,2.98,17.0,0.48138559999999997,0.15340703654040483
2002-04-15,0.44,0.18,1.32,15.0,0.424752,0.1353591498885925
2002-04-16,0.0,0.0,0.16,13.0,0.3681184,0.11731126323678016
2002-04-17,0.0,0.08,0.0,12.0,0.3398016,0.108287319910874
2002-04-18,0.0,3.01,3.57,30.0,0.849504,0.270718299777185
2002-04-19,0.0,3.91,1.39,33.0,0.9344544,0.2977901297549035
2002-04-20,0.0,0.02,0.07,25.0,0.70792,0.22559858314765416
2002-04-21,0.0,0.0,0.0,20.0,0.566336,0.1804788665181233
2002-04-22,0.0,0.0,0.0,15.0,0.424752,0.1353591498885925
2002-04-23,0.0,0.0,0.0,12.0,0.3398016,0.108287319910874
2002-04-24,0.0,0.02,0.0,10.0,0.283168,0.09023943325906165
2002-04-25,0.0,0.01,0.0,8.8,0.24918784000000002,0.07941070126797427
2002-04-26,0.0,0.0,0.0,7.7,0.21803936000000002,0.06948436360947749
2002-04-27,0.0,0.0,0.0,6.6,0.18689087999999998,0.05955802595098069
2002-04-28,0.0,0.0,0.0,6.0,0.1699008,0.054143659955437
2002-04-29,0.0,0.17,0.08,5.7,0.16140576,0.05143647695766515
2002-04-30,0.0,0.0,0.03,12.0,0.3398016,0.108287319910874
2002-05-01,0.0,0.0,0.0,9.9,0.28033632,0.08933703892647106
2002-05-02,0.0,0.0,0.0,8.4,0.23786112,0.0758011239376118
2002-05-03,0.0,0.0,0.0,7.3,0.20671264,0.06587478627911501
2002-05-04,0.0,0.0,0.0,6.2,0.17556416,0.05594844862061823
2002-05-05,0.0,0.0,0.0,5.5,0.1557424,0.04963168829248392
2002-05-06,0.0,0.0,0.0,5.0,0.141584,0.04511971662953083
2002-05-07,0.0,0.0,0.0,4.7,0.13308896,0.04241253363175898
2002-05-08,0.0,0.01,0.0,4.5,0.1274256,0.04060774496657775
2002-05-09,0.0,0.0,0.0,4.3,0.12176224,0.03880295630139651
2002-05-10,0.0,0.0,0.0,4.0,0.1132672,0.036095773303624665
2002-05-11,0.0,0.0,0.0,3.9,0.11043552,0.03519337897103405
2002-05-12,0.0,0.0,0.16,3.7,0.10477216,0.03338859030585282
2002-05-13,8.41,0.62,3.03,3.6,0.10194048,0.032486195973262195
2002-05-14,0.0,4.07,0.99,3.6,0.10194048,0.032486195973262195
2002-05-15,0.0,0.0,0.0,3.4,0.09627712,0.030681407308080964
2002-05-16,0.0,0.13,0.21,3.4,0.09627712,0.030681407308080964
2002-05-17,0.0,0.06,1.84,3.4,0.09627712,0.030681407308080964
2002-05-18,18.92,14.47,15.78,3.6,0.10194048,0.032486195973262195
2002-05-19,14.28,13.18,9.58,4.0,0.1132672,0.036095773303624665
2002-05-20,0.0,0.0,1.51,3.8,0.10760383999999999,0.03429098463844343
2002-05-21,0.0,0.0,0.0,3.6,0.10194048,0.032486195973262195
2002-05-22,0.0,0.0,0.0,3.4,0.09627712,0.030681407308080964
2002-05-23,0.0,0.0,0.0,3.3,0.09344543999999999,0.029779012975490345
2002-05-24,0.0,0.0,0.0,3.3,0.09344543999999999,0.029779012975490345
2002-05-25,0.0,0.0,0.0,3.3,0.09344543999999999,0.029779012975490345
2002-05-26,0.0,0.0,0.0,3.2,0.09061376,0.028876618642899733
2002-05-27,0.0,0.0,0.0,3.2,0.09061376,0.028876618642899733
2002-05-28,0.0,7.16,0.38,3.1,0.08778208,0.027974224310309114
2002-05-29,0.0,0.8,2.52,3.1,0.08778208,0.027974224310309114
2002-05-30,0.0,13.35,6.73,3.0,0.0849504,0.0270718299777185
2002-05-31,0.0,0.23,1.98,2.9,0.08211871999999999,0.02616943564512788
2002-06-01,0.0,0.19,0.0,2.8,0.07928703999999999,0.025267041312537264
2002-06-02,0.0,0.04,0.0,2.7,0.07645536,0.02436464697994665
2002-06-03,0.0,2.1,0.0,2.6,0.07362368,0.023462252647356033
2002-06-04,0.0,2.08,2.56,2.6,0.07362368,0.023462252647356033
2002-06-05,0.0,4.34,0.87,2.6,0.07362368,0.023462252647356033
2002-06-06,25.44,10.94,6.12,2.6,0.07362368,0.023462252647356033
2002-06-07,15.5,8.8,4.03,2.7,0.07645536,0.02436464697994665
2002-06-08,21.51,8.02,9.47,3.0,0.0849504,0.0270718299777185
2002-06-09,21.4,7.82,3.0,3.7,0.10477216,0.03338859030585282
2002-06-10,0.0,0.13,0.1,3.2,0.09061376,0.028876618642899733
2002-06-11,0.0,0.05,0.4,2.7,0.07645536,0.02436464697994665
2002-06-12,0.0,0.01,0.12,2.5,0.070792,0.022559858314765414
2002-06-13,0.0,0.0,0.0,2.3,0.06512863999999999,0.02075506964958418
2002-06-14,0.0,1.61,3.14,2.4,0.06796031999999999,0.021657463982174795
2002-06-15,0.0,0.03,1.19,2.3,0.06512863999999999,0.02075506964958418
2002-06-16,0.0,0.0,0.73,2.1,0.05946528,0.01895028098440295
2002-06-17,0.0,0.79,4.49,2.1,0.05946528,0.01895028098440295
2002-06-18,16.49,2.37,1.98,2.2,0.062296960000000005,0.019852675316993567
2002-06-19,2.18,6.86,0.53,3.1,0.08778208,0.027974224310309114
2002-06-20,9.6,0.17,0.39,3.0,0.0849504,0.0270718299777185
2002-06-21,16.05,1.32,2.63,5.2,0.14724736,0.046924505294712066
2002-06-22,10.98,0.03,6.78,3.1,0.08778208,0.027974224310309114
2002-06-23,76.11,30.98,9.3,540.0,15.291072,4.872929395989329
2002-06-24,18.49,5.6,8.84,1400.0,39.64352,12.633520656268633
2002-06-25,12.78,3.53,3.34,862.0,24.4090816,7.778639146931115
2002-06-26,19.18,23.34,15.65,556.0,15.7441408,5.017312489203829
2002-06-27,11.5,2.41,5.93,610.0,17.273248,5.504605428802761
2002-06-28,0.0,1.13,3.11,510.0,14.441568,4.6022110962121445
2002-06-29,0.0,2.3,0.99,363.0,10.278998399999999,3.275691427303938
2002-06-30,5.25,2.39,1.86,255.0,7.220784,2.3011055481060723
2002-07-01,0.0,8.8,1.15,231.0,6.5411808,2.0845309082843246
2002-07-02,0.0,0.11,0.59,178.0,5.0403904,1.6062619120112975
2002-07-03,0.0,10.41,2.7,138.0,3.9077184,1.245304178975051
2002-07-04,14.84,14.8,5.17,108.0,3.0582143999999998,0.9745858791978659
2002-07-05,19.74,14.13,1.73,126.0,3.5679168,1.137016859064177
2002-07-06,0.0,0.22,0.45,215.0,6.088112,1.9401478150698257
2002-07-07,12.15,2.23,8.72,162.0,4.5873216,1.461878818796799
2002-07-08,8.63,23.32,16.13,129.0,3.6528671999999998,1.1640886890418953
2002-07-09,4.7,9.83,11.58,111.0,3.1431648,1.0016577091755845
2002-07-10,0.0,0.34,2.66,104.0,2.9449472,0.9384901058942413
2002-07-11,0.0,0.06,0.11,79.0,2.2370272,0.7128915227465872
2002-07-12,0.0,1.55,0.48,57.0,1.6140576,0.5143647695766514
2002-07-13,23.51,14.75,3.91,41.0,1.1609888,0.3699816763621528
2002-07-14,11.11,14.42,4.83,31.0,0.8778208,0.27974224310309115
2002-07-15,0.0,0.19,1.63,23.0,0.6512864,0.20755069649584185
2002-07-16,0.0,0.0,0.15,15.0,0.424752,0.1353591498885925
2002-07-17,0.0,0.24,0.12,9.4,0.26617792,0.08482506726351796
2002-07-18,0.0,0.0,0.48,5.7,0.16140576,0.05143647695766515
2002-07-19,0.0,0.24,0.8,4.2,0.11893056,0.0379005619688059
2002-07-20,11.16,8.97,5.16,28.0,0.7928704,0.25267041312537264
2002-07-21,22.72,11.36,2.15,116.0,3.2847488,1.0467774258051152
2002-07-22,9.13,4.29,4.37,147.0,4.1625696,1.3265196689082066
2002-07-23,15.84,13.98,9.07,212.0,6.0031616,1.9130759850921073
2002-07-24,12.2,10.4,11.15,329.0,9.3162272,2.9688773542231286
2002-07-25,8.04,8.84,7.07,896.0,25.3718528,8.085453220011924
2002-07-26,10.46,1.52,2.94,1120.0,31.714816,10.106816525014906
2002-07-27,7.17,5.1,2.37,1080.0,30.582144,9.745858791978659
2002-07-28,16.69,24.53,21.58,916.0,25.9381888,8.265932086530048
2002-07-29,0.77,8.81,8.76,806.0,22.8233408,7.27329832068037
2002-07-30,16.57,8.48,1.5,729.0,20.6429472,6.578454684585595
2002-07-31,0.0,0.35,3.4,630.0,17.839584,5.685084295320884
2002-08-01,31.41,20.99,18.86,529.0,14.9795872,4.773666019404362
2002-08-02,14.78,0.15,5.97,692.0,19.5952256,6.244568781527067
2002-08-03,0.0,1.78,4.53,760.0,21.520768,6.858196927688686
2002-08-04,11.09,4.72,1.65,718.0,20.3314624,6.479191308000627
2002-08-05,11.54,0.97,2.3,642.0,18.1793856,5.7933716152317585
2002-08-06,0.0,0.07,0.75,530.0,15.007904,4.782689962730268
2002-08-07,0.0,0.68,0.27,413.0,11.6948384,3.726888593599247
2002-08-08,0.0,0.04,0.09,307.0,8.693257599999999,2.7703506010531926
2002-08-09,0.0,0.0,0.0,218.0,6.1730624,1.9672196450475443
2002-08-10,0.0,0.0,0.0,151.0,4.2758367999999995,1.362615442211831
2002-08-11,0.0,0.0,0.0,106.0,3.0015808,0.9565379925460537
2002-08-12,0.0,0.9,2.14,76.0,2.1520768,0.6858196927688687
2002-08-13,3.51,1.53,1.46,56.0,1.5857408,0.5053408262507453
2002-08-14,0.0,13.39,3.21,47.0,1.3308896,0.4241253363175898
2002-08-15,0.0,0.4,1.04,36.0,1.0194048,0.324861959732622
2002-08-16,0.0,0.45,0.35,28.0,0.7928704,0.25267041312537264
2002-08-17,0.0,3.64,2.81,21.0,0.5946528,0.18950280984402948
2002-08-18,14.04,3.09,7.48,20.0,0.566336,0.1804788665181233
2002-08-19,13.91,6.87,19.04,24.0,0.6796032,0.216574639821748
2002-08-20,0.0,11.01,5.62,22.0,0.6229696,0.19852675316993568
2002-08-21,0.0,1.21,0.14,19.0,0.5380192,0.17145492319221717
2002-08-22,0.0,0.25,0.33,15.0,0.424752,0.1353591498885925
2002-08-23,0.0,0.02,0.1,12.0,0.3398016,0.108287319910874
2002-08-24,0.0,0.0,0.0,9.6,0.27184127999999996,0.08662985592869918
2002-08-25,0.0,3.94,10.36,7.9,0.22370272,0.07128915227465871
2002-08-26,1.76,8.28,3.59,6.9,0.19538592000000002,0.06226520894875255
2002-08-27,13.17,11.01,9.58,45.0,1.274256,0.4060774496657775
2002-08-28,8.23,2.5,4.39,170.0,4.813856,1.5340703654040484
2002-08-29,17.01,2.15,3.51,154.0,4.3607872,1.3896872721895497
2002-08-30,6.76,4.57,2.32,153.0,4.3324704,1.3806633288636434
2002-08-31,9.48,5.09,1.71,198.0,5.6067264,1.7867407785294211
2002-09-01,0.0,0.0,0.43,156.0,4.4174208,1.407735158841362
2002-09-02,0.0,0.0,0.0,123.0,3.4829664,1.1099450290864585
2002-09-03,0.0,0.0,0.01,95.0,2.690096,0.8572746159610858
2002-09-04,0.0,0.36,0.93,73.0,2.0671264,0.65874786279115
2002-09-05,0.0,0.16,0.78,54.0,1.5291071999999999,0.48729293959893294
2002-09-06,15.54,3.76,4.2,39.0,1.1043552,0.3519337897103405
2002-09-07,0.0,2.93,1.67,28.0,0.7928704,0.25267041312537264
2002-09-08,0.0,0.16,0.19,21.0,0.5946528,0.18950280984402948
2002-09-09,0.0,0.02,0.03,16.0,0.4530688,0.14438309321449866
2002-09-10,0.0,0.0,0.0,12.0,0.3398016,0.108287319910874
2002-09-11,0.0,0.0,1.4,8.8,0.24918784000000002,0.07941070126797427
2002-09-12,1.12,0.56,31.66,7.3,0.20671264,0.06587478627911501
2002-09-13,38.08,50.96,36.91,196.0,5.5500928,1.7686928918776086
2002-09-14,33.98,92.46,45.42,895.0,25.343536,8.076429276686019
2002-09-15,35.39,9.7,23.01,1700.0,48.13856,15.340703654040482
2002-09-16,0.0,0.1,3.96,1950.0,55.21776,17.596689485517025
2002-09-17,0.0,0.0,0.17,1720.0,48.704896,15.521182520558606
2002-09-18,0.0,0.0,0.44,1240.0,35.112832,11.189689724123646
2002-09-19,0.0,0.74,2.5,823.0,23.3047264,7.426705357220775
2002-09-20,11.62,2.81,1.72,605.0,17.131664,5.4594857121732305
2002-09-21,0.0,0.24,0.31,564.0,15.9706752,5.089504035811078
2002-09-22,0.0,0.01,0.59,519.0,14.6964192,4.6834265861453
2002-09-23,0.0,0.0,0.52,414.0,11.723155199999999,3.7359125369251527
2002-09-24,15.48,32.11,26.88,330.0,9.344543999999999,2.9779012975490344
2002-09-25,9.67,2.83,12.26,318.0,9.0047424,2.869613977638161
2002-09-26,16.04,31.3,19.41,329.0,9.3162272,2.9688773542231286
2002-09-27,9.51,7.87,8.38,426.0,12.0629568,3.844199856836027
2002-09-28,0.0,0.0,0.76,447.0,12.6576096,4.033702666680057
2002-09-29,0.0,0.0,0.0,401.0,11.3550368,3.618601273688373
2002-09-30,0.0,0.13,0.0,334.0,9.4578112,3.0139970708526596
2002-10-01,0.0,0.8,0.44,273.0,7.7304864,2.4635365279723835
2002-10-02,0.0,0.0,0.15,221.0,6.2580127999999995,1.9942914750252627
2002-10-03,0.0,0.0,0.0,177.0,5.0120736,1.5972379686853915
2002-10-04,15.36,2.56,1.42,140.0,3.964352,1.2633520656268633
2002-10-05,0.0,3.22,1.68,112.0,3.1714816,1.0106816525014906
2002-10-06,2.34,0.48,4.85,92.0,2.6051456,0.8302027859833674
2002-10-07,0.69,2.57,8.3,80.0,2.265344,0.7219154660724932
2002-10-08,4.41,9.53,3.32,113.0,3.1997984,1.0197055958273968
2002-10-09,0.0,6.96,0.35,139.0,3.9360352,1.2543281223009572
2002-10-10,0.0,0.0,0.0,135.0,3.822768,1.2182323489973323
2002-10-11,0.0,0.0,0.0,135.0,3.822768,1.2182323489973323
2002-10-12,0.0,0.0,0.3,116.0,3.2847488,1.0467774258051152
2002-10-13,7.02,1.78,5.8,98.0,2.7750464,0.8843464459388043
2002-10-14,16.16,1.39,18.55,94.0,2.6617792,0.8482506726351796
2002-10-15,13.45,19.25,15.13,145.0,4.105936,1.308471782256394
2002-10-16,0.0,0.3,3.19,223.0,6.3146464,2.0123393616770753
2002-10-17,0.0,0.0,0.0,220.0,6.229696,1.9852675316993564
2002-10-18,0.0,0.0,0.0,196.0,5.5500928,1.7686928918776086
2002-10-19,0.0,0.0,0.18,163.0,4.6156384,1.470902762122705
2002-10-20,0.0,0.0,0.09,134.0,3.7944512,1.2092084056714263
2002-10-21,6.01,3.17,3.53,111.0,3.1431648,1.0016577091755845
2002-10-22,0.0,0.01,2.03,151.0,4.2758367999999995,1.362615442211831
2002-10-23,0.0,0.0,14.34,140.0,3.964352,1.2633520656268633
2002-10-24,12.25,12.22,6.87,127.0,3.5962336,1.1460408023900832
2002-10-25,0.0,0.26,0.73,123.0,3.4829664,1.1099450290864585
2002-10-26,0.0,0.69,0.38,111.0,3.1431648,1.0016577091755845
2002-10-27,0.0,1.55,0.13,98.0,2.7750464,0.8843464459388043
2002-10-28,0.0,2.05,2.69,84.0,2.3786112,0.7580112393761179
2002-10-29,37.03,20.3,20.37,82.0,2.3219776,0.7399633527243056
2002-10-30,0.0,27.24,6.5,243.0,6.8809824,2.1928182281951982
2002-10-31,0.0,0.0,0.0,252.0,7.1358336,2.274033718128354
2002-11-01,0.0,0.0,0.0,227.0,6.4279136,2.0484351349807
2002-11-02,0.0,0.0,0.0,188.0,5.3235584,1.6965013452703592
2002-11-03,0.0,0.0,1.28,153.0,4.3324704,1.3806633288636434
2002-11-04,0.0,0.18,0.48,127.0,3.5962336,1.1460408023900832
2002-11-05,0.0,5.84,20.13,109.0,3.0865312,0.9836098225237722
2002-11-06,26.09,32.92,6.7,232.0,6.5694976,2.0935548516102305
2002-11-07,0.0,0.0,0.0,323.0,9.1463264,2.914733694267692
2002-11-08,0.0,0.0,0.52,309.0,8.7498912,2.7883984877050056
2002-11-09,0.0,0.44,2.64,279.0,7.9003872,2.5176801879278203
2002-11-10,8.85,2.28,4.58,247.0,6.9942496,2.228914001498823
2002-11-11,7.67,1.32,30.15,217.0,6.1447456,1.9581957017216383
2002-11-12,35.77,43.73,10.97,277.0,7.8437536,2.499632301276008
2002-11-13,0.0,0.15,0.45,405.0,11.468304,3.6546970469919975
2002-11-14,0.0,0.0,2.1,456.0,12.9124608,4.114918156613212
2002-11-15,0.0,0.0,6.93,421.0,11.9213728,3.799080140206496
2002-11-16,13.1,10.64,5.78,380.0,10.760384,3.429098463844343
2002-11-17,8.11,0.34,1.24,360.0,10.194048,3.24861959732622
2002-11-18,0.0,0.0,0.0,317.0,8.9764256,2.860590034312255
2002-11-19,0.0,0.0,0.0,274.0,7.7588032,2.4725604712982894
2002-11-20,0.0,0.0,0.0,235.0,6.6544479999999995,2.120626681587949
2002-11-21,0.0,0.0,0.0,201.0,5.6916768,1.8138126085071393
2002-11-22,0.0,0.0,0.0,171.0,4.8421728,1.5430943087299545
2002-11-23,0.0,0.0,0.0,143.0,4.0493024,1.290423895604582
2002-11-24,0.0,0.0,0.0,120.0,3.398016,1.08287319910874
2002-11-25,0.0,0.0,0.0,101.0,2.8599968,0.9114182759165227
2002-11-26,0.0,0.0,0.0,87.0,2.4635616,0.7850830693538364
2002-11-27,0.0,0.0,0.0,76.0,2.1520768,0.6858196927688687
2002-11-28,0.0,0.0,0.0,66.0,1.8689088,0.595580259509807
2002-11-29,0.0,0.0,0.0,57.0,1.6140576,0.5143647695766514
2002-11-30,0.0,0.05,0.24,50.0,1.41584,0.4511971662953083
2002-12-01,0.0,0.0,0.08,44.0,1.2459392,0.39705350633987135
2002-12-02,0.0,0.0,0.2,38.0,1.0760384,0.34290984638443434
2002-12-03,0.0,0.0,0.11,33.0,0.9344544,0.2977901297549035
2002-12-04,0.0,0.0,2.18,29.0,0.8211872,0.2616943564512788
2002-12-05,11.62,9.21,11.67,30.0,0.849504,0.270718299777185
2002-12-06,7.27,0.12,3.65,50.0,1.41584,0.4511971662953083
2002-12-07,0.0,0.0,0.0,58.0,1.6423744,0.5233887129025576
2002-12-08,0.0,0.0,1.0,57.0,1.6140576,0.5143647695766514
2002-12-09,2.98,1.46,2.83,52.0,1.4724736,0.46924505294712066
2002-12-10,6.65,0.57,3.79,53.0,1.5007904,0.4782689962730268
2002-12-11,3.02,1.79,1.55,54.0,1.5291071999999999,0.48729293959893294
2002-12-12,0.0,0.0,6.74,60.0,1.699008,0.54143659955437
2002-12-13,15.37,15.13,6.18,71.0,2.0104928,0.6406999761393378
2002-12-14,0.0,0.0,1.33,84.0,2.3786112,0.7580112393761179
2002-12-15,0.0,0.0,0.0,87.0,2.4635616,0.7850830693538364
2002-12-16,0.0,0.0,0.0,82.0,2.3219776,0.7399633527243056
2002-12-17,0.0,0.0,0.0,73.0,2.0671264,0.65874786279115
2002-12-18,0.0,0.0,0.76,65.0,1.840592,0.5865563161839008
2002-12-19,0.0,0.0,5.4,59.0,1.6706912,0.5324126562284638
2002-12-20,13.6,11.1,9.69,63.0,1.7839584,0.5685084295320885
2002-12-21,0.0,0.0,2.66,68.0,1.9255423999999999,0.6136281461616193
2002-12-22,0.0,0.0,0.0,66.0,1.8689088,0.595580259509807
2002-12-23,0.0,0.07,2.25,60.0,1.699008,0.54143659955437
2002-12-24,16.92,48.49,33.01,157.0,4.4457376,1.416759102167268
2002-12-25,48.37,0.0,10.75,709.0,20.0766112,6.397975818067471
2002-12-26,0.0,0.0,0.0,1020.0,28.883136,9.204422192424289
2002-12-27,0.0,0.0,0.0,962.0,27.2407616,8.681033479521732
2002-12-28,0.0,0.0,0.0,747.0,21.1526496,6.740885664451906
2002-12-29,0.0,0.0,0.0,586.0,16.5936448,5.288030788981014
2002-12-30,0.0,0.0,1.99,463.0,13.1106784,4.178085759894555
2002-12-31,7.45,30.67,19.5,412.0,11.6665216,3.7178646502733406
2003-01-01,38.86,1.95,8.35,629.0,17.8112672,5.676060351994979
2003-01-02,0.0,0.0,0.73,713.0,20.1898784,6.434071591371097
2003-01-03,0.0,0.7,0.01,697.0,19.7368096,6.289688498156599
2003-01-04,0.0,0.0,0.0,608.0,17.2166144,5.486557542150949
2003-01-05,0.0,0.0,0.0,506.0,14.3283008,4.56611532290852
2003-01-06,0.0,0.0,0.0,417.0,11.8081056,3.762984366902871
2003-01-07,0.0,0.0,0.0,348.0,9.8542464,3.1403322774153457
2003-01-08,0.0,0.0,0.0,293.0,8.2968224,2.644015394490507
2003-01-09,0.0,0.01,0.33,248.0,7.0225664,2.237937944824729
2003-01-10,0.0,0.83,0.29,212.0,6.0031616,1.9130759850921073
2003-01-11,0.0,0.0,0.06,183.0,5.1819744,1.6513816286408283
2003-01-12,0.0,0.06,0.77,157.0,4.4457376,1.416759102167268
2003-01-13,2.29,0.4,0.26,135.0,3.822768,1.2182323489973323
2003-01-14,0.0,0.0,0.0,118.0,3.3413824,1.0648253124569276
2003-01-15,0.0,0.0,0.0,102.0,2.8883136,0.920442219242429
2003-01-16,0.0,0.01,0.0,90.0,2.548512,0.812154899331555
2003-01-17,0.0,0.01,0.0,81.0,2.2936608,0.7309394093983995
2003-01-18,0.0,0.0,0.0,72.0,2.0388096,0.649723919465244
2003-01-19,0.0,0.0,0.0,64.0,1.8122752,0.5775323728579946
2003-01-20,0.0,0.0,0.0,57.0,1.6140576,0.5143647695766514
2003-01-21,0.0,0.03,0.62,52.0,1.4724736,0.46924505294712066
2003-01-22,0.0,0.59,0.47,51.0,1.4441568,0.4602211096212145
2003-01-23,1.26,0.01,0.09,55.0,1.557424,0.4963168829248391
2003-01-24,0.0,0.0,0.0,51.0,1.4441568,0.4602211096212145
2003-01-25,0.0,0.0,0.0,46.0,1.3025728,0.4151013929916837
2003-01-26,0.0,0.0,0.0,42.0,1.1893056,0.37900561968805896
2003-01-27,0.0,0.0,0.0,39.0,1.1043552,0.3519337897103405
2003-01-28,0.0,0.0,0.0,35.0,0.991088,0.3158380164067158
2003-01-29,0.0,0.0,0.0,32.0,0.9061376,0.2887661864289973
2003-01-30,0.0,0.41,1.1,30.0,0.849504,0.270718299777185
2003-01-31,0.0,2.43,0.37,28.0,0.7928704,0.25267041312537264
2003-02-01,0.0,0.0,0.0,26.0,0.7362368,0.23462252647356033
2003-02-02,0.0,0.0,0.84,24.0,0.6796032,0.216574639821748
2003-02-03,0.0,0.39,2.9,22.0,0.6229696,0.19852675316993568
2003-02-04,7.67,7.97,2.68,23.0,0.6512864,0.20755069649584185
2003-02-05,0.0,0.0,3.81,26.0,0.7362368,0.23462252647356033
2003-02-06,0.0,0.22,25.17,25.0,0.70792,0.22559858314765416
2003-02-07,26.94,32.0,8.47,61.0,1.7273247999999999,0.5504605428802761
2003-02-08,0.0,0.0,0.6,91.0,2.5768288,0.8211788426574611
2003-02-09,3.98,2.55,4.62,97.0,2.7467296,0.8753225026128981
2003-02-10,6.76,3.03,1.82,101.0,2.8599968,0.9114182759165227
2003-02-11,0.0,0.0,0.11,100.0,2.83168,0.9023943325906166
2003-02-12,0.0,0.0,0.0,91.0,2.5768288,0.8211788426574611
2003-02-13,0.0,0.0,0.0,82.0,2.3219776,0.7399633527243056
2003-02-14,0.0,0.0,2.75,72.0,2.0388096,0.649723919465244
2003-02-15,0.0,0.0,9.11,64.0,1.8122752,0.5775323728579946
2003-02-16,28.57,50.88,18.37,103.0,2.9166304,0.9294661625683351
2003-02-17,22.18,0.2,5.21,235.0,6.6544479999999995,2.120626681587949
2003-02-18,0.0,0.0,0.0,255.0,7.220784,2.3011055481060723
2003-02-19,0.0,0.02,0.0,245.0,6.937616,2.210866114847011
2003-02-20,0.0,0.0,0.0,218.0,6.1730624,1.9672196450475443
2003-02-21,0.0,0.11,4.16,189.0,5.3518752,1.7055252885962655
2003-02-22,13.99,11.13,5.71,188.0,5.3235584,1.6965013452703592
2003-02-23,0.0,0.0,1.49,222.0,6.2863296,2.003315418351169
2003-02-24,0.0,0.0,0.02,214.0,6.0597952,1.9311238717439196
2003-02-25,0.0,0.0,4.88,192.0,5.4368256,1.732597118573984
2003-02-26,0.0,1.21,22.76,168.0,4.7572224,1.5160224787522358
2003-02-27,68.99,52.98,35.88,751.0,21.2659168,6.776981437755531
2003-02-28,0.0,0.09,16.95,1430.0,40.493024,12.904238956045818
2003-03-01,36.45,45.76,31.84,1790.0,50.687072,16.152858553372038
2003-03-02,30.79,8.24,10.6,2660.0,75.322688,24.0036892469104
2003-03-03,27.67,10.48,10.63,2720.0,77.021696,24.545125846464774
2003-03-04,15.97,11.41,6.23,2240.0,63.429632,20.213633050029813
2003-03-05,1.88,1.71,2.64,1800.0,50.97024,16.2430979866311
2003-03-06,9.6,0.85,9.81,1420.0,40.209856,12.813999522786757
2003-03-07,22.68,27.32,19.84,1500.0,42.4752,13.53591498885925
2003-03-08,23.25,0.15,14.29,1800.0,50.97024,16.2430979866311
2003-03-09,36.55,41.19,21.92,2330.0,65.978144,21.02578794936137
2003-03-10,36.32,0.14,6.34,3810.0,107.887008,34.38122407170249
2003-03-11,0.0,0.0,0.44,3300.0,93.44544,29.77901297549035
2003-03-12,0.0,0.06,1.36,2390.0,67.67715199999999,21.567224548915735
2003-03-13,6.94,8.76,4.46,1620.0,45.873216,14.61878818796799
2003-03-14,0.0,0.0,1.35,1090.0,30.865312,9.836098225237722
2003-03-15,0.0,0.4,0.0,775.0,21.94552,6.993556077577279
2003-03-16,0.0,0.0,1.69,602.0,17.0467136,5.432413882195513
2003-03-17,9.69,14.81,6.21,508.0,14.3849344,4.584163209560333
2003-03-18,5.02,0.0,3.21,452.0,12.7991936,4.078822383309587
2003-03-19,25.2,5.0,2.78,388.0,10.9869184,3.5012900104515925
2003-03-20,9.62,19.0,1.87,337.0,9.5427616,3.0410689008303784
2003-03-21,8.46,2.12,0.36,304.0,8.6083072,2.7432787710754747
2003-03-22,0.0,0.0,0.0,265.0,7.503952,2.391344981365134
2003-03-23,0.0,0.0,0.0,224.0,6.3429632,2.021363305002981
2003-03-24,0.0,0.02,0.0,183.0,5.1819744,1.6513816286408283
2003-03-25,0.0,0.0,0.0,151.0,4.2758367999999995,1.362615442211831
2003-03-26,0.0,0.0,0.89,122.0,3.4546495999999998,1.1009210857605523
2003-03-27,6.18,11.66,1.18,100.0,2.83168,0.9023943325906166
2003-03-28,0.0,0.0,0.33,92.0,2.6051456,0.8302027859833674
2003-03-29,0.0,0.52,3.22,94.0,2.6617792,0.8482506726351796
2003-03-30,7.07,5.65,2.06,99.0,2.8033632,0.8933703892647106
2003-03-31,0.0,0.0,0.33,91.0,2.5768288,0.8211788426574611
2003-04-01,0.0,0.0,0.0,83.0,2.3502944,0.7489872960502119
2003-04-02,0.0,0.0,0.0,68.0,1.9255423999999999,0.6136281461616193
2003-04-03,0.0,0.0,0.0,61.0,1.7273247999999999,0.5504605428802761
2003-04-04,0.0,0.02,0.0,54.0,1.5291071999999999,0.48729293959893294
2003-04-05,0.0,19.1,8.1,50.0,1.41584,0.4511971662953083
2003-04-06,0.0,0.0,2.7,65.0,1.840592,0.5865563161839008
2003-04-07,0.0,0.25,2.59,67.0,1.8972256,0.6046042028357131
2003-04-08,18.43,21.57,15.34,69.0,1.9538592,0.6226520894875255
2003-04-09,20.28,8.19,9.73,127.0,3.5962336,1.1460408023900832
2003-04-10,8.17,0.0,1.64,205.0,5.804944,1.849908381810764
2003-04-11,0.0,0.0,0.0,210.0,5.946528,1.895028098440295
2003-04-12,0.0,0.0,0.0,195.0,5.521776,1.7596689485517025
2003-04-13,0.0,0.0,0.0,169.0,4.7855392,1.5250464220781421
2003-04-14,0.0,0.0,0.0,151.0,4.2758367999999995,1.362615442211831
2003-04-15,0.0,0.0,0.0,131.0,3.7095008,1.1821365756937077
2003-04-16,0.0,0.0,0.0,106.0,3.0015808,0.9565379925460537
2003-04-17,0.0,0.0,0.0,84.0,2.3786112,0.7580112393761179
2003-04-18,0.0,0.02,0.0,70.0,1.982176,0.6316760328134317
2003-04-19,0.0,0.0,0.0,59.0,1.6706912,0.5324126562284638
2003-04-20,0.0,0.0,0.0,49.0,1.3875232,0.44217322296940215
2003-04-21,0.0,0.41,0.86,40.0,1.132672,0.3609577330362466
2003-04-22,0.0,2.33,0.29,34.0,0.9627711999999999,0.30681407308080966
2003-04-23,0.0,0.0,0.06,28.0,0.7928704,0.25267041312537264
2003-04-24,0.0,0.0,1.92,24.0,0.6796032,0.216574639821748
2003-04-25,27.42,22.7,12.45,21.0,0.5946528,0.18950280984402948
2003-04-26,23.11,0.0,3.94,24.0,0.6796032,0.216574639821748
2003-04-27,0.0,0.0,0.0,28.0,0.7928704,0.25267041312537264
2003-04-28,0.0,0.0,0.0,27.0,0.7645535999999999,0.24364646979946647
2003-04-29,0.0,0.0,0.0,23.0,0.6512864,0.20755069649584185
2003-04-30,0.0,0.0,0.0,19.0,0.5380192,0.17145492319221717
2003-05-01,0.0,7.51,6.16,16.0,0.4530688,0.14438309321449866
2003-05-02,0.0,1.41,2.05,15.0,0.424752,0.1353591498885925
2003-05-03,0.0,1.49,1.11,13.0,0.3681184,0.11731126323678016
2003-05-04,0.0,0.18,0.37,11.0,0.3114848,0.09926337658496784
2003-05-05,0.0,0.0,0.0,9.9,0.28033632,0.08933703892647106
2003-05-06,0.0,0.0,0.0,8.7,0.24635615999999996,0.07850830693538363
2003-05-07,0.0,0.0,0.0,7.7,0.21803936000000002,0.06948436360947749
2003-05-08,0.0,0.0,0.0,6.9,0.19538592000000002,0.06226520894875255
2003-05-09,0.0,0.0,0.0,6.1,0.17273248,0.05504605428802761
2003-05-10,0.0,0.0,0.0,5.4,0.15291072,0.0487292939598933
2003-05-11,0.0,0.0,0.39,5.0,0.141584,0.04511971662953083
2003-05-12,0.0,0.65,0.13,4.6,0.13025727999999998,0.04151013929916836
2003-05-13,0.0,0.0,0.0,4.3,0.12176224,0.03880295630139651
2003-05-14,0.0,0.0,0.0,4.0,0.1132672,0.036095773303624665
2003-05-15,0.0,0.0,0.56,3.7,0.10477216,0.03338859030585282
2003-05-16,0.0,0.22,2.65,3.6,0.10194048,0.032486195973262195
2003-05-17,0.0,2.1,0.82,3.4,0.09627712,0.030681407308080964
2003-05-18,0.0,0.0,2.45,3.2,0.09061376,0.028876618642899733
2003-05-19,15.8,13.62,4.65,3.1,0.08778208,0.027974224310309114
2003-05-20,0.0,0.11,2.81,3.1,0.08778208,0.027974224310309114
2003-05-21,0.0,5.2,3.93,2.9,0.08211871999999999,0.02616943564512788
2003-05-22,39.84,75.74,27.95,10.0,0.283168,0.09023943325906165
2003-05-23,0.0,0.59,9.01,50.0,1.41584,0.4511971662953083
2003-05-24,0.0,0.0,0.03,110.0,3.114848,0.9926337658496782
2003-05-25,0.0,0.0,0.01,106.0,3.0015808,0.9565379925460537
2003-05-26,0.0,0.88,1.67,76.0,2.1520768,0.6858196927688687
2003-05-27,0.0,0.21,0.56,58.0,1.6423744,0.5233887129025576
2003-05-28,0.0,0.0,0.0,43.0,1.2176224,0.38802956301396513
2003-05-29,0.0,0.0,0.0,31.0,0.8778208,0.27974224310309115
2003-05-30,0.0,0.0,0.0,22.0,0.6229696,0.19852675316993568
2003-05-31,0.0,0.0,0.0,17.0,0.48138559999999997,0.15340703654040483
2003-06-01,7.62,9.07,8.68,14.0,0.3964352,0.12633520656268632
2003-06-02,0.0,0.33,3.84,12.0,0.3398016,0.108287319910874
2003-06-03,15.86,13.36,7.48,11.0,0.3114848,0.09926337658496784
2003-06-04,26.12,5.15,10.61,20.0,0.566336,0.1804788665181233
2003-06-05,9.96,8.68,18.11,40.0,1.132672,0.3609577330362466
2003-06-06,25.06,11.36,28.89,64.0,1.8122752,0.5775323728579946
2003-06-07,39.14,63.43,31.96,245.0,6.937616,2.210866114847011
2003-06-08,33.68,4.46,11.88,808.0,22.8799744,7.2913462073321815
2003-06-09,5.14,2.31,2.12,1170.0,33.130656,10.558013691310215
2003-06-10,8.97,0.12,0.28,1170.0,33.130656,10.558013691310215
2003-06-11,0.0,0.16,2.23,890.0,25.201952,8.031309560056487
2003-06-12,0.0,4.14,2.65,654.0,18.5191872,5.901658935142633
2003-06-13,4.18,12.49,13.86,508.0,14.3849344,4.584163209560333
2003-06-14,16.08,6.39,16.83,458.0,12.9690944,4.132966043265024
2003-06-15,0.0,7.08,5.46,459.0,12.9974112,4.14198998659093
2003-06-16,17.97,11.92,11.44,469.0,13.2805792,4.232229419849992
2003-06-17,21.6,20.87,10.35,628.0,17.7829504,5.667036408669072
2003-06-18,17.23,16.76,8.2,777.0,22.0021536,7.011603964229091
2003-06-19,22.54,9.34,11.45,896.0,25.3718528,8.085453220011924
2003-06-20,23.87,16.32,11.61,1550.0,43.89104,13.987112155154557
2003-06-21,18.06,11.19,6.6,1380.0,39.077184,12.453041789750511
2003-06-22,15.18,7.25,1.36,1030.0,29.166304,9.294661625683352
2003-06-23,0.0,0.58,0.03,757.0,21.4358176,6.831125097710968
2003-06-24,0.0,0.0,0.0,570.0,16.140576,5.143647695766514
2003-06-25,0.0,0.0,0.0,422.0,11.9496896,3.808104083532402
2003-06-26,0.0,0.64,0.0,316.0,8.9481088,2.8515660909863487
2003-06-27,0.0,0.0,0.42,239.0,6.7677152,2.1567224548915735
2003-06-28,0.0,7.05,32.36,183.0,5.1819744,1.6513816286408283
2003-06-29,23.01,10.98,18.65,145.0,4.105936,1.308471782256394
2003-06-30,3.92,0.22,4.57,151.0,4.2758367999999995,1.362615442211831
2003-07-01,29.52,4.38,25.59,159.0,4.5023712,1.4348069888190804
2003-07-02,23.53,52.07,23.3,214.0,6.0597952,1.9311238717439196
2003-07-03,25.06,7.27,19.75,381.0,10.788700799999999,3.438122407170249
2003-07-04,11.0,6.35,9.12,426.0,12.0629568,3.844199856836027
2003-07-05,15.31,1.12,1.46,440.0,12.459392,3.970535063398713
2003-07-06,0.0,11.79,1.78,410.0,11.609888,3.699816763621528
2003-07-07,5.03,3.13,0.74,377.0,10.6754336,3.4020266338666247
2003-07-08,0.0,1.94,1.59,358.0,10.137414399999999,3.230571710674407
2003-07-09,0.0,0.58,1.58,302.0,8.551673599999999,2.725230884423662
2003-07-10,0.0,0.01,0.36,247.0,6.9942496,2.228914001498823
2003-07-11,0.0,0.23,0.0,209.0,5.9182112,1.8860041551143887
2003-07-12,0.0,7.98,0.62,176.0,4.9837568,1.5882140253594854
2003-07-13,0.0,2.48,0.21,148.0,4.1908864,1.3355436122341127
2003-07-14,7.05,4.97,1.5,123.0,3.4829664,1.1099450290864585
2003-07-15,5.39,2.96,3.28,99.0,2.8033632,0.8933703892647106
2003-07-16,10.29,6.78,7.7,94.0,2.6617792,0.8482506726351796
2003-07-17,6.17,3.13,8.06,136.0,3.8510847999999998,1.2272562923232386
2003-07-18,0.0,0.14,2.9,150.0,4.24752,1.3535914988859248
2003-07-19,1.75,0.54,3.37,144.0,4.0776192,1.299447838930488
2003-07-20,6.06,7.46,1.38,137.0,3.8794016,1.2362802356491447
2003-07-21,12.23,3.65,4.46,118.0,3.3413824,1.0648253124569276
2003-07-22,16.29,22.14,27.18,117.0,3.3130656,1.0558013691310215
2003-07-23,23.01,14.15,13.84,161.0,4.5590048,1.452854875470893
2003-07-24,21.16,24.05,6.91,194.0,5.4934592,1.7506450052257962
2003-07-25,18.36,15.2,3.71,257.0,7.2774176,2.319153434757885
2003-07-26,0.0,0.74,0.9,413.0,11.6948384,3.726888593599247
2003-07-27,0.0,0.92,0.12,508.0,14.3849344,4.584163209560333
2003-07-28,10.28,1.58,5.96,508.0,14.3849344,4.584163209560333
2003-07-29,0.01,7.74,4.6,518.0,14.6681024,4.674402642819394
2003-07-30,9.82,24.6,16.9,428.0,12.1195904,3.8622477434878393
2003-07-31,19.0,5.68,21.59,730.0,20.671264,6.587478627911501
2003-08-01,22.65,30.85,15.31,1110.0,31.431648,10.016577091755844
2003-08-02,0.0,2.95,4.25,1050.0,29.73264,9.475140492201474
2003-08-03,15.41,5.62,10.34,832.0,23.5595776,7.5079208471539305
2003-08-04,6.88,6.86,7.22,690.0,19.538592,6.2265208948752555
2003-08-05,11.07,7.21,8.1,606.0,17.1599808,5.468509655499137
2003-08-06,4.03,7.95,7.65,523.0,14.8096864,4.719522359448925
2003-08-07,11.75,18.16,21.51,429.0,12.1479072,3.8712716868137456
2003-08-08,13.8,1.83,8.58,404.0,11.4399872,3.6456731036660908
2003-08-09,0.0,0.86,3.86,403.0,11.4116704,3.636649160340185
2003-08-10,13.83,3.66,2.08,484.0,13.7053312,4.367588569738585
2003-08-11,0.0,10.34,11.88,432.0,12.232857599999999,3.8983435167914635
2003-08-12,24.96,24.46,25.86,493.0,13.960182399999999,4.4488040596717395
2003-08-13,31.88,22.14,22.78,493.0,13.960182399999999,4.4488040596717395
2003-08-14,2.13,7.78,10.42,514.0,14.5548352,4.63830686951577
2003-08-15,23.7,9.36,24.44,454.0,12.8558272,4.0968702699614
2003-08-16,0.0,16.35,8.03,454.0,12.8558272,4.0968702699614
2003-08-17,6.85,17.67,4.76,436.0,12.3461248,3.9344392900950886
2003-08-18,23.24,5.2,1.61,438.0,12.4027584,3.9524871767469008
2003-08-19,1.93,1.29,0.87,434.0,12.2894912,3.9163914034432765
2003-08-20,0.0,1.3,2.12,399.0,11.2984032,3.6005533870365602
2003-08-21,0.0,6.02,2.27,334.0,9.4578112,3.0139970708526596
2003-08-22,0.0,2.88,0.74,275.0,7.78712,2.4815844146241957
2003-08-23,4.74,0.52,3.98,243.0,6.8809824,2.1928182281951982
2003-08-24,0.0,0.04,1.31,225.0,6.37128,2.0303872483288874
2003-08-25,0.0,2.7,1.0,188.0,5.3235584,1.6965013452703592
2003-08-26,0.0,0.8,0.73,173.0,4.8988064,1.5611421953817668
2003-08-27,0.0,0.12,0.76,153.0,4.3324704,1.3806633288636434
2003-08-28,0.0,9.26,13.14,142.0,4.0209856,1.2813999522786756
2003-08-29,5.34,3.84,7.8,141.0,3.9926688,1.2723760089527696
2003-08-30,14.7,15.9,3.55,162.0,4.5873216,1.461878818796799
2003-08-31,0.52,0.19,0.83,161.0,4.5590048,1.452854875470893
2003-09-01,0.0,0.4,2.43,155.0,4.389104,1.3987112155154557
2003-09-02,0.0,2.72,4.68,138.0,3.9077184,1.245304178975051
2003-09-03,14.84,1.65,4.68,117.0,3.3130656,1.0558013691310215
2003-09-04,0.0,1.36,1.73,97.0,2.7467296,0.8753225026128981
2003-09-05,17.68,12.0,3.63,100.0,2.83168,0.9023943325906166
2003-09-06,5.61,2.3,2.87,94.0,2.6617792,0.8482506726351796
2003-09-07,0.0,3.45,0.57,92.0,2.6051456,0.8302027859833674
2003-09-08,0.0,0.0,0.0,89.0,2.5201952,0.8031309560056488
2003-09-09,0.0,0.0,0.0,69.0,1.9538592,0.6226520894875255
2003-09-10,0.0,0.0,0.0,54.0,1.5291071999999999,0.48729293959893294
2003-09-11,0.0,0.0,0.0,42.0,1.1893056,0.37900561968805896
2003-09-12,0.0,0.0,0.0,32.0,0.9061376,0.2887661864289973
2003-09-13,0.0,0.0,0.0,25.0,0.70792,0.22559858314765416
2003-09-14,0.0,4.35,12.46,21.0,0.5946528,0.18950280984402948
2003-09-15,0.0,0.0,4.15,19.0,0.5380192,0.17145492319221717
2003-09-16,0.0,0.0,0.0,17.0,0.48138559999999997,0.15340703654040483
2003-09-17,0.0,0.0,0.0,14.0,0.3964352,0.12633520656268632
2003-09-18,0.0,0.0,0.24,12.0,0.3398016,0.108287319910874
2003-09-19,0.0,0.0,0.08,10.0,0.283168,0.09023943325906165
2003-09-20,0.0,0.55,17.68,9.0,0.2548512,0.0812154899331555
2003-09-21,17.3,17.52,19.34,8.1,0.22936608,0.07309394093983995
2003-09-22,15.82,5.02,13.08,7.7,0.21803936000000002,0.06948436360947749
2003-09-23,0.0,3.23,3.13,8.8,0.24918784000000002,0.07941070126797427
2003-09-24,0.0,0.0,0.72,8.4,0.23786112,0.0758011239376118
2003-09-25,0.0,0.0,12.29,8.6,0.24352448,0.07760591260279302
2003-09-26,19.38,7.46,4.02,11.0,0.3114848,0.09926337658496784
2003-09-27,0.0,0.0,0.0,12.0,0.3398016,0.108287319910874
2003-09-28,0.0,0.0,0.0,19.0,0.5380192,0.17145492319221717
2003-09-29,0.0,0.0,0.0,20.0,0.566336,0.1804788665181233
2003-09-30,0.0,0.0,0.0,18.0,0.5097024,0.162430979866311
2003-10-01,0.0,0.08,0.0,16.0,0.4530688,0.14438309321449866
2003-10-02,0.0,0.04,0.0,13.0,0.3681184,0.11731126323678016
2003-10-03,0.0,0.0,0.0,11.0,0.3114848,0.09926337658496784
2003-10-04,0.0,0.0,0.0,9.4,0.26617792,0.08482506726351796
2003-10-05,0.0,0.0,0.0,7.9,0.22370272,0.07128915227465871
2003-10-06,0.0,0.0,0.16,6.8,0.19255424,0.06136281461616193
2003-10-07,0.0,3.5,6.28,5.9,0.16706912000000002,0.05324126562284639
2003-10-08,0.0,0.74,2.87,5.4,0.15291072,0.0487292939598933
2003-10-09,0.0,0.01,0.95,5.0,0.141584,0.04511971662953083
2003-10-10,0.47,2.12,7.96,5.2,0.14724736,0.046924505294712066
2003-10-11,29.91,43.58,36.56,9.4,0.26617792,0.08482506726351796
2003-10-12,39.48,4.87,11.89,25.0,0.70792,0.22559858314765416
2003-10-13,0.0,0.01,0.19,45.0,1.274256,0.4060774496657775
2003-10-14,0.0,0.03,0.17,64.0,1.8122752,0.5775323728579946
2003-10-15,0.0,0.08,0.06,67.0,1.8972256,0.6046042028357131
2003-10-16,0.0,0.0,0.0,62.0,1.7556416,0.5594844862061823
2003-10-17,0.0,0.0,0.0,54.0,1.5291071999999999,0.48729293959893294
2003-10-18,0.0,0.0,0.0,46.0,1.3025728,0.4151013929916837
2003-10-19,0.0,0.0,0.0,38.0,1.0760384,0.34290984638443434
2003-10-20,0.0,0.0,0.0,30.0,0.849504,0.270718299777185
2003-10-21,0.0,0.0,0.0,24.0,0.6796032,0.216574639821748
2003-10-22,0.0,0.0,0.0,20.0,0.566336,0.1804788665181233
2003-10-23,0.0,0.0,0.0,16.0,0.4530688,0.14438309321449866
2003-10-24,0.0,0.0,0.0,13.0,0.3681184,0.11731126323678016
2003-10-25,0.0,0.0,0.23,11.0,0.3114848,0.09926337658496784
2003-10-26,0.0,26.1,13.0,9.6,0.27184127999999996,0.08662985592869918
2003-10-27,30.35,11.0,15.84,11.0,0.3114848,0.09926337658496784
2003-10-28,24.13,25.26,22.23,27.0,0.7645535999999999,0.24364646979946647
2003-10-29,12.36,5.95,6.13,77.0,2.1803936,0.6948436360947748
2003-10-30,0.0,0.0,0.0,82.0,2.3219776,0.7399633527243056
2003-10-31,0.0,0.0,0.0,78.0,2.2087104,0.703867579420681
2003-11-01,0.0,0.0,0.0,69.0,1.9538592,0.6226520894875255
2003-11-02,0.0,0.0,0.48,60.0,1.699008,0.54143659955437
2003-11-03,0.0,0.0,0.42,51.0,1.4441568,0.4602211096212145
2003-11-04,10.0,0.5,5.27,43.0,1.2176224,0.38802956301396513
2003-11-05,6.18,3.6,2.18,37.0,1.0477216,0.33388590305852817
2003-11-06,0.0,0.0,0.15,32.0,0.9061376,0.2887661864289973
2003-11-07,0.0,0.06,0.0,27.0,0.7645535999999999,0.24364646979946647
2003-11-08,0.0,0.0,0.0,23.0,0.6512864,0.20755069649584185
2003-11-09,0.0,0.0,0.0,20.0,0.566336,0.1804788665181233
2003-11-10,0.0,0.0,0.0,17.0,0.48138559999999997,0.15340703654040483
2003-11-11,0.0,0.0,0.0,14.0,0.3964352,0.12633520656268632
2003-11-12,0.0,0.0,0.0,13.0,0.3681184,0.11731126323678016
2003-11-13,0.0,0.04,0.0,12.0,0.3398016,0.108287319910874
2003-11-14,0.0,0.0,0.0,10.0,0.283168,0.09023943325906165
2003-11-15,0.0,0.0,0.0,9.7,0.27467295999999997,0.0875322502612898
2003-11-16,0.0,0.0,0.0,8.6,0.24352448,0.07760591260279302
2003-11-17,0.0,0.0,1.99,7.9,0.22370272,0.07128915227465871
2003-11-18,0.0,1.31,7.52,7.1,0.20104928,0.06406999761393378
2003-11-19,33.48,33.03,9.72,16.0,0.4530688,0.14438309321449866
2003-11-20,0.0,0.0,2.48,27.0,0.7645535999999999,0.24364646979946647
2003-11-21,0.0,0.0,0.0,34.0,0.9627711999999999,0.30681407308080966
2003-11-22,0.0,0.0,0.0,30.0,0.849504,0.270718299777185
2003-11-23,0.0,0.0,3.85,25.0,0.70792,0.22559858314765416
2003-11-24,0.02,21.58,15.71,33.0,0.9344544,0.2977901297549035
2003-11-25,24.53,0.0,4.81,67.0,1.8972256,0.6046042028357131
2003-11-26,0.0,0.0,0.69,70.0,1.982176,0.6316760328134317
2003-11-27,0.0,0.0,2.01,66.0,1.8689088,0.595580259509807
2003-11-28,9.98,11.37,1.79,67.0,1.8972256,0.6046042028357131
2003-11-29,5.65,0.0,0.4,71.0,2.0104928,0.6406999761393378
2003-11-30,0.0,0.0,1.35,62.0,1.7556416,0.5594844862061823
2003-12-01,0.0,0.0,0.45,53.0,1.5007904,0.4782689962730268
2003-12-02,0.0,0.0,0.42,45.0,1.274256,0.4060774496657775
2003-12-03,0.0,0.0,1.09,39.0,1.1043552,0.3519337897103405
2003-12-04,0.0,2.91,1.12,34.0,0.9627711999999999,0.30681407308080966
2003-12-05,3.18,0.0,0.27,32.0,0.9061376,0.2887661864289973
2003-12-06,0.0,0.07,0.0,29.0,0.8211872,0.2616943564512788
2003-12-07,0.0,0.0,0.0,25.0,0.70792,0.22559858314765416
2003-12-08,0.0,0.0,0.59,23.0,0.6512864,0.20755069649584185
2003-12-09,0.0,0.0,5.09,20.0,0.566336,0.1804788665181233
2003-12-10,7.52,17.03,5.8,20.0,0.566336,0.1804788665181233
2003-12-11,5.96,0.0,1.39,29.0,0.8211872,0.2616943564512788
2003-12-12,0.0,0.0,1.52,38.0,1.0760384,0.34290984638443434
2003-12-13,0.0,0.01,5.66,40.0,1.132672,0.3609577330362466
2003-12-14,21.0,20.25,10.04,52.0,1.4724736,0.46924505294712066
2003-12-15,0.0,0.0,3.4,75.0,2.12376,0.6767957494429624
2003-12-16,0.0,0.0,1.01,82.0,2.3219776,0.7399633527243056
2003-12-17,6.42,6.97,1.42,80.0,2.265344,0.7219154660724932
2003-12-18,0.0,0.0,0.38,75.0,2.12376,0.6767957494429624
2003-12-19,0.0,0.0,0.0,69.0,1.9538592,0.6226520894875255
2003-12-20,0.0,0.0,0.0,61.0,1.7273247999999999,0.5504605428802761
2003-12-21,0.0,0.0,0.0,54.0,1.5291071999999999,0.48729293959893294
2003-12-22,0.0,0.0,0.51,48.0,1.3592064,0.433149279643496
2003-12-23,0.0,0.0,6.2,44.0,1.2459392,0.39705350633987135
2003-12-24,12.72,11.59,2.08,48.0,1.3592064,0.433149279643496
2003-12-25,0.0,0.0,0.02,55.0,1.557424,0.4963168829248391
2003-12-26,0.0,0.07,0.0,55.0,1.557424,0.4963168829248391
2003-12-27,0.0,0.0,0.0,53.0,1.5007904,0.4782689962730268
2003-12-28,0.0,0.0,0.0,49.0,1.3875232,0.44217322296940215
2003-12-29,0.0,0.0,2.07,45.0,1.274256,0.4060774496657775
2003-12-30,8.7,7.09,3.12,44.0,1.2459392,0.39705350633987135
2003-12-31,0.0,0.0,0.81,46.0,1.3025728,0.4151013929916837
2004-01-01,0.0,0.0,0.0,45.0,1.274256,0.4060774496657775
2004-01-02,0.0,0.0,0.0,42.0,1.1893056,0.37900561968805896
2004-01-03,0.0,0.05,0.0,39.0,1.1043552,0.3519337897103405
2004-01-04,0.0,0.0,0.28,36.0,1.0194048,0.324861959732622
2004-01-05,0.0,2.1,1.56,33.0,0.9344544,0.2977901297549035
2004-01-06,2.97,0.45,0.49,31.0,0.8778208,0.27974224310309115
2004-01-07,0.0,0.0,0.1,29.0,0.8211872,0.2616943564512788
2004-01-08,0.0,0.18,0.55,26.0,0.7362368,0.23462252647356033
2004-01-09,3.59,3.94,3.13,24.0,0.6796032,0.216574639821748
2004-01-10,3.66,0.0,0.99,25.0,0.70792,0.22559858314765416
2004-01-11,0.0,0.0,0.0,26.0,0.7362368,0.23462252647356033
2004-01-12,0.0,0.0,0.0,24.0,0.6796032,0.216574639821748
2004-01-13,0.0,0.0,0.0,23.0,0.6512864,0.20755069649584185
2004-01-14,0.0,0.0,0.0,21.0,0.5946528,0.18950280984402948
2004-01-15,0.0,0.0,1.98,20.0,0.566336,0.1804788665181233
2004-01-16,0.0,0.0,0.66,19.0,0.5380192,0.17145492319221717
2004-01-17,0.0,0.39,3.65,18.0,0.5097024,0.162430979866311
2004-01-18,17.3,16.48,5.39,22.0,0.6229696,0.19852675316993568
2004-01-19,2.6,0.44,1.63,29.0,0.8211872,0.2616943564512788
2004-01-20,0.0,0.0,0.08,32.0,0.9061376,0.2887661864289973
2004-01-21,0.0,0.0,0.0,31.0,0.8778208,0.27974224310309115
2004-01-22,0.0,0.0,0.0,28.0,0.7928704,0.25267041312537264
2004-01-23,0.0,0.0,0.0,25.0,0.70792,0.22559858314765416
2004-01-24,0.0,0.0,0.0,22.0,0.6229696,0.19852675316993568
2004-01-25,0.0,0.0,0.25,21.0,0.5946528,0.18950280984402948
2004-01-26,0.0,30.69,45.29,19.0,0.5380192,0.17145492319221717
2004-01-27,22.87,4.04,15.28,117.0,3.3130656,1.0558013691310215
2004-01-28,0.0,0.0,0.07,296.0,8.3817728,2.6710872244682253
2004-01-29,0.0,0.03,0.15,322.0,9.1180096,2.905709750941786
2004-01-30,0.0,0.07,0.69,292.0,8.2685056,2.6349914511646
2004-01-31,0.0,0.0,1.53,249.0,7.0508831999999995,2.2469618881506355
2004-02-01,8.02,10.67,5.61,214.0,6.0597952,1.9311238717439196
2004-02-02,5.03,0.0,2.0,193.0,5.4651423999999995,1.74162106189989
2004-02-03,0.22,0.18,0.17,176.0,4.9837568,1.5882140253594854
2004-02-04,0.0,0.0,0.02,151.0,4.2758367999999995,1.362615442211831
2004-02-05,0.0,0.0,0.66,136.0,3.8510847999999998,1.2272562923232386
2004-02-06,0.0,37.06,21.53,123.0,3.4829664,1.1099450290864585
2004-02-07,30.43,0.06,7.16,210.0,5.946528,1.895028098440295
2004-02-08,0.0,0.0,0.02,292.0,8.2685056,2.6349914511646
2004-02-09,0.0,0.02,0.75,318.0,9.0047424,2.869613977638161
2004-02-10,0.0,5.07,7.0,297.0,8.4100896,2.680111167794131
2004-02-11,11.26,7.75,4.73,284.0,8.0419712,2.5627999045573513
2004-02-12,6.17,5.57,11.76,289.0,8.1835552,2.6079196211868823
2004-02-13,14.6,14.11,21.25,297.0,8.4100896,2.680111167794131
2004-02-14,32.98,44.97,21.37,542.0,15.3477056,4.890977282641142
2004-02-15,17.68,0.34,5.33,937.0,26.5328416,8.455434896374078
2004-02-16,0.0,0.0,0.05,1130.0,31.997984,10.197055958273967
2004-02-17,0.0,0.0,0.0,1020.0,28.883136,9.204422192424289
2004-02-18,0.0,0.0,0.0,787.0,22.2853216,7.101843397488153
2004-02-19,0.0,0.0,0.0,603.0,17.0750304,5.441437825521418
2004-02-20,0.0,0.0,0.0,474.0,13.4221632,4.277349136479523
2004-02-21,0.0,0.0,0.0,383.0,10.8453344,3.456170293822062
2004-02-22,0.0,0.0,1.26,302.0,8.551673599999999,2.725230884423662
2004-02-23,0.0,3.98,24.82,249.0,7.0508831999999995,2.2469618881506355
2004-02-24,46.52,44.15,23.58,409.0,11.581571199999999,3.6907928202956217
2004-02-25,28.99,15.8,10.0,881.0,24.9471008,7.950094070123333
2004-02-26,6.65,3.72,1.86,1090.0,30.865312,9.836098225237722
2004-02-27,0.0,0.0,0.08,1040.0,29.449472,9.384901058942413
2004-02-28,0.0,0.0,0.0,855.0,24.210864,7.715471543649772
2004-02-29,0.0,0.0,0.0,680.0,19.255424,6.136281461616194
2004-03-01,0.0,0.0,0.0,560.0,15.857408,5.053408262507453
2004-03-02,0.0,0.0,0.0,420.0,11.893056,3.79005619688059
2004-03-03,0.0,0.0,0.0,330.0,9.344543999999999,2.9779012975490344
2004-03-04,0.0,0.0,0.0,280.0,7.928704,2.5267041312537266
2004-03-05,0.0,0.0,0.0,230.0,6.5128639999999995,2.075506964958418
2004-03-06,0.0,1.08,0.58,190.0,5.380192,1.7145492319221716
2004-03-07,0.0,0.07,0.19,160.0,4.530688,1.4438309321449865
2004-03-08,0.0,0.0,0.0,130.0,3.681184,1.1731126323678016
2004-03-09,0.0,0.0,0.71,105.0,2.973264,0.9475140492201475
2004-03-10,0.0,0.22,0.24,85.0,2.406928,0.7670351827020242
2004-03-11,0.0,0.0,0.0,70.0,1.982176,0.6316760328134317
2004-03-12,0.0,0.0,0.0,55.0,1.557424,0.4963168829248391
2004-03-13,0.0,0.0,0.0,50.0,1.41584,0.4511971662953083
2004-03-14,0.0,0.0,0.0,40.0,1.132672,0.3609577330362466
2004-03-15,0.0,0.0,0.29,35.0,0.991088,0.3158380164067158
2004-03-16,0.0,1.02,0.39,30.0,0.849504,0.270718299777185
2004-03-17,1.54,0.0,0.1,25.0,0.70792,0.22559858314765416
2004-03-18,0.0,0.0,0.0,20.0,0.566336,0.1804788665181233
2004-03-19,0.0,0.02,0.0,18.0,0.5097024,0.162430979866311
2004-03-20,0.0,0.0,0.0,15.0,0.424752,0.1353591498885925
2004-03-21,0.0,0.0,0.0,14.0,0.3964352,0.12633520656268632
2004-03-22,0.0,0.0,0.0,12.0,0.3398016,0.108287319910874
2004-03-23,0.0,0.0,0.0,11.0,0.3114848,0.09926337658496784
2004-03-24,0.0,0.0,0.0,9.5,0.2690096,0.08572746159610858
2004-03-25,0.0,0.0,0.0,11.0,0.3114848,0.09926337658496784
2004-03-26,0.0,0.0,0.0,9.0,0.2548512,0.0812154899331555
2004-03-27,0.0,0.0,0.0,8.0,0.2265344,0.07219154660724933
2004-03-28,0.0,0.0,0.0,7.0,0.1982176,0.06316760328134316
2004-03-29,0.0,3.07,5.94,6.5,0.1840592,0.05865563161839008
2004-03-30,5.62,9.17,4.44,6.2,0.17556416,0.05594844862061823
2004-03-31,6.46,0.0,0.82,6.0,0.1699008,0.054143659955437
2004-04-01,0.0,0.11,0.0,5.5,0.1557424,0.04963168829248392
2004-04-02,0.0,0.0,0.0,5.0,0.141584,0.04511971662953083
2004-04-03,0.0,0.0,0.0,4.5,0.1274256,0.04060774496657775
2004-04-04,0.0,0.0,0.0,4.0,0.1132672,0.036095773303624665
2004-04-05,0.0,0.0,0.0,3.4,0.09627712,0.030681407308080964
2004-04-06,0.0,0.0,0.49,3.5,0.0991088,0.03158380164067158
2004-04-07,0.0,0.58,3.71,3.6,0.10194048,0.032486195973262195
2004-04-08,6.55,4.31,1.26,4.1,0.11609887999999999,0.03699816763621528
2004-04-09,0.0,0.0,0.03,4.1,0.11609887999999999,0.03699816763621528
2004-04-10,0.0,0.0,0.54,3.9,0.11043552,0.03519337897103405
2004-04-11,0.0,1.8,3.44,3.9,0.11043552,0.03519337897103405
2004-04-12,10.33,0.95,10.0,4.2,0.11893056,0.0379005619688059
2004-04-13,17.2,15.92,8.19,5.7,0.16140576,0.05143647695766515
2004-04-14,0.0,0.0,1.74,5.4,0.15291072,0.0487292939598933
2004-04-15,0.0,0.0,0.0,5.9,0.16706912000000002,0.05324126562284639
2004-04-16,0.0,0.0,0.0,5.6,0.15857407999999998,0.05053408262507453
2004-04-17,0.0,0.0,0.0,5.4,0.15291072,0.0487292939598933
2004-04-18,0.0,0.02,0.0,5.1,0.14441568,0.04602211096212144
2004-04-19,0.0,0.0,0.0,4.7,0.13308896,0.04241253363175898
2004-04-20,0.0,0.0,0.0,4.4,0.12459392000000001,0.039705350633987134
2004-04-21,0.0,0.0,0.0,4.1,0.11609887999999999,0.03699816763621528
2004-04-22,0.0,0.61,0.0,3.9,0.11043552,0.03519337897103405
2004-04-23,0.0,3.59,0.0,3.8,0.10760383999999999,0.03429098463844343
2004-04-24,0.0,0.0,0.0,3.6,0.10194048,0.032486195973262195
2004-04-25,0.0,0.0,0.0,3.4,0.09627712,0.030681407308080964
2004-04-26,0.0,2.67,5.72,3.5,0.0991088,0.03158380164067158
2004-04-27,5.84,0.21,1.91,3.4,0.09627712,0.030681407308080964
2004-04-28,0.0,0.03,0.12,3.2,0.09061376,0.028876618642899733
2004-04-29,0.0,0.12,9.55,3.2,0.09061376,0.028876618642899733
2004-04-30,34.48,52.2,33.99,19.0,0.5380192,0.17145492319221717
2004-05-01,13.11,1.32,13.17,126.0,3.5679168,1.137016859064177
2004-05-02,6.89,8.94,2.01,167.0,4.7289056,1.5069985354263298
2004-05-03,13.6,5.19,1.82,157.0,4.4457376,1.416759102167268
2004-05-04,0.0,0.0,0.49,122.0,3.4546495999999998,1.1009210857605523
2004-05-05,0.0,0.05,0.0,90.0,2.548512,0.812154899331555
2004-05-06,0.0,0.02,0.0,67.0,1.8972256,0.6046042028357131
2004-05-07,0.0,0.0,0.0,50.0,1.41584,0.4511971662953083
2004-05-08,0.0,0.0,0.0,37.0,1.0477216,0.33388590305852817
2004-05-09,0.0,0.0,0.0,27.0,0.7645535999999999,0.24364646979946647
2004-05-10,0.0,0.0,0.0,20.0,0.566336,0.1804788665181233
2004-05-11,0.0,0.01,0.11,16.0,0.4530688,0.14438309321449866
2004-05-12,0.0,0.04,0.04,13.0,0.3681184,0.11731126323678016
2004-05-13,0.0,0.0,0.0,11.0,0.3114848,0.09926337658496784
2004-05-14,0.0,0.0,0.0,9.4,0.26617792,0.08482506726351796
2004-05-15,0.0,0.04,0.0,8.3,0.23502944,0.07489872960502118
2004-05-16,0.0,0.55,6.57,7.5,0.212376,0.06767957494429624
2004-05-17,0.0,9.12,2.21,6.9,0.19538592000000002,0.06226520894875255
2004-05-18,0.0,0.89,0.01,6.7,0.18972256,0.06046042028357132
2004-05-19,0.0,0.97,1.51,8.1,0.22936608,0.07309394093983995
2004-05-20,3.41,1.75,1.28,15.0,0.424752,0.1353591498885925
2004-05-21,0.6,0.31,0.33,13.0,0.3681184,0.11731126323678016
2004-05-22,0.0,0.13,0.02,12.0,0.3398016,0.108287319910874
2004-05-23,0.0,0.09,0.0,13.0,0.3681184,0.11731126323678016
2004-05-24,0.0,0.51,0.0,11.0,0.3114848,0.09926337658496784
2004-05-25,0.0,0.0,0.0,9.7,0.27467295999999997,0.0875322502612898
2004-05-26,0.0,0.0,0.0,8.6,0.24352448,0.07760591260279302
2004-05-27,0.0,0.35,0.0,8.0,0.2265344,0.07219154660724933
2004-05-28,0.0,1.78,0.0,7.4,0.20954432,0.06677718061170564
2004-05-29,0.0,1.1,0.28,6.8,0.19255424,0.06136281461616193
2004-05-30,0.0,0.69,0.09,6.5,0.1840592,0.05865563161839008
2004-05-31,0.0,1.52,2.97,6.4,0.18122752,0.057753237285799466
2004-06-01,21.78,41.92,28.74,6.7,0.18972256,0.06046042028357132
2004-06-02,51.41,37.84,25.6,8.5,0.24069279999999998,0.07670351827020241
2004-06-03,26.25,8.98,13.25,9.7,0.27467295999999997,0.0875322502612898
2004-06-04,15.05,15.01,9.22,16.0,0.4530688,0.14438309321449866
2004-06-05,0.98,5.59,5.22,24.0,0.6796032,0.216574639821748
2004-06-06,5.38,5.86,3.94,23.0,0.6512864,0.20755069649584185
2004-06-07,7.3,5.8,2.14,20.0,0.566336,0.1804788665181233
2004-06-08,5.44,6.42,7.9,21.0,0.5946528,0.18950280984402948
2004-06-09,8.55,11.39,13.18,33.0,0.9344544,0.2977901297549035
2004-06-10,0.0,1.04,3.56,47.0,1.3308896,0.4241253363175898
2004-06-11,0.0,0.18,0.1,65.0,1.840592,0.5865563161839008
2004-06-12,0.0,1.25,0.3,73.0,2.0671264,0.65874786279115
2004-06-13,0.0,7.93,1.87,65.0,1.840592,0.5865563161839008
2004-06-14,11.88,32.57,16.93,51.0,1.4441568,0.4602211096212145
2004-06-15,36.57,44.9,29.74,105.0,2.973264,0.9475140492201475
2004-06-16,23.77,4.69,8.13,519.0,14.6964192,4.6834265861453
2004-06-17,0.0,7.95,2.36,1240.0,35.112832,11.189689724123646
2004-06-18,0.0,1.75,3.24,1350.0,38.22768,12.182323489973324
2004-06-19,10.72,9.45,4.08,1200.0,33.98016,10.828731991087398
2004-06-20,7.33,3.88,3.54,1020.0,28.883136,9.204422192424289
2004-06-21,9.67,3.6,2.26,1310.0,37.095008,11.821365756937078
2004-06-22,10.65,12.07,10.45,1060.0,30.015808,9.565379925460537
2004-06-23,10.18,4.12,3.6,784.0,22.2003712,7.074771567510434
2004-06-24,3.24,2.49,3.13,641.0,18.1510688,5.784347671905853
2004-06-25,0.45,9.14,3.45,506.0,14.3283008,4.56611532290852
2004-06-26,4.63,24.16,9.98,382.0,10.8170176,3.4471463504961557
2004-06-27,18.11,11.16,15.11,491.0,13.9035488,4.430756173019928
2004-06-28,8.65,13.82,6.15,530.0,15.007904,4.782689962730268
2004-06-29,3.93,5.47,1.41,565.0,15.998992,5.098527979136984
2004-06-30,0.0,9.82,1.84,604.0,17.103347199999998,5.450461768847324
2004-07-01,0.0,7.2,2.45,505.0,14.299984,4.557091379582614
2004-07-02,6.11,7.54,2.96,542.0,15.3477056,4.890977282641142
2004-07-03,7.25,9.7,1.49,499.0,14.1300832,4.502947719627177
2004-07-04,22.45,10.09,20.79,422.0,11.9496896,3.808104083532402
2004-07-05,0.0,0.85,6.85,361.0,10.2223648,3.257643540652126
2004-07-06,0.0,12.01,1.97,366.0,10.3639488,3.3027632572816565
2004-07-07,11.43,1.3,0.67,510.0,14.441568,4.6022110962121445
2004-07-08,10.7,22.2,21.26,463.0,13.1106784,4.178085759894555
2004-07-09,13.83,3.9,20.47,455.0,12.884144,4.105894213287305
2004-07-10,0.0,0.42,4.46,386.0,10.930284799999999,3.48324212379978
2004-07-11,0.0,0.0,1.94,337.0,9.5427616,3.0410689008303784
2004-07-12,0.0,0.63,1.12,284.0,8.0419712,2.5627999045573513
2004-07-13,0.0,2.13,1.04,235.0,6.6544479999999995,2.120626681587949
2004-07-14,0.0,0.5,0.69,229.0,6.4845472,2.066483021632512
2004-07-15,0.0,7.12,8.25,211.0,5.9748448,1.904052041766201
2004-07-16,18.54,8.21,6.34,240.0,6.796032,2.16574639821748
2004-07-17,12.85,6.26,4.35,233.0,6.5978144,2.1025787949361368
2004-07-18,13.57,10.46,7.65,226.0,6.3995968,2.0394111916547937
2004-07-19,18.02,5.02,2.2,253.0,7.1641504,2.28305766145426
2004-07-20,0.0,0.33,0.0,262.0,7.4190016,2.3642731513874153
2004-07-21,0.0,0.0,0.0,222.0,6.2863296,2.003315418351169
2004-07-22,0.0,0.0,0.0,160.0,4.530688,1.4438309321449865
2004-07-23,0.0,0.0,0.0,100.0,2.83168,0.9023943325906166
2004-07-24,0.0,2.36,6.87,87.0,2.4635616,0.7850830693538364
2004-07-25,0.0,1.61,2.38,93.0,2.6334624,0.8392267293092734
2004-07-26,0.0,0.07,0.11,113.0,3.1997984,1.0197055958273968
2004-07-27,0.0,2.81,4.12,106.0,3.0015808,0.9565379925460537
2004-07-28,8.14,10.96,5.06,96.0,2.7184128,0.866298559286992
2004-07-29,15.06,0.19,3.45,116.0,3.2847488,1.0467774258051152
2004-07-30,9.62,4.86,1.51,123.0,3.4829664,1.1099450290864585
2004-07-31,0.0,3.0,0.55,126.0,3.5679168,1.137016859064177
2004-08-01,0.0,1.64,3.24,119.0,3.3696992,1.0738492557828339
2004-08-02,0.0,0.98,1.11,96.0,2.7184128,0.866298559286992
2004-08-03,0.0,2.82,0.02,74.0,2.0954432,0.6677718061170563
2004-08-04,10.56,3.24,1.7,58.0,1.6423744,0.5233887129025576
2004-08-05,7.32,0.8,0.66,63.0,1.7839584,0.5685084295320885
2004-08-06,0.0,4.62,0.03,61.0,1.7273247999999999,0.5504605428802761
2004-08-07,0.0,0.31,1.21,48.0,1.3592064,0.433149279643496
2004-08-08,0.0,0.42,0.49,37.0,1.0477216,0.33388590305852817
2004-08-09,12.57,6.75,4.96,30.0,0.849504,0.270718299777185
2004-08-10,14.67,21.35,22.32,28.0,0.7928704,0.25267041312537264
2004-08-11,19.19,11.41,22.57,44.0,1.2459392,0.39705350633987135
2004-08-12,28.96,38.74,28.86,121.0,3.4263328,1.0918971424346462
2004-08-13,26.61,10.26,18.9,288.0,8.1552384,2.598895677860976
2004-08-14,5.35,2.38,3.67,333.0,9.4294944,3.0049731275267533
2004-08-15,0.0,3.61,0.96,263.0,7.4473184,2.373297094713322
2004-08-16,6.12,8.41,6.75,495.0,14.016816,4.466851946323552
2004-08-17,7.85,0.67,2.36,420.0,11.893056,3.79005619688059
2004-08-18,0.0,0.35,0.07,292.0,8.2685056,2.6349914511646
2004-08-19,0.0,0.0,0.0,216.0,6.1164287999999996,1.9491717583957318
2004-08-20,0.0,15.27,36.52,164.0,4.6439552,1.4799267054486112
2004-08-21,9.71,12.95,17.16,141.0,3.9926688,1.2723760089527696
2004-08-22,18.32,12.37,11.78,241.0,6.8243488,2.174770341543386
2004-08-23,16.65,9.76,3.91,270.0,7.645536,2.4364646979946647
2004-08-24,0.0,0.36,0.19,287.0,8.1269216,2.5898717345350697
2004-08-25,0.0,0.3,0.0,230.0,6.5128639999999995,2.075506964958418
2004-08-26,0.0,0.22,0.0,180.0,5.097024,1.62430979866311
2004-08-27,0.0,0.0,0.0,143.0,4.0493024,1.290423895604582
2004-08-28,0.0,0.03,0.5,116.0,3.2847488,1.0467774258051152
2004-08-29,0.0,2.36,13.43,93.0,2.6334624,0.8392267293092734
2004-08-30,10.82,16.47,16.56,107.0,3.0298976,0.9655619358719598
2004-08-31,5.08,4.03,5.99,175.0,4.95544,1.5791900820335791
2004-09-01,3.82,2.05,4.26,150.0,4.24752,1.3535914988859248
2004-09-02,8.31,0.02,1.69,192.0,5.4368256,1.732597118573984
2004-09-03,0.0,0.27,0.16,179.0,5.0687071999999995,1.6152858553372036
2004-09-04,0.0,0.18,1.22,147.0,4.1625696,1.3265196689082066
2004-09-05,0.0,11.02,11.87,119.0,3.3696992,1.0738492557828339
2004-09-06,30.75,34.09,37.97,207.0,5.8615775999999995,1.8679562684625763
2004-09-07,24.5,13.41,12.94,463.0,13.1106784,4.178085759894555
2004-09-08,0.0,2.38,0.52,467.0,13.2239456,4.21418153319818
2004-09-09,0.0,0.41,1.24,398.0,11.2700864,3.5915294437106544
2004-09-10,0.0,5.05,14.01,348.0,9.8542464,3.1403322774153457
2004-09-11,26.49,10.3,5.29,346.0,9.7976128,3.1222843907635336
2004-09-12,4.7,3.32,1.97,327.0,9.2595936,2.9508294675713165
2004-09-13,9.64,7.03,4.54,293.0,8.2968224,2.644015394490507
2004-09-14,7.4,0.41,4.23,250.0,7.0792,2.2559858314765417
2004-09-15,0.0,6.5,14.65,215.0,6.088112,1.9401478150698257
2004-09-16,52.09,46.57,21.72,657.0,18.6041376,5.928730765120352
2004-09-17,26.68,9.99,5.72,1040.0,29.449472,9.384901058942413
2004-09-18,0.0,0.0,0.0,954.0,27.0142272,8.608841932914483
2004-09-19,0.0,0.0,0.0,735.0,20.812848,6.632598344541032
2004-09-20,0.0,0.0,0.0,539.0,15.262755199999999,4.863905452663423
2004-09-21,0.0,0.0,0.0,393.0,11.1285024,3.5464097270811235
2004-09-22,0.0,0.0,0.0,298.0,8.4384064,2.6891351111200374
2004-09-23,0.0,0.0,0.0,233.0,6.5978144,2.1025787949361368
2004-09-24,0.0,0.01,0.0,186.0,5.2669248,1.678453458618547
2004-09-25,0.0,0.0,1.52,148.0,4.1908864,1.3355436122341127
2004-09-26,0.0,0.43,17.92,118.0,3.3413824,1.0648253124569276
2004-09-27,39.52,32.85,13.93,162.0,4.5873216,1.461878818796799
2004-09-28,3.26,0.45,2.71,218.0,6.1730624,1.9672196450475443
2004-09-29,0.0,0.01,0.0,209.0,5.9182112,1.8860041551143887
2004-09-30,0.0,0.0,0.0,186.0,5.2669248,1.678453458618547
2004-10-01,0.0,0.03,0.0,165.0,4.6722719999999995,1.4889506487745172
2004-10-02,0.0,0.0,0.0,140.0,3.964352,1.2633520656268633
2004-10-03,0.0,0.0,0.02,115.0,3.2564319999999998,1.037753482479209
2004-10-04,0.0,0.02,0.01,95.0,2.690096,0.8572746159610858
2004-10-05,0.0,0.0,0.0,71.0,2.0104928,0.6406999761393378
2004-10-06,0.0,0.04,0.0,44.0,1.2459392,0.39705350633987135
2004-10-07,0.0,0.02,0.0,35.0,0.991088,0.3158380164067158
2004-10-08,0.0,0.0,0.0,29.0,0.8211872,0.2616943564512788
2004-10-09,0.0,0.0,0.0,23.0,0.6512864,0.20755069649584185
2004-10-10,0.0,0.52,4.16,20.0,0.566336,0.1804788665181233
2004-10-11,7.76,7.66,3.78,23.0,0.6512864,0.20755069649584185
2004-10-12,5.84,1.34,1.65,28.0,0.7928704,0.25267041312537264
2004-10-13,0.0,0.07,0.28,28.0,0.7928704,0.25267041312537264
2004-10-14,0.0,0.41,10.55,26.0,0.7362368,0.23462252647356033
2004-10-15,25.08,26.17,13.57,34.0,0.9627711999999999,0.30681407308080966
2004-10-16,0.0,0.0,3.35,51.0,1.4441568,0.4602211096212145
2004-10-17,0.0,0.0,0.0,46.0,1.3025728,0.4151013929916837
2004-10-18,0.0,0.0,0.0,41.0,1.1609888,0.3699816763621528
2004-10-19,0.0,5.0,12.32,34.0,0.9627711999999999,0.30681407308080966
2004-10-20,36.05,33.03,19.68,73.0,2.0671264,0.65874786279115
2004-10-21,0.0,1.66,5.19,128.0,3.6245504,1.1550647457159893
2004-10-22,0.0,0.01,0.0,136.0,3.8510847999999998,1.2272562923232386
2004-10-23,0.0,0.15,0.0,126.0,3.5679168,1.137016859064177
2004-10-24,0.0,0.12,1.45,113.0,3.1997984,1.0197055958273968
2004-10-25,0.0,0.28,0.48,93.0,2.6334624,0.8392267293092734
2004-10-26,0.0,1.6,0.0,80.0,2.265344,0.7219154660724932
2004-10-27,0.0,0.0,0.0,67.0,1.8972256,0.6046042028357131
2004-10-28,0.0,0.0,0.0,54.0,1.5291071999999999,0.48729293959893294
2004-10-29,0.0,0.95,2.21,43.0,1.2176224,0.38802956301396513
2004-10-30,0.0,0.0,0.74,36.0,1.0194048,0.324861959732622
2004-10-31,0.0,0.0,0.0,28.0,0.7928704,0.25267041312537264
2004-11-01,0.0,0.23,0.0,22.0,0.6229696,0.19852675316993568
2004-11-02,0.0,0.27,0.27,17.0,0.48138559999999997,0.15340703654040483
2004-11-03,0.0,0.12,0.25,15.0,0.424752,0.1353591498885925
2004-11-04,0.0,11.03,4.97,15.0,0.424752,0.1353591498885925
2004-11-05,13.45,0.02,1.64,35.0,0.991088,0.3158380164067158
2004-11-06,0.0,0.0,0.0,41.0,1.1609888,0.3699816763621528
2004-11-07,0.0,0.0,0.0,40.0,1.132672,0.3609577330362466
2004-11-08,0.0,0.03,0.0,33.0,0.9344544,0.2977901297549035
2004-11-09,0.0,0.02,0.0,26.0,0.7362368,0.23462252647356033
2004-11-10,0.0,0.0,2.48,20.0,0.566336,0.1804788665181233
2004-11-11,0.0,0.9,1.62,15.0,0.424752,0.1353591498885925
2004-11-12,14.89,24.05,10.73,13.0,0.3681184,0.11731126323678016
2004-11-13,0.0,0.01,3.49,14.0,0.3964352,0.12633520656268632
2004-11-14,0.0,0.04,0.0,13.0,0.3681184,0.11731126323678016
2004-11-15,0.0,0.0,0.0,13.0,0.3681184,0.11731126323678016
2004-11-16,0.0,0.0,0.0,12.0,0.3398016,0.108287319910874
2004-11-17,0.0,0.0,0.0,12.0,0.3398016,0.108287319910874
2004-11-18,0.0,0.0,0.83,12.0,0.3398016,0.108287319910874
2004-11-19,0.0,3.68,2.27,11.0,0.3114848,0.09926337658496784
2004-11-20,13.76,12.53,4.52,12.0,0.3398016,0.108287319910874
2004-11-21,0.0,0.22,1.29,13.0,0.3681184,0.11731126323678016
2004-11-22,0.0,0.16,0.07,12.0,0.3398016,0.108287319910874
2004-11-23,10.1,8.21,4.32,12.0,0.3398016,0.108287319910874
2004-11-24,25.31,32.88,11.81,21.0,0.5946528,0.18950280984402948
2004-11-25,33.52,0.75,3.51,45.0,1.274256,0.4060774496657775
2004-11-26,0.0,0.0,3.89,39.0,1.1043552,0.3519337897103405
2004-11-27,0.0,26.57,15.17,42.0,1.1893056,0.37900561968805896
2004-11-28,25.42,0.47,4.66,84.0,2.3786112,0.7580112393761179
2004-11-29,0.0,0.0,0.01,91.0,2.5768288,0.8211788426574611
2004-11-30,0.0,0.08,0.28,91.0,2.5768288,0.8211788426574611
2004-12-01,2.0,0.65,0.46,89.0,2.5201952,0.8031309560056488
2004-12-02,0.0,0.0,0.28,78.0,2.2087104,0.703867579420681
2004-12-03,0.0,0.0,0.09,68.0,1.9255423999999999,0.6136281461616193
2004-12-04,0.05,0.55,0.01,58.0,1.6423744,0.5233887129025576
2004-12-05,0.0,0.0,0.0,51.0,1.4441568,0.4602211096212145
2004-12-06,0.0,0.25,0.0,45.0,1.274256,0.4060774496657775
2004-12-07,0.93,4.78,4.2,41.0,1.1609888,0.3699816763621528
2004-12-08,5.33,2.84,3.89,42.0,1.1893056,0.37900561968805896
2004-12-09,5.38,2.36,7.94,55.0,1.557424,0.4963168829248391
2004-12-10,11.29,8.29,3.33,185.0,5.238608,1.6694295152926408
2004-12-11,0.0,0.0,0.32,273.0,7.7304864,2.4635365279723835
2004-12-12,0.0,0.0,0.0,269.0,7.6172192,2.427440754668759
2004-12-13,0.0,0.0,0.0,239.0,6.7677152,2.1567224548915735
2004-12-14,0.0,0.0,0.0,207.0,5.8615775999999995,1.8679562684625763
2004-12-15,0.0,0.0,0.0,174.0,4.9271232,1.5701661387076729
2004-12-16,0.0,0.0,0.0,146.0,4.1342528,1.3174957255823
2004-12-17,0.0,0.0,0.0,122.0,3.4546495999999998,1.1009210857605523
2004-12-18,0.0,0.0,0.0,105.0,2.973264,0.9475140492201475
2004-12-19,0.0,0.0,0.0,89.0,2.5201952,0.8031309560056488
2004-12-20,0.0,0.0,0.0,76.0,2.1520768,0.6858196927688687
2004-12-21,0.0,0.0,0.66,64.0,1.8122752,0.5775323728579946
2004-12-22,0.0,0.29,4.89,55.0,1.557424,0.4963168829248391
2004-12-23,22.55,17.71,5.51,64.0,1.8122752,0.5775323728579946
2004-12-24,0.0,2.28,4.91,77.0,2.1803936,0.6948436360947748
2004-12-25,17.88,14.63,13.89,91.0,2.5768288,0.8211788426574611
2004-12-26,52.79,35.88,17.23,473.0,13.3938464,4.268325193153617
2004-12-27,0.0,0.0,4.33,665.0,18.830672,6.0009223117276
2004-12-28,0.0,0.06,0.0,680.0,19.255424,6.136281461616194
2004-12-29,0.0,0.0,0.0,604.0,17.103347199999998,5.450461768847324
2004-12-30,0.0,0.0,0.0,508.0,14.3849344,4.584163209560333
2004-12-31,0.0,0.0,0.0,416.0,11.7797888,3.7539604235769652
2005-01-01,0.0,0.0,0.0,346.0,9.7976128,3.1222843907635336
2005-01-02,0.0,0.0,0.0,289.0,8.1835552,2.6079196211868823
2005-01-03,0.0,0.0,0.0,243.0,6.8809824,2.1928182281951982
2005-01-04,0.0,0.0,0.0,206.0,5.8332608,1.8589323251366703
2005-01-05,0.0,0.0,0.0,175.0,4.95544,1.5791900820335791
2005-01-06,0.0,0.15,0.0,150.0,4.24752,1.3535914988859248
2005-01-07,0.0,0.05,0.0,130.0,3.681184,1.1731126323678016
2005-01-08,0.0,0.02,0.0,115.0,3.2564319999999998,1.037753482479209
2005-01-09,0.0,0.09,0.08,102.0,2.8883136,0.920442219242429
2005-01-10,0.0,0.0,0.06,92.0,2.6051456,0.8302027859833674
2005-01-11,0.0,0.1,0.01,82.0,2.3219776,0.7399633527243056
2005-01-12,0.0,0.0,0.0,73.0,2.0671264,0.65874786279115
2005-01-13,0.0,0.63,20.9,65.0,1.840592,0.5865563161839008
2005-01-14,30.17,26.25,8.33,122.0,3.4546495999999998,1.1009210857605523
2005-01-15,0.0,0.0,0.45,178.0,5.0403904,1.6062619120112975
2005-01-16,0.0,0.0,0.0,186.0,5.2669248,1.678453458618547
2005-01-17,0.0,0.0,0.0,172.0,4.8704896,1.5521182520558605
2005-01-18,0.0,0.0,0.0,146.0,4.1342528,1.3174957255823
2005-01-19,0.0,0.0,0.0,124.0,3.5112832,1.1189689724123646
2005-01-20,0.0,0.0,0.0,108.0,3.0582143999999998,0.9745858791978659
2005-01-21,0.0,0.0,0.0,95.0,2.690096,0.8572746159610858
2005-01-22,0.0,0.53,0.51,85.0,2.406928,0.7670351827020242
2005-01-23,0.0,1.26,0.17,77.0,2.1803936,0.6948436360947748
2005-01-24,0.0,0.0,0.0,68.0,1.9255423999999999,0.6136281461616193
2005-01-25,0.0,0.0,0.0,59.0,1.6706912,0.5324126562284638
2005-01-26,0.0,0.0,0.0,51.0,1.4441568,0.4602211096212145
2005-01-27,0.0,0.0,0.0,46.0,1.3025728,0.4151013929916837
2005-01-28,0.0,0.0,1.41,41.0,1.1609888,0.3699816763621528
2005-01-29,4.12,7.68,6.16,37.0,1.0477216,0.33388590305852817
2005-01-30,10.0,2.93,1.92,39.0,1.1043552,0.3519337897103405
2005-01-31,0.0,0.02,1.22,40.0,1.132672,0.3609577330362466
2005-02-01,3.68,2.52,2.83,37.0,1.0477216,0.33388590305852817
2005-02-02,7.05,9.0,7.81,38.0,1.0760384,0.34290984638443434
2005-02-03,7.6,4.11,3.73,51.0,1.4441568,0.4602211096212145
2005-02-04,2.0,0.0,0.47,55.0,1.557424,0.4963168829248391
2005-02-05,0.0,0.0,0.0,55.0,1.557424,0.4963168829248391
2005-02-06,0.0,0.0,0.0,54.0,1.5291071999999999,0.48729293959893294
2005-02-07,0.0,0.0,0.0,47.0,1.3308896,0.4241253363175898
2005-02-08,0.0,0.01,0.0,43.0,1.2176224,0.38802956301396513
2005-02-09,0.0,0.04,0.02,36.0,1.0194048,0.324861959732622
2005-02-10,0.0,0.05,0.01,31.0,0.8778208,0.27974224310309115
2005-02-11,0.0,0.0,0.0,27.0,0.7645535999999999,0.24364646979946647
2005-02-12,0.0,0.0,1.89,23.0,0.6512864,0.20755069649584185
2005-02-13,0.0,0.0,2.77,20.0,0.566336,0.1804788665181233
2005-02-14,9.47,13.43,5.57,19.0,0.5380192,0.17145492319221717
2005-02-15,0.0,0.11,1.66,26.0,0.7362368,0.23462252647356033
2005-02-16,4.55,0.81,0.59,30.0,0.849504,0.270718299777185
2005-02-17,0.0,0.0,0.19,29.0,0.8211872,0.2616943564512788
2005-02-18,0.0,0.0,0.0,25.0,0.70792,0.22559858314765416
2005-02-19,0.0,0.0,0.0,21.0,0.5946528,0.18950280984402948
2005-02-20,0.0,0.0,0.0,18.0,0.5097024,0.162430979866311
2005-02-21,0.0,0.0,0.0,16.0,0.4530688,0.14438309321449866
2005-02-22,0.0,0.0,0.75,14.0,0.3964352,0.12633520656268632
2005-02-23,0.0,3.86,11.06,13.0,0.3681184,0.11731126323678016
2005-02-24,9.0,7.58,4.1,15.0,0.424752,0.1353591498885925
2005-02-25,4.99,3.5,6.78,18.0,0.5097024,0.162430979866311
2005-02-26,11.02,0.0,8.51,19.0,0.5380192,0.17145492319221717
2005-02-27,31.49,57.19,30.32,112.0,3.1714816,1.0106816525014906
2005-02-28,48.01,0.16,9.41,470.0,13.308895999999999,4.241253363175898
2005-03-01,0.0,0.0,0.0,531.0,15.0362208,4.791713906056175
2005-03-02,0.0,0.0,0.0,500.0,14.1584,4.5119716629530835
2005-03-03,0.0,4.47,1.55,412.0,11.6665216,3.7178646502733406
2005-03-04,4.55,0.1,0.52,349.0,9.8825632,3.149356220741252
2005-03-05,0.0,0.0,0.0,294.0,8.3251392,2.653039337816413
2005-03-06,0.0,0.0,1.55,244.0,6.9092991999999995,2.2018421715211045
2005-03-07,0.0,0.0,26.6,203.0,5.7483104,1.8318604951589519
2005-03-08,31.95,41.6,8.7,519.0,14.6964192,4.6834265861453
2005-03-09,0.0,0.0,0.0,663.0,18.7740384,5.982874425075788
2005-03-10,0.0,0.0,0.0,663.0,18.7740384,5.982874425075788
2005-03-11,0.0,0.0,0.0,562.0,15.9140416,5.071456149159265
2005-03-12,0.0,0.0,0.0,448.0,12.6859264,4.042726610005962
2005-03-13,0.0,0.0,0.0,358.0,10.137414399999999,3.230571710674407
2005-03-14,0.0,0.24,2.51,291.0,8.2401888,2.6259675078386944
2005-03-15,0.0,1.06,20.66,237.0,6.7110816,2.1386745682397614
2005-03-16,47.92,69.81,32.32,457.0,12.9407776,4.123942099939118
2005-03-17,19.71,0.45,8.75,836.0,23.6728448,7.544016620457555
2005-03-18,0.0,0.0,0.06,901.0,25.5134368,8.130572936641457
2005-03-19,0.0,0.0,0.0,794.0,22.4835392,7.165011000769496
2005-03-20,0.0,0.0,0.0,639.0,18.0944352,5.7662997852540405
2005-03-21,0.0,0.0,0.53,514.0,14.5548352,4.63830686951577
2005-03-22,0.0,2.44,8.58,415.0,11.751472,3.744936480251059
2005-03-23,28.32,12.44,2.8,363.0,10.278998399999999,3.275691427303938
2005-03-24,0.0,0.0,3.79,312.0,8.8348416,2.815470317682724
2005-03-25,23.95,21.33,21.11,287.0,8.1269216,2.5898717345350697
2005-03-26,15.93,7.89,21.7,302.0,8.551673599999999,2.725230884423662
2005-03-27,15.34,25.85,6.75,341.0,9.6560288,3.0771646741340026
2005-03-28,5.16,3.78,0.57,371.0,10.5055328,3.3478829739111875
2005-03-29,0.0,0.0,0.0,360.0,10.194048,3.24861959732622
2005-03-30,0.0,0.0,0.55,314.0,8.8914752,2.833518204334536
2005-03-31,0.0,3.43,13.27,264.0,7.4756352,2.382321038039228
2005-04-01,34.54,70.1,46.61,595.0,16.848496,5.3692462789141695
2005-04-02,62.89,5.03,14.55,1940.0,54.934592,17.506450052257964
2005-04-03,0.0,0.0,0.16,1980.0,56.067264,17.86740778529421
2005-04-04,0.0,0.0,0.0,1540.0,43.607872,13.896872721895496
2005-04-05,0.0,0.0,0.0,1000.0,28.3168,9.023943325906167
2005-04-06,0.0,0.0,20.73,679.0,19.2271072,6.127257518290286
2005-04-07,35.79,59.11,27.87,608.0,17.2166144,5.486557542150949
2005-04-08,28.76,0.0,6.99,694.0,19.6518592,6.26261666817888
2005-04-09,0.0,0.0,0.0,682.0,19.3120576,6.154329348268005
2005-04-10,0.0,0.0,0.0,596.0,16.8768128,5.378270222240075
2005-04-11,0.0,0.0,0.0,484.0,13.7053312,4.367588569738585
2005-04-12,0.0,3.33,2.19,386.0,10.930284799999999,3.48324212379978
2005-04-13,7.42,0.14,0.98,324.0,9.1746432,2.923757637593598
2005-04-14,0.0,0.33,0.39,268.0,7.5889024,2.4184168113428526
2005-04-15,0.0,0.0,0.1,217.0,6.1447456,1.9581957017216383
2005-04-16,0.0,0.0,0.0,172.0,4.8704896,1.5521182520558605
2005-04-17,0.0,0.0,0.0,134.0,3.7944512,1.2092084056714263
2005-04-18,0.0,0.0,0.0,104.0,2.9449472,0.9384901058942413
2005-04-19,0.0,0.0,0.0,82.0,2.3219776,0.7399633527243056
2005-04-20,0.0,0.0,0.0,65.0,1.840592,0.5865563161839008
2005-04-21,0.0,0.0,0.0,52.0,1.4724736,0.46924505294712066
2005-04-22,0.0,0.39,8.62,43.0,1.2176224,0.38802956301396513
2005-04-23,19.02,16.87,6.93,42.0,1.1893056,0.37900561968805896
2005-04-24,0.0,0.0,1.35,48.0,1.3592064,0.433149279643496
2005-04-25,0.0,0.0,0.15,44.0,1.2459392,0.39705350633987135
2005-04-26,0.0,19.84,25.49,41.0,1.1609888,0.3699816763621528
2005-04-27,17.89,0.31,8.48,89.0,2.5201952,0.8031309560056488
2005-04-28,0.0,0.0,0.0,115.0,3.2564319999999998,1.037753482479209
2005-04-29,0.0,0.37,0.0,109.0,3.0865312,0.9836098225237722
2005-04-30,0.0,58.73,28.44,117.0,3.3130656,1.0558013691310215
2005-05-01,49.81,5.12,9.7,479.0,13.5637472,4.322468853109053
2005-05-02,0.0,0.54,0.07,573.0,16.2255264,5.170719525744233
2005-05-03,0.0,0.0,0.0,519.0,14.6964192,4.6834265861453
2005-05-04,0.0,0.68,5.78,413.0,11.6948384,3.726888593599247
2005-05-05,23.18,39.59,19.85,476.0,13.4787968,4.295397023131335
2005-05-06,16.56,0.35,5.97,650.0,18.40592,5.865563161839008
2005-05-07,0.0,0.0,0.0,593.0,16.7918624,5.351198392262356
2005-05-08,0.0,0.0,0.0,477.0,13.5071136,4.304420966457242
2005-05-09,0.0,0.0,0.0,370.0,10.477216,3.3388590305852817
2005-05-10,0.0,0.18,0.0,288.0,8.1552384,2.598895677860976
2005-05-11,0.0,0.0,0.0,224.0,6.3429632,2.021363305002981
2005-05-12,0.0,0.22,0.0,171.0,4.8421728,1.5430943087299545
2005-05-13,0.0,0.18,0.0,128.0,3.6245504,1.1550647457159893
2005-05-14,0.0,0.0,0.0,95.0,2.690096,0.8572746159610858
2005-05-15,0.0,0.0,0.0,71.0,2.0104928,0.6406999761393378
2005-05-16,0.0,3.01,8.07,54.0,1.5291071999999999,0.48729293959893294
2005-05-17,0.72,0.0,2.69,54.0,1.5291071999999999,0.48729293959893294
2005-05-18,0.0,0.0,0.0,49.0,1.3875232,0.44217322296940215
2005-05-19,0.0,1.57,1.37,42.0,1.1893056,0.37900561968805896
2005-05-20,5.2,0.0,3.54,39.0,1.1043552,0.3519337897103405
2005-05-21,27.91,22.59,10.3,85.0,2.406928,0.7670351827020242
2005-05-22,0.0,0.0,3.09,132.0,3.7378176,1.191160519019614
2005-05-23,0.0,0.0,0.0,123.0,3.4829664,1.1099450290864585
2005-05-24,0.0,0.66,0.0,96.0,2.7184128,0.866298559286992
2005-05-25,0.0,0.37,0.0,69.0,1.9538592,0.6226520894875255
2005-05-26,0.0,0.0,0.0,48.0,1.3592064,0.433149279643496
2005-05-27,0.0,0.0,0.0,32.0,0.9061376,0.2887661864289973
2005-05-28,0.0,0.0,0.0,21.0,0.5946528,0.18950280984402948
2005-05-29,0.0,0.0,1.84,15.0,0.424752,0.1353591498885925
2005-05-30,11.42,5.66,3.95,14.0,0.3964352,0.12633520656268632
2005-05-31,6.4,9.17,4.46,18.0,0.5097024,0.162430979866311
2005-06-01,10.51,8.01,8.66,22.0,0.6229696,0.19852675316993568
2005-06-02,9.89,8.3,12.86,38.0,1.0760384,0.34290984638443434
2005-06-03,16.59,20.36,4.49,64.0,1.8122752,0.5775323728579946
2005-06-04,0.0,3.8,0.52,61.0,1.7273247999999999,0.5504605428802761
2005-06-05,0.0,8.47,1.13,55.0,1.557424,0.4963168829248391
2005-06-06,0.0,5.61,43.86,61.0,1.7273247999999999,0.5504605428802761
2005-06-07,0.0,19.63,14.5,64.0,1.8122752,0.5775323728579946
2005-06-08,0.0,3.32,6.25,90.0,2.548512,0.812154899331555
2005-06-09,14.4,4.82,10.2,147.0,4.1625696,1.3265196689082066
2005-06-10,16.17,13.49,12.99,138.0,3.9077184,1.245304178975051
2005-06-11,26.65,41.08,27.11,235.0,6.6544479999999995,2.120626681587949
2005-06-12,23.29,20.07,10.04,601.0,17.0183968,5.423389938869606
2005-06-13,13.09,3.2,7.26,656.0,18.5758208,5.919706821794445
2005-06-14,0.0,0.08,2.99,562.0,15.9140416,5.071456149159265
2005-06-15,0.0,0.36,1.54,456.0,12.9124608,4.114918156613212
2005-06-16,0.0,0.14,0.42,375.0,10.6188,3.3839787472148126
2005-06-17,0.0,0.97,0.77,295.0,8.353456,2.662063281142319
2005-06-18,0.0,3.89,1.55,217.0,6.1447456,1.9581957017216383
2005-06-19,0.0,0.0,0.43,160.0,4.530688,1.4438309321449865
2005-06-20,0.0,0.0,0.0,115.0,3.2564319999999998,1.037753482479209
2005-06-21,0.0,0.0,0.0,82.0,2.3219776,0.7399633527243056
2005-06-22,0.0,0.0,0.0,59.0,1.6706912,0.5324126562284638
2005-06-23,0.0,0.0,2.81,42.0,1.1893056,0.37900561968805896
2005-06-24,0.0,8.51,0.94,32.0,0.9061376,0.2887661864289973
2005-06-25,0.0,0.01,2.02,32.0,0.9061376,0.2887661864289973
2005-06-26,0.0,1.71,0.92,37.0,1.0477216,0.33388590305852817
2005-06-27,0.0,2.07,0.8,30.0,0.849504,0.270718299777185
2005-06-28,5.01,6.47,2.18,26.0,0.7362368,0.23462252647356033
2005-06-29,2.93,2.46,2.21,24.0,0.6796032,0.216574639821748
2005-06-30,3.44,3.39,1.74,26.0,0.7362368,0.23462252647356033
2005-07-01,9.18,0.61,0.43,30.0,0.849504,0.270718299777185
2005-07-02,1.97,1.58,1.52,25.0,0.70792,0.22559858314765416
2005-07-03,14.79,14.89,10.88,32.0,0.9061376,0.2887661864289973
2005-07-04,14.28,1.95,4.19,72.0,2.0388096,0.649723919465244
2005-07-05,5.76,2.2,0.37,98.0,2.7750464,0.8843464459388043
2005-07-06,0.0,0.51,1.92,77.0,2.1803936,0.6948436360947748
2005-07-07,7.72,4.78,0.63,65.0,1.840592,0.5865563161839008
2005-07-08,0.0,0.05,0.0,50.0,1.41584,0.4511971662953083
2005-07-09,0.0,22.26,43.75,51.0,1.4441568,0.4602211096212145
2005-07-10,80.35,120.88,77.65,691.0,19.5669088,6.235544838201161
2005-07-11,87.54,13.5,24.36,1850.0,52.38608,16.694295152926408
2005-07-12,0.0,1.3,1.11,2130.0,60.314783999999996,19.220999284180134
2005-07-13,0.0,0.5,0.0,1850.0,52.38608,16.694295152926408
2005-07-14,0.0,2.89,4.66,1310.0,37.095008,11.821365756937078
2005-07-15,10.39,10.82,19.05,789.0,22.3419552,7.119891284139966
2005-07-16,10.68,5.73,10.7,553.0,15.6591904,4.99024065922611
2005-07-17,5.68,11.1,3.47,410.0,11.609888,3.699816763621528
2005-07-18,10.55,1.38,1.58,315.0,8.919792,2.842542147660442
2005-07-19,2.81,2.0,0.66,249.0,7.0508831999999995,2.2469618881506355
2005-07-20,0.0,4.08,3.31,201.0,5.6916768,1.8138126085071393
2005-07-21,2.99,0.41,1.06,175.0,4.95544,1.5791900820335791
2005-07-22,0.0,0.04,3.63,167.0,4.7289056,1.5069985354263298
2005-07-23,0.0,0.99,2.77,146.0,4.1342528,1.3174957255823
2005-07-24,0.0,2.84,0.52,132.0,3.7378176,1.191160519019614
2005-07-25,0.0,0.43,0.0,107.0,3.0298976,0.9655619358719598
2005-07-26,0.0,0.34,0.0,86.0,2.4352448,0.7760591260279303
2005-07-27,0.0,0.0,0.0,66.0,1.8689088,0.595580259509807
2005-07-28,0.0,0.0,0.0,50.0,1.41584,0.4511971662953083
2005-07-29,0.0,4.84,6.3,37.0,1.0477216,0.33388590305852817
2005-07-30,43.68,18.38,17.15,35.0,0.991088,0.3158380164067158
2005-07-31,24.23,27.56,12.92,58.0,1.6423744,0.5233887129025576
2005-08-01,39.76,21.5,37.58,98.0,2.7750464,0.8843464459388043
2005-08-02,16.79,17.53,16.96,168.0,4.7572224,1.5160224787522358
2005-08-03,14.92,13.14,21.71,370.0,10.477216,3.3388590305852817
2005-08-04,18.0,17.12,13.67,637.0,18.037801599999998,5.748251898602227
2005-08-05,10.12,10.53,5.8,867.0,24.5506656,7.823758863560646
2005-08-06,12.28,22.44,27.18,908.0,25.7116544,8.1937405399228
2005-08-07,27.92,21.58,19.38,1030.0,29.166304,9.294661625683352
2005-08-08,13.85,3.15,7.09,1220.0,34.546496,11.009210857605522
2005-08-09,5.99,9.74,9.05,1260.0,35.679168,11.370168590641768
2005-08-10,0.0,8.24,11.81,1020.0,28.883136,9.204422192424289
2005-08-11,10.39,20.19,31.48,800.0,22.65344,7.219154660724933
2005-08-12,14.73,0.51,9.72,642.0,18.1793856,5.7933716152317585
2005-08-13,0.0,0.17,1.52,528.0,14.9512704,4.764642076078456
2005-08-14,0.0,0.2,0.48,436.0,12.3461248,3.9344392900950886
2005-08-15,4.21,9.95,6.07,374.0,10.5904832,3.374954803888906
2005-08-16,0.0,0.5,2.04,304.0,8.6083072,2.7432787710754747
2005-08-17,0.0,0.0,0.0,247.0,6.9942496,2.228914001498823
2005-08-18,0.0,0.0,0.0,211.0,5.9748448,1.904052041766201
2005-08-19,0.0,0.0,0.1,182.0,5.1536576,1.6423576853149222
2005-08-20,0.0,11.18,0.16,148.0,4.1908864,1.3355436122341127
2005-08-21,12.19,6.99,9.23,122.0,3.4546495999999998,1.1009210857605523
2005-08-22,17.37,9.46,3.96,102.0,2.8883136,0.920442219242429
2005-08-23,0.0,4.13,2.25,82.0,2.3219776,0.7399633527243056
2005-08-24,17.22,11.41,17.96,71.0,2.0104928,0.6406999761393378
2005-08-25,15.25,1.15,5.77,108.0,3.0582143999999998,0.9745858791978659
2005-08-26,0.0,2.77,0.0,186.0,5.2669248,1.678453458618547
2005-08-27,0.0,0.45,0.11,222.0,6.2863296,2.003315418351169
2005-08-28,0.0,0.3,2.34,203.0,5.7483104,1.8318604951589519
2005-08-29,15.92,12.62,17.87,157.0,4.4457376,1.416759102167268
2005-08-30,13.19,1.42,6.88,158.0,4.4740544,1.4257830454931744
2005-08-31,16.42,10.91,24.1,176.0,4.9837568,1.5882140253594854
2005-09-01,0.0,6.55,7.9,188.0,5.3235584,1.6965013452703592
2005-09-02,0.0,0.0,0.0,165.0,4.6722719999999995,1.4889506487745172
2005-09-03,0.0,0.0,0.0,126.0,3.5679168,1.137016859064177
2005-09-04,0.0,0.0,0.0,98.0,2.7750464,0.8843464459388043
2005-09-05,0.0,0.0,0.0,79.0,2.2370272,0.7128915227465872
2005-09-06,0.0,0.0,0.03,62.0,1.7556416,0.5594844862061823
2005-09-07,0.0,0.03,0.01,47.0,1.3308896,0.4241253363175898
2005-09-08,0.0,0.0,0.0,34.0,0.9627711999999999,0.30681407308080966
2005-09-09,0.0,0.0,0.0,25.0,0.70792,0.22559858314765416
2005-09-10,0.0,0.0,0.0,18.0,0.5097024,0.162430979866311
2005-09-11,0.0,0.0,0.0,14.0,0.3964352,0.12633520656268632
2005-09-12,0.0,0.0,0.0,11.0,0.3114848,0.09926337658496784
2005-09-13,0.0,0.0,0.0,8.5,0.24069279999999998,0.07670351827020241
2005-09-14,0.0,0.0,0.0,6.8,0.19255424,0.06136281461616193
2005-09-15,0.0,0.0,0.0,5.7,0.16140576,0.05143647695766515
2005-09-16,0.0,0.0,0.0,5.0,0.141584,0.04511971662953083
2005-09-17,0.0,0.0,0.0,4.5,0.1274256,0.04060774496657775
2005-09-18,0.0,0.0,0.0,4.1,0.11609887999999999,0.03699816763621528
2005-09-19,0.0,0.04,0.06,3.9,0.11043552,0.03519337897103405
2005-09-20,0.0,0.03,0.02,3.7,0.10477216,0.03338859030585282
2005-09-21,0.0,10.2,8.11,3.9,0.11043552,0.03519337897103405
2005-09-22,14.87,21.02,23.66,4.7,0.13308896,0.04241253363175898
2005-09-23,5.66,0.18,7.83,4.9,0.13875232,0.04421732229694022
2005-09-24,0.0,0.34,0.28,10.0,0.283168,0.09023943325906165
2005-09-25,0.0,0.0,0.0,14.0,0.3964352,0.12633520656268632
2005-09-26,0.0,0.12,4.4,14.0,0.3964352,0.12633520656268632
2005-09-27,4.34,9.32,2.55,13.0,0.3681184,0.11731126323678016
2005-09-28,6.72,0.72,0.47,16.0,0.4530688,0.14438309321449866
2005-09-29,0.0,2.05,1.66,28.0,0.7928704,0.25267041312537264
2005-09-30,0.0,7.38,1.47,35.0,0.991088,0.3158380164067158
2005-10-01,0.0,0.05,0.92,31.0,0.8778208,0.27974224310309115
2005-10-02,0.0,1.42,0.4,26.0,0.7362368,0.23462252647356033
2005-10-03,1.9,0.55,0.55,22.0,0.6229696,0.19852675316993568
2005-10-04,0.93,1.02,0.98,19.0,0.5380192,0.17145492319221717
2005-10-05,2.61,0.16,0.73,17.0,0.48138559999999997,0.15340703654040483
2005-10-06,2.47,0.84,0.96,15.0,0.424752,0.1353591498885925
2005-10-07,0.0,4.04,2.43,14.0,0.3964352,0.12633520656268632
2005-10-08,0.0,0.4,0.72,12.0,0.3398016,0.108287319910874
2005-10-09,0.0,0.97,0.0,10.0,0.283168,0.09023943325906165
2005-10-10,0.0,0.0,0.0,9.1,0.25768288,0.08211788426574612
2005-10-11,0.0,0.0,0.0,7.8,0.22087104,0.0703867579420681
2005-10-12,0.0,0.0,0.0,6.8,0.19255424,0.06136281461616193
2005-10-13,0.0,0.0,0.0,6.0,0.1699008,0.054143659955437
2005-10-14,0.0,0.0,0.0,5.3,0.15007904,0.04782689962730268
2005-10-15,0.0,0.51,0.0,4.8,0.13592063999999998,0.04331492796434959
2005-10-16,0.0,0.0,0.0,4.3,0.12176224,0.03880295630139651
2005-10-17,0.0,0.03,0.0,3.9,0.11043552,0.03519337897103405
2005-10-18,0.0,0.0,0.0,3.7,0.10477216,0.03338859030585282
2005-10-19,0.0,0.0,0.0,3.5,0.0991088,0.03158380164067158
2005-10-20,0.0,0.0,0.0,3.3,0.09344543999999999,0.029779012975490345
2005-10-21,0.0,0.0,0.0,3.2,0.09061376,0.028876618642899733
2005-10-22,0.0,0.0,0.0,3.1,0.08778208,0.027974224310309114
2005-10-23,0.0,0.0,0.0,2.9,0.08211871999999999,0.02616943564512788
2005-10-24,0.0,0.01,0.0,3.0,0.0849504,0.0270718299777185
2005-10-25,0.0,0.0,0.0,3.0,0.0849504,0.0270718299777185
2005-10-26,0.0,0.0,0.0,3.0,0.0849504,0.0270718299777185
2005-10-27,0.0,0.0,0.0,3.1,0.08778208,0.027974224310309114
2005-10-28,0.0,0.22,0.0,3.2,0.09061376,0.028876618642899733
2005-10-29,0.0,0.0,0.0,3.1,0.08778208,0.027974224310309114
2005-10-30,0.0,0.0,0.0,3.1,0.08778208,0.027974224310309114
2005-10-31,0.0,0.0,0.0,3.0,0.0849504,0.0270718299777185
2005-11-01,0.0,1.94,3.04,3.0,0.0849504,0.0270718299777185
2005-11-02,0.0,4.62,1.01,3.0,0.0849504,0.0270718299777185
2005-11-03,0.0,0.03,0.0,2.9,0.08211871999999999,0.02616943564512788
2005-11-04,0.0,0.02,0.0,2.9,0.08211871999999999,0.02616943564512788
2005-11-05,0.0,0.0,0.0,2.9,0.08211871999999999,0.02616943564512788
2005-11-06,0.0,1.17,0.1,3.0,0.0849504,0.0270718299777185
2005-11-07,0.0,0.21,0.03,3.2,0.09061376,0.028876618642899733
2005-11-08,0.0,0.0,0.0,3.3,0.09344543999999999,0.029779012975490345
2005-11-09,0.0,0.0,0.0,3.2,0.09061376,0.028876618642899733
2005-11-10,0.0,0.0,0.0,3.3,0.09344543999999999,0.029779012975490345
2005-11-11,0.0,0.0,0.0,3.2,0.09061376,0.028876618642899733
2005-11-12,0.0,0.0,0.0,3.1,0.08778208,0.027974224310309114
2005-11-13,0.0,0.0,0.0,3.2,0.09061376,0.028876618642899733
2005-11-14,0.0,0.04,0.0,3.3,0.09344543999999999,0.029779012975490345
2005-11-15,0.0,0.0,0.0,3.5,0.0991088,0.03158380164067158
2005-11-16,0.0,0.6,1.86,3.5,0.0991088,0.03158380164067158
2005-11-17,0.0,0.0,0.62,3.4,0.09627712,0.030681407308080964
2005-11-18,0.0,0.0,0.0,3.2,0.09061376,0.028876618642899733
2005-11-19,0.0,0.0,0.55,3.3,0.09344543999999999,0.029779012975490345
2005-11-20,0.0,13.58,35.15,5.4,0.15291072,0.0487292939598933
2005-11-21,39.05,42.06,17.14,25.0,0.70792,0.22559858314765416
2005-11-22,7.74,0.0,1.83,23.0,0.6512864,0.20755069649584185
2005-11-23,0.0,0.0,0.0,14.0,0.3964352,0.12633520656268632
2005-11-24,0.0,0.0,0.0,11.0,0.3114848,0.09926337658496784
2005-11-25,0.0,0.0,0.0,9.7,0.27467295999999997,0.0875322502612898
2005-11-26,0.0,0.0,0.0,8.8,0.24918784000000002,0.07941070126797427
2005-11-27,0.0,0.1,2.03,8.2,0.23219775999999998,0.07399633527243056
2005-11-28,22.14,41.54,21.38,15.0,0.424752,0.1353591498885925
2005-11-29,17.94,18.91,8.14,54.0,1.5291071999999999,0.48729293959893294
2005-11-30,0.0,0.03,0.41,47.0,1.3308896,0.4241253363175898
2005-12-01,0.0,0.0,0.0,40.0,1.132672,0.3609577330362466
2005-12-02,0.0,0.0,0.0,37.0,1.0477216,0.33388590305852817
2005-12-03,0.0,0.0,0.0,31.0,0.8778208,0.27974224310309115
2005-12-04,0.0,0.13,0.19,29.0,0.8211872,0.2616943564512788
2005-12-05,15.87,19.54,21.64,27.0,0.7645535999999999,0.24364646979946647
2005-12-06,24.3,0.0,7.19,77.0,2.1803936,0.6948436360947748
2005-12-07,0.0,0.98,2.96,72.0,2.0388096,0.649723919465244
2005-12-08,15.76,38.51,17.17,85.0,2.406928,0.7670351827020242
2005-12-09,0.01,15.01,5.39,220.0,6.229696,1.9852675316993564
2005-12-10,0.0,0.0,0.0,231.0,6.5411808,2.0845309082843246
2005-12-11,0.0,0.0,0.0,210.0,5.946528,1.895028098440295
2005-12-12,0.0,0.0,0.0,179.0,5.0687071999999995,1.6152858553372036
2005-12-13,0.0,0.0,0.0,152.0,4.3041536,1.3716393855377373
2005-12-14,0.0,0.0,1.58,129.0,3.6528671999999998,1.1640886890418953
2005-12-15,10.84,18.58,11.75,141.0,3.9926688,1.2723760089527696
2005-12-16,15.52,0.0,4.44,243.0,6.8809824,2.1928182281951982
2005-12-17,15.81,12.51,19.49,244.0,6.9092991999999995,2.2018421715211045
2005-12-18,23.76,9.34,9.43,396.0,11.2134528,3.5734815570588423
2005-12-19,0.0,0.19,1.0,451.0,12.7708768,4.069798439983681
2005-12-20,0.0,0.0,0.0,436.0,12.3461248,3.9344392900950886
2005-12-21,0.0,0.09,0.0,388.0,10.9869184,3.5012900104515925
2005-12-22,0.0,0.0,0.0,332.0,9.4011776,2.9959491842008474
2005-12-23,0.0,0.0,0.03,283.0,8.0136544,2.553775961231445
2005-12-24,0.0,3.18,0.37,244.0,6.9092991999999995,2.2018421715211045
2005-12-25,8.27,11.55,2.83,219.0,6.2013792,1.9762435883734504
2005-12-26,0.0,0.0,0.9,205.0,5.804944,1.849908381810764
2005-12-27,0.0,0.0,0.0,182.0,5.1536576,1.6423576853149222
2005-12-28,0.0,3.34,0.31,159.0,4.5023712,1.4348069888190804
2005-12-29,4.58,0.04,0.1,141.0,3.9926688,1.2723760089527696
2005-12-30,0.0,0.0,0.0,123.0,3.4829664,1.1099450290864585
2005-12-31,0.0,0.0,0.07,107.0,3.0298976,0.9655619358719598
2006-01-01,0.0,1.65,1.51,95.0,2.690096,0.8572746159610858
2006-01-02,17.29,37.33,9.71,352.0,9.9675136,3.176428050718971
2006-01-03,19.32,0.16,3.07,1110.0,31.431648,10.016577091755844
2006-01-04,0.0,0.0,0.0,963.0,27.269078399999998,8.690057422847637
2006-01-05,0.0,0.0,0.0,757.0,21.4358176,6.831125097710968
2006-01-06,0.0,0.0,0.0,592.0,16.7635456,5.342174448936451
2006-01-07,0.0,0.0,0.0,453.0,12.8275104,4.087846326635494
2006-01-08,0.0,0.0,0.0,354.0,10.0241472,3.194475937370783
2006-01-09,0.0,0.03,0.0,286.0,8.0986048,2.580847791209164
2006-01-10,0.0,0.0,0.0,236.0,6.6827648,2.129650624913855
2006-01-11,0.0,0.06,0.0,197.0,5.5784096,1.7777168352035146
2006-01-12,0.0,0.01,0.21,166.0,4.7005888,1.4979745921004237
2006-01-13,0.0,2.56,2.74,148.0,4.1908864,1.3355436122341127
2006-01-14,5.02,0.01,0.89,180.0,5.097024,1.62430979866311
2006-01-15,0.0,0.0,0.0,182.0,5.1536576,1.6423576853149222
2006-01-16,0.0,0.0,0.0,164.0,4.6439552,1.4799267054486112
2006-01-17,0.0,2.21,6.18,143.0,4.0493024,1.290423895604582
2006-01-18,9.88,11.88,2.06,156.0,4.4174208,1.407735158841362
2006-01-19,0.0,0.0,0.0,150.0,4.24752,1.3535914988859248
2006-01-20,0.0,0.05,0.03,135.0,3.822768,1.2182323489973323
2006-01-21,0.0,0.0,0.01,121.0,3.4263328,1.0918971424346462
2006-01-22,0.0,0.0,0.0,109.0,3.0865312,0.9836098225237722
2006-01-23,0.0,0.12,0.81,99.0,2.8033632,0.8933703892647106
2006-01-24,2.63,1.31,1.27,93.0,2.6334624,0.8392267293092734
2006-01-25,0.0,0.0,0.33,85.0,2.406928,0.7670351827020242
2006-01-26,0.0,0.0,0.0,74.0,2.0954432,0.6677718061170563
2006-01-27,0.0,0.0,0.0,63.0,1.7839584,0.5685084295320885
2006-01-28,0.0,0.0,0.51,54.0,1.5291071999999999,0.48729293959893294
2006-01-29,0.0,21.45,13.38,49.0,1.3875232,0.44217322296940215
2006-01-30,17.14,1.47,6.96,61.0,1.7273247999999999,0.5504605428802761
2006-01-31,0.3,1.95,0.85,81.0,2.2936608,0.7309394093983995
2006-02-01,0.0,0.0,0.0,87.0,2.4635616,0.7850830693538364
2006-02-02,0.0,61.1,62.54,140.0,3.964352,1.2633520656268633
2006-02-03,54.16,14.96,21.17,684.0,19.3686912,6.172377234919818
2006-02-04,5.02,1.1,0.17,1020.0,28.883136,9.204422192424289
2006-02-05,0.0,0.0,0.02,1100.0,31.14848,9.926337658496783
2006-02-06,0.0,0.01,1.67,836.0,23.6728448,7.544016620457555
2006-02-07,5.92,4.85,3.11,699.0,19.7934432,6.30773638480841
2006-02-08,0.0,0.0,0.85,571.0,16.1688928,5.1526716390924205
2006-02-09,0.0,0.0,0.0,470.0,13.308895999999999,4.241253363175898
2006-02-10,0.0,0.0,4.27,376.0,10.6471168,3.3930026905407185
2006-02-11,18.06,29.76,16.16,371.0,10.5055328,3.3478829739111875
2006-02-12,11.64,0.0,4.91,409.0,11.581571199999999,3.6907928202956217
2006-02-13,0.0,0.0,0.0,391.0,11.0718688,3.5283618404293113
2006-02-14,0.0,0.0,0.0,352.0,9.9675136,3.176428050718971
2006-02-15,0.0,0.0,0.0,318.0,9.0047424,2.869613977638161
2006-02-16,0.0,0.0,0.0,275.0,7.78712,2.4815844146241957
2006-02-17,0.0,0.0,0.0,237.0,6.7110816,2.1386745682397614
2006-02-18,0.0,0.0,1.01,203.0,5.7483104,1.8318604951589519
2006-02-19,3.38,1.75,0.34,176.0,4.9837568,1.5882140253594854
2006-02-20,0.0,0.13,1.22,154.0,4.3607872,1.3896872721895497
2006-02-21,4.21,2.19,0.78,139.0,3.9360352,1.2543281223009572
2006-02-22,2.36,0.25,1.21,129.0,3.6528671999999998,1.1640886890418953
2006-02-23,8.89,15.96,11.56,134.0,3.7944512,1.2092084056714263
2006-02-24,9.0,0.0,3.95,158.0,4.4740544,1.4257830454931744
2006-02-25,0.0,0.73,11.87,155.0,4.389104,1.3987112155154557
2006-02-26,18.45,19.92,4.03,455.0,12.884144,4.105894213287305
2006-02-27,0.0,0.0,0.03,470.0,13.308895999999999,4.241253363175898
2006-02-28,0.0,0.0,0.0,397.0,11.2417696,3.582505500384748
2006-03-01,0.0,0.0,0.0,333.0,9.4294944,3.0049731275267533
2006-03-02,0.0,0.0,0.0,275.0,7.78712,2.4815844146241957
2006-03-03,0.0,0.0,0.0,228.0,6.4562304,2.057459078306606
2006-03-04,0.0,0.0,0.0,186.0,5.2669248,1.678453458618547
2006-03-05,0.0,0.0,0.0,151.0,4.2758367999999995,1.362615442211831
2006-03-06,0.0,0.0,0.0,121.0,3.4263328,1.0918971424346462
2006-03-07,0.0,0.0,0.0,99.0,2.8033632,0.8933703892647106
2006-03-08,0.0,0.0,0.0,81.0,2.2936608,0.7309394093983995
2006-03-09,0.0,0.0,0.0,67.0,1.8972256,0.6046042028357131
2006-03-10,0.0,0.03,0.0,56.0,1.5857408,0.5053408262507453
2006-03-11,0.0,0.0,0.0,48.0,1.3592064,0.433149279643496
2006-03-12,0.0,0.0,0.02,41.0,1.1609888,0.3699816763621528
2006-03-13,0.0,0.0,0.39,34.0,0.9627711999999999,0.30681407308080966
2006-03-14,0.0,2.42,1.38,29.0,0.8211872,0.2616943564512788
2006-03-15,0.0,0.0,0.42,25.0,0.70792,0.22559858314765416
2006-03-16,0.0,0.0,0.0,21.0,0.5946528,0.18950280984402948
2006-03-17,0.0,0.0,0.0,17.0,0.48138559999999997,0.15340703654040483
2006-03-18,0.0,0.0,0.0,15.0,0.424752,0.1353591498885925
2006-03-19,0.0,0.0,0.0,13.0,0.3681184,0.11731126323678016
2006-03-20,0.0,0.0,0.15,11.0,0.3114848,0.09926337658496784
2006-03-21,0.0,2.0,0.28,9.7,0.27467295999999997,0.0875322502612898
2006-03-22,0.0,0.0,1.28,8.9,0.25201952,0.08031309560056488
2006-03-23,3.13,5.73,3.5,9.3,0.26334624,0.08392267293092735
2006-03-24,1.07,0.0,1.03,9.1,0.25768288,0.08211788426574612
2006-03-25,0.0,0.0,0.0,8.4,0.23786112,0.0758011239376118
2006-03-26,0.0,0.0,0.0,7.5,0.212376,0.06767957494429624
2006-03-27,0.0,0.0,0.0,6.6,0.18689087999999998,0.05955802595098069
2006-03-28,0.0,0.0,0.0,6.1,0.17273248,0.05504605428802761
2006-03-29,0.0,0.04,0.0,5.6,0.15857407999999998,0.05053408262507453
2006-03-30,0.0,0.0,0.0,5.0,0.141584,0.04511971662953083
2006-03-31,0.0,0.0,0.0,4.4,0.12459392000000001,0.039705350633987134
2006-04-01,0.0,0.0,0.0,4.0,0.1132672,0.036095773303624665
2006-04-02,0.0,0.0,0.0,3.7,0.10477216,0.03338859030585282
2006-04-03,0.0,0.0,0.0,3.4,0.09627712,0.030681407308080964
2006-04-04,0.0,0.0,0.0,3.0,0.0849504,0.0270718299777185
2006-04-05,0.0,0.03,0.0,2.8,0.07928703999999999,0.025267041312537264
2006-04-06,0.0,0.0,0.0,2.5,0.070792,0.022559858314765414
2006-04-07,0.0,0.0,0.0,2.4,0.06796031999999999,0.021657463982174795
2006-04-08,0.0,9.48,0.24,5.5,0.1557424,0.04963168829248392
2006-04-09,8.15,0.15,0.09,6.2,0.17556416,0.05594844862061823
2006-04-10,0.0,0.0,0.0,3.9,0.11043552,0.03519337897103405
2006-04-11,0.0,0.0,0.0,3.1,0.08778208,0.027974224310309114
2006-04-12,0.0,0.0,0.0,2.8,0.07928703999999999,0.025267041312537264
2006-04-13,0.0,0.0,0.0,2.6,0.07362368,0.023462252647356033
2006-04-14,0.0,0.0,0.0,2.7,0.07645536,0.02436464697994665
2006-04-15,0.0,0.0,0.0,2.4,0.06796031999999999,0.021657463982174795
2006-04-16,0.0,0.0,0.0,2.3,0.06512863999999999,0.02075506964958418
2006-04-17,0.0,0.0,0.0,2.1,0.05946528,0.01895028098440295
2006-04-18,0.0,1.25,1.85,2.2,0.062296960000000005,0.019852675316993567
2006-04-19,0.0,1.83,1.75,1.9,0.053801919999999996,0.017145492319221713
2006-04-20,0.0,0.48,0.38,1.8,0.05097024,0.016243097986631098
2006-04-21,0.0,0.0,1.25,1.7,0.04813856,0.015340703654040482
2006-04-22,32.43,21.09,16.38,3.4,0.09627712,0.030681407308080964
2006-04-23,0.0,0.12,5.32,4.5,0.1274256,0.04060774496657775
2006-04-24,0.0,0.0,0.0,4.0,0.1132672,0.036095773303624665
2006-04-25,0.0,0.04,0.03,3.5,0.0991088,0.03158380164067158
2006-04-26,4.32,3.01,2.04,2.7,0.07645536,0.02436464697994665
2006-04-27,5.57,0.11,0.68,2.5,0.070792,0.022559858314765414
2006-04-28,0.0,0.01,0.0,2.1,0.05946528,0.01895028098440295
2006-04-29,0.0,0.0,0.0,1.8,0.05097024,0.016243097986631098
2006-04-30,0.0,0.0,0.0,1.7,0.04813856,0.015340703654040482
2006-05-01,0.0,0.0,0.0,1.5,0.0424752,0.01353591498885925
2006-05-02,0.0,0.0,0.0,1.6,0.04530688,0.014438309321449867
2006-05-03,0.0,0.0,0.0,1.6,0.04530688,0.014438309321449867
2006-05-04,0.0,0.0,0.0,1.2,0.033980159999999995,0.010828731991087397
2006-05-05,0.0,6.58,3.17,1.2,0.033980159999999995,0.010828731991087397
2006-05-06,15.33,0.51,4.43,1.2,0.033980159999999995,0.010828731991087397
2006-05-07,0.0,19.44,6.51,1.2,0.033980159999999995,0.010828731991087397
2006-05-08,26.31,4.47,16.69,1.3,0.03681184,0.011731126323678016
2006-05-09,29.15,21.4,11.32,1.4,0.039643519999999995,0.012633520656268632
2006-05-10,24.67,15.91,23.19,2.6,0.07362368,0.023462252647356033
2006-05-11,21.77,29.51,14.21,6.6,0.18689087999999998,0.05955802595098069
2006-05-12,0.0,0.0,2.42,9.8,0.27750464,0.08843464459388044
2006-05-13,0.0,0.0,0.01,11.0,0.3114848,0.09926337658496784
2006-05-14,0.0,0.0,1.46,14.0,0.3964352,0.12633520656268632
2006-05-15,0.0,3.98,3.93,9.8,0.27750464,0.08843464459388044
2006-05-16,0.0,0.0,1.15,7.5,0.212376,0.06767957494429624
2006-05-17,0.0,0.06,0.0,6.0,0.1699008,0.054143659955437
2006-05-18,0.0,0.0,0.0,4.9,0.13875232,0.04421732229694022
2006-05-19,0.0,0.0,0.0,4.3,0.12176224,0.03880295630139651
2006-05-20,0.0,0.0,0.0,3.8,0.10760383999999999,0.03429098463844343
2006-05-21,0.0,0.0,0.0,3.3,0.09344543999999999,0.029779012975490345
2006-05-22,0.0,0.0,0.0,2.9,0.08211871999999999,0.02616943564512788
2006-05-23,0.0,0.0,0.0,2.8,0.07928703999999999,0.025267041312537264
2006-05-24,0.0,0.0,0.06,2.6,0.07362368,0.023462252647356033
2006-05-25,0.0,2.05,3.42,1.9,0.053801919999999996,0.017145492319221713
2006-05-26,0.0,0.77,1.58,2.3,0.06512863999999999,0.02075506964958418
2006-05-27,0.0,0.0,0.15,2.2,0.062296960000000005,0.019852675316993567
2006-05-28,0.03,2.6,5.94,2.4,0.06796031999999999,0.021657463982174795
2006-05-29,5.13,6.89,1.99,2.6,0.07362368,0.023462252647356033
2006-05-30,0.0,0.0,0.0,2.1,0.05946528,0.01895028098440295
2006-05-31,0.0,0.0,0.0,2.0,0.0566336,0.018047886651812332
2006-06-01,0.0,2.04,0.0,1.9,0.053801919999999996,0.017145492319221713
2006-06-02,0.0,5.35,8.4,1.8,0.05097024,0.016243097986631098
2006-06-03,0.0,0.92,2.8,1.8,0.05097024,0.016243097986631098
2006-06-04,0.0,0.0,0.0,1.7,0.04813856,0.015340703654040482
2006-06-05,0.0,0.07,0.0,1.7,0.04813856,0.015340703654040482
2006-06-06,0.0,0.0,0.0,1.7,0.04813856,0.015340703654040482
2006-06-07,0.0,0.0,0.0,1.6,0.04530688,0.014438309321449867
2006-06-08,0.0,0.0,0.0,1.6,0.04530688,0.014438309321449867
2006-06-09,0.0,0.0,0.0,1.6,0.04530688,0.014438309321449867
2006-06-10,0.0,0.0,0.0,1.5,0.0424752,0.01353591498885925
2006-06-11,0.0,0.31,0.0,1.5,0.0424752,0.01353591498885925
2006-06-12,14.9,5.07,12.03,1.8,0.05097024,0.016243097986631098
2006-06-13,36.67,56.95,32.59,22.0,0.6229696,0.19852675316993568
2006-06-14,27.77,0.04,9.91,17.0,0.48138559999999997,0.15340703654040483
2006-06-15,0.0,0.18,1.11,7.6,0.21520767999999998,0.06858196927688685
2006-06-16,0.0,2.25,0.33,5.2,0.14724736,0.046924505294712066
2006-06-17,0.0,0.12,0.0,4.0,0.1132672,0.036095773303624665
2006-06-18,0.0,0.0,0.0,3.5,0.0991088,0.03158380164067158
2006-06-19,0.0,0.0,0.0,3.3,0.09344543999999999,0.029779012975490345
2006-06-20,0.0,0.0,0.0,3.2,0.09061376,0.028876618642899733
2006-06-21,0.0,0.09,0.0,2.8,0.07928703999999999,0.025267041312537264
2006-06-22,0.0,1.62,3.4,2.8,0.07928703999999999,0.025267041312537264
2006-06-23,0.0,0.52,1.76,2.5,0.070792,0.022559858314765414
2006-06-24,0.0,1.48,2.27,2.6,0.07362368,0.023462252647356033
2006-06-25,0.0,4.6,4.96,2.7,0.07645536,0.02436464697994665
2006-06-26,0.0,8.98,1.98,3.0,0.0849504,0.0270718299777185
2006-06-27,0.0,16.77,42.22,5.3,0.15007904,0.04782689962730268
2006-06-28,25.58,9.89,16.31,14.0,0.3964352,0.12633520656268632
2006-06-29,3.7,0.31,0.77,20.0,0.566336,0.1804788665181233
2006-06-30,0.0,0.0,0.0,16.0,0.4530688,0.14438309321449866
2006-07-01,0.0,0.0,0.0,11.0,0.3114848,0.09926337658496784
2006-07-02,0.0,0.0,0.0,7.9,0.22370272,0.07128915227465871
2006-07-03,0.0,0.0,1.03,5.2,0.14724736,0.046924505294712066
2006-07-04,0.0,0.94,0.34,4.2,0.11893056,0.0379005619688059
2006-07-05,0.0,0.19,0.06,3.4,0.09627712,0.030681407308080964
2006-07-06,0.0,0.38,1.23,3.2,0.09061376,0.028876618642899733
2006-07-07,4.84,5.63,0.9,2.6,0.07362368,0.023462252647356033
2006-07-08,0.0,0.9,0.17,2.8,0.07928703999999999,0.025267041312537264
2006-07-09,0.0,0.0,0.0,2.5,0.070792,0.022559858314765414
2006-07-10,0.0,0.0,0.0,2.2,0.062296960000000005,0.019852675316993567
2006-07-11,0.0,0.34,4.91,2.1,0.05946528,0.01895028098440295
2006-07-12,16.35,5.35,11.58,1.9,0.053801919999999996,0.017145492319221713
2006-07-13,0.0,1.47,4.25,1.6,0.04530688,0.014438309321449867
2006-07-14,0.0,0.05,0.41,1.5,0.0424752,0.01353591498885925
2006-07-15,0.0,0.0,0.03,1.7,0.04813856,0.015340703654040482
2006-07-16,0.0,4.53,0.17,1.8,0.05097024,0.016243097986631098
2006-07-17,6.03,12.43,12.86,1.8,0.05097024,0.016243097986631098
2006-07-18,13.85,3.07,18.66,1.8,0.05097024,0.016243097986631098
2006-07-19,8.07,10.7,13.41,1.8,0.05097024,0.016243097986631098
2006-07-20,15.95,4.34,2.92,1.9,0.053801919999999996,0.017145492319221713
2006-07-21,0.0,0.0,0.02,1.9,0.053801919999999996,0.017145492319221713
2006-07-22,0.0,14.68,3.01,1.8,0.05097024,0.016243097986631098
2006-07-23,6.56,6.83,3.06,1.9,0.053801919999999996,0.017145492319221713
2006-07-24,12.69,10.81,7.71,2.0,0.0566336,0.018047886651812332
2006-07-25,9.38,7.18,2.95,2.0,0.0566336,0.018047886651812332
2006-07-26,0.0,0.02,0.2,2.0,0.0566336,0.018047886651812332
2006-07-27,0.0,0.0,0.0,1.8,0.05097024,0.016243097986631098
2006-07-28,0.0,1.29,0.56,1.7,0.04813856,0.015340703654040482
2006-07-29,1.68,5.56,4.62,1.6,0.04530688,0.014438309321449867
2006-07-30,8.29,14.89,3.21,1.7,0.04813856,0.015340703654040482
2006-07-31,8.95,2.32,1.79,1.7,0.04813856,0.015340703654040482
2006-08-01,14.61,10.23,0.96,1.7,0.04813856,0.015340703654040482
2006-08-02,0.18,0.25,0.84,2.1,0.05946528,0.01895028098440295
2006-08-03,0.0,0.18,0.65,2.0,0.0566336,0.018047886651812332
2006-08-04,11.1,3.37,14.7,2.0,0.0566336,0.018047886651812332
2006-08-05,12.6,16.46,5.35,2.4,0.06796031999999999,0.021657463982174795
2006-08-06,0.0,0.0,0.63,2.0,0.0566336,0.018047886651812332
2006-08-07,0.0,0.98,1.76,1.7,0.04813856,0.015340703654040482
2006-08-08,12.82,7.95,7.84,1.9,0.053801919999999996,0.017145492319221713
2006-08-09,7.23,2.29,2.43,1.9,0.053801919999999996,0.017145492319221713
2006-08-10,0.0,0.01,0.23,1.7,0.04813856,0.015340703654040482
2006-08-11,0.0,0.0,0.08,1.7,0.04813856,0.015340703654040482
2006-08-12,0.0,0.47,8.34,1.6,0.04530688,0.014438309321449867
2006-08-13,12.89,33.71,2.94,2.0,0.0566336,0.018047886651812332
2006-08-14,25.9,3.01,32.0,3.6,0.10194048,0.032486195973262195
2006-08-15,13.92,16.58,13.72,2.5,0.070792,0.022559858314765414
2006-08-16,5.6,7.9,3.54,2.3,0.06512863999999999,0.02075506964958418
2006-08-17,11.96,0.31,0.84,4.4,0.12459392000000001,0.039705350633987134
2006-08-18,0.0,1.11,1.23,3.4,0.09627712,0.030681407308080964
2006-08-19,0.0,0.16,0.41,3.3,0.09344543999999999,0.029779012975490345
2006-08-20,0.0,0.82,0.01,6.6,0.18689087999999998,0.05955802595098069
2006-08-21,0.0,2.43,4.79,6.1,0.17273248,0.05504605428802761
2006-08-22,0.0,18.01,4.56,5.0,0.141584,0.04511971662953083
2006-08-23,4.85,0.6,4.55,3.9,0.11043552,0.03519337897103405
2006-08-24,9.28,3.86,5.56,3.1,0.08778208,0.027974224310309114
2006-08-25,5.02,18.63,8.83,2.8,0.07928703999999999,0.025267041312537264
2006-08-26,21.84,5.43,3.46,3.0,0.0849504,0.0270718299777185
2006-08-27,0.63,1.61,0.41,2.8,0.07928703999999999,0.025267041312537264
2006-08-28,0.0,2.64,1.03,2.3,0.06512863999999999,0.02075506964958418
2006-08-29,0.0,1.0,0.34,3.2,0.09061376,0.028876618642899733
2006-08-30,3.76,0.33,0.97,3.8,0.10760383999999999,0.03429098463844343
2006-08-31,0.0,0.09,0.32,3.4,0.09627712,0.030681407308080964
2006-09-01,0.0,0.31,0.0,4.3,0.12176224,0.03880295630139651
2006-09-02,0.0,0.25,0.0,3.6,0.10194048,0.032486195973262195
2006-09-03,0.0,0.13,0.0,3.0,0.0849504,0.0270718299777185
2006-09-04,0.0,0.06,3.92,2.5,0.070792,0.022559858314765414
2006-09-05,0.0,2.69,3.58,2.1,0.05946528,0.01895028098440295
2006-09-06,6.67,1.81,4.92,2.0,0.0566336,0.018047886651812332
2006-09-07,10.82,10.09,8.1,2.1,0.05946528,0.01895028098440295
2006-09-08,10.14,0.67,4.39,1.9,0.053801919999999996,0.017145492319221713
2006-09-09,0.0,4.04,5.06,1.9,0.053801919999999996,0.017145492319221713
2006-09-10,0.0,1.96,5.69,2.2,0.062296960000000005,0.019852675316993567
2006-09-11,5.93,3.37,4.93,2.3,0.06512863999999999,0.02075506964958418
2006-09-12,0.0,0.01,4.17,2.4,0.06796031999999999,0.021657463982174795
2006-09-13,16.38,21.42,19.8,3.8,0.10760383999999999,0.03429098463844343
2006-09-14,32.68,8.75,6.32,9.8,0.27750464,0.08843464459388044
2006-09-15,0.0,0.22,0.13,14.0,0.3964352,0.12633520656268632
2006-09-16,0.0,0.19,0.04,8.9,0.25201952,0.08031309560056488
2006-09-17,0.0,0.12,2.04,7.5,0.212376,0.06767957494429624
2006-09-18,11.36,9.08,12.35,8.9,0.25201952,0.08031309560056488
2006-09-19,15.32,12.51,10.46,22.0,0.6229696,0.19852675316993568
2006-09-20,15.49,0.93,2.19,42.0,1.1893056,0.37900561968805896
2006-09-21,0.0,0.16,0.0,38.0,1.0760384,0.34290984638443434
2006-09-22,0.0,4.09,0.16,30.0,0.849504,0.270718299777185
2006-09-23,0.0,0.25,0.62,23.0,0.6512864,0.20755069649584185
2006-09-24,0.0,3.73,1.32,18.0,0.5097024,0.162430979866311
2006-09-25,0.0,0.42,0.38,24.0,0.6796032,0.216574639821748
2006-09-26,0.0,1.61,0.0,33.0,0.9344544,0.2977901297549035
2006-09-27,0.0,0.0,0.0,29.0,0.8211872,0.2616943564512788
2006-09-28,0.0,0.0,0.0,23.0,0.6512864,0.20755069649584185
2006-09-29,0.0,0.0,0.0,16.0,0.4530688,0.14438309321449866
2006-09-30,0.0,0.0,0.0,11.0,0.3114848,0.09926337658496784
2006-10-01,0.0,0.0,0.0,7.7,0.21803936000000002,0.06948436360947749
2006-10-02,0.0,0.0,0.0,5.6,0.15857407999999998,0.05053408262507453
2006-10-03,0.0,0.0,0.0,4.4,0.12459392000000001,0.039705350633987134
2006-10-04,0.0,0.0,0.0,3.6,0.10194048,0.032486195973262195
2006-10-05,0.0,0.0,0.0,3.0,0.0849504,0.0270718299777185
2006-10-06,0.0,0.0,0.0,2.6,0.07362368,0.023462252647356033
2006-10-07,0.0,0.11,0.0,2.3,0.06512863999999999,0.02075506964958418
2006-10-08,0.0,0.0,0.0,2.4,0.06796031999999999,0.021657463982174795
2006-10-09,0.0,0.0,0.0,2.8,0.07928703999999999,0.025267041312537264
2006-10-10,0.0,0.0,0.0,3.0,0.0849504,0.0270718299777185
2006-10-11,0.0,0.0,0.34,2.4,0.06796031999999999,0.021657463982174795
2006-10-12,0.0,0.12,0.14,2.3,0.06512863999999999,0.02075506964958418
2006-10-13,0.0,0.01,0.01,2.7,0.07645536,0.02436464697994665
2006-10-14,0.0,1.46,0.01,2.8,0.07928703999999999,0.025267041312537264
2006-10-15,0.0,0.0,0.03,2.6,0.07362368,0.023462252647356033
2006-10-16,0.0,0.05,0.01,2.4,0.06796031999999999,0.021657463982174795
2006-10-17,0.0,0.87,10.5,2.0,0.0566336,0.018047886651812332
2006-10-18,14.2,46.34,6.03,2.2,0.062296960000000005,0.019852675316993567
2006-10-19,29.56,10.24,1.3,4.4,0.12459392000000001,0.039705350633987134
2006-10-20,7.36,4.6,4.9,7.9,0.22370272,0.07128915227465871
2006-10-21,0.0,0.13,2.38,5.0,0.141584,0.04511971662953083
2006-10-22,0.0,12.04,2.77,4.9,0.13875232,0.04421732229694022
2006-10-23,10.76,0.96,0.84,5.5,0.1557424,0.04963168829248392
2006-10-24,0.0,0.0,0.0,4.5,0.1274256,0.04060774496657775
2006-10-25,0.0,0.0,0.08,4.3,0.12176224,0.03880295630139651
2006-10-26,0.0,1.13,0.44,3.9,0.11043552,0.03519337897103405
2006-10-27,19.8,28.61,41.2,4.0,0.1132672,0.036095773303624665
2006-10-28,44.38,6.1,13.75,19.0,0.5380192,0.17145492319221717
2006-10-29,0.0,0.0,0.02,61.0,1.7273247999999999,0.5504605428802761
2006-10-30,0.0,0.0,0.0,63.0,1.7839584,0.5685084295320885
2006-10-31,0.0,0.0,0.0,52.0,1.4724736,0.46924505294712066
2006-11-01,0.0,0.0,0.0,40.0,1.132672,0.3609577330362466
2006-11-02,0.0,0.0,0.0,31.0,0.8778208,0.27974224310309115
2006-11-03,0.0,0.0,0.0,25.0,0.70792,0.22559858314765416
2006-11-04,0.0,0.0,0.0,20.0,0.566336,0.1804788665181233
2006-11-05,0.0,0.0,0.0,16.0,0.4530688,0.14438309321449866
2006-11-06,0.0,0.0,8.44,13.0,0.3681184,0.11731126323678016
2006-11-07,23.29,23.56,11.33,13.0,0.3681184,0.11731126323678016
2006-11-08,0.0,1.75,2.84,16.0,0.4530688,0.14438309321449866
2006-11-09,0.0,0.0,0.0,19.0,0.5380192,0.17145492319221717
2006-11-10,0.0,0.0,0.0,18.0,0.5097024,0.162430979866311
2006-11-11,0.0,0.19,2.36,16.0,0.4530688,0.14438309321449866
2006-11-12,3.16,0.51,0.79,14.0,0.3964352,0.12633520656268632
2006-11-13,0.0,0.0,0.0,12.0,0.3398016,0.108287319910874
2006-11-14,0.0,0.0,0.0,10.0,0.283168,0.09023943325906165
2006-11-15,0.0,0.9,23.78,9.8,0.27750464,0.08843464459388044
2006-11-16,31.06,27.73,8.0,34.0,0.9627711999999999,0.30681407308080966
2006-11-17,0.0,0.0,0.02,71.0,2.0104928,0.6406999761393378
2006-11-18,0.0,0.0,0.0,76.0,2.1520768,0.6858196927688687
2006-11-19,0.0,0.0,0.0,66.0,1.8689088,0.595580259509807
2006-11-20,0.0,0.0,0.0,54.0,1.5291071999999999,0.48729293959893294
2006-11-21,0.0,0.0,0.0,44.0,1.2459392,0.39705350633987135
2006-11-22,0.0,0.03,0.0,36.0,1.0194048,0.324861959732622
2006-11-23,0.0,0.0,0.0,29.0,0.8211872,0.2616943564512788
2006-11-24,0.0,0.0,0.0,24.0,0.6796032,0.216574639821748
2006-11-25,0.0,0.0,0.0,20.0,0.566336,0.1804788665181233
2006-11-26,0.0,0.0,0.0,17.0,0.48138559999999997,0.15340703654040483
2006-11-27,0.0,0.0,0.0,14.0,0.3964352,0.12633520656268632
2006-11-28,0.0,0.01,0.0,12.0,0.3398016,0.108287319910874
2006-11-29,0.0,0.03,0.48,11.0,0.3114848,0.09926337658496784
2006-11-30,0.06,1.08,2.97,9.3,0.26334624,0.08392267293092735
2006-12-01,4.61,6.99,1.61,8.4,0.23786112,0.0758011239376118
2006-12-02,0.0,1.04,0.22,7.6,0.21520767999999998,0.06858196927688685
2006-12-03,0.0,0.0,0.0,6.5,0.1840592,0.05865563161839008
2006-12-04,0.0,0.0,0.0,5.7,0.16140576,0.05143647695766515
2006-12-05,0.0,0.0,0.0,4.9,0.13875232,0.04421732229694022
2006-12-06,0.0,0.0,0.0,4.4,0.12459392000000001,0.039705350633987134
2006-12-07,0.0,0.0,0.0,3.9,0.11043552,0.03519337897103405
2006-12-08,0.0,0.0,0.0,3.5,0.0991088,0.03158380164067158
2006-12-09,0.0,0.0,0.0,3.3,0.09344543999999999,0.029779012975490345
2006-12-10,0.0,0.0,0.0,3.1,0.08778208,0.027974224310309114
2006-12-11,0.0,0.0,0.0,2.9,0.08211871999999999,0.02616943564512788
2006-12-12,0.0,0.0,0.0,2.7,0.07645536,0.02436464697994665
2006-12-13,0.0,0.0,0.0,2.5,0.070792,0.022559858314765414
2006-12-14,0.0,4.42,4.33,2.8,0.07928703999999999,0.025267041312537264
2006-12-15,2.42,0.33,1.44,5.2,0.14724736,0.046924505294712066
2006-12-16,0.0,0.01,0.0,5.9,0.16706912000000002,0.05324126562284639
2006-12-17,0.0,0.02,0.0,5.3,0.15007904,0.04782689962730268
2006-12-18,0.0,0.0,0.0,4.6,0.13025727999999998,0.04151013929916836
2006-12-19,0.0,0.0,0.0,4.1,0.11609887999999999,0.03699816763621528
2006-12-20,0.0,0.0,0.0,3.7,0.10477216,0.03338859030585282
2006-12-21,0.0,0.0,8.47,3.4,0.09627712,0.030681407308080964
2006-12-22,24.64,38.1,18.61,5.9,0.16706912000000002,0.05324126562284639
2006-12-23,0.0,0.99,5.81,40.0,1.132672,0.3609577330362466
2006-12-24,0.0,8.37,28.09,48.0,1.3592064,0.433149279643496
2006-12-25,84.67,73.8,46.16,298.0,8.4384064,2.6891351111200374
2006-12-26,0.0,0.1,12.28,578.0,16.3671104,5.2158392423737645
2006-12-27,0.0,0.0,0.0,635.0,17.981168,5.730204011950415
2006-12-28,0.0,0.0,0.0,556.0,15.7441408,5.017312489203829
2006-12-29,0.0,0.0,0.0,439.0,12.4310752,3.961511120072807
2006-12-30,0.0,0.0,0.0,346.0,9.7976128,3.1222843907635336
2006-12-31,11.01,21.6,9.08,300.0,8.49504,2.7071829977718496
2007-01-01,22.54,5.48,3.54,462.0,13.0823616,4.169061816568649
2007-01-02,0.0,0.0,0.17,528.0,14.9512704,4.764642076078456
2007-01-03,0.0,0.04,0.39,490.0,13.875232,4.421732229694022
2007-01-04,0.0,3.7,5.45,421.0,11.9213728,3.799080140206496
2007-01-05,24.94,38.62,16.45,384.0,10.8736512,3.465194237147968
2007-01-06,17.76,1.67,24.43,489.0,13.8469152,4.412708286368115
2007-01-07,24.91,18.44,8.8,693.0,19.623542399999998,6.253592724852973
2007-01-08,0.0,5.18,0.78,950.0,26.90096,8.572746159610858
2007-01-09,0.0,0.0,0.01,961.0,27.2124448,8.672009536195826
2007-01-10,0.0,0.0,0.0,797.0,22.5684896,7.192082830747214
2007-01-11,0.0,0.0,0.0,628.0,17.7829504,5.667036408669072
2007-01-12,0.0,0.09,0.0,503.0,14.2433504,4.5390434929308014
2007-01-13,0.0,0.0,0.0,406.0,11.4966208,3.6637209903179038
2007-01-14,0.0,0.0,0.14,333.0,9.4294944,3.0049731275267533
2007-01-15,0.0,0.33,0.91,277.0,7.8437536,2.499632301276008
2007-01-16,0.0,0.55,0.75,233.0,6.5978144,2.1025787949361368
2007-01-17,0.0,0.0,0.27,196.0,5.5500928,1.7686928918776086
2007-01-18,0.0,0.0,0.19,164.0,4.6439552,1.4799267054486112
2007-01-19,0.0,0.08,0.05,139.0,3.9360352,1.2543281223009572
2007-01-20,0.0,0.0,0.82,118.0,3.3413824,1.0648253124569276
2007-01-21,0.0,0.01,1.75,100.0,2.83168,0.9023943325906166
2007-01-22,10.9,7.76,2.22,92.0,2.6051456,0.8302027859833674
2007-01-23,2.09,0.72,0.63,83.0,2.3502944,0.7489872960502119
2007-01-24,0.0,0.0,2.39,75.0,2.12376,0.6767957494429624
2007-01-25,4.38,4.73,4.24,69.0,1.9538592,0.6226520894875255
2007-01-26,0.0,0.0,1.15,64.0,1.8122752,0.5775323728579946
2007-01-27,0.0,1.42,9.52,57.0,1.6140576,0.5143647695766514
2007-01-28,20.43,21.31,5.24,95.0,2.690096,0.8572746159610858
2007-01-29,0.0,0.18,0.69,122.0,3.4546495999999998,1.1009210857605523
2007-01-30,0.0,0.1,0.0,119.0,3.3696992,1.0738492557828339
2007-01-31,0.0,0.14,0.09,109.0,3.0865312,0.9836098225237722
2007-02-01,56.76,47.99,50.7,149.0,4.2192032,1.3445675555600187
2007-02-02,66.73,43.6,16.89,947.0,26.8160096,8.54567432963314
2007-02-03,0.0,0.0,0.0,1160.0,32.847488,10.467774258051152
2007-02-04,0.0,0.0,0.0,1140.0,32.281152,10.287295391533029
2007-02-05,0.0,0.0,0.0,953.0,26.985910399999998,8.599817989588576
2007-02-06,0.0,0.0,0.0,734.0,20.7845312,6.6235744012151265
2007-02-07,0.0,0.0,0.0,578.0,16.3671104,5.2158392423737645
2007-02-08,0.0,0.0,0.0,458.0,12.9690944,4.132966043265024
2007-02-09,0.0,0.0,0.0,375.0,10.6188,3.3839787472148126
2007-02-10,0.0,0.0,0.0,300.0,8.49504,2.7071829977718496
2007-02-11,0.0,0.0,0.0,250.0,7.0792,2.2559858314765417
2007-02-12,0.0,0.0,0.0,197.0,5.5784096,1.7777168352035146
2007-02-13,0.0,9.91,9.16,165.0,4.6722719999999995,1.4889506487745172
2007-02-14,0.08,0.14,3.06,148.0,4.1908864,1.3355436122341127
2007-02-15,0.0,0.0,0.0,130.0,3.681184,1.1731126323678016
2007-02-16,0.0,0.0,0.0,112.0,3.1714816,1.0106816525014906
2007-02-17,0.0,0.0,0.22,96.0,2.7184128,0.866298559286992
2007-02-18,0.0,0.04,0.07,84.0,2.3786112,0.7580112393761179
2007-02-19,0.0,0.0,0.0,74.0,2.0954432,0.6677718061170563
2007-02-20,0.0,0.0,0.0,64.0,1.8122752,0.5775323728579946
2007-02-21,0.0,2.66,1.36,57.0,1.6140576,0.5143647695766514
2007-02-22,0.0,0.42,0.46,51.0,1.4441568,0.4602211096212145
2007-02-23,0.0,0.0,0.0,44.0,1.2459392,0.39705350633987135
2007-02-24,0.0,0.0,0.0,39.0,1.1043552,0.3519337897103405
2007-02-25,2.76,2.46,0.63,34.0,0.9627711999999999,0.30681407308080966
2007-02-26,0.0,0.02,0.21,32.0,0.9061376,0.2887661864289973
2007-02-27,0.0,0.02,0.0,30.0,0.849504,0.270718299777185
2007-02-28,0.0,0.0,1.94,28.0,0.7928704,0.25267041312537264
2007-03-01,0.0,1.03,8.84,26.0,0.7362368,0.23462252647356033
2007-03-02,17.08,23.88,5.66,45.0,1.274256,0.4060774496657775
2007-03-03,0.0,0.0,0.98,78.0,2.2087104,0.703867579420681
2007-03-04,0.0,0.0,0.0,75.0,2.12376,0.6767957494429624
2007-03-05,0.0,0.0,0.0,67.0,1.8972256,0.6046042028357131
2007-03-06,0.0,0.0,0.0,57.0,1.6140576,0.5143647695766514
2007-03-07,0.0,0.0,0.0,48.0,1.3592064,0.433149279643496
2007-03-08,0.0,0.0,0.0,40.0,1.132672,0.3609577330362466
2007-03-09,0.0,0.0,0.0,34.0,0.9627711999999999,0.30681407308080966
2007-03-10,0.0,0.0,0.0,29.0,0.8211872,0.2616943564512788
2007-03-11,0.0,0.0,0.0,25.0,0.70792,0.22559858314765416
2007-03-12,0.0,0.0,0.0,22.0,0.6229696,0.19852675316993568
2007-03-13,0.0,0.0,0.0,18.0,0.5097024,0.162430979866311
2007-03-14,0.0,0.0,0.02,16.0,0.4530688,0.14438309321449866
2007-03-15,0.0,8.93,11.06,14.0,0.3964352,0.12633520656268632
2007-03-16,0.86,1.49,3.76,13.0,0.3681184,0.11731126323678016
2007-03-17,0.0,0.0,0.02,13.0,0.3681184,0.11731126323678016
2007-03-18,0.0,0.0,0.0,12.0,0.3398016,0.108287319910874
2007-03-19,0.0,0.0,0.0,11.0,0.3114848,0.09926337658496784
2007-03-20,0.0,0.0,0.0,9.5,0.2690096,0.08572746159610858
2007-03-21,0.0,0.0,0.0,8.3,0.23502944,0.07489872960502118
2007-03-22,0.0,0.0,0.0,7.2,0.20388096,0.06497239194652439
2007-03-23,0.0,0.0,0.0,6.8,0.19255424,0.06136281461616193
2007-03-24,0.0,0.0,0.0,5.8,0.16423743999999998,0.05233887129025576
2007-03-25,0.0,0.0,0.0,5.1,0.14441568,0.04602211096212144
2007-03-26,0.0,0.0,0.0,4.7,0.13308896,0.04241253363175898
2007-03-27,0.0,0.0,0.0,4.5,0.1274256,0.04060774496657775
2007-03-28,0.0,0.0,0.0,4.1,0.11609887999999999,0.03699816763621528
2007-03-29,0.0,0.0,0.0,3.8,0.10760383999999999,0.03429098463844343
2007-03-30,0.0,0.0,0.0,3.7,0.10477216,0.03338859030585282
2007-03-31,0.0,0.0,0.0,3.3,0.09344543999999999,0.029779012975490345
2007-04-01,0.0,0.01,0.06,2.9,0.08211871999999999,0.02616943564512788
2007-04-02,0.0,0.0,0.42,2.8,0.07928703999999999,0.025267041312537264
2007-04-03,0.0,0.27,0.14,2.5,0.070792,0.022559858314765414
2007-04-04,0.0,0.16,0.33,2.3,0.06512863999999999,0.02075506964958418
2007-04-05,0.0,0.01,0.11,2.2,0.062296960000000005,0.019852675316993567
2007-04-06,0.0,0.0,0.0,2.0,0.0566336,0.018047886651812332
2007-04-07,0.0,0.0,0.0,2.0,0.0566336,0.018047886651812332
2007-04-08,0.0,0.01,0.0,1.9,0.053801919999999996,0.017145492319221713
2007-04-09,0.0,0.06,0.0,1.9,0.053801919999999996,0.017145492319221713
2007-04-10,0.0,0.02,0.22,1.9,0.053801919999999996,0.017145492319221713
2007-04-11,0.0,3.96,0.17,1.9,0.053801919999999996,0.017145492319221713
2007-04-12,0.0,0.1,0.03,1.9,0.053801919999999996,0.017145492319221713
2007-04-13,0.0,0.0,0.82,1.7,0.04813856,0.015340703654040482
2007-04-14,0.0,0.43,12.36,1.7,0.04813856,0.015340703654040482
2007-04-15,19.56,16.18,4.33,5.8,0.16423743999999998,0.05233887129025576
2007-04-16,0.0,0.0,0.1,5.9,0.16706912000000002,0.05324126562284639
2007-04-17,0.0,0.0,0.0,4.8,0.13592063999999998,0.04331492796434959
2007-04-18,0.0,1.81,1.6,3.8,0.10760383999999999,0.03429098463844343
2007-04-19,2.63,2.18,0.54,3.4,0.09627712,0.030681407308080964
2007-04-20,0.0,0.0,0.0,3.2,0.09061376,0.028876618642899733
2007-04-21,0.0,0.0,0.0,3.1,0.08778208,0.027974224310309114
2007-04-22,0.0,0.0,0.0,2.9,0.08211871999999999,0.02616943564512788
2007-04-23,0.0,0.0,0.0,2.6,0.07362368,0.023462252647356033
2007-04-24,0.0,0.0,0.0,2.4,0.06796031999999999,0.021657463982174795
2007-04-25,0.0,0.0,0.0,2.3,0.06512863999999999,0.02075506964958418
2007-04-26,0.0,0.01,11.1,2.2,0.062296960000000005,0.019852675316993567
2007-04-27,12.42,4.13,3.7,2.2,0.062296960000000005,0.019852675316993567
2007-04-28,0.0,0.0,0.0,2.1,0.05946528,0.01895028098440295
2007-04-29,0.0,0.0,0.0,2.0,0.0566336,0.018047886651812332
2007-04-30,0.0,0.0,0.0,2.0,0.0566336,0.018047886651812332
2007-05-01,0.0,0.0,0.0,2.0,0.0566336,0.018047886651812332
2007-05-02,0.0,0.0,0.0,1.8,0.05097024,0.016243097986631098
2007-05-03,0.0,0.0,0.0,1.8,0.05097024,0.016243097986631098
2007-05-04,0.0,0.0,0.0,1.7,0.04813856,0.015340703654040482
2007-05-05,0.0,0.0,0.0,1.7,0.04813856,0.015340703654040482
2007-05-06,0.0,0.02,0.07,1.7,0.04813856,0.015340703654040482
2007-05-07,0.0,0.0,0.02,1.6,0.04530688,0.014438309321449867
2007-05-08,0.0,0.0,0.0,1.5,0.0424752,0.01353591498885925
2007-05-09,0.0,0.0,0.0,1.5,0.0424752,0.01353591498885925
2007-05-10,0.0,0.0,0.0,1.5,0.0424752,0.01353591498885925
2007-05-11,0.0,0.0,0.0,1.5,0.0424752,0.01353591498885925
2007-05-12,0.0,1.2,2.1,1.5,0.0424752,0.01353591498885925
2007-05-13,0.0,0.13,0.88,1.5,0.0424752,0.01353591498885925
2007-05-14,0.0,1.31,0.06,1.5,0.0424752,0.01353591498885925
2007-05-15,0.0,0.0,0.0,1.5,0.0424752,0.01353591498885925
2007-05-16,0.0,2.3,3.33,1.5,0.0424752,0.01353591498885925
2007-05-17,0.0,0.49,1.11,1.4,0.039643519999999995,0.012633520656268632
2007-05-18,0.0,0.0,0.0,1.4,0.039643519999999995,0.012633520656268632
2007-05-19,0.0,0.0,0.0,1.4,0.039643519999999995,0.012633520656268632
2007-05-20,0.0,0.0,0.0,1.3,0.03681184,0.011731126323678016
2007-05-21,0.0,0.0,0.0,1.3,0.03681184,0.011731126323678016
2007-05-22,0.0,0.0,0.0,1.3,0.03681184,0.011731126323678016
2007-05-23,0.0,3.75,0.0,1.3,0.03681184,0.011731126323678016
2007-05-24,0.0,0.0,0.0,1.5,0.0424752,0.01353591498885925
2007-05-25,0.0,0.0,0.0,1.3,0.03681184,0.011731126323678016
2007-05-26,0.0,0.0,0.0,1.3,0.03681184,0.011731126323678016
2007-05-27,0.0,0.0,0.0,1.3,0.03681184,0.011731126323678016
2007-05-28,0.0,0.0,0.0,1.2,0.033980159999999995,0.010828731991087397
2007-05-29,0.0,0.0,0.0,1.2,0.033980159999999995,0.010828731991087397
2007-05-30,0.0,0.0,0.0,1.2,0.033980159999999995,0.010828731991087397
2007-05-31,0.0,0.0,1.04,1.2,0.033980159999999995,0.010828731991087397
2007-06-01,0.0,3.9,2.9,1.2,0.033980159999999995,0.010828731991087397
2007-06-02,8.22,5.4,4.85,1.4,0.039643519999999995,0.012633520656268632
2007-06-03,6.65,6.31,2.56,1.4,0.039643519999999995,0.012633520656268632
2007-06-04,6.82,2.41,0.41,1.7,0.04813856,0.015340703654040482
2007-06-05,7.44,19.77,11.24,1.8,0.05097024,0.016243097986631098
2007-06-06,14.29,0.15,3.75,1.7,0.04813856,0.015340703654040482
2007-06-07,0.0,0.01,0.0,1.5,0.0424752,0.01353591498885925
2007-06-08,0.0,0.42,10.76,1.6,0.04530688,0.014438309321449867
2007-06-09,0.0,17.82,3.59,1.5,0.0424752,0.01353591498885925
2007-06-10,0.0,0.41,0.0,1.5,0.0424752,0.01353591498885925
2007-06-11,0.0,0.0,0.0,1.5,0.0424752,0.01353591498885925
2007-06-12,0.0,8.29,3.98,1.6,0.04530688,0.014438309321449867
2007-06-13,0.0,1.91,1.52,1.8,0.05097024,0.016243097986631098
2007-06-14,0.0,0.0,0.07,1.9,0.053801919999999996,0.017145492319221713
2007-06-15,0.0,0.0,0.0,1.9,0.053801919999999996,0.017145492319221713
2007-06-16,0.0,0.0,0.0,1.9,0.053801919999999996,0.017145492319221713
2007-06-17,0.0,0.0,1.4,2.0,0.0566336,0.018047886651812332
2007-06-18,0.0,0.01,0.94,2.0,0.0566336,0.018047886651812332
2007-06-19,0.0,5.93,5.8,2.0,0.0566336,0.018047886651812332
2007-06-20,13.64,4.41,5.3,1.7,0.04813856,0.015340703654040482
2007-06-21,0.0,0.0,1.14,1.3,0.03681184,0.011731126323678016
2007-06-22,0.0,0.0,0.0,1.2,0.033980159999999995,0.010828731991087397
2007-06-23,0.0,0.0,0.0,1.2,0.033980159999999995,0.010828731991087397
2007-06-24,0.0,0.49,0.16,1.1,0.031148480000000003,0.009926337658496783
2007-06-25,0.0,0.67,0.05,1.2,0.033980159999999995,0.010828731991087397
2007-06-26,0.0,0.03,0.16,1.4,0.039643519999999995,0.012633520656268632
2007-06-27,0.0,3.77,20.48,1.2,0.033980159999999995,0.010828731991087397
2007-06-28,0.0,10.24,10.84,1.1,0.031148480000000003,0.009926337658496783
2007-06-29,0.0,0.03,2.26,1.1,0.031148480000000003,0.009926337658496783
2007-06-30,1.26,6.56,5.12,1.6,0.04530688,0.014438309321449867
2007-07-01,8.65,2.0,7.17,2.3,0.06512863999999999,0.02075506964958418
2007-07-02,9.75,7.67,6.98,2.4,0.06796031999999999,0.021657463982174795
2007-07-03,9.36,15.6,13.61,1.8,0.05097024,0.016243097986631098
2007-07-04,13.23,3.11,4.37,3.3,0.09344543999999999,0.029779012975490345
2007-07-05,0.0,1.81,1.27,2.9,0.08211871999999999,0.02616943564512788
2007-07-06,0.0,0.29,0.38,2.1,0.05946528,0.01895028098440295
2007-07-07,0.0,0.25,0.0,2.0,0.0566336,0.018047886651812332
2007-07-08,0.0,0.64,0.0,1.9,0.053801919999999996,0.017145492319221713
2007-07-09,0.0,1.84,1.83,1.5,0.0424752,0.01353591498885925
2007-07-10,0.0,5.21,0.84,1.7,0.04813856,0.015340703654040482
2007-07-11,0.0,7.45,0.82,1.8,0.05097024,0.016243097986631098
2007-07-12,0.0,0.16,0.25,1.6,0.04530688,0.014438309321449867
2007-07-13,0.0,12.2,0.27,1.4,0.039643519999999995,0.012633520656268632
2007-07-14,5.88,1.8,1.21,2.7,0.07645536,0.02436464697994665
2007-07-15,9.35,1.04,1.41,3.6,0.10194048,0.032486195973262195
2007-07-16,0.0,2.85,1.76,2.3,0.06512863999999999,0.02075506964958418
2007-07-17,0.0,3.98,0.62,2.3,0.06512863999999999,0.02075506964958418
2007-07-18,0.0,0.0,0.05,3.1,0.08778208,0.027974224310309114
2007-07-19,0.0,0.0,0.0,2.4,0.06796031999999999,0.021657463982174795
2007-07-20,0.0,0.36,0.0,2.2,0.062296960000000005,0.019852675316993567
2007-07-21,0.0,2.02,3.34,2.0,0.0566336,0.018047886651812332
2007-07-22,12.87,7.59,1.77,2.5,0.070792,0.022559858314765414
2007-07-23,0.0,0.12,1.05,3.9,0.11043552,0.03519337897103405
2007-07-24,6.05,4.47,1.89,4.9,0.13875232,0.04421732229694022
2007-07-25,9.41,3.08,0.77,5.4,0.15291072,0.0487292939598933
2007-07-26,0.0,2.21,5.11,4.0,0.1132672,0.036095773303624665
2007-07-27,0.0,0.29,2.07,3.2,0.09061376,0.028876618642899733
2007-07-28,0.0,0.0,1.0,2.8,0.07928703999999999,0.025267041312537264
2007-07-29,0.0,0.26,0.51,2.5,0.070792,0.022559858314765414
2007-07-30,0.0,18.35,37.37,3.7,0.10477216,0.03338859030585282
2007-07-31,36.16,21.56,29.95,9.2,0.26051455999999995,0.08302027859833672
2007-08-01,24.77,0.25,22.05,11.0,0.3114848,0.09926337658496784
2007-08-02,17.16,17.15,9.91,6.0,0.1699008,0.054143659955437
2007-08-03,5.81,2.38,3.21,6.9,0.19538592000000002,0.06226520894875255
2007-08-04,0.05,0.25,0.57,5.0,0.141584,0.04511971662953083
2007-08-05,0.0,4.41,0.1,3.8,0.10760383999999999,0.03429098463844343
2007-08-06,0.0,0.11,0.66,3.1,0.08778208,0.027974224310309114
2007-08-07,0.0,5.24,4.63,2.8,0.07928703999999999,0.025267041312537264
2007-08-08,0.0,0.0,1.47,2.6,0.07362368,0.023462252647356033
2007-08-09,0.0,9.98,33.63,2.4,0.06796031999999999,0.021657463982174795
2007-08-10,0.0,1.68,11.21,2.3,0.06512863999999999,0.02075506964958418
2007-08-11,0.0,10.27,10.17,2.2,0.062296960000000005,0.019852675316993567
2007-08-12,32.42,13.21,15.74,2.3,0.06512863999999999,0.02075506964958418
2007-08-13,0.0,0.11,5.95,3.7,0.10477216,0.03338859030585282
2007-08-14,0.0,0.5,1.43,3.8,0.10760383999999999,0.03429098463844343
2007-08-15,0.0,1.42,0.27,3.3,0.09344543999999999,0.029779012975490345
2007-08-16,0.0,0.03,0.0,2.8,0.07928703999999999,0.025267041312537264
2007-08-17,0.0,0.27,0.0,2.5,0.070792,0.022559858314765414
2007-08-18,1.94,2.14,10.45,2.3,0.06512863999999999,0.02075506964958418
2007-08-19,0.0,7.93,3.48,2.3,0.06512863999999999,0.02075506964958418
2007-08-20,0.0,0.0,0.0,2.2,0.062296960000000005,0.019852675316993567
2007-08-21,0.0,0.0,0.0,2.1,0.05946528,0.01895028098440295
2007-08-22,0.0,0.0,0.0,2.0,0.0566336,0.018047886651812332
2007-08-23,0.0,1.08,0.2,2.0,0.0566336,0.018047886651812332
2007-08-24,0.0,6.97,0.93,2.0,0.0566336,0.018047886651812332
2007-08-25,0.0,4.16,8.83,2.6,0.07362368,0.023462252647356033
2007-08-26,18.42,2.0,4.59,3.7,0.10477216,0.03338859030585282
2007-08-27,14.27,8.16,8.63,3.6,0.10194048,0.032486195973262195
2007-08-28,9.99,0.24,4.53,3.4,0.09627712,0.030681407308080964
2007-08-29,0.0,0.96,0.89,3.4,0.09627712,0.030681407308080964
2007-08-30,0.0,6.36,1.75,4.4,0.12459392000000001,0.039705350633987134
2007-08-31,3.49,7.24,5.51,6.8,0.19255424,0.06136281461616193
2007-09-01,9.12,2.61,14.73,6.5,0.1840592,0.05865563161839008
2007-09-02,10.63,6.24,21.64,6.2,0.17556416,0.05594844862061823
2007-09-03,6.34,14.06,6.64,5.2,0.14724736,0.046924505294712066
2007-09-04,0.0,1.33,1.32,4.9,0.13875232,0.04421732229694022
2007-09-05,0.0,1.97,3.23,4.2,0.11893056,0.0379005619688059
2007-09-06,0.0,3.13,0.96,3.6,0.10194048,0.032486195973262195
2007-09-07,0.0,2.24,0.0,3.3,0.09344543999999999,0.029779012975490345
2007-09-08,0.0,0.0,0.0,2.9,0.08211871999999999,0.02616943564512788
2007-09-09,0.0,0.0,0.0,2.6,0.07362368,0.023462252647356033
2007-09-10,0.0,3.99,0.54,2.6,0.07362368,0.023462252647356033
2007-09-11,14.62,7.05,16.35,2.5,0.070792,0.022559858314765414
2007-09-12,13.06,5.04,12.63,2.4,0.06796031999999999,0.021657463982174795
2007-09-13,7.41,6.8,5.71,2.2,0.062296960000000005,0.019852675316993567
2007-09-14,7.22,2.99,7.57,2.6,0.07362368,0.023462252647356033
2007-09-15,9.03,0.37,2.16,3.6,0.10194048,0.032486195973262195
2007-09-16,0.0,0.04,0.0,2.6,0.07362368,0.023462252647356033
2007-09-17,0.0,0.01,0.0,2.2,0.062296960000000005,0.019852675316993567
2007-09-18,0.0,0.01,0.0,2.0,0.0566336,0.018047886651812332
2007-09-19,0.0,0.0,0.0,1.9,0.053801919999999996,0.017145492319221713
2007-09-20,0.0,0.0,4.68,1.9,0.053801919999999996,0.017145492319221713
2007-09-21,14.71,20.37,15.14,4.8,0.13592063999999998,0.04331492796434959
2007-09-22,13.31,7.82,9.98,6.9,0.19538592000000002,0.06226520894875255
2007-09-23,9.58,4.94,3.64,6.4,0.18122752,0.057753237285799466
2007-09-24,11.68,8.32,0.61,9.3,0.26334624,0.08392267293092735
2007-09-25,0.0,0.6,0.0,5.8,0.16423743999999998,0.05233887129025576
2007-09-26,0.0,0.18,0.0,4.3,0.12176224,0.03880295630139651
2007-09-27,0.0,1.19,0.99,3.5,0.0991088,0.03158380164067158
2007-09-28,0.0,2.02,0.37,3.1,0.08778208,0.027974224310309114
2007-09-29,0.0,0.0,0.01,2.7,0.07645536,0.02436464697994665
2007-09-30,0.0,0.0,0.0,2.5,0.070792,0.022559858314765414
2007-10-01,0.0,0.0,0.0,2.3,0.06512863999999999,0.02075506964958418
2007-10-02,0.0,0.02,0.33,2.2,0.062296960000000005,0.019852675316993567
2007-10-03,1.63,2.02,5.11,2.2,0.062296960000000005,0.019852675316993567
2007-10-04,6.0,22.2,9.77,2.3,0.06512863999999999,0.02075506964958418
2007-10-05,10.0,4.12,11.96,2.4,0.06796031999999999,0.021657463982174795
2007-10-06,6.33,6.06,5.21,3.0,0.0849504,0.0270718299777185
2007-10-07,12.09,4.18,2.04,4.4,0.12459392000000001,0.039705350633987134
2007-10-08,2.75,0.71,0.44,4.3,0.12176224,0.03880295630139651
2007-10-09,0.0,0.05,0.0,3.2,0.09061376,0.028876618642899733
2007-10-10,0.0,0.34,0.0,2.7,0.07645536,0.02436464697994665
2007-10-11,0.0,1.0,0.0,2.5,0.070792,0.022559858314765414
2007-10-12,0.0,0.0,0.0,2.3,0.06512863999999999,0.02075506964958418
2007-10-13,0.0,0.02,0.0,2.2,0.062296960000000005,0.019852675316993567
2007-10-14,0.0,0.02,0.0,2.2,0.062296960000000005,0.019852675316993567
2007-10-15,0.0,0.02,0.0,2.1,0.05946528,0.01895028098440295
2007-10-16,0.0,0.79,0.2,2.1,0.05946528,0.01895028098440295
2007-10-17,0.0,0.12,1.7,2.1,0.05946528,0.01895028098440295
2007-10-18,0.0,22.7,42.6,2.2,0.062296960000000005,0.019852675316993567
2007-10-19,37.1,70.59,42.78,11.0,0.3114848,0.09926337658496784
2007-10-20,34.29,1.25,9.59,23.0,0.6512864,0.20755069649584185
2007-10-21,0.0,0.12,1.72,24.0,0.6796032,0.216574639821748
2007-10-22,2.18,1.14,0.73,30.0,0.849504,0.270718299777185
2007-10-23,0.67,0.34,0.55,32.0,0.9061376,0.2887661864289973
2007-10-24,0.0,0.74,0.24,31.0,0.8778208,0.27974224310309115
2007-10-25,0.0,0.16,0.03,29.0,0.8211872,0.2616943564512788
2007-10-26,0.0,0.0,0.0,26.0,0.7362368,0.23462252647356033
2007-10-27,0.0,0.0,0.0,22.0,0.6229696,0.19852675316993568
2007-10-28,0.0,0.0,0.0,18.0,0.5097024,0.162430979866311
2007-10-29,0.0,0.0,0.0,15.0,0.424752,0.1353591498885925
2007-10-30,0.0,0.0,0.0,12.0,0.3398016,0.108287319910874
2007-10-31,0.0,0.0,0.0,10.0,0.283168,0.09023943325906165
2007-11-01,0.0,0.0,0.0,8.9,0.25201952,0.08031309560056488
2007-11-02,0.0,0.0,0.0,7.8,0.22087104,0.0703867579420681
2007-11-03,0.0,0.0,0.0,6.6,0.18689087999999998,0.05955802595098069
2007-11-04,0.0,0.0,0.0,5.9,0.16706912000000002,0.05324126562284639
2007-11-05,0.0,0.0,0.0,5.1,0.14441568,0.04602211096212144
2007-11-06,0.0,0.0,0.0,4.7,0.13308896,0.04241253363175898
2007-11-07,0.0,0.0,0.0,4.2,0.11893056,0.0379005619688059
2007-11-08,0.0,0.0,0.0,3.9,0.11043552,0.03519337897103405
2007-11-09,0.0,0.0,0.0,5.0,0.141584,0.04511971662953083
2007-11-10,0.0,0.0,0.0,5.0,0.141584,0.04511971662953083
2007-11-11,0.0,0.0,0.0,7.6,0.21520767999999998,0.06858196927688685
2007-11-12,0.0,0.0,0.0,6.7,0.18972256,0.06046042028357132
2007-11-13,0.0,0.0,0.0,6.7,0.18972256,0.06046042028357132
2007-11-14,0.0,0.0,1.31,3.2,0.09061376,0.028876618642899733
2007-11-15,0.26,0.0,0.51,2.4,0.06796031999999999,0.021657463982174795
2007-11-16,0.0,0.0,0.02,2.3,0.06512863999999999,0.02075506964958418
2007-11-17,0.0,0.0,0.0,2.3,0.06512863999999999,0.02075506964958418
2007-11-18,0.0,0.74,0.0,2.4,0.06796031999999999,0.021657463982174795
2007-11-19,0.0,0.07,0.0,2.4,0.06796031999999999,0.021657463982174795
2007-11-20,0.0,0.2,0.0,2.4,0.06796031999999999,0.021657463982174795
2007-11-21,0.0,0.0,4.66,2.3,0.06512863999999999,0.02075506964958418
2007-11-22,29.16,0.0,11.83,3.2,0.09061376,0.028876618642899733
2007-11-23,0.0,0.0,3.43,3.2,0.09061376,0.028876618642899733
2007-11-24,0.0,0.0,0.24,3.4,0.09627712,0.030681407308080964
2007-11-25,5.0,19.42,3.98,4.2,0.11893056,0.0379005619688059
2007-11-26,0.11,5.85,7.43,4.5,0.1274256,0.04060774496657775
2007-11-27,6.57,0.0,2.04,6.8,0.19255424,0.06136281461616193
2007-11-28,0.0,0.3,0.0,8.1,0.22936608,0.07309394093983995
2007-11-29,0.0,2.62,0.07,8.3,0.23502944,0.07489872960502118
2007-11-30,0.0,3.15,0.02,8.8,0.24918784000000002,0.07941070126797427
2007-12-01,0.0,2.56,0.0,8.3,0.23502944,0.07489872960502118
2007-12-02,0.0,0.0,1.72,7.7,0.21803936000000002,0.06948436360947749
2007-12-03,1.49,0.04,0.57,7.2,0.20388096,0.06497239194652439
2007-12-04,0.0,0.0,0.0,6.6,0.18689087999999998,0.05955802595098069
2007-12-05,0.0,0.0,0.0,6.2,0.17556416,0.05594844862061823
2007-12-06,0.0,0.0,0.0,5.9,0.16706912000000002,0.05324126562284639
2007-12-07,0.0,0.0,0.0,5.7,0.16140576,0.05143647695766515
2007-12-08,0.0,0.0,0.0,5.5,0.1557424,0.04963168829248392
2007-12-09,0.0,0.0,0.0,5.3,0.15007904,0.04782689962730268
2007-12-10,0.0,0.0,0.0,5.1,0.14441568,0.04602211096212144
2007-12-11,0.0,0.0,0.0,5.0,0.141584,0.04511971662953083
2007-12-12,0.0,0.0,0.0,4.9,0.13875232,0.04421732229694022
2007-12-13,0.0,0.0,0.0,4.9,0.13875232,0.04421732229694022
2007-12-14,0.0,0.0,0.0,4.7,0.13308896,0.04241253363175898
2007-12-15,13.27,0.0,12.45,4.8,0.13592063999999998,0.04331492796434959
2007-12-16,18.43,0.08,4.44,6.9,0.19538592000000002,0.06226520894875255
2007-12-17,0.0,0.05,0.1,8.8,0.24918784000000002,0.07941070126797427
2007-12-18,0.0,0.14,0.0,9.4,0.26617792,0.08482506726351796
2007-12-19,0.0,17.68,0.0,8.4,0.23786112,0.0758011239376118
2007-12-20,0.0,0.0,23.25,8.8,0.24918784000000002,0.07941070126797427
2007-12-21,23.43,0.2,7.89,17.0,0.48138559999999997,0.15340703654040483
2007-12-22,0.0,0.05,0.27,30.0,0.849504,0.270718299777185
2007-12-23,0.0,0.06,0.76,31.0,0.8778208,0.27974224310309115
2007-12-24,0.0,24.78,0.34,30.0,0.849504,0.270718299777185
2007-12-25,0.0,0.06,2.35,29.0,0.8211872,0.2616943564512788
2007-12-26,0.0,0.02,1.03,28.0,0.7928704,0.25267041312537264
2007-12-27,0.0,0.31,0.32,29.0,0.8211872,0.2616943564512788
2007-12-28,0.3,0.01,2.67,30.0,0.849504,0.270718299777185
2007-12-29,0.0,2.38,8.23,29.0,0.8211872,0.2616943564512788
2007-12-30,5.95,0.66,4.54,28.0,0.7928704,0.25267041312537264
2007-12-31,0.0,0.0,0.7,27.0,0.7645535999999999,0.24364646979946647
2008-01-01,0.0,0.0,0.0,25.0,0.70792,0.22559858314765416
2008-01-02,0.0,0.0,0.0,23.0,0.6512864,0.20755069649584185
2008-01-03,0.0,0.0,0.0,21.0,0.5946528,0.18950280984402948
2008-01-04,0.0,0.0,0.0,20.0,0.566336,0.1804788665181233
2008-01-05,0.0,0.0,0.0,18.0,0.5097024,0.162430979866311
2008-01-06,0.0,0.0,0.0,18.0,0.5097024,0.162430979866311
2008-01-07,0.0,0.0,0.0,17.0,0.48138559999999997,0.15340703654040483
2008-01-08,0.0,0.0,0.0,17.0,0.48138559999999997,0.15340703654040483
2008-01-09,0.0,0.23,0.24,16.0,0.4530688,0.14438309321449866
2008-01-10,0.0,0.0,0.08,15.0,0.424752,0.1353591498885925
2008-01-11,1.6,6.46,3.14,15.0,0.424752,0.1353591498885925
2008-01-12,11.21,1.26,1.52,15.0,0.424752,0.1353591498885925
2008-01-13,0.0,0.24,0.16,15.0,0.424752,0.1353591498885925
2008-01-14,0.0,0.01,0.0,15.0,0.424752,0.1353591498885925
2008-01-15,0.0,0.02,0.26,15.0,0.424752,0.1353591498885925
2008-01-16,0.0,12.71,10.87,15.0,0.424752,0.1353591498885925
2008-01-17,18.46,1.31,4.93,17.0,0.48138559999999997,0.15340703654040483
2008-01-18,0.0,1.05,4.69,22.0,0.6229696,0.19852675316993568
2008-01-19,17.89,32.9,27.88,27.0,0.7645535999999999,0.24364646979946647
2008-01-20,31.94,0.29,11.8,55.0,1.557424,0.4963168829248391
2008-01-21,0.0,0.07,1.07,71.0,2.0104928,0.6406999761393378
2008-01-22,0.0,3.96,2.8,75.0,2.12376,0.6767957494429624
2008-01-23,0.0,0.97,0.92,73.0,2.0671264,0.65874786279115
2008-01-24,0.0,1.26,1.08,67.0,1.8972256,0.6046042028357131
2008-01-25,0.0,0.26,1.45,63.0,1.7839584,0.5685084295320885
2008-01-26,8.39,6.13,6.13,59.0,1.6706912,0.5324126562284638
2008-01-27,15.54,0.0,2.15,58.0,1.6423744,0.5233887129025576
2008-01-28,0.0,0.0,0.08,53.0,1.5007904,0.4782689962730268
2008-01-29,0.0,0.01,2.46,50.0,1.41584,0.4511971662953083
2008-01-30,7.94,5.97,3.36,47.0,1.3308896,0.4241253363175898
2008-01-31,0.0,0.01,3.04,46.0,1.3025728,0.4151013929916837
2008-02-01,8.96,5.96,3.48,45.0,1.274256,0.4060774496657775
2008-02-02,0.0,0.0,0.92,43.0,1.2176224,0.38802956301396513
2008-02-03,0.0,0.0,0.0,41.0,1.1609888,0.3699816763621528
2008-02-04,0.0,0.0,0.0,38.0,1.0760384,0.34290984638443434
2008-02-05,0.0,0.0,0.04,35.0,0.991088,0.3158380164067158
2008-02-06,0.0,5.73,4.79,33.0,0.9344544,0.2977901297549035
2008-02-07,2.48,0.04,1.59,30.0,0.849504,0.270718299777185
2008-02-08,0.0,0.0,0.0,31.0,0.8778208,0.27974224310309115
2008-02-09,0.0,0.0,0.0,30.0,0.849504,0.270718299777185
2008-02-10,0.0,0.0,0.0,27.0,0.7645535999999999,0.24364646979946647
2008-02-11,0.0,0.0,0.02,25.0,0.70792,0.22559858314765416
2008-02-12,0.0,3.44,3.29,23.0,0.6512864,0.20755069649584185
2008-02-13,6.7,2.4,2.79,21.0,0.5946528,0.18950280984402948
2008-02-14,0.0,0.0,0.57,21.0,0.5946528,0.18950280984402948
2008-02-15,0.0,0.0,0.0,21.0,0.5946528,0.18950280984402948
2008-02-16,0.0,0.0,4.41,20.0,0.566336,0.1804788665181233
2008-02-17,0.0,1.74,5.61,19.0,0.5380192,0.17145492319221717
2008-02-18,15.38,23.16,3.84,21.0,0.5946528,0.18950280984402948
2008-02-19,0.0,0.0,0.82,22.0,0.6229696,0.19852675316993568
2008-02-20,0.0,0.0,0.98,20.0,0.566336,0.1804788665181233
2008-02-21,0.0,35.59,86.2,28.0,0.7928704,0.25267041312537264
2008-02-22,81.69,79.55,54.34,263.0,7.4473184,2.373297094713322
2008-02-23,17.43,29.89,11.55,722.0,20.4447296,6.515287081304252
2008-02-24,0.0,0.0,0.99,1100.0,31.14848,9.926337658496783
2008-02-25,0.0,0.0,0.23,1070.0,30.298976,9.655619358719598
2008-02-26,0.0,9.11,3.16,784.0,22.2003712,7.074771567510434
2008-02-27,0.0,0.0,1.03,603.0,17.0750304,5.441437825521418
2008-02-28,0.0,0.0,0.0,481.0,13.6203808,4.340516739760866
2008-02-29,0.0,0.0,0.0,390.0,11.043552,3.519337897103405
2008-03-01,0.0,0.0,0.0,322.0,9.1180096,2.905709750941786
2008-03-02,0.0,0.0,0.0,269.0,7.6172192,2.427440754668759
2008-03-03,0.0,0.0,1.15,228.0,6.4562304,2.057459078306606
2008-03-04,14.93,12.72,10.58,196.0,5.5500928,1.7686928918776086
2008-03-05,6.18,0.0,3.4,182.0,5.1536576,1.6423576853149222
2008-03-06,0.0,0.05,19.05,169.0,4.7855392,1.5250464220781421
2008-03-07,49.29,65.81,30.38,222.0,6.2863296,2.003315418351169
2008-03-08,12.23,0.0,8.1,386.0,10.930284799999999,3.48324212379978
2008-03-09,0.0,0.0,0.03,495.0,14.016816,4.466851946323552
2008-03-10,0.0,0.0,0.0,457.0,12.9407776,4.123942099939118
2008-03-11,0.0,0.55,2.23,390.0,11.043552,3.519337897103405
2008-03-12,3.0,2.97,0.75,333.0,9.4294944,3.0049731275267533
2008-03-13,0.0,0.0,0.19,283.0,8.0136544,2.553775961231445
2008-03-14,0.85,3.69,0.5,243.0,6.8809824,2.1928182281951982
2008-03-15,2.36,0.0,0.15,212.0,6.0031616,1.9130759850921073
2008-03-16,0.0,0.0,0.0,185.0,5.238608,1.6694295152926408
2008-03-17,0.0,0.0,0.0,158.0,4.4740544,1.4257830454931744
2008-03-18,0.0,0.0,0.0,135.0,3.822768,1.2182323489973323
2008-03-19,0.0,3.57,3.87,115.0,3.2564319999999998,1.037753482479209
2008-03-20,4.38,1.28,1.29,100.0,2.83168,0.9023943325906166
2008-03-21,0.0,0.0,0.0,87.0,2.4635616,0.7850830693538364
2008-03-22,0.0,0.0,0.0,75.0,2.12376,0.6767957494429624
2008-03-23,0.0,0.0,0.0,64.0,1.8122752,0.5775323728579946
2008-03-24,0.0,0.0,0.0,55.0,1.557424,0.4963168829248391
2008-03-25,0.0,0.0,0.0,47.0,1.3308896,0.4241253363175898
2008-03-26,0.0,0.0,0.0,40.0,1.132672,0.3609577330362466
2008-03-27,0.0,0.0,0.0,35.0,0.991088,0.3158380164067158
2008-03-28,0.0,0.0,0.0,30.0,0.849504,0.270718299777185
2008-03-29,0.0,0.0,0.0,27.0,0.7645535999999999,0.24364646979946647
2008-03-30,0.0,0.0,0.0,24.0,0.6796032,0.216574639821748
2008-03-31,0.0,0.0,0.0,21.0,0.5946528,0.18950280984402948
2008-04-01,0.0,3.7,3.84,19.0,0.5380192,0.17145492319221717
2008-04-02,0.0,4.11,7.88,17.0,0.48138559999999997,0.15340703654040483
2008-04-03,0.0,0.22,2.2,15.0,0.424752,0.1353591498885925
2008-04-04,2.47,0.11,10.89,14.0,0.3964352,0.12633520656268632
2008-04-05,23.7,60.18,43.61,14.0,0.3964352,0.12633520656268632
2008-04-06,28.95,8.01,14.55,24.0,0.6796032,0.216574639821748
2008-04-07,0.0,0.0,0.41,45.0,1.274256,0.4060774496657775
2008-04-08,0.0,0.0,0.0,58.0,1.6423744,0.5233887129025576
2008-04-09,0.0,0.0,0.0,55.0,1.557424,0.4963168829248391
2008-04-10,0.0,0.0,0.0,49.0,1.3875232,0.44217322296940215
2008-04-11,0.0,0.0,0.21,43.0,1.2176224,0.38802956301396513
2008-04-12,3.61,2.47,2.53,38.0,1.0760384,0.34290984638443434
2008-04-13,1.56,0.07,0.83,35.0,0.991088,0.3158380164067158
2008-04-14,0.0,0.0,0.0,30.0,0.849504,0.270718299777185
2008-04-15,0.0,0.0,0.0,25.0,0.70792,0.22559858314765416
2008-04-16,0.0,0.0,0.0,21.0,0.5946528,0.18950280984402948
2008-04-17,0.0,0.0,0.0,18.0,0.5097024,0.162430979866311
2008-04-18,0.0,0.0,0.44,15.0,0.424752,0.1353591498885925
2008-04-19,0.0,0.94,1.11,14.0,0.3964352,0.12633520656268632
2008-04-20,3.31,0.05,0.32,12.0,0.3398016,0.108287319910874
2008-04-21,0.0,0.0,0.0,10.0,0.283168,0.09023943325906165
2008-04-22,0.0,0.0,0.0,8.8,0.24918784000000002,0.07941070126797427
2008-04-23,0.0,0.0,0.0,7.4,0.20954432,0.06677718061170564
2008-04-24,0.0,0.0,1.77,6.4,0.18122752,0.057753237285799466
2008-04-25,0.0,0.88,0.76,5.6,0.15857407999999998,0.05053408262507453
2008-04-26,0.0,2.28,8.56,4.8,0.13592063999999998,0.04331492796434959
2008-04-27,0.0,0.16,3.56,4.3,0.12176224,0.03880295630139651
2008-04-28,1.99,11.86,1.77,4.4,0.12459392000000001,0.039705350633987134
2008-04-29,18.73,0.0,0.51,4.1,0.11609887999999999,0.03699816763621528
2008-04-30,0.0,0.0,0.0,3.6,0.10194048,0.032486195973262195
2008-05-01,0.0,0.0,0.0,3.3,0.09344543999999999,0.029779012975490345
2008-05-02,0.0,0.0,0.03,3.3,0.09344543999999999,0.029779012975490345
2008-05-03,0.0,1.31,1.37,3.5,0.0991088,0.03158380164067158
2008-05-04,0.0,0.01,0.45,3.3,0.09344543999999999,0.029779012975490345
2008-05-05,0.0,0.0,0.0,3.1,0.08778208,0.027974224310309114
2008-05-06,0.0,0.0,0.0,2.8,0.07928703999999999,0.025267041312537264
2008-05-07,0.0,0.0,0.0,2.6,0.07362368,0.023462252647356033
2008-05-08,0.0,0.01,0.0,2.5,0.070792,0.022559858314765414
2008-05-09,0.0,0.04,0.0,2.4,0.06796031999999999,0.021657463982174795
2008-05-10,0.0,0.0,0.0,2.3,0.06512863999999999,0.02075506964958418
2008-05-11,0.0,0.0,0.0,2.2,0.062296960000000005,0.019852675316993567
2008-05-12,0.0,0.04,0.0,2.1,0.05946528,0.01895028098440295
2008-05-13,0.0,0.0,0.0,1.9,0.053801919999999996,0.017145492319221713
2008-05-14,0.0,0.0,0.0,1.9,0.053801919999999996,0.017145492319221713
2008-05-15,0.0,3.17,3.34,1.8,0.05097024,0.016243097986631098
2008-05-16,11.23,35.5,25.8,2.0,0.0566336,0.018047886651812332
2008-05-17,30.64,0.0,8.23,2.2,0.062296960000000005,0.019852675316993567
2008-05-18,0.0,0.0,0.01,4.6,0.13025727999999998,0.04151013929916836
2008-05-19,0.0,0.0,0.0,20.0,0.566336,0.1804788665181233
2008-05-20,0.0,0.0,0.0,17.0,0.48138559999999997,0.15340703654040483
2008-05-21,0.0,0.0,0.0,14.0,0.3964352,0.12633520656268632
2008-05-22,0.0,0.54,7.37,10.0,0.283168,0.09023943325906165
2008-05-23,21.2,22.66,7.44,9.0,0.2548512,0.0812154899331555
2008-05-24,0.0,0.01,1.83,7.5,0.212376,0.06767957494429624
2008-05-25,0.0,0.0,0.06,6.9,0.19538592000000002,0.06226520894875255
2008-05-26,0.0,0.02,0.0,6.1,0.17273248,0.05504605428802761
2008-05-27,0.0,0.24,0.0,5.1,0.14441568,0.04602211096212144
2008-05-28,0.0,0.0,0.0,4.2,0.11893056,0.0379005619688059
2008-05-29,0.0,0.0,7.6,3.4,0.09627712,0.030681407308080964
2008-05-30,0.0,3.13,2.53,2.7,0.07645536,0.02436464697994665
2008-05-31,0.0,0.0,0.0,2.2,0.062296960000000005,0.019852675316993567
2008-06-01,0.0,0.0,0.0,1.8,0.05097024,0.016243097986631098
2008-06-02,0.0,1.26,0.56,1.6,0.04530688,0.014438309321449867
2008-06-03,0.0,8.51,0.26,1.7,0.04813856,0.015340703654040482
2008-06-04,0.0,0.0,0.03,2.1,0.05946528,0.01895028098440295
2008-06-05,0.0,0.0,0.0,2.0,0.0566336,0.018047886651812332
2008-06-06,0.0,0.28,0.0,1.6,0.04530688,0.014438309321449867
2008-06-07,0.0,0.0,0.0,1.4,0.039643519999999995,0.012633520656268632
2008-06-08,0.0,0.74,0.34,1.4,0.039643519999999995,0.012633520656268632
2008-06-09,0.0,2.4,0.11,1.3,0.03681184,0.011731126323678016
2008-06-10,0.0,4.99,2.59,1.4,0.039643519999999995,0.012633520656268632
2008-06-11,4.47,2.97,1.22,3.7,0.10477216,0.03338859030585282
2008-06-12,12.58,6.35,10.4,4.8,0.13592063999999998,0.04331492796434959
2008-06-13,9.0,14.03,4.22,3.3,0.09344543999999999,0.029779012975490345
2008-06-14,5.02,1.61,8.68,2.4,0.06796031999999999,0.021657463982174795
2008-06-15,9.77,8.78,4.02,2.6,0.07362368,0.023462252647356033
2008-06-16,9.47,0.77,2.23,4.4,0.12459392000000001,0.039705350633987134
2008-06-17,1.01,1.96,1.92,5.9,0.16706912000000002,0.05324126562284639
2008-06-18,0.0,0.01,0.49,9.6,0.27184127999999996,0.08662985592869918
2008-06-19,0.0,0.0,0.02,8.6,0.24352448,0.07760591260279302
2008-06-20,0.0,0.0,2.73,6.3,0.17839584,0.05685084295320885
2008-06-21,0.0,2.15,2.14,4.8,0.13592063999999998,0.04331492796434959
2008-06-22,14.53,14.2,6.51,3.8,0.10760383999999999,0.03429098463844343
2008-06-23,11.62,6.5,3.55,3.6,0.10194048,0.032486195973262195
2008-06-24,0.0,0.01,0.51,3.1,0.08778208,0.027974224310309114
2008-06-25,0.0,5.22,35.23,2.8,0.07928703999999999,0.025267041312537264
2008-06-26,0.0,26.71,13.06,2.6,0.07362368,0.023462252647356033
2008-06-27,5.78,3.98,3.46,2.8,0.07928703999999999,0.025267041312537264
2008-06-28,6.55,5.05,3.58,8.3,0.23502944,0.07489872960502118
2008-06-29,9.89,3.64,8.19,13.0,0.3681184,0.11731126323678016
2008-06-30,12.53,31.76,15.83,19.0,0.5380192,0.17145492319221717
2008-07-01,0.0,0.65,4.46,38.0,1.0760384,0.34290984638443434
2008-07-02,0.0,8.35,0.0,46.0,1.3025728,0.4151013929916837
2008-07-03,0.0,15.61,2.57,40.0,1.132672,0.3609577330362466
2008-07-04,0.0,0.02,1.1,35.0,0.991088,0.3158380164067158
2008-07-05,0.0,4.03,0.78,48.0,1.3592064,0.433149279643496
2008-07-06,7.07,2.42,3.46,56.0,1.5857408,0.5053408262507453
2008-07-07,9.14,18.95,12.77,48.0,1.3592064,0.433149279643496
2008-07-08,5.03,1.0,4.44,41.0,1.1609888,0.3699816763621528
2008-07-09,15.45,6.79,9.32,38.0,1.0760384,0.34290984638443434
2008-07-10,0.0,0.02,3.23,34.0,0.9627711999999999,0.30681407308080966
2008-07-11,0.0,5.0,0.89,31.0,0.8778208,0.27974224310309115
2008-07-12,0.0,17.18,3.08,28.0,0.7928704,0.25267041312537264
2008-07-13,13.37,11.92,5.25,31.0,0.8778208,0.27974224310309115
2008-07-14,8.75,16.94,4.57,140.0,3.964352,1.2633520656268633
2008-07-15,7.23,0.16,2.14,137.0,3.8794016,1.2362802356491447
2008-07-16,0.0,5.73,3.57,84.0,2.3786112,0.7580112393761179
2008-07-17,0.0,7.55,1.07,92.0,2.6051456,0.8302027859833674
2008-07-18,0.0,0.0,0.0,86.0,2.4352448,0.7760591260279303
2008-07-19,0.0,0.07,0.0,58.0,1.6423744,0.5233887129025576
2008-07-20,0.0,0.59,0.0,38.0,1.0760384,0.34290984638443434
2008-07-21,0.0,0.14,0.26,25.0,0.70792,0.22559858314765416
2008-07-22,0.0,0.0,0.53,18.0,0.5097024,0.162430979866311
2008-07-23,12.82,13.22,14.99,15.0,0.424752,0.1353591498885925
2008-07-24,6.98,11.32,5.13,97.0,2.7467296,0.8753225026128981
2008-07-25,0.0,2.03,0.96,87.0,2.4635616,0.7850830693538364
2008-07-26,4.04,4.19,2.25,65.0,1.840592,0.5865563161839008
2008-07-27,7.88,3.67,5.94,60.0,1.699008,0.54143659955437
2008-07-28,3.34,1.02,2.41,77.0,2.1803936,0.6948436360947748
2008-07-29,3.79,6.63,4.52,76.0,2.1520768,0.6858196927688687
2008-07-30,6.39,4.86,5.25,52.0,1.4724736,0.46924505294712066
2008-07-31,15.01,3.47,2.66,41.0,1.1609888,0.3699816763621528
2008-08-01,9.7,8.62,6.18,30.0,0.849504,0.270718299777185
2008-08-02,0.08,1.2,2.04,26.0,0.7362368,0.23462252647356033
2008-08-03,0.0,0.15,0.04,23.0,0.6512864,0.20755069649584185
2008-08-04,0.0,0.0,0.0,19.0,0.5380192,0.17145492319221717
2008-08-05,0.0,1.19,0.0,16.0,0.4530688,0.14438309321449866
2008-08-06,0.0,3.1,0.53,14.0,0.3964352,0.12633520656268632
2008-08-07,0.0,7.84,5.6,12.0,0.3398016,0.108287319910874
2008-08-08,0.0,0.03,1.81,11.0,0.3114848,0.09926337658496784
2008-08-09,0.0,0.12,0.0,12.0,0.3398016,0.108287319910874
2008-08-10,0.0,0.0,0.0,12.0,0.3398016,0.108287319910874
2008-08-11,0.0,1.65,5.32,12.0,0.3398016,0.108287319910874
2008-08-12,27.26,21.81,36.45,13.0,0.3681184,0.11731126323678016
2008-08-13,43.99,66.8,41.05,75.0,2.12376,0.6767957494429624
2008-08-14,28.74,8.6,15.37,186.0,5.2669248,1.678453458618547
2008-08-15,2.39,1.79,4.14,193.0,5.4651423999999995,1.74162106189989
2008-08-16,6.11,7.6,2.79,188.0,5.3235584,1.6965013452703592
2008-08-17,7.28,2.34,0.71,171.0,4.8421728,1.5430943087299545
2008-08-18,5.44,3.82,3.14,155.0,4.389104,1.3987112155154557
2008-08-19,8.98,1.13,4.59,124.0,3.5112832,1.1189689724123646
2008-08-20,5.96,3.87,1.27,125.0,3.5396,1.1279929157382709
2008-08-21,3.61,0.81,6.46,147.0,4.1625696,1.3265196689082066
2008-08-22,40.57,47.33,67.52,156.0,4.4174208,1.407735158841362
2008-08-23,141.59,160.86,128.26,1160.0,32.847488,10.467774258051152
2008-08-24,72.86,57.9,71.88,2510.0,71.075168,22.65009774802448
2008-08-25,16.89,12.11,14.41,2440.0,69.092992,22.018421715211044
2008-08-26,8.69,12.22,7.34,1850.0,52.38608,16.694295152926408
2008-08-27,8.0,5.13,2.19,1310.0,37.095008,11.821365756937078
2008-08-28,0.0,0.74,0.78,883.0,25.0037344,7.968141956775145
2008-08-29,0.0,0.38,0.26,592.0,16.7635456,5.342174448936451
2008-08-30,0.0,0.31,0.0,438.0,12.4027584,3.9524871767469008
2008-08-31,0.0,1.29,1.34,325.0,9.20296,2.932781580919504
2008-09-01,0.0,1.4,0.65,249.0,7.0508831999999995,2.2469618881506355
2008-09-02,0.0,9.31,4.17,192.0,5.4368256,1.732597118573984
2008-09-03,0.0,2.15,1.37,162.0,4.5873216,1.461878818796799
2008-09-04,0.0,0.08,0.0,132.0,3.7378176,1.191160519019614
2008-09-05,0.0,0.0,0.0,106.0,3.0015808,0.9565379925460537
2008-09-06,0.0,8.19,10.39,87.0,2.4635616,0.7850830693538364
2008-09-07,0.0,1.91,3.46,79.0,2.2370272,0.7128915227465872
2008-09-08,0.0,0.0,1.24,74.0,2.0954432,0.6677718061170563
2008-09-09,0.0,2.71,0.41,70.0,1.982176,0.6316760328134317
2008-09-10,0.0,0.95,3.39,65.0,1.840592,0.5865563161839008
2008-09-11,4.66,2.87,1.13,54.0,1.5291071999999999,0.48729293959893294
2008-09-12,0.0,0.82,0.0,46.0,1.3025728,0.4151013929916837
2008-09-13,0.0,0.3,0.01,40.0,1.132672,0.3609577330362466
2008-09-14,0.0,0.0,0.0,33.0,0.9344544,0.2977901297549035
2008-09-15,0.0,0.86,2.23,28.0,0.7928704,0.25267041312537264
2008-09-16,0.0,4.06,0.74,24.0,0.6796032,0.216574639821748
2008-09-17,0.0,0.34,0.0,20.0,0.566336,0.1804788665181233
2008-09-18,0.0,0.0,0.0,16.0,0.4530688,0.14438309321449866
2008-09-19,0.0,0.0,0.0,13.0,0.3681184,0.11731126323678016
2008-09-20,0.0,0.0,0.0,10.0,0.283168,0.09023943325906165
2008-09-21,0.0,0.03,0.11,8.2,0.23219775999999998,0.07399633527243056
2008-09-22,0.0,0.46,2.8,6.8,0.19255424,0.06136281461616193
2008-09-23,0.0,1.27,0.92,5.9,0.16706912000000002,0.05324126562284639
2008-09-24,0.0,0.0,0.0,4.9,0.13875232,0.04421732229694022
2008-09-25,0.0,0.0,0.0,4.5,0.1274256,0.04060774496657775
2008-09-26,0.0,0.0,0.0,4.2,0.11893056,0.0379005619688059
2008-09-27,0.0,0.0,0.0,3.9,0.11043552,0.03519337897103405
2008-09-28,0.0,0.0,0.0,3.6,0.10194048,0.032486195973262195
2008-09-29,0.0,0.0,0.0,3.4,0.09627712,0.030681407308080964
2008-09-30,0.0,0.86,0.0,3.3,0.09344543999999999,0.029779012975490345
2008-10-01,0.0,0.0,0.0,3.2,0.09061376,0.028876618642899733
2008-10-02,0.0,0.0,0.0,3.1,0.08778208,0.027974224310309114
2008-10-03,0.0,0.0,0.0,8.4,0.23786112,0.0758011239376118
2008-10-04,0.0,0.0,0.0,11.0,0.3114848,0.09926337658496784
2008-10-05,0.0,0.0,0.0,11.0,0.3114848,0.09926337658496784
2008-10-06,0.0,0.48,0.28,5.7,0.16140576,0.05143647695766515
2008-10-07,4.29,0.85,3.95,8.4,0.23786112,0.0758011239376118
2008-10-08,15.3,30.66,23.37,16.0,0.4530688,0.14438309321449866
2008-10-09,35.61,7.2,7.36,43.0,1.2176224,0.38802956301396513
2008-10-10,0.0,0.0,0.0,35.0,0.991088,0.3158380164067158
2008-10-11,0.0,0.0,0.0,27.0,0.7645535999999999,0.24364646979946647
2008-10-12,0.0,0.82,0.0,25.0,0.70792,0.22559858314765416
2008-10-13,0.0,0.23,0.0,22.0,0.6229696,0.19852675316993568
2008-10-14,0.0,0.0,0.0,19.0,0.5380192,0.17145492319221717
2008-10-15,0.0,0.0,0.0,11.0,0.3114848,0.09926337658496784
2008-10-16,0.0,0.0,0.0,3.2,0.09061376,0.028876618642899733
2008-10-17,0.0,0.0,0.12,2.9,0.08211871999999999,0.02616943564512788
2008-10-18,0.0,0.68,0.04,2.6,0.07362368,0.023462252647356033
2008-10-19,0.0,0.01,0.0,2.4,0.06796031999999999,0.021657463982174795
2008-10-20,0.0,0.12,0.0,2.2,0.062296960000000005,0.019852675316993567
2008-10-21,0.0,0.0,0.0,2.1,0.05946528,0.01895028098440295
2008-10-22,0.0,0.0,0.0,2.1,0.05946528,0.01895028098440295
2008-10-23,0.0,7.51,10.3,2.1,0.05946528,0.01895028098440295
2008-10-24,34.37,52.7,35.45,5.1,0.14441568,0.04602211096212144
2008-10-25,0.0,0.01,10.67,21.0,0.5946528,0.18950280984402948
2008-10-26,0.0,0.0,0.0,20.0,0.566336,0.1804788665181233
2008-10-27,0.0,0.0,0.0,11.0,0.3114848,0.09926337658496784
2008-10-28,0.0,0.0,0.0,12.0,0.3398016,0.108287319910874
2008-10-29,0.0,0.0,0.0,11.0,0.3114848,0.09926337658496784
2008-10-30,0.0,0.0,0.0,9.0,0.2548512,0.0812154899331555
2008-10-31,0.0,0.0,0.0,7.4,0.20954432,0.06677718061170564
2008-11-01,0.0,0.1,0.0,6.0,0.1699008,0.054143659955437
2008-11-02,0.0,0.0,0.0,5.2,0.14724736,0.046924505294712066
2008-11-03,0.0,0.0,0.0,4.8,0.13592063999999998,0.04331492796434959
2008-11-04,0.0,0.0,0.0,4.4,0.12459392000000001,0.039705350633987134
2008-11-05,0.0,0.0,0.0,4.0,0.1132672,0.036095773303624665
2008-11-06,0.0,0.0,0.0,3.7,0.10477216,0.03338859030585282
2008-11-07,0.0,0.05,0.02,3.4,0.09627712,0.030681407308080964
2008-11-08,0.8,0.73,0.15,3.2,0.09061376,0.028876618642899733
2008-11-09,0.0,0.0,0.05,3.0,0.0849504,0.0270718299777185
2008-11-10,0.0,0.0,0.0,2.9,0.08211871999999999,0.02616943564512788
2008-11-11,0.0,0.3,0.0,2.7,0.07645536,0.02436464697994665
2008-11-12,0.0,8.51,0.45,2.6,0.07362368,0.023462252647356033
2008-11-13,13.39,11.38,17.49,2.6,0.07362368,0.023462252647356033
2008-11-14,37.53,102.02,45.49,4.9,0.13875232,0.04421732229694022
2008-11-15,23.68,37.99,14.44,59.0,1.6706912,0.5324126562284638
2008-11-16,0.0,3.66,0.41,745.0,21.096016,6.722837777800094
2008-11-17,0.0,0.0,0.0,951.0,26.9292768,8.581770102936764
2008-11-18,0.0,0.0,0.0,720.0,20.388096,6.49723919465244
2008-11-19,0.0,0.0,0.0,478.0,13.5354304,4.313444909783147
2008-11-20,0.0,0.0,0.0,347.0,9.8259296,3.13130833408944
2008-11-21,0.0,0.0,0.0,270.0,7.645536,2.4364646979946647
2008-11-22,0.0,0.0,0.0,217.0,6.1447456,1.9581957017216383
2008-11-23,0.0,0.0,0.0,177.0,5.0120736,1.5972379686853915
2008-11-24,0.0,0.03,0.61,147.0,4.1625696,1.3265196689082066
2008-11-25,1.91,1.98,0.28,124.0,3.5112832,1.1189689724123646
2008-11-26,0.0,0.0,0.02,105.0,2.973264,0.9475140492201475
2008-11-27,0.0,0.0,2.16,91.0,2.5768288,0.8211788426574611
2008-11-28,14.13,6.87,3.84,80.0,2.265344,0.7219154660724932
2008-11-29,15.25,27.72,24.5,73.0,2.0671264,0.65874786279115
2008-11-30,46.76,40.21,18.68,98.0,2.7750464,0.8843464459388043
2008-12-01,0.0,0.21,3.76,130.0,3.681184,1.1731126323678016
2008-12-02,1.65,9.31,0.06,155.0,4.389104,1.3987112155154557
2008-12-03,0.0,0.0,0.0,165.0,4.6722719999999995,1.4889506487745172
2008-12-04,0.0,0.0,1.91,160.0,4.530688,1.4438309321449865
2008-12-05,6.0,7.25,2.6,154.0,4.3607872,1.3896872721895497
2008-12-06,0.0,0.06,0.65,152.0,4.3041536,1.3716393855377373
2008-12-07,0.0,0.0,0.0,144.0,4.0776192,1.299447838930488
2008-12-08,0.0,0.0,0.0,133.0,3.7661344,1.20018446234552
2008-12-09,0.0,0.0,0.0,121.0,3.4263328,1.0918971424346462
2008-12-10,0.0,0.33,10.66,109.0,3.0865312,0.9836098225237722
2008-12-11,20.48,43.84,15.75,139.0,3.9360352,1.2543281223009572
2008-12-12,16.99,0.0,4.07,209.0,5.9182112,1.8860041551143887
2008-12-13,0.0,0.0,0.0,239.0,6.7677152,2.1567224548915735
2008-12-14,0.0,0.0,0.0,239.0,6.7677152,2.1567224548915735
2008-12-15,0.0,0.12,0.18,219.0,6.2013792,1.9762435883734504
2008-12-16,0.0,0.04,0.06,197.0,5.5784096,1.7777168352035146
2008-12-17,0.0,0.0,0.0,175.0,4.95544,1.5791900820335791
2008-12-18,0.0,0.04,0.0,155.0,4.389104,1.3987112155154557
2008-12-19,0.0,0.05,0.0,138.0,3.9077184,1.245304178975051
2008-12-20,0.0,0.0,0.0,123.0,3.4829664,1.1099450290864585
2008-12-21,0.0,1.42,0.63,110.0,3.114848,0.9926337658496782
2008-12-22,0.0,0.0,0.21,96.0,2.7184128,0.866298559286992
2008-12-23,0.0,0.0,0.0,85.0,2.406928,0.7670351827020242
2008-12-24,0.0,0.24,0.0,76.0,2.1520768,0.6858196927688687
2008-12-25,0.0,0.07,0.0,69.0,1.9538592,0.6226520894875255
2008-12-26,0.0,0.24,0.23,64.0,1.8122752,0.5775323728579946
2008-12-27,0.0,0.03,0.08,59.0,1.6706912,0.5324126562284638
2008-12-28,0.0,0.0,0.14,54.0,1.5291071999999999,0.48729293959893294
2008-12-29,0.0,0.28,0.07,49.0,1.3875232,0.44217322296940215
2008-12-30,0.0,0.0,0.01,45.0,1.274256,0.4060774496657775
2008-12-31,0.0,0.0,0.0,40.0,1.132672,0.3609577330362466
2009-01-01,0.0,0.0,,35.0,0.991088,0.3158380164067158
2009-01-02,0.0,0.0,,32.0,0.9061376,0.2887661864289973
2009-01-03,0.0,0.0,,29.0,0.8211872,0.2616943564512788
2009-01-04,10.28,11.34,,29.0,0.8211872,0.2616943564512788
2009-01-05,0.0,0.18,,32.0,0.9061376,0.2887661864289973
2009-01-06,0.0,0.0,,35.0,0.991088,0.3158380164067158
2009-01-07,4.08,4.28,,37.0,1.0477216,0.33388590305852817
2009-01-08,0.0,0.0,,36.0,1.0194048,0.324861959732622
2009-01-09,0.0,0.1,,33.0,0.9344544,0.2977901297549035
2009-01-10,0.0,0.27,,30.0,0.849504,0.270718299777185
2009-01-11,4.67,5.06,,29.0,0.8211872,0.2616943564512788
2009-01-12,4.0,0.03,,29.0,0.8211872,0.2616943564512788
2009-01-13,3.83,2.67,,29.0,0.8211872,0.2616943564512788
2009-01-14,0.0,0.0,,28.0,0.7928704,0.25267041312537264
2009-01-15,0.0,0.0,,26.0,0.7362368,0.23462252647356033
2009-01-16,0.0,0.0,,23.0,0.6512864,0.20755069649584185
2009-01-17,0.0,0.0,,21.0,0.5946528,0.18950280984402948
2009-01-18,0.0,10.54,,20.0,0.566336,0.1804788665181233
2009-01-19,7.35,0.28,,25.0,0.70792,0.22559858314765416
2009-01-20,0.0,0.03,,33.0,0.9344544,0.2977901297549035
2009-01-21,0.0,0.0,,36.0,1.0194048,0.324861959732622
2009-01-22,0.0,0.0,,35.0,0.991088,0.3158380164067158
2009-01-23,0.0,0.0,,33.0,0.9344544,0.2977901297549035
2009-01-24,0.0,0.25,,31.0,0.8778208,0.27974224310309115
2009-01-25,0.0,0.08,,29.0,0.8211872,0.2616943564512788
2009-01-26,0.0,0.73,,27.0,0.7645535999999999,0.24364646979946647
2009-01-27,0.0,0.0,,28.0,0.7928704,0.25267041312537264
2009-01-28,0.0,6.19,,30.0,0.849504,0.270718299777185
2009-01-29,11.29,8.48,,33.0,0.9344544,0.2977901297549035
2009-01-30,0.0,0.0,,34.0,0.9627711999999999,0.30681407308080966
2009-01-31,0.0,0.0,,30.0,0.849504,0.270718299777185
2009-02-01,0.0,0.0,,27.0,0.7645535999999999,0.24364646979946647
2009-02-02,0.0,0.32,,24.0,0.6796032,0.216574639821748
2009-02-03,0.0,0.1,,22.0,0.6229696,0.19852675316993568
2009-02-04,0.0,0.0,,19.0,0.5380192,0.17145492319221717
2009-02-05,0.0,0.0,,17.0,0.48138559999999997,0.15340703654040483
2009-02-06,0.0,0.0,,16.0,0.4530688,0.14438309321449866
2009-02-07,0.0,0.0,,14.0,0.3964352,0.12633520656268632
2009-02-08,0.0,0.0,,13.0,0.3681184,0.11731126323678016
2009-02-09,0.0,0.0,,12.0,0.3398016,0.108287319910874
2009-02-10,0.0,0.0,,11.0,0.3114848,0.09926337658496784
2009-02-11,0.0,0.2,,11.0,0.3114848,0.09926337658496784
2009-02-12,1.86,0.03,,10.0,0.283168,0.09023943325906165
2009-02-13,0.0,0.0,,9.4,0.26617792,0.08482506726351796
2009-02-14,36.81,33.36,,18.0,0.5097024,0.162430979866311
2009-02-15,25.31,6.77,,59.0,1.6706912,0.5324126562284638
2009-02-16,0.0,0.01,,78.0,2.2087104,0.703867579420681
2009-02-17,0.0,0.0,,82.0,2.3219776,0.7399633527243056
2009-02-18,0.0,0.08,,76.0,2.1520768,0.6858196927688687
2009-02-19,17.23,19.91,,80.0,2.265344,0.7219154660724932
2009-02-20,0.0,0.0,,96.0,2.7184128,0.866298559286992
2009-02-21,0.0,0.0,,92.0,2.6051456,0.8302027859833674
2009-02-22,0.0,0.0,,86.0,2.4352448,0.7760591260279303
2009-02-23,0.0,0.0,,77.0,2.1803936,0.6948436360947748
2009-02-24,0.0,0.0,,67.0,1.8972256,0.6046042028357131
2009-02-25,0.0,0.0,,59.0,1.6706912,0.5324126562284638
2009-02-26,0.0,0.0,,52.0,1.4724736,0.46924505294712066
2009-02-27,0.0,0.0,,46.0,1.3025728,0.4151013929916837
2009-02-28,0.0,0.62,,41.0,1.1609888,0.3699816763621528
2009-03-01,11.73,9.11,,38.0,1.0760384,0.34290984638443434
2009-03-02,0.0,0.0,,45.0,1.274256,0.4060774496657775
2009-03-03,0.0,0.0,,44.0,1.2459392,0.39705350633987135
2009-03-04,0.0,0.0,,38.0,1.0760384,0.34290984638443434
2009-03-05,0.0,0.0,,33.0,0.9344544,0.2977901297549035
2009-03-06,0.0,0.0,,28.0,0.7928704,0.25267041312537264
2009-03-07,0.0,0.0,,25.0,0.70792,0.22559858314765416
2009-03-08,0.0,0.0,,21.0,0.5946528,0.18950280984402948
2009-03-09,0.0,0.0,,19.0,0.5380192,0.17145492319221717
2009-03-10,0.0,0.0,,16.0,0.4530688,0.14438309321449866
2009-03-11,0.0,0.0,,14.0,0.3964352,0.12633520656268632
2009-03-12,0.0,0.0,,12.0,0.3398016,0.108287319910874
2009-03-13,0.0,0.0,,11.0,0.3114848,0.09926337658496784
2009-03-14,0.0,0.0,,9.2,0.26051455999999995,0.08302027859833672
2009-03-15,0.0,0.0,,8.1,0.22936608,0.07309394093983995
2009-03-16,0.0,2.59,,7.9,0.22370272,0.07128915227465871
2009-03-17,7.11,1.45,,8.6,0.24352448,0.07760591260279302
2009-03-18,0.0,0.0,,7.6,0.21520767999999998,0.06858196927688685
2009-03-19,0.0,0.0,,6.9,0.19538592000000002,0.06226520894875255
2009-03-20,0.0,0.0,,6.0,0.1699008,0.054143659955437
2009-03-21,0.0,0.0,,5.3,0.15007904,0.04782689962730268
2009-03-22,0.0,0.0,,4.7,0.13308896,0.04241253363175898
2009-03-23,0.0,0.01,,4.2,0.11893056,0.0379005619688059
2009-03-24,0.0,0.04,,3.9,0.11043552,0.03519337897103405
2009-03-25,0.0,0.0,,3.5,0.0991088,0.03158380164067158
2009-03-26,0.0,42.48,,4.2,0.11893056,0.0379005619688059
2009-03-27,45.73,43.17,,27.0,0.7645535999999999,0.24364646979946647
2009-03-28,37.67,22.73,,138.0,3.9077184,1.245304178975051
2009-03-29,19.83,1.07,,216.0,6.1164287999999996,1.9491717583957318
2009-03-30,0.0,0.0,,269.0,7.6172192,2.427440754668759
2009-03-31,0.0,2.76,,263.0,7.4473184,2.373297094713322
2009-04-01,67.82,88.48,,667.0,18.8873056,6.018970198379414
2009-04-02,67.15,94.35,,1730.0,48.988064,15.611421953817668
2009-04-03,71.72,10.57,,3580.0,101.374144,32.305717106744076
2009-04-04,0.0,0.0,,3710.0,105.055328,33.47882973911188
2009-04-05,0.0,0.0,,2910.0,82.401888,26.259675078386945
2009-04-06,0.0,0.17,,2060.0,58.332608,18.589323251366704
2009-04-07,0.0,0.0,,1370.0,38.794016,12.362802356491448
2009-04-08,0.0,0.0,,842.0,23.8427456,7.598160280412992
2009-04-09,0.0,0.0,,581.0,16.452060799999998,5.2429110723514825
2009-04-10,0.0,0.0,,437.0,12.374441599999999,3.9434632334209945
2009-04-11,0.0,0.0,,339.0,9.5993952,3.0591167874821905
2009-04-12,0.0,0.0,,269.0,7.6172192,2.427440754668759
2009-04-13,0.0,48.65,,238.0,6.7393984,2.1476985115656677
2009-04-14,80.57,22.13,,538.0,15.2344384,4.854881509337518
2009-04-15,0.0,0.0,,576.0,16.3104768,5.197791355721952
2009-04-16,0.0,0.01,,498.0,14.101766399999999,4.493923776301271
2009-04-17,0.0,0.06,,400.0,11.32672,3.6095773303624665
2009-04-18,0.0,0.0,,317.0,8.9764256,2.860590034312255
2009-04-19,0.0,0.04,,253.0,7.1641504,2.28305766145426
2009-04-20,0.0,0.2,,206.0,5.8332608,1.8589323251366703
2009-04-21,0.0,0.0,,167.0,4.7289056,1.5069985354263298
2009-04-22,0.08,1.83,,133.0,3.7661344,1.20018446234552
2009-04-23,0.0,0.0,,107.0,3.0298976,0.9655619358719598
2009-04-24,0.0,0.0,,86.0,2.4352448,0.7760591260279303
2009-04-25,0.0,0.0,,69.0,1.9538592,0.6226520894875255
2009-04-26,0.0,0.0,,55.0,1.557424,0.4963168829248391
2009-04-27,0.0,0.0,,43.0,1.2176224,0.38802956301396513
2009-04-28,0.0,0.0,,34.0,0.9627711999999999,0.30681407308080966
2009-04-29,0.0,0.0,,27.0,0.7645535999999999,0.24364646979946647
2009-04-30,0.0,0.0,,22.0,0.6229696,0.19852675316993568
2009-05-01,0.0,0.0,,17.0,0.48138559999999997,0.15340703654040483
2009-05-02,0.0,0.0,,13.0,0.3681184,0.11731126323678016
2009-05-03,0.0,0.0,,10.0,0.283168,0.09023943325906165
2009-05-04,0.0,0.0,,8.4,0.23786112,0.0758011239376118
2009-05-05,0.0,0.5,,7.2,0.20388096,0.06497239194652439
2009-05-06,0.0,0.0,,7.2,0.20388096,0.06497239194652439
2009-05-07,0.0,0.0,,7.1,0.20104928,0.06406999761393378
2009-05-08,0.0,0.07,,5.9,0.16706912000000002,0.05324126562284639
2009-05-09,0.0,0.01,,5.2,0.14724736,0.046924505294712066
2009-05-10,0.0,0.0,,4.7,0.13308896,0.04241253363175898
2009-05-11,0.0,0.0,,4.4,0.12459392000000001,0.039705350633987134
2009-05-12,0.0,0.23,,4.1,0.11609887999999999,0.03699816763621528
2009-05-13,0.0,0.04,,3.8,0.10760383999999999,0.03429098463844343
2009-05-14,0.0,2.57,,4.1,0.11609887999999999,0.03699816763621528
2009-05-15,10.33,8.58,,4.2,0.11893056,0.0379005619688059
2009-05-16,0.0,10.3,,3.9,0.11043552,0.03519337897103405
2009-05-17,8.96,6.74,,15.0,0.424752,0.1353591498885925
2009-05-18,14.48,12.2,,14.0,0.3964352,0.12633520656268632
2009-05-19,0.0,0.22,,14.0,0.3964352,0.12633520656268632
2009-05-20,2.11,0.5,,11.0,0.3114848,0.09926337658496784
2009-05-21,0.54,1.89,,9.3,0.26334624,0.08392267293092735
2009-05-22,9.1,12.27,,8.5,0.24069279999999998,0.07670351827020241
2009-05-23,9.15,7.03,,8.1,0.22936608,0.07309394093983995
2009-05-24,8.57,23.2,,9.7,0.27467295999999997,0.0875322502612898
2009-05-25,9.48,31.96,,10.0,0.283168,0.09023943325906165
2009-05-26,21.29,18.3,,38.0,1.0760384,0.34290984638443434
2009-05-27,19.11,10.05,,230.0,6.5128639999999995,2.075506964958418
2009-05-28,21.33,0.35,,633.0,17.9245344,5.712156125298603
2009-05-29,0.0,7.14,,699.0,19.7934432,6.30773638480841
2009-05-30,0.0,0.43,,635.0,17.981168,5.730204011950415
2009-05-31,0.0,0.0,,481.0,13.6203808,4.340516739760866
2009-06-01,0.0,0.0,,346.0,9.7976128,3.1222843907635336
2009-06-02,0.0,0.81,,261.0,7.3906848,2.3552492080615095
2009-06-03,0.0,9.01,,200.0,5.66336,1.8047886651812333
2009-06-04,25.73,21.36,,182.0,5.1536576,1.6423576853149222
2009-06-05,17.27,15.2,,336.0,9.5144448,3.0320449575044717
2009-06-06,0.0,2.62,,497.0,14.0734496,4.484899832975365
2009-06-07,0.0,0.0,,473.0,13.3938464,4.268325193153617
2009-06-08,0.0,0.05,,388.0,10.9869184,3.5012900104515925
2009-06-09,0.0,0.04,,303.0,8.5799904,2.7342548277495684
2009-06-10,0.0,0.0,,249.0,7.0508831999999995,2.2469618881506355
2009-06-11,0.0,0.0,,200.0,5.66336,1.8047886651812333
2009-06-12,0.0,0.0,,153.0,4.3324704,1.3806633288636434
2009-06-13,0.0,0.76,,116.0,3.2847488,1.0467774258051152
2009-06-14,0.0,2.6,,88.0,2.4918784,0.7941070126797427
2009-06-15,4.24,1.21,,69.0,1.9538592,0.6226520894875255
2009-06-16,0.0,1.53,,57.0,1.6140576,0.5143647695766514
2009-06-17,0.0,0.01,,47.0,1.3308896,0.4241253363175898
2009-06-18,0.0,0.36,,38.0,1.0760384,0.34290984638443434
2009-06-19,0.0,0.03,,30.0,0.849504,0.270718299777185
2009-06-20,0.0,0.0,,23.0,0.6512864,0.20755069649584185
2009-06-21,0.0,0.0,,17.0,0.48138559999999997,0.15340703654040483
2009-06-22,0.0,0.0,,13.0,0.3681184,0.11731126323678016
2009-06-23,0.0,4.54,,10.0,0.283168,0.09023943325906165
2009-06-24,6.07,10.11,,8.3,0.23502944,0.07489872960502118
2009-06-25,0.0,0.0,,10.0,0.283168,0.09023943325906165
2009-06-26,0.0,0.0,,8.1,0.22936608,0.07309394093983995
2009-06-27,0.0,0.34,,7.2,0.20388096,0.06497239194652439
2009-06-28,0.0,0.01,,17.0,0.48138559999999997,0.15340703654040483
2009-06-29,32.34,56.26,,17.0,0.48138559999999997,0.15340703654040483
2009-06-30,10.71,0.24,,18.0,0.5097024,0.162430979866311
2009-07-01,0.0,0.05,,16.0,0.4530688,0.14438309321449866
2009-07-02,0.0,7.77,,13.0,0.3681184,0.11731126323678016
2009-07-03,0.0,4.12,,13.0,0.3681184,0.11731126323678016
2009-07-04,0.0,0.39,,11.0,0.3114848,0.09926337658496784
2009-07-05,0.0,2.11,,9.6,0.27184127999999996,0.08662985592869918
2009-07-06,0.0,15.52,,11.0,0.3114848,0.09926337658496784
2009-07-07,7.15,16.68,,12.0,0.3398016,0.108287319910874
2009-07-08,0.0,2.91,,18.0,0.5097024,0.162430979866311
2009-07-09,5.2,2.16,,17.0,0.48138559999999997,0.15340703654040483
2009-07-10,0.0,0.01,,19.0,0.5380192,0.17145492319221717
2009-07-11,0.0,2.21,,19.0,0.5380192,0.17145492319221717
2009-07-12,0.0,1.96,,17.0,0.48138559999999997,0.15340703654040483
2009-07-13,0.0,5.95,,32.0,0.9061376,0.2887661864289973
2009-07-14,0.0,1.17,,39.0,1.1043552,0.3519337897103405
2009-07-15,0.0,2.31,,112.0,3.1714816,1.0106816525014906
2009-07-16,0.0,16.49,,87.0,2.4635616,0.7850830693538364
2009-07-17,0.0,7.01,,75.0,2.12376,0.6767957494429624
2009-07-18,0.0,7.26,,71.0,2.0104928,0.6406999761393378
2009-07-19,0.0,4.48,,73.0,2.0671264,0.65874786279115
2009-07-20,0.0,2.89,,64.0,1.8122752,0.5775323728579946
2009-07-21,0.0,0.08,,57.0,1.6140576,0.5143647695766514
2009-07-22,0.0,0.01,,50.0,1.41584,0.4511971662953083
2009-07-23,0.0,0.0,,44.0,1.2459392,0.39705350633987135
2009-07-24,0.0,7.51,,39.0,1.1043552,0.3519337897103405
2009-07-25,0.0,3.98,,36.0,1.0194048,0.324861959732622
2009-07-26,0.0,5.58,,38.0,1.0760384,0.34290984638443434
2009-07-27,0.0,1.52,,36.0,1.0194048,0.324861959732622
2009-07-28,0.0,4.08,,35.0,0.991088,0.3158380164067158
2009-07-29,3.86,5.07,,40.0,1.132672,0.3609577330362466
2009-07-30,0.0,0.29,,42.0,1.1893056,0.37900561968805896
2009-07-31,1.45,14.25,,44.0,1.2459392,0.39705350633987135
2009-08-01,10.9,9.76,,51.0,1.4441568,0.4602211096212145
2009-08-02,11.77,8.82,,61.0,1.7273247999999999,0.5504605428802761
2009-08-03,10.0,1.71,,74.0,2.0954432,0.6677718061170563
2009-08-04,9.0,4.17,,102.0,2.8883136,0.920442219242429
2009-08-05,4.95,1.49,,147.0,4.1625696,1.3265196689082066
2009-08-06,0.0,0.1,,138.0,3.9077184,1.245304178975051
2009-08-07,0.0,0.22,,118.0,3.3413824,1.0648253124569276
2009-08-08,0.0,0.67,,108.0,3.0582143999999998,0.9745858791978659
2009-08-09,0.0,6.45,,159.0,4.5023712,1.4348069888190804
2009-08-10,0.09,0.34,,158.0,4.4740544,1.4257830454931744
2009-08-11,0.0,0.31,,143.0,4.0493024,1.290423895604582
2009-08-12,0.78,4.4,,181.0,5.1253408,1.6333337419890162
2009-08-13,2.21,17.26,,150.0,4.24752,1.3535914988859248
2009-08-14,5.15,11.73,,146.0,4.1342528,1.3174957255823
2009-08-15,4.9,27.47,,128.0,3.6245504,1.1550647457159893
2009-08-16,9.23,13.67,,132.0,3.7378176,1.191160519019614
2009-08-17,16.91,4.75,,174.0,4.9271232,1.5701661387076729
2009-08-18,6.0,1.44,,176.0,4.9837568,1.5882140253594854
2009-08-19,0.01,6.2,,159.0,4.5023712,1.4348069888190804
2009-08-20,0.0,0.23,,262.0,7.4190016,2.3642731513874153
2009-08-21,7.42,10.95,,309.0,8.7498912,2.7883984877050056
2009-08-22,13.51,0.64,,282.0,7.9853376,2.544752017905539
2009-08-23,0.0,0.0,,213.0,6.0314784,1.9220999284180136
2009-08-24,0.0,0.0,,166.0,4.7005888,1.4979745921004237
2009-08-25,0.0,0.04,,139.0,3.9360352,1.2543281223009572
2009-08-26,0.0,0.05,,109.0,3.0865312,0.9836098225237722
2009-08-27,12.64,21.64,,99.0,2.8033632,0.8933703892647106
2009-08-28,28.44,11.27,,132.0,3.7378176,1.191160519019614
2009-08-29,0.0,3.32,,134.0,3.7944512,1.2092084056714263
2009-08-30,0.0,2.13,,122.0,3.4546495999999998,1.1009210857605523
2009-08-31,14.41,10.81,,110.0,3.114848,0.9926337658496782
2009-09-01,7.41,8.22,,94.0,2.6617792,0.8482506726351796
2009-09-02,42.65,6.53,,94.0,2.6617792,0.8482506726351796
2009-09-03,7.28,2.89,,108.0,3.0582143999999998,0.9745858791978659
2009-09-04,0.0,0.09,,99.0,2.8033632,0.8933703892647106
2009-09-05,0.0,0.84,,81.0,2.2936608,0.7309394093983995
2009-09-06,0.0,1.42,,68.0,1.9255423999999999,0.6136281461616193
2009-09-07,0.0,0.73,,59.0,1.6706912,0.5324126562284638
2009-09-08,0.0,0.11,,50.0,1.41584,0.4511971662953083
2009-09-09,0.0,0.0,,44.0,1.2459392,0.39705350633987135
2009-09-10,0.0,0.0,,41.0,1.1609888,0.3699816763621528
2009-09-11,0.0,0.62,,38.0,1.0760384,0.34290984638443434
2009-09-12,0.0,21.3,,38.0,1.0760384,0.34290984638443434
2009-09-13,28.63,1.47,,49.0,1.3875232,0.44217322296940215
2009-09-14,29.23,10.68,,53.0,1.5007904,0.4782689962730268
2009-09-15,25.92,18.64,,66.0,1.8689088,0.595580259509807
2009-09-16,33.17,2.1,,78.0,2.2087104,0.703867579420681
2009-09-17,18.51,29.92,,84.0,2.3786112,0.7580112393761179
2009-09-18,28.47,7.65,,122.0,3.4546495999999998,1.1009210857605523
2009-09-19,12.64,6.18,,114.0,3.2281152,1.028729539153303
2009-09-20,0.0,1.42,,95.0,2.690096,0.8572746159610858
2009-09-21,0.0,0.43,,77.0,2.1803936,0.6948436360947748
2009-09-22,0.0,0.01,,64.0,1.8122752,0.5775323728579946
2009-09-23,0.0,0.43,,51.0,1.4441568,0.4602211096212145
2009-09-24,0.0,0.53,,43.0,1.2176224,0.38802956301396513
2009-09-25,0.0,4.2,,36.0,1.0194048,0.324861959732622
2009-09-26,0.0,2.55,,31.0,0.8778208,0.27974224310309115
2009-09-27,4.53,1.38,,26.0,0.7362368,0.23462252647356033
2009-09-28,0.0,0.08,,21.0,0.5946528,0.18950280984402948
2009-09-29,0.0,0.74,,20.0,0.566336,0.1804788665181233
2009-09-30,0.0,0.0,,28.0,0.7928704,0.25267041312537264
2009-10-01,0.0,0.03,,23.0,0.6512864,0.20755069649584185
2009-10-02,0.0,0.07,,21.0,0.5946528,0.18950280984402948
2009-10-03,0.0,0.0,,19.0,0.5380192,0.17145492319221717
2009-10-04,0.0,0.24,,18.0,0.5097024,0.162430979866311
2009-10-05,11.3,26.34,,17.0,0.48138559999999997,0.15340703654040483
2009-10-06,12.95,1.27,,16.0,0.4530688,0.14438309321449866
2009-10-07,4.99,0.4,,17.0,0.48138559999999997,0.15340703654040483
2009-10-08,0.0,1.84,,17.0,0.48138559999999997,0.15340703654040483
2009-10-09,0.0,0.0,,16.0,0.4530688,0.14438309321449866
2009-10-10,7.5,7.83,,15.0,0.424752,0.1353591498885925
2009-10-11,10.83,2.99,,14.0,0.3964352,0.12633520656268632
2009-10-12,0.0,2.32,,13.0,0.3681184,0.11731126323678016
2009-10-13,0.0,0.34,,17.0,0.48138559999999997,0.15340703654040483
2009-10-14,0.0,12.15,,24.0,0.6796032,0.216574639821748
2009-10-15,10.29,4.96,,43.0,1.2176224,0.38802956301396513
2009-10-16,17.77,27.53,,59.0,1.6706912,0.5324126562284638
2009-10-17,0.0,0.98,,78.0,2.2087104,0.703867579420681
2009-10-18,0.0,0.05,,88.0,2.4918784,0.7941070126797427
2009-10-19,0.0,0.04,,89.0,2.5201952,0.8031309560056488
2009-10-20,0.0,0.0,,80.0,2.265344,0.7219154660724932
2009-10-21,0.0,0.0,,69.0,1.9538592,0.6226520894875255
2009-10-22,0.0,0.0,,53.0,1.5007904,0.4782689962730268
2009-10-23,0.0,1.59,,42.0,1.1893056,0.37900561968805896
2009-10-24,4.0,1.81,,38.0,1.0760384,0.34290984638443434
2009-10-25,0.0,0.05,,34.0,0.9627711999999999,0.30681407308080966
2009-10-26,0.0,0.05,,31.0,0.8778208,0.27974224310309115
2009-10-27,4.11,17.95,,27.0,0.7645535999999999,0.24364646979946647
2009-10-28,12.59,0.06,,32.0,0.9061376,0.2887661864289973
2009-10-29,0.0,0.02,,39.0,1.1043552,0.3519337897103405
2009-10-30,0.0,0.14,,51.0,1.4441568,0.4602211096212145
2009-10-31,0.0,4.37,,51.0,1.4441568,0.4602211096212145
2009-11-01,0.86,0.72,,46.0,1.3025728,0.4151013929916837
2009-11-02,0.0,2.06,,42.0,1.1893056,0.37900561968805896
2009-11-03,0.0,0.04,,35.0,0.991088,0.3158380164067158
2009-11-04,0.0,0.11,,28.0,0.7928704,0.25267041312537264
2009-11-05,0.0,0.02,,24.0,0.6796032,0.216574639821748
2009-11-06,0.0,0.01,,21.0,0.5946528,0.18950280984402948
2009-11-07,0.0,0.07,,18.0,0.5097024,0.162430979866311
2009-11-08,0.0,0.06,,15.0,0.424752,0.1353591498885925
2009-11-09,2.43,2.8,,13.0,0.3681184,0.11731126323678016
2009-11-10,24.16,38.59,,19.0,0.5380192,0.17145492319221717
2009-11-11,26.37,6.84,,49.0,1.3875232,0.44217322296940215
2009-11-12,0.0,0.02,,68.0,1.9255423999999999,0.6136281461616193
2009-11-13,0.0,0.02,,75.0,2.12376,0.6767957494429624
2009-11-14,0.0,0.0,,70.0,1.982176,0.6316760328134317
2009-11-15,0.0,0.0,,62.0,1.7556416,0.5594844862061823
2009-11-16,0.0,0.0,,55.0,1.557424,0.4963168829248391
2009-11-17,0.0,0.13,,48.0,1.3592064,0.433149279643496
2009-11-18,0.0,0.05,,43.0,1.2176224,0.38802956301396513
2009-11-19,0.0,0.0,,38.0,1.0760384,0.34290984638443434
2009-11-20,0.0,0.0,,34.0,0.9627711999999999,0.30681407308080966
2009-11-21,0.0,0.05,,30.0,0.849504,0.270718299777185
2009-11-22,18.14,25.82,,38.0,1.0760384,0.34290984638443434
2009-11-23,0.0,2.57,,57.0,1.6140576,0.5143647695766514
2009-11-24,0.0,0.0,,59.0,1.6706912,0.5324126562284638
2009-11-25,0.0,0.05,,59.0,1.6706912,0.5324126562284638
2009-11-26,0.0,0.0,,55.0,1.557424,0.4963168829248391
2009-11-27,0.0,0.0,,49.0,1.3875232,0.44217322296940215
2009-11-28,0.0,0.0,,44.0,1.2459392,0.39705350633987135
2009-11-29,0.0,0.0,,39.0,1.1043552,0.3519337897103405
2009-11-30,0.0,0.34,,35.0,0.991088,0.3158380164067158
2009-12-01,23.59,5.48,,34.0,0.9627711999999999,0.30681407308080966
2009-12-02,74.99,137.07,,460.0,13.025727999999999,4.151013929916836
2009-12-03,44.92,0.19,,1580.0,44.740544,14.257830454931742
2009-12-04,23.34,7.96,,2350.0,66.54448,21.206266815879488
2009-12-05,8.88,6.44,,2130.0,60.314783999999996,19.220999284180134
2009-12-06,0.0,0.0,,1640.0,46.439552,14.799267054486112
2009-12-07,0.0,0.02,,1160.0,32.847488,10.467774258051152
2009-12-08,0.0,0.08,,815.0,23.078192,7.354513810613526
2009-12-09,8.16,16.2,,626.0,17.7263168,5.64898852201726
2009-12-10,8.67,9.31,,517.0,14.6397856,4.665378699493488
2009-12-11,0.0,1.13,,425.0,12.03464,3.8351759135101204
2009-12-12,19.8,57.66,,545.0,15.432656,4.918049112618861
2009-12-13,23.33,39.33,,1070.0,30.298976,9.655619358719598
2009-12-14,21.81,0.28,,1300.0,36.81184,11.731126323678016
2009-12-15,0.39,2.25,,1260.0,35.679168,11.370168590641768
2009-12-16,0.0,0.0,,1030.0,29.166304,9.294661625683352
2009-12-17,0.0,0.0,,775.0,21.94552,6.993556077577279
2009-12-18,20.75,31.72,,700.0,19.82176,6.3167603281343165
2009-12-19,14.61,0.01,,748.0,21.1809664,6.749909607777812
2009-12-20,0.0,0.94,,684.0,19.3686912,6.172377234919818
2009-12-21,0.0,0.0,,588.0,16.6502784,5.306078675632826
2009-12-22,0.0,0.12,,477.0,13.5071136,4.304420966457242
2009-12-23,0.0,0.0,,388.0,10.9869184,3.5012900104515925
2009-12-24,0.0,6.68,,326.0,9.2312768,2.94180552424541
2009-12-25,26.45,32.61,,383.0,10.8453344,3.456170293822062
2009-12-26,0.0,0.0,,442.0,12.516025599999999,3.9885829500505254
2009-12-27,0.0,0.18,,438.0,12.4027584,3.9524871767469008
2009-12-28,0.0,0.0,,394.0,11.1568192,3.5554336704070293
2009-12-29,0.0,0.0,,342.0,9.6843456,3.086188617459909
2009-12-30,0.0,0.0,,294.0,8.3251392,2.653039337816413
2009-12-31,2.91,4.19,,259.0,7.3340512,2.337201321409697
2010-01-01,3.43,2.11,,229.0,6.4845472,2.066483021632512
2010-01-02,0.0,0.0,,203.0,5.7483104,1.8318604951589519
2010-01-03,0.0,0.0,,178.0,5.0403904,1.6062619120112975
2010-01-04,0.0,0.11,,160.0,4.530688,1.4438309321449865
2010-01-05,0.0,0.0,,139.0,3.9360352,1.2543281223009572
2010-01-06,0.0,0.09,,123.0,3.4829664,1.1099450290864585
2010-01-07,0.0,0.0,,109.0,3.0865312,0.9836098225237722
2010-01-08,4.68,4.58,,99.0,2.8033632,0.8933703892647106
2010-01-09,0.0,0.0,,93.0,2.6334624,0.8392267293092734
2010-01-10,0.0,0.08,,86.0,2.4352448,0.7760591260279303
2010-01-11,0.0,0.18,,79.0,2.2370272,0.7128915227465872
2010-01-12,0.0,0.0,,73.0,2.0671264,0.65874786279115
2010-01-13,0.0,0.0,,68.0,1.9255423999999999,0.6136281461616193
2010-01-14,0.0,0.0,,63.0,1.7839584,0.5685084295320885
2010-01-15,0.0,0.0,,58.0,1.6423744,0.5233887129025576
2010-01-16,31.37,50.82,,116.0,3.2847488,1.0467774258051152
2010-01-17,35.76,8.25,,482.0,13.6486976,4.349540683086772
2010-01-18,0.0,0.0,,561.0,15.8857248,5.0624322058333595
2010-01-19,0.0,0.0,,546.0,15.4609728,4.927073055944767
2010-01-20,0.0,0.21,,474.0,13.4221632,4.277349136479523
2010-01-21,62.37,116.26,,1390.0,39.360352,12.54328122300957
2010-01-22,76.36,0.06,,3300.0,93.44544,29.77901297549035
2010-01-23,0.0,0.0,,3080.0,87.215744,27.793745443790993
2010-01-24,3.86,2.04,,2350.0,66.54448,21.206266815879488
2010-01-25,3.99,4.88,,1610.0,45.590047999999996,14.528548754708927
2010-01-26,0.0,0.0,,1040.0,29.449472,9.384901058942413
2010-01-27,0.0,0.0,,710.0,20.104928,6.4069997613933785
2010-01-28,0.0,0.0,,533.0,15.0928544,4.809761792707986
2010-01-29,0.0,0.28,,415.0,11.751472,3.744936480251059
2010-01-30,22.74,27.43,,416.0,11.7797888,3.7539604235769652
2010-01-31,0.0,0.0,,443.0,12.5443424,3.9976068933764317
2010-02-01,0.0,0.0,,406.0,11.4966208,3.6637209903179038
2010-02-02,7.07,5.23,,377.0,10.6754336,3.4020266338666247
2010-02-03,0.0,0.0,,345.0,9.769296,3.1132604474376278
2010-02-04,0.0,0.02,,303.0,8.5799904,2.7342548277495684
2010-02-05,0.0,50.09,,439.0,12.4310752,3.961511120072807
2010-02-06,36.27,0.07,,783.0,22.1720544,7.065747624184528
2010-02-07,0.0,0.0,,838.0,23.7294784,7.562064507109368
2010-02-08,0.0,0.0,,747.0,21.1526496,6.740885664451906
2010-02-09,4.26,12.44,,635.0,17.981168,5.730204011950415
2010-02-10,9.79,0.0,,591.0,16.735228799999998,5.3331505056105435
2010-02-11,0.0,0.0,,518.0,14.6681024,4.674402642819394
2010-02-12,20.72,34.3,,528.0,14.9512704,4.764642076078456
2010-02-13,22.0,0.16,,685.0,19.397008,6.181401178245724
2010-02-14,0.0,0.08,,695.0,19.680176,6.271640611504785
2010-02-15,1.58,2.18,,619.0,17.5280992,5.585820918735917
2010-02-16,0.7,0.0,,522.0,14.7813696,4.710498416123019
2010-02-17,0.0,0.0,,431.0,12.2045408,3.8893195734655577
2010-02-18,0.0,0.0,,357.0,10.1090976,3.2215477673485013
2010-02-19,0.0,0.0,,301.0,8.5233568,2.7162069410977563
2010-02-20,0.0,0.0,,255.0,7.220784,2.3011055481060723
2010-02-21,0.0,0.0,,216.0,6.1164287999999996,1.9491717583957318
2010-02-22,0.0,26.62,,210.0,5.946528,1.895028098440295
2010-02-23,25.24,0.0,,286.0,8.0986048,2.580847791209164
2010-02-24,0.0,1.54,,345.0,9.769296,3.1132604474376278
2010-02-25,2.35,0.0,,325.0,9.20296,2.932781580919504
2010-02-26,0.0,0.0,,284.0,8.0419712,2.5627999045573513
2010-02-27,0.0,0.0,,249.0,7.0508831999999995,2.2469618881506355
2010-02-28,0.0,0.0,,216.0,6.1164287999999996,1.9491717583957318
2010-03-01,0.0,0.0,,186.0,5.2669248,1.678453458618547
2010-03-02,23.51,28.89,,247.0,6.9942496,2.228914001498823
2010-03-03,4.25,0.0,,305.0,8.636624,2.7523027144013805
2010-03-04,0.0,0.0,,295.0,8.353456,2.662063281142319
2010-03-05,0.0,0.0,,266.0,7.5322688,2.40036892469104
2010-03-06,0.0,0.0,,229.0,6.4845472,2.066483021632512
2010-03-07,0.0,0.0,,197.0,5.5784096,1.7777168352035146
2010-03-08,0.0,0.0,,168.0,4.7572224,1.5160224787522358
2010-03-09,0.0,0.45,,145.0,4.105936,1.308471782256394
2010-03-10,12.96,1.04,,126.0,3.5679168,1.137016859064177
2010-03-11,52.48,79.25,,602.0,17.0467136,5.432413882195513
2010-03-12,32.25,5.19,,1100.0,31.14848,9.926337658496783
2010-03-13,5.04,0.0,,1120.0,31.714816,10.106816525014906
2010-03-14,0.0,0.03,,965.0,27.325712,8.70810530949945
2010-03-15,0.0,0.0,,739.0,20.926115199999998,6.668694117844656
2010-03-16,0.0,0.0,,570.0,16.140576,5.143647695766514
2010-03-17,4.02,6.84,,449.0,12.7142432,4.0517505533318685
2010-03-18,4.43,0.15,,378.0,10.7037504,3.411050577192531
2010-03-19,0.0,0.0,,319.0,9.0330592,2.878637920964067
2010-03-20,0.0,0.0,,267.0,7.5605856,2.4093928680169463
2010-03-21,3.08,4.87,,228.0,6.4562304,2.057459078306606
2010-03-22,2.59,0.09,,199.0,5.6350432,1.7957647218553272
2010-03-23,0.0,0.0,,172.0,4.8704896,1.5521182520558605
2010-03-24,0.0,0.0,,146.0,4.1342528,1.3174957255823
2010-03-25,0.0,20.0,,131.0,3.7095008,1.1821365756937077
2010-03-26,21.92,0.4,,201.0,5.6916768,1.8138126085071393
2010-03-27,0.0,0.0,,206.0,5.8332608,1.8589323251366703
2010-03-28,0.0,2.24,,191.0,5.4085088,1.7235731752480778
2010-03-29,0.0,1.12,,170.0,4.813856,1.5340703654040484
2010-03-30,0.0,0.0,,146.0,4.1342528,1.3174957255823
2010-03-31,0.0,0.0,,123.0,3.4829664,1.1099450290864585
2010-04-01,0.0,0.0,,103.0,2.9166304,0.9294661625683351
2010-04-02,0.0,0.0,,87.0,2.4635616,0.7850830693538364
2010-04-03,0.0,0.0,,74.0,2.0954432,0.6677718061170563
2010-04-04,0.0,0.0,,63.0,1.7839584,0.5685084295320885
2010-04-05,0.0,0.0,,54.0,1.5291071999999999,0.48729293959893294
2010-04-06,0.0,0.0,,46.0,1.3025728,0.4151013929916837
2010-04-07,0.0,0.0,,39.0,1.1043552,0.3519337897103405
2010-04-08,0.0,19.84,,33.0,0.9344544,0.2977901297549035
2010-04-09,16.53,4.41,,51.0,1.4441568,0.4602211096212145
2010-04-10,0.0,0.0,,59.0,1.6706912,0.5324126562284638
2010-04-11,0.0,0.0,,75.0,2.12376,0.6767957494429624
2010-04-12,0.0,0.0,,77.0,2.1803936,0.6948436360947748
2010-04-13,0.0,0.0,,72.0,2.0388096,0.649723919465244
2010-04-14,0.0,0.0,,64.0,1.8122752,0.5775323728579946
2010-04-15,0.0,0.0,,55.0,1.557424,0.4963168829248391
2010-04-16,0.0,0.0,,47.0,1.3308896,0.4241253363175898
2010-04-17,0.0,0.0,,39.0,1.1043552,0.3519337897103405
2010-04-18,0.0,0.0,,32.0,0.9061376,0.2887661864289973
2010-04-19,0.0,0.54,,26.0,0.7362368,0.23462252647356033
2010-04-20,12.29,8.22,,21.0,0.5946528,0.18950280984402948
2010-04-21,10.45,3.03,,19.0,0.5380192,0.17145492319221717
2010-04-22,0.0,0.0,,16.0,0.4530688,0.14438309321449866
2010-04-23,0.0,0.0,,13.0,0.3681184,0.11731126323678016
2010-04-24,0.0,0.49,,10.0,0.283168,0.09023943325906165
2010-04-25,12.73,26.48,,11.0,0.3114848,0.09926337658496784
2010-04-26,13.52,0.16,,11.0,0.3114848,0.09926337658496784
2010-04-27,0.0,2.27,,8.5,0.24069279999999998,0.07670351827020241
2010-04-28,0.0,0.02,,8.1,0.22936608,0.07309394093983995
2010-04-29,0.0,0.0,,7.7,0.21803936000000002,0.06948436360947749
2010-04-30,0.0,17.28,,7.1,0.20104928,0.06406999761393378
2010-05-01,44.87,26.01,,8.4,0.23786112,0.0758011239376118
2010-05-02,0.0,0.0,,8.6,0.24352448,0.07760591260279302
2010-05-03,0.0,19.43,,7.9,0.22370272,0.07128915227465871
2010-05-04,15.88,56.66,,27.0,0.7645535999999999,0.24364646979946647
2010-05-05,54.1,0.19,,73.0,2.0671264,0.65874786279115
2010-05-06,0.0,0.0,,75.0,2.12376,0.6767957494429624
2010-05-07,0.0,0.0,,70.0,1.982176,0.6316760328134317
2010-05-08,0.0,0.74,,60.0,1.699008,0.54143659955437
2010-05-09,0.0,0.16,,65.0,1.840592,0.5865563161839008
2010-05-10,0.0,0.0,,50.0,1.41584,0.4511971662953083
2010-05-11,0.0,0.0,,40.0,1.132672,0.3609577330362466
2010-05-12,0.0,0.0,,31.0,0.8778208,0.27974224310309115
2010-05-13,0.0,0.0,,23.0,0.6512864,0.20755069649584185
2010-05-14,0.0,0.0,,18.0,0.5097024,0.162430979866311
2010-05-15,0.0,0.0,,14.0,0.3964352,0.12633520656268632
2010-05-16,0.0,9.47,,11.0,0.3114848,0.09926337658496784
2010-05-17,7.46,0.83,,8.6,0.24352448,0.07760591260279302
2010-05-18,2.06,0.39,,7.0,0.1982176,0.06316760328134316
2010-05-19,3.91,2.78,,5.8,0.16423743999999998,0.05233887129025576
2010-05-20,0.0,0.85,,4.9,0.13875232,0.04421732229694022
2010-05-21,0.0,0.15,,4.0,0.1132672,0.036095773303624665
2010-05-22,0.0,0.0,,3.4,0.09627712,0.030681407308080964
2010-05-23,0.0,3.09,,3.1,0.08778208,0.027974224310309114
2010-05-24,0.0,0.96,,2.6,0.07362368,0.023462252647356033
2010-05-25,0.0,1.84,,2.4,0.06796031999999999,0.021657463982174795
2010-05-26,0.0,0.13,,2.2,0.062296960000000005,0.019852675316993567
2010-05-27,0.0,0.0,,2.0,0.0566336,0.018047886651812332
2010-05-28,0.0,4.16,,2.2,0.062296960000000005,0.019852675316993567
2010-05-29,9.04,5.32,,2.7,0.07645536,0.02436464697994665
2010-05-30,11.2,7.35,,3.2,0.09061376,0.028876618642899733
2010-05-31,11.52,12.6,,3.0,0.0849504,0.0270718299777185
2010-06-01,15.81,11.2,,4.7,0.13308896,0.04241253363175898
2010-06-02,19.21,5.77,,8.5,0.24069279999999998,0.07670351827020241
2010-06-03,8.4,4.31,,18.0,0.5097024,0.162430979866311
2010-06-04,0.41,0.0,,28.0,0.7928704,0.25267041312537264
2010-06-05,18.24,19.05,,29.0,0.8211872,0.2616943564512788
2010-06-06,17.65,6.13,,49.0,1.3875232,0.44217322296940215
2010-06-07,6.24,0.0,,82.0,2.3219776,0.7399633527243056
2010-06-08,0.0,0.0,,102.0,2.8883136,0.920442219242429
2010-06-09,0.0,0.0,,90.0,2.548512,0.812154899331555
2010-06-10,0.0,0.0,,70.0,1.982176,0.6316760328134317
2010-06-11,0.0,0.0,,54.0,1.5291071999999999,0.48729293959893294
2010-06-12,0.0,0.0,,40.0,1.132672,0.3609577330362466
2010-06-13,0.0,4.55,,29.0,0.8211872,0.2616943564512788
2010-06-14,1.74,0.55,,25.0,0.70792,0.22559858314765416
2010-06-15,0.0,0.04,,45.0,1.274256,0.4060774496657775
2010-06-16,0.0,0.01,,40.0,1.132672,0.3609577330362466
2010-06-17,0.0,0.04,,30.0,0.849504,0.270718299777185
2010-06-18,0.0,15.71,,20.0,0.566336,0.1804788665181233
2010-06-19,20.42,8.61,,17.0,0.48138559999999997,0.15340703654040483
2010-06-20,18.2,12.06,,12.0,0.3398016,0.108287319910874
2010-06-21,16.3,20.5,,11.0,0.3114848,0.09926337658496784
2010-06-22,5.93,3.57,,11.0,0.3114848,0.09926337658496784
2010-06-23,0.0,1.81,,8.6,0.24352448,0.07760591260279302
2010-06-24,0.0,1.08,,6.8,0.19255424,0.06136281461616193
2010-06-25,0.0,13.29,,5.8,0.16423743999999998,0.05233887129025576
2010-06-26,0.0,5.75,,5.8,0.16423743999999998,0.05233887129025576
2010-06-27,0.0,2.67,,5.1,0.14441568,0.04602211096212144
2010-06-28,0.0,10.01,,4.9,0.13875232,0.04421732229694022
2010-06-29,5.29,10.86,,4.8,0.13592063999999998,0.04331492796434959
2010-06-30,13.13,9.87,,5.8,0.16423743999999998,0.05233887129025576
2010-07-01,22.48,39.02,,7.7,0.21803936000000002,0.06948436360947749
2010-07-02,31.38,16.79,,17.0,0.48138559999999997,0.15340703654040483
2010-07-03,8.79,4.42,,39.0,1.1043552,0.3519337897103405
2010-07-04,0.0,3.07,,30.0,0.849504,0.270718299777185
2010-07-05,13.57,13.79,,26.0,0.7362368,0.23462252647356033
2010-07-06,19.12,7.09,,23.0,0.6512864,0.20755069649584185
2010-07-07,0.0,0.06,,18.0,0.5097024,0.162430979866311
2010-07-08,0.0,0.0,,12.0,0.3398016,0.108287319910874
2010-07-09,0.0,0.0,,8.1,0.22936608,0.07309394093983995
2010-07-10,0.0,13.03,,5.7,0.16140576,0.05143647695766515
2010-07-11,21.1,0.62,,5.2,0.14724736,0.046924505294712066
2010-07-12,1.74,6.56,,5.2,0.14724736,0.046924505294712066
2010-07-13,9.26,5.25,,18.0,0.5097024,0.162430979866311
2010-07-14,10.87,21.98,,116.0,3.2847488,1.0467774258051152
2010-07-15,3.81,12.03,,147.0,4.1625696,1.3265196689082066
2010-07-16,16.78,6.61,,151.0,4.2758367999999995,1.362615442211831
2010-07-17,12.23,19.33,,142.0,4.0209856,1.2813999522786756
2010-07-18,0.0,0.72,,155.0,4.389104,1.3987112155154557
2010-07-19,0.0,17.41,,170.0,4.813856,1.5340703654040484
2010-07-20,0.0,2.68,,134.0,3.7944512,1.2092084056714263
2010-07-21,0.0,0.23,,95.0,2.690096,0.8572746159610858
2010-07-22,0.0,3.66,,67.0,1.8972256,0.6046042028357131
2010-07-23,0.0,1.11,,45.0,1.274256,0.4060774496657775
2010-07-24,0.0,2.33,,29.0,0.8211872,0.2616943564512788
2010-07-25,4.0,7.39,,19.0,0.5380192,0.17145492319221717
2010-07-26,5.96,0.08,,24.0,0.6796032,0.216574639821748
2010-07-27,0.0,0.01,,59.0,1.6706912,0.5324126562284638
2010-07-28,0.0,0.0,,57.0,1.6140576,0.5143647695766514
2010-07-29,0.0,0.07,,38.0,1.0760384,0.34290984638443434
2010-07-30,0.0,0.48,,24.0,0.6796032,0.216574639821748
2010-07-31,0.0,3.23,,16.0,0.4530688,0.14438309321449866
2010-08-01,15.19,28.82,,19.0,0.5380192,0.17145492319221717
2010-08-02,6.62,2.64,,85.0,2.406928,0.7670351827020242
2010-08-03,0.0,5.82,,112.0,3.1714816,1.0106816525014906
2010-08-04,19.12,20.34,,133.0,3.7661344,1.20018446234552
2010-08-05,16.06,1.35,,123.0,3.4829664,1.1099450290864585
2010-08-06,6.45,9.32,,203.0,5.7483104,1.8318604951589519
2010-08-07,12.42,12.9,,225.0,6.37128,2.0303872483288874
2010-08-08,25.05,2.74,,306.0,8.6649408,2.761326657727287
2010-08-09,0.96,0.32,,236.0,6.6827648,2.129650624913855
2010-08-10,0.0,0.78,,177.0,5.0120736,1.5972379686853915
2010-08-11,7.41,3.06,,142.0,4.0209856,1.2813999522786756
2010-08-12,13.37,25.59,,120.0,3.398016,1.08287319910874
2010-08-13,12.84,16.43,,146.0,4.1342528,1.3174957255823
2010-08-14,12.5,9.75,,204.0,5.7766272,1.840884438484858
2010-08-15,9.33,14.01,,203.0,5.7483104,1.8318604951589519
2010-08-16,13.13,3.64,,193.0,5.4651423999999995,1.74162106189989
2010-08-17,4.3,1.76,,157.0,4.4457376,1.416759102167268
2010-08-18,0.0,5.55,,115.0,3.2564319999999998,1.037753482479209
2010-08-19,9.97,13.1,,97.0,2.7467296,0.8753225026128981
2010-08-20,5.88,3.03,,107.0,3.0298976,0.9655619358719598
2010-08-21,4.0,1.89,,171.0,4.8421728,1.5430943087299545
2010-08-22,8.32,6.87,,137.0,3.8794016,1.2362802356491447
2010-08-23,10.91,9.56,,107.0,3.0298976,0.9655619358719598
2010-08-24,0.0,6.25,,94.0,2.6617792,0.8482506726351796
2010-08-25,4.81,12.27,,123.0,3.4829664,1.1099450290864585
2010-08-26,12.92,16.15,,108.0,3.0582143999999998,0.9745858791978659
2010-08-27,6.74,1.66,,112.0,3.1714816,1.0106816525014906
2010-08-28,8.87,0.87,,186.0,5.2669248,1.678453458618547
2010-08-29,0.0,1.55,,180.0,5.097024,1.62430979866311
2010-08-30,0.0,0.0,,144.0,4.0776192,1.299447838930488
2010-08-31,0.0,0.01,,110.0,3.114848,0.9926337658496782
2010-09-01,0.0,0.03,,83.0,2.3502944,0.7489872960502119
2010-09-02,0.0,0.05,,62.0,1.7556416,0.5594844862061823
2010-09-03,0.0,0.0,,44.0,1.2459392,0.39705350633987135
2010-09-04,0.0,0.02,,31.0,0.8778208,0.27974224310309115
2010-09-05,0.0,0.03,,23.0,0.6512864,0.20755069649584185
2010-09-06,0.0,0.02,,17.0,0.48138559999999997,0.15340703654040483
2010-09-07,0.0,0.0,,13.0,0.3681184,0.11731126323678016
2010-09-08,0.0,0.3,,9.5,0.2690096,0.08572746159610858
2010-09-09,0.0,0.05,,7.6,0.21520767999999998,0.06858196927688685
2010-09-10,0.0,0.0,,6.7,0.18972256,0.06046042028357132
2010-09-11,0.0,0.02,,6.0,0.1699008,0.054143659955437
2010-09-12,0.0,12.94,,5.3,0.15007904,0.04782689962730268
2010-09-13,0.0,0.0,,4.9,0.13875232,0.04421732229694022
2010-09-14,0.0,0.01,,4.4,0.12459392000000001,0.039705350633987134
2010-09-15,0.0,0.01,,3.9,0.11043552,0.03519337897103405
2010-09-16,0.0,0.0,,4.1,0.11609887999999999,0.03699816763621528
2010-09-17,0.0,0.02,,3.8,0.10760383999999999,0.03429098463844343
2010-09-18,0.0,0.0,,3.1,0.08778208,0.027974224310309114
2010-09-19,0.0,0.02,,2.6,0.07362368,0.023462252647356033
2010-09-20,0.0,0.02,,2.3,0.06512863999999999,0.02075506964958418
2010-09-21,0.0,0.0,,2.2,0.062296960000000005,0.019852675316993567
2010-09-22,0.0,0.04,,2.0,0.0566336,0.018047886651812332
2010-09-23,0.0,0.02,,1.8,0.05097024,0.016243097986631098
2010-09-24,0.0,0.95,,1.7,0.04813856,0.015340703654040482
2010-09-25,0.0,1.58,,1.6,0.04530688,0.014438309321449867
2010-09-26,31.78,34.71,,1.9,0.053801919999999996,0.017145492319221713
2010-09-27,44.48,32.63,,8.8,0.24918784000000002,0.07941070126797427
2010-09-28,15.6,12.75,,5.7,0.16140576,0.05143647695766515
2010-09-29,0.0,0.1,,4.7,0.13308896,0.04241253363175898
2010-09-30,0.0,0.05,,4.9,0.13875232,0.04421732229694022
2010-10-01,0.0,0.08,,5.1,0.14441568,0.04602211096212144
2010-10-02,0.0,0.01,,4.1,0.11609887999999999,0.03699816763621528
2010-10-03,0.0,0.05,,3.8,0.10760383999999999,0.03429098463844343
2010-10-04,0.0,0.03,,3.5,0.0991088,0.03158380164067158
2010-10-05,0.0,0.0,,2.7,0.07645536,0.02436464697994665
2010-10-06,0.0,0.0,,2.4,0.06796031999999999,0.021657463982174795
2010-10-07,0.0,0.0,,2.3,0.06512863999999999,0.02075506964958418
2010-10-08,0.0,0.0,,2.1,0.05946528,0.01895028098440295
2010-10-09,0.0,0.0,,1.9,0.053801919999999996,0.017145492319221713
2010-10-10,0.0,0.0,,1.9,0.053801919999999996,0.017145492319221713
2010-10-11,0.0,0.0,,1.8,0.05097024,0.016243097986631098
2010-10-12,0.0,0.0,,1.8,0.05097024,0.016243097986631098
2010-10-13,0.0,0.51,,1.8,0.05097024,0.016243097986631098
2010-10-14,0.0,0.8,,1.8,0.05097024,0.016243097986631098
2010-10-15,0.0,0.0,,1.7,0.04813856,0.015340703654040482
2010-10-16,0.0,0.0,,1.7,0.04813856,0.015340703654040482
2010-10-17,0.0,0.01,,1.6,0.04530688,0.014438309321449867
2010-10-18,0.0,0.0,,1.6,0.04530688,0.014438309321449867
2010-10-19,0.0,0.08,,1.6,0.04530688,0.014438309321449867
2010-10-20,0.0,0.04,,1.6,0.04530688,0.014438309321449867
2010-10-21,0.0,0.0,,1.6,0.04530688,0.014438309321449867
2010-10-22,0.0,0.02,,1.5,0.0424752,0.01353591498885925
2010-10-23,0.0,0.0,,1.5,0.0424752,0.01353591498885925
2010-10-24,0.0,0.0,,1.5,0.0424752,0.01353591498885925
2010-10-25,0.0,1.3,,1.6,0.04530688,0.014438309321449867
2010-10-26,13.57,2.02,,1.8,0.05097024,0.016243097986631098
2010-10-27,0.0,0.0,,1.8,0.05097024,0.016243097986631098
2010-10-28,0.0,9.58,,2.0,0.0566336,0.018047886651812332
2010-10-29,43.07,0.5,,2.5,0.070792,0.022559858314765414
2010-10-30,0.0,0.0,,2.2,0.062296960000000005,0.019852675316993567
2010-10-31,0.0,0.0,,2.0,0.0566336,0.018047886651812332
2010-11-01,0.0,0.01,,2.1,0.05946528,0.01895028098440295
2010-11-02,0.0,0.11,,2.1,0.05946528,0.01895028098440295
2010-11-03,0.0,4.73,,2.1,0.05946528,0.01895028098440295
2010-11-04,11.69,11.67,,2.3,0.06512863999999999,0.02075506964958418
2010-11-05,5.24,0.05,,2.3,0.06512863999999999,0.02075506964958418
2010-11-06,0.0,0.0,,2.0,0.0566336,0.018047886651812332
2010-11-07,0.0,0.0,,2.0,0.0566336,0.018047886651812332
2010-11-08,0.0,0.0,,2.0,0.0566336,0.018047886651812332
2010-11-09,0.0,0.0,,2.0,0.0566336,0.018047886651812332
2010-11-10,0.0,0.0,,2.0,0.0566336,0.018047886651812332
2010-11-11,0.0,0.0,,1.9,0.053801919999999996,0.017145492319221713
2010-11-12,0.0,0.0,,1.9,0.053801919999999996,0.017145492319221713
2010-11-13,0.0,0.0,,1.9,0.053801919999999996,0.017145492319221713
2010-11-14,0.0,0.0,,1.9,0.053801919999999996,0.017145492319221713
2010-11-15,0.0,0.0,,1.9,0.053801919999999996,0.017145492319221713
2010-11-16,43.25,41.56,,17.0,0.48138559999999997,0.15340703654040483
2010-11-17,5.22,0.01,,19.0,0.5380192,0.17145492319221717
2010-11-18,0.0,0.0,,10.0,0.283168,0.09023943325906165
2010-11-19,0.0,0.0,,6.7,0.18972256,0.06046042028357132
2010-11-20,0.0,0.0,,5.4,0.15291072,0.0487292939598933
2010-11-21,0.0,0.04,,5.0,0.141584,0.04511971662953083
2010-11-22,0.0,0.02,,4.3,0.12176224,0.03880295630139651
2010-11-23,0.0,0.05,,4.2,0.11893056,0.0379005619688059
2010-11-24,0.0,0.04,,4.1,0.11609887999999999,0.03699816763621528
2010-11-25,0.0,0.02,,3.6,0.10194048,0.032486195973262195
2010-11-26,0.0,2.33,,3.6,0.10194048,0.032486195973262195
2010-11-27,6.43,1.43,,4.0,0.1132672,0.036095773303624665
2010-11-28,0.0,0.0,,4.0,0.1132672,0.036095773303624665
2010-11-29,0.0,0.74,,3.7,0.10477216,0.03338859030585282
2010-11-30,6.65,0.45,,3.7,0.10477216,0.03338859030585282
2010-12-01,12.7,17.12,,5.9,0.16706912000000002,0.05324126562284639
2010-12-02,0.0,0.0,,5.9,0.16706912000000002,0.05324126562284639
2010-12-03,0.0,0.1,,5.8,0.16423743999999998,0.05233887129025576
2010-12-04,0.0,0.0,,5.3,0.15007904,0.04782689962730268
2010-12-05,0.0,0.09,,5.0,0.141584,0.04511971662953083
2010-12-06,0.0,0.0,,4.4,0.12459392000000001,0.039705350633987134
2010-12-07,0.0,0.0,,3.9,0.11043552,0.03519337897103405
2010-12-08,0.0,0.0,,3.7,0.10477216,0.03338859030585282
2010-12-09,0.0,0.0,,3.4,0.09627712,0.030681407308080964
2010-12-10,0.0,0.0,,3.2,0.09061376,0.028876618642899733
2010-12-11,0.0,0.0,,3.1,0.08778208,0.027974224310309114
2010-12-12,10.0,11.29,,3.8,0.10760383999999999,0.03429098463844343
2010-12-13,0.0,0.0,,4.0,0.1132672,0.036095773303624665
2010-12-14,0.0,0.0,,3.7,0.10477216,0.03338859030585282
2010-12-15,0.0,0.01,,3.8,0.10760383999999999,0.03429098463844343
2010-12-16,0.0,0.01,,3.7,0.10477216,0.03338859030585282
2010-12-17,4.67,13.58,,5.1,0.14441568,0.04602211096212144
2010-12-18,13.23,15.21,,15.0,0.424752,0.1353591498885925
2010-12-19,0.07,0.0,,12.0,0.3398016,0.108287319910874
2010-12-20,0.0,0.0,,9.3,0.26334624,0.08392267293092735
2010-12-21,0.0,0.0,,6.9,0.19538592000000002,0.06226520894875255
2010-12-22,0.0,0.0,,5.7,0.16140576,0.05143647695766515
2010-12-23,0.0,0.0,,4.9,0.13875232,0.04421732229694022
2010-12-24,0.0,0.0,,4.2,0.11893056,0.0379005619688059
2010-12-25,0.0,12.64,,4.8,0.13592063999999998,0.04331492796434959
2010-12-26,23.48,1.51,,9.8,0.27750464,0.08843464459388044
2010-12-27,0.0,0.0,,8.6,0.24352448,0.07760591260279302
2010-12-28,0.0,0.0,,8.6,0.24352448,0.07760591260279302
2010-12-29,0.0,0.0,,7.2,0.20388096,0.06497239194652439
2010-12-30,0.0,0.0,,6.2,0.17556416,0.05594844862061823
2010-12-31,0.0,0.0,,5.7,0.16140576,0.05143647695766515
2011-01-01,0.0,27.66,,6.8,0.19255424,0.06136281461616193
2011-01-02,21.81,15.31,,42.0,1.1893056,0.37900561968805896
2011-01-03,17.95,0.0,,52.0,1.4724736,0.46924505294712066
2011-01-04,0.0,0.0,,42.0,1.1893056,0.37900561968805896
2011-01-05,0.0,20.81,,43.0,1.2176224,0.38802956301396513
2011-01-06,26.49,8.91,,90.0,2.548512,0.812154899331555
2011-01-07,0.0,0.0,,88.0,2.4918784,0.7941070126797427
2011-01-08,0.0,0.0,,81.0,2.2936608,0.7309394093983995
2011-01-09,0.0,0.09,,71.0,2.0104928,0.6406999761393378
2011-01-10,4.19,3.24,,61.0,1.7273247999999999,0.5504605428802761
2011-01-11,0.0,0.0,,53.0,1.5007904,0.4782689962730268
2011-01-12,0.0,0.0,,47.0,1.3308896,0.4241253363175898
2011-01-13,0.0,0.0,,42.0,1.1893056,0.37900561968805896
2011-01-14,0.0,0.04,,37.0,1.0477216,0.33388590305852817
2011-01-15,0.0,0.0,,33.0,0.9344544,0.2977901297549035
2011-01-16,0.0,0.0,,30.0,0.849504,0.270718299777185
2011-01-17,9.0,10.41,,32.0,0.9061376,0.2887661864289973
2011-01-18,7.61,0.11,,45.0,1.274256,0.4060774496657775
2011-01-19,9.21,7.2,,61.0,1.7273247999999999,0.5504605428802761
2011-01-20,0.0,0.0,,76.0,2.1520768,0.6858196927688687
2011-01-21,2.0,5.86,,77.0,2.1803936,0.6948436360947748
2011-01-22,0.0,0.0,,74.0,2.0954432,0.6677718061170563
2011-01-23,0.0,0.0,,67.0,1.8972256,0.6046042028357131
2011-01-24,0.0,0.0,,60.0,1.699008,0.54143659955437
2011-01-25,14.99,17.92,,104.0,2.9449472,0.9384901058942413
2011-01-26,22.4,0.02,,201.0,5.6916768,1.8138126085071393
2011-01-27,0.0,0.0,,190.0,5.380192,1.7145492319221716
2011-01-28,0.0,0.0,,168.0,4.7572224,1.5160224787522358
2011-01-29,0.0,0.0,,143.0,4.0493024,1.290423895604582
2011-01-30,0.0,0.0,,121.0,3.4263328,1.0918971424346462
2011-01-31,1.24,1.07,,104.0,2.9449472,0.9384901058942413
2011-02-01,0.0,0.0,,92.0,2.6051456,0.8302027859833674
2011-02-02,8.07,10.34,,83.0,2.3502944,0.7489872960502119
2011-02-03,0.0,1.62,,74.0,2.0954432,0.6677718061170563
2011-02-04,14.9,4.2,,67.0,1.8972256,0.6046042028357131
2011-02-05,14.41,29.61,,92.0,2.6051456,0.8302027859833674
2011-02-06,0.0,0.84,,128.0,3.6245504,1.1550647457159893
2011-02-07,12.82,14.14,,140.0,3.964352,1.2633520656268633
2011-02-08,12.04,0.39,,160.0,4.530688,1.4438309321449865
2011-02-09,0.0,0.0,,156.0,4.4174208,1.407735158841362
2011-02-10,24.77,31.3,,253.0,7.1641504,2.28305766145426
2011-02-11,0.0,0.0,,343.0,9.7126624,3.0952125607858147
2011-02-12,0.0,0.0,,352.0,9.9675136,3.176428050718971
2011-02-13,0.0,0.0,,322.0,9.1180096,2.905709750941786
2011-02-14,0.0,0.0,,275.0,7.78712,2.4815844146241957
2011-02-15,0.0,0.0,,232.0,6.5694976,2.0935548516102305
2011-02-16,0.0,0.0,,194.0,5.4934592,1.7506450052257962
2011-02-17,0.0,0.0,,166.0,4.7005888,1.4979745921004237
2011-02-18,0.0,0.09,,143.0,4.0493024,1.290423895604582
2011-02-19,0.0,0.07,,123.0,3.4829664,1.1099450290864585
2011-02-20,0.0,0.0,,105.0,2.973264,0.9475140492201475
2011-02-21,0.0,0.0,,91.0,2.5768288,0.8211788426574611
2011-02-22,0.0,0.0,,80.0,2.265344,0.7219154660724932
2011-02-23,0.0,0.0,,70.0,1.982176,0.6316760328134317
2011-02-24,0.0,0.0,,59.0,1.6706912,0.5324126562284638
2011-02-25,0.0,0.68,,52.0,1.4724736,0.46924505294712066
2011-02-26,0.0,0.03,,45.0,1.274256,0.4060774496657775
2011-02-27,0.0,0.0,,40.0,1.132672,0.3609577330362466
2011-02-28,0.0,0.02,,35.0,0.991088,0.3158380164067158
2011-03-01,9.52,1.17,,30.0,0.849504,0.270718299777185
2011-03-02,0.0,0.0,,26.0,0.7362368,0.23462252647356033
2011-03-03,0.0,0.0,,22.0,0.6229696,0.19852675316993568
2011-03-04,0.0,0.0,,18.0,0.5097024,0.162430979866311
2011-03-05,0.0,0.02,,16.0,0.4530688,0.14438309321449866
2011-03-06,8.09,8.14,,15.0,0.424752,0.1353591498885925
2011-03-07,0.0,0.0,,14.0,0.3964352,0.12633520656268632
2011-03-08,0.0,0.0,,13.0,0.3681184,0.11731126323678016
2011-03-09,0.0,16.86,,13.0,0.3681184,0.11731126323678016
2011-03-10,31.18,29.93,,67.0,1.8972256,0.6046042028357131
2011-03-11,0.0,0.0,,103.0,2.9166304,0.9294661625683351
2011-03-12,0.0,0.0,,103.0,2.9166304,0.9294661625683351
2011-03-13,0.0,0.0,,93.0,2.6334624,0.8392267293092734
2011-03-14,0.0,0.0,,79.0,2.2370272,0.7128915227465872
2011-03-15,0.0,0.01,,67.0,1.8972256,0.6046042028357131
2011-03-16,0.0,0.0,,57.0,1.6140576,0.5143647695766514
2011-03-17,0.0,0.0,,48.0,1.3592064,0.433149279643496
2011-03-18,0.0,0.0,,40.0,1.132672,0.3609577330362466
2011-03-19,0.0,0.0,,32.0,0.9061376,0.2887661864289973
2011-03-20,0.0,0.0,,27.0,0.7645535999999999,0.24364646979946647
2011-03-21,0.0,0.05,,22.0,0.6229696,0.19852675316993568
2011-03-22,0.0,0.0,,18.0,0.5097024,0.162430979866311
2011-03-23,0.0,0.0,,15.0,0.424752,0.1353591498885925
2011-03-24,0.0,0.0,,13.0,0.3681184,0.11731126323678016
2011-03-25,0.0,0.0,,10.0,0.283168,0.09023943325906165
2011-03-26,0.0,0.41,,8.6,0.24352448,0.07760591260279302
2011-03-27,0.0,0.61,,7.4,0.20954432,0.06677718061170564
2011-03-28,11.3,2.52,,7.1,0.20104928,0.06406999761393378
2011-03-29,7.65,0.04,,7.1,0.20104928,0.06406999761393378
2011-03-30,19.62,54.28,,17.0,0.48138559999999997,0.15340703654040483
2011-03-31,39.78,0.07,,59.0,1.6706912,0.5324126562284638
2011-04-01,0.0,0.0,,68.0,1.9255423999999999,0.6136281461616193
2011-04-02,0.0,0.0,,64.0,1.8122752,0.5775323728579946
2011-04-03,0.0,0.0,,54.0,1.5291071999999999,0.48729293959893294
2011-04-04,0.0,0.0,,42.0,1.1893056,0.37900561968805896
2011-04-05,15.03,13.08,,41.0,1.1609888,0.3699816763621528
2011-04-06,0.0,0.0,,50.0,1.41584,0.4511971662953083
2011-04-07,0.0,0.0,,48.0,1.3592064,0.433149279643496
2011-04-08,0.0,0.0,,42.0,1.1893056,0.37900561968805896
2011-04-09,0.0,0.0,,34.0,0.9627711999999999,0.30681407308080966
2011-04-10,0.0,0.0,,26.0,0.7362368,0.23462252647356033
2011-04-11,0.0,0.0,,20.0,0.566336,0.1804788665181233
2011-04-12,1.0,1.47,,15.0,0.424752,0.1353591498885925
2011-04-13,0.0,0.0,,12.0,0.3398016,0.108287319910874
2011-04-14,0.0,0.0,,8.9,0.25201952,0.08031309560056488
2011-04-15,0.0,0.0,,7.1,0.20104928,0.06406999761393378
2011-04-16,3.7,10.42,,6.0,0.1699008,0.054143659955437
2011-04-17,0.0,0.0,,5.3,0.15007904,0.04782689962730268
2011-04-18,0.0,0.0,,4.6,0.13025727999999998,0.04151013929916836
2011-04-19,0.0,0.0,,4.2,0.11893056,0.0379005619688059
2011-04-20,0.0,0.02,,3.8,0.10760383999999999,0.03429098463844343
2011-04-21,0.0,0.03,,3.4,0.09627712,0.030681407308080964
2011-04-22,0.0,0.0,,3.2,0.09061376,0.028876618642899733
2011-04-23,0.0,0.0,,3.2,0.09061376,0.028876618642899733
2011-04-24,0.0,0.07,,3.9,0.11043552,0.03519337897103405
2011-04-25,0.0,0.0,,3.3,0.09344543999999999,0.029779012975490345
2011-04-26,0.0,0.0,,3.2,0.09061376,0.028876618642899733
2011-04-27,0.0,0.0,,3.1,0.08778208,0.027974224310309114
2011-04-28,6.28,21.99,,3.2,0.09061376,0.028876618642899733
2011-04-29,19.81,0.19,,3.0,0.0849504,0.0270718299777185
2011-04-30,0.0,0.0,,2.7,0.07645536,0.02436464697994665
2011-05-01,0.0,0.0,,3.0,0.0849504,0.0270718299777185
2011-05-02,0.0,0.0,,2.8,0.07928703999999999,0.025267041312537264
2011-05-03,0.0,0.0,,2.4,0.06796031999999999,0.021657463982174795
2011-05-04,0.0,0.0,,2.2,0.062296960000000005,0.019852675316993567
2011-05-05,0.0,0.0,,2.2,0.062296960000000005,0.019852675316993567
2011-05-06,0.0,0.0,,2.2,0.062296960000000005,0.019852675316993567
2011-05-07,0.0,0.0,,2.2,0.062296960000000005,0.019852675316993567
2011-05-08,0.0,0.0,,2.1,0.05946528,0.01895028098440295
2011-05-09,0.0,0.0,,2.1,0.05946528,0.01895028098440295
2011-05-10,0.0,0.0,,2.1,0.05946528,0.01895028098440295
2011-05-11,0.0,0.0,,1.9,0.053801919999999996,0.017145492319221713
2011-05-12,0.0,0.0,,1.7,0.04813856,0.015340703654040482
2011-05-13,0.0,0.0,,1.7,0.04813856,0.015340703654040482
2011-05-14,15.32,19.21,,2.0,0.0566336,0.018047886651812332
2011-05-15,15.73,0.06,,1.8,0.05097024,0.016243097986631098
2011-05-16,0.0,0.09,,1.7,0.04813856,0.015340703654040482
2011-05-17,0.0,0.0,,1.7,0.04813856,0.015340703654040482
2011-05-18,0.0,0.0,,1.6,0.04530688,0.014438309321449867
2011-05-19,0.0,0.0,,1.6,0.04530688,0.014438309321449867
2011-05-20,0.0,0.0,,1.5,0.0424752,0.01353591498885925
2011-05-21,0.0,0.0,,1.5,0.0424752,0.01353591498885925
2011-05-22,0.0,0.0,,1.5,0.0424752,0.01353591498885925
2011-05-23,0.0,0.0,,1.5,0.0424752,0.01353591498885925
2011-05-24,0.0,0.0,,1.5,0.0424752,0.01353591498885925
2011-05-25,0.0,0.0,,1.5,0.0424752,0.01353591498885925
2011-05-26,0.0,0.0,,1.5,0.0424752,0.01353591498885925
2011-05-27,0.0,1.93,,1.5,0.0424752,0.01353591498885925
2011-05-28,3.57,0.3,,1.4,0.039643519999999995,0.012633520656268632
2011-05-29,0.0,0.06,,1.4,0.039643519999999995,0.012633520656268632
2011-05-30,0.0,0.0,,1.4,0.039643519999999995,0.012633520656268632
2011-05-31,0.0,0.0,,1.4,0.039643519999999995,0.012633520656268632
2011-06-01,0.0,0.41,,1.4,0.039643519999999995,0.012633520656268632
2011-06-02,0.0,0.0,,1.4,0.039643519999999995,0.012633520656268632
2011-06-03,0.0,0.0,,1.6,0.04530688,0.014438309321449867
2011-06-04,0.0,1.65,,1.9,0.053801919999999996,0.017145492319221713
2011-06-05,3.58,0.01,,2.1,0.05946528,0.01895028098440295
2011-06-06,0.0,5.75,,1.7,0.04813856,0.015340703654040482
2011-06-07,0.0,0.28,,1.9,0.053801919999999996,0.017145492319221713
2011-06-08,0.0,0.07,,2.2,0.062296960000000005,0.019852675316993567
2011-06-09,0.0,0.0,,2.0,0.0566336,0.018047886651812332
2011-06-10,0.0,1.1,,2.3,0.06512863999999999,0.02075506964958418
2011-06-11,0.0,1.74,,2.0,0.0566336,0.018047886651812332
2011-06-12,0.0,1.44,,2.1,0.05946528,0.01895028098440295
2011-06-13,0.0,3.33,,1.9,0.053801919999999996,0.017145492319221713
2011-06-14,0.0,0.0,,1.8,0.05097024,0.016243097986631098
2011-06-15,0.0,5.82,,1.8,0.05097024,0.016243097986631098
2011-06-16,6.16,5.47,,1.8,0.05097024,0.016243097986631098
2011-06-17,0.19,0.12,,1.7,0.04813856,0.015340703654040482
2011-06-18,2.32,1.47,,1.8,0.05097024,0.016243097986631098
2011-06-19,0.0,0.0,,1.8,0.05097024,0.016243097986631098
2011-06-20,0.0,0.64,,1.8,0.05097024,0.016243097986631098
2011-06-21,0.0,0.03,,1.7,0.04813856,0.015340703654040482
2011-06-22,0.0,0.03,,1.7,0.04813856,0.015340703654040482
2011-06-23,0.0,5.06,,1.7,0.04813856,0.015340703654040482
2011-06-24,14.03,4.21,,1.8,0.05097024,0.016243097986631098
2011-06-25,6.98,0.17,,1.8,0.05097024,0.016243097986631098
2011-06-26,20.33,15.35,,1.8,0.05097024,0.016243097986631098
2011-06-27,27.81,19.46,,1.6,0.04530688,0.014438309321449867
2011-06-28,30.91,10.08,,1.7,0.04813856,0.015340703654040482
2011-06-29,6.01,0.4,,1.7,0.04813856,0.015340703654040482
2011-06-30,0.71,14.15,,1.6,0.04530688,0.014438309321449867
2011-07-01,15.13,0.13,,1.6,0.04530688,0.014438309321449867
2011-07-02,0.0,0.44,,1.5,0.0424752,0.01353591498885925
2011-07-03,0.0,0.14,,1.4,0.039643519999999995,0.012633520656268632
2011-07-04,0.0,1.8,,1.4,0.039643519999999995,0.012633520656268632
2011-07-05,0.0,0.21,,1.3,0.03681184,0.011731126323678016
2011-07-06,0.0,0.06,,1.3,0.03681184,0.011731126323678016
2011-07-07,0.0,2.13,,1.2,0.033980159999999995,0.010828731991087397
2011-07-08,0.0,4.34,,1.3,0.03681184,0.011731126323678016
2011-07-09,17.3,1.61,,1.7,0.04813856,0.015340703654040482
2011-07-10,0.0,6.57,,2.3,0.06512863999999999,0.02075506964958418
2011-07-11,19.4,8.51,,2.6,0.07362368,0.023462252647356033
2011-07-12,0.0,0.06,,2.5,0.070792,0.022559858314765414
2011-07-13,0.0,3.97,,2.0,0.0566336,0.018047886651812332
2011-07-14,9.04,2.53,,1.7,0.04813856,0.015340703654040482
2011-07-15,14.38,7.94,,2.3,0.06512863999999999,0.02075506964958418
2011-07-16,36.84,18.01,,2.6,0.07362368,0.023462252647356033
2011-07-17,33.46,20.13,,2.6,0.07362368,0.023462252647356033
2011-07-18,26.52,1.04,,2.2,0.062296960000000005,0.019852675316993567
2011-07-19,0.0,0.0,,1.9,0.053801919999999996,0.017145492319221713
2011-07-20,0.0,0.0,,1.7,0.04813856,0.015340703654040482
2011-07-21,0.0,0.74,,1.5,0.0424752,0.01353591498885925
2011-07-22,0.0,2.77,,1.6,0.04530688,0.014438309321449867
2011-07-23,0.61,6.43,,2.0,0.0566336,0.018047886651812332
2011-07-24,0.01,0.92,,2.5,0.070792,0.022559858314765414
2011-07-25,0.0,2.27,,2.5,0.070792,0.022559858314765414
2011-07-26,6.7,14.88,,2.0,0.0566336,0.018047886651812332
2011-07-27,16.81,15.83,,2.4,0.06796031999999999,0.021657463982174795
2011-07-28,13.33,14.8,,4.7,0.13308896,0.04241253363175898
2011-07-29,0.46,0.02,,13.0,0.3681184,0.11731126323678016
2011-07-30,0.0,0.0,,18.0,0.5097024,0.162430979866311
2011-07-31,0.0,0.25,,13.0,0.3681184,0.11731126323678016
2011-08-01,6.82,17.08,,8.2,0.23219775999999998,0.07399633527243056
2011-08-02,12.43,0.0,,5.9,0.16706912000000002,0.05324126562284639
2011-08-03,0.0,0.0,,4.5,0.1274256,0.04060774496657775
2011-08-04,0.0,0.0,,3.5,0.0991088,0.03158380164067158
2011-08-05,0.0,0.0,,2.6,0.07362368,0.023462252647356033
2011-08-06,0.0,0.04,,2.1,0.05946528,0.01895028098440295
2011-08-07,0.0,6.35,,1.8,0.05097024,0.016243097986631098
2011-08-08,8.51,2.54,,1.8,0.05097024,0.016243097986631098
2011-08-09,3.75,5.64,,2.4,0.06796031999999999,0.021657463982174795
2011-08-10,8.21,0.63,,2.4,0.06796031999999999,0.021657463982174795
2011-08-11,0.0,1.36,,2.5,0.070792,0.022559858314765414
2011-08-12,0.0,0.03,,3.7,0.10477216,0.03338859030585282
2011-08-13,0.0,0.09,,8.7,0.24635615999999996,0.07850830693538363
2011-08-14,0.0,3.71,,7.3,0.20671264,0.06587478627911501
2011-08-15,5.76,0.0,,5.6,0.15857407999999998,0.05053408262507453
2011-08-16,0.0,0.0,,4.2,0.11893056,0.0379005619688059
2011-08-17,0.0,0.0,,3.3,0.09344543999999999,0.029779012975490345
2011-08-18,0.0,1.95,,2.7,0.07645536,0.02436464697994665
2011-08-19,18.72,0.07,,3.2,0.09061376,0.028876618642899733
2011-08-20,0.0,0.53,,2.8,0.07928703999999999,0.025267041312537264
2011-08-21,0.0,2.62,,2.2,0.062296960000000005,0.019852675316993567
2011-08-22,1.94,6.69,,2.1,0.05946528,0.01895028098440295
2011-08-23,0.0,5.67,,2.9,0.08211871999999999,0.02616943564512788
2011-08-24,0.0,0.35,,3.6,0.10194048,0.032486195973262195
2011-08-25,0.0,0.0,,3.2,0.09061376,0.028876618642899733
2011-08-26,0.0,0.0,,2.5,0.070792,0.022559858314765414
2011-08-27,0.0,0.0,,1.9,0.053801919999999996,0.017145492319221713
2011-08-28,0.0,0.0,,1.6,0.04530688,0.014438309321449867
2011-08-29,0.0,0.0,,1.4,0.039643519999999995,0.012633520656268632
2011-08-30,0.0,1.44,,1.3,0.03681184,0.011731126323678016
2011-08-31,2.43,5.85,,1.5,0.0424752,0.01353591498885925
2011-09-01,6.15,3.28,,1.4,0.039643519999999995,0.012633520656268632
2011-09-02,0.0,3.24,,1.6,0.04530688,0.014438309321449867
2011-09-03,0.0,0.72,,1.8,0.05097024,0.016243097986631098
2011-09-04,24.11,30.17,,2.7,0.07645536,0.02436464697994665
2011-09-05,39.47,34.36,,5.5,0.1557424,0.04963168829248392
2011-09-06,14.41,2.69,,14.0,0.3964352,0.12633520656268632
2011-09-07,0.0,0.0,,13.0,0.3681184,0.11731126323678016
2011-09-08,0.0,0.0,,8.3,0.23502944,0.07489872960502118
2011-09-09,0.0,0.0,,8.6,0.24352448,0.07760591260279302
2011-09-10,0.0,0.0,,6.9,0.19538592000000002,0.06226520894875255
2011-09-11,0.0,0.0,,5.5,0.1557424,0.04963168829248392
2011-09-12,0.0,0.0,,4.5,0.1274256,0.04060774496657775
2011-09-13,0.0,0.01,,3.8,0.10760383999999999,0.03429098463844343
2011-09-14,0.0,0.05,,3.3,0.09344543999999999,0.029779012975490345
2011-09-15,0.0,0.0,,3.0,0.0849504,0.0270718299777185
2011-09-16,0.0,0.02,,2.7,0.07645536,0.02436464697994665
2011-09-17,0.0,0.31,,2.5,0.070792,0.022559858314765414
2011-09-18,0.0,0.0,,2.5,0.070792,0.022559858314765414
2011-09-19,0.0,0.01,,2.3,0.06512863999999999,0.02075506964958418
2011-09-20,0.0,0.0,,2.2,0.062296960000000005,0.019852675316993567
2011-09-21,0.0,4.29,,2.2,0.062296960000000005,0.019852675316993567
2011-09-22,10.56,10.55,,2.9,0.08211871999999999,0.02616943564512788
2011-09-23,0.0,0.07,,3.5,0.0991088,0.03158380164067158
2011-09-24,0.0,0.27,,3.3,0.09344543999999999,0.029779012975490345
2011-09-25,0.0,2.33,,4.3,0.12176224,0.03880295630139651
2011-09-26,0.0,1.72,,4.2,0.11893056,0.0379005619688059
2011-09-27,0.0,0.08,,5.1,0.14441568,0.04602211096212144
2011-09-28,0.0,0.08,,4.2,0.11893056,0.0379005619688059
2011-09-29,0.0,0.18,,3.2,0.09061376,0.028876618642899733
2011-09-30,0.0,0.0,,2.7,0.07645536,0.02436464697994665
2011-10-01,0.0,0.0,,1.9,0.053801919999999996,0.017145492319221713
2011-10-02,0.0,0.0,,1.4,0.039643519999999995,0.012633520656268632
2011-10-03,0.0,0.0,,1.5,0.0424752,0.01353591498885925
2011-10-04,0.0,0.0,,1.6,0.04530688,0.014438309321449867
2011-10-05,0.0,0.0,,1.7,0.04813856,0.015340703654040482
2011-10-06,0.0,0.29,,1.7,0.04813856,0.015340703654040482
2011-10-07,0.0,0.73,,1.6,0.04530688,0.014438309321449867
2011-10-08,0.0,1.16,,1.5,0.0424752,0.01353591498885925
2011-10-09,0.3,0.77,,1.4,0.039643519999999995,0.012633520656268632
2011-10-10,2.13,4.15,,1.3,0.03681184,0.011731126323678016
2011-10-11,13.15,10.28,,1.4,0.039643519999999995,0.012633520656268632
2011-10-12,3.16,0.26,,1.3,0.03681184,0.011731126323678016
2011-10-13,0.0,0.02,,1.3,0.03681184,0.011731126323678016
2011-10-14,0.0,2.47,,1.2,0.033980159999999995,0.010828731991087397
2011-10-15,0.0,0.0,,1.1,0.031148480000000003,0.009926337658496783
2011-10-16,0.0,0.0,,1.1,0.031148480000000003,0.009926337658496783
2011-10-17,0.0,0.0,,1.3,0.03681184,0.011731126323678016
2011-10-18,0.0,91.77,,2.1,0.05946528,0.01895028098440295
2011-10-19,82.8,4.46,,2.6,0.07362368,0.023462252647356033
2011-10-20,0.0,0.0,,1.7,0.04813856,0.015340703654040482
2011-10-21,0.0,0.0,,1.2,0.033980159999999995,0.010828731991087397
2011-10-22,0.0,0.0,,0.99,0.028033632,0.008933703892647105
2011-10-23,0.0,0.0,,0.93,0.026334624,0.008392267293092734
2011-10-24,0.0,0.0,,0.92,0.026051456,0.008302027859833673
2011-10-25,0.0,0.0,,0.8,0.02265344,0.007219154660724933
2011-10-26,0.0,0.0,,0.69,0.019538591999999997,0.006226520894875254
2011-10-27,0.0,0.0,,0.69,0.019538591999999997,0.006226520894875254
2011-10-28,0.0,0.0,,0.68,0.019255424,0.0061362814616161936
2011-10-29,0.0,0.0,,0.6,0.016990079999999998,0.005414365995543699
2011-10-30,0.0,0.0,,0.57,0.016140575999999997,0.005143647695766514
2011-10-31,0.0,0.0,,0.57,0.016140575999999997,0.005143647695766514
2011-11-01,0.0,0.0,,0.57,0.016140575999999997,0.005143647695766514
2011-11-02,0.0,0.0,,0.56,0.015857408,0.005053408262507453
2011-11-03,0.0,0.0,,0.57,0.016140575999999997,0.005143647695766514
2011-11-04,4.28,2.55,,0.6,0.016990079999999998,0.005414365995543699
2011-11-05,0.0,0.0,,0.61,0.017273247999999998,0.005504605428802761
2011-11-06,0.0,0.0,,0.63,0.017839584,0.005685084295320884
2011-11-07,0.0,0.0,,0.62,0.017556416,0.005594844862061823
2011-11-08,0.0,0.0,,0.59,0.016706911999999997,0.0053241265622846375
2011-11-09,0.0,0.0,,0.59,0.016706911999999997,0.0053241265622846375
2011-11-10,0.0,0.11,,0.59,0.016706911999999997,0.0053241265622846375
2011-11-11,0.0,0.01,,0.57,0.016140575999999997,0.005143647695766514
2011-11-12,0.0,0.0,,0.54,0.015291072000000001,0.0048729293959893305
2011-11-13,0.0,0.0,,0.57,0.016140575999999997,0.005143647695766514
2011-11-14,0.0,0.0,,0.62,0.017556416,0.005594844862061823
2011-11-15,0.0,0.0,,0.61,0.017273247999999998,0.005504605428802761
2011-11-16,0.0,2.83,,0.68,0.019255424,0.0061362814616161936
2011-11-17,12.77,10.31,,0.89,0.025201952,0.008031309560056488
2011-11-18,0.0,0.0,,0.83,0.023502943999999998,0.007489872960502118
2011-11-19,0.0,0.0,,0.8,0.02265344,0.007219154660724933
2011-11-20,0.0,0.05,,0.81,0.022936608,0.007309394093983995
2011-11-21,0.0,0.0,,0.83,0.023502943999999998,0.007489872960502118
2011-11-22,0.0,0.11,,0.82,0.023219775999999998,0.007399633527243056
2011-11-23,13.91,9.71,,0.89,0.025201952,0.008031309560056488
2011-11-24,0.0,0.0,,0.82,0.023219775999999998,0.007399633527243056
2011-11-25,0.0,0.0,,0.77,0.021803936,0.006948436360947748
2011-11-26,0.0,0.0,,0.74,0.020954432,0.0066777180611705626
2011-11-27,0.0,0.0,,0.76,0.021520768,0.006858196927688686
2011-11-28,17.26,20.19,,1.2,0.033980159999999995,0.010828731991087397
2011-11-29,6.48,0.44,,0.92,0.026051456,0.008302027859833673
2011-11-30,0.0,0.0,,0.82,0.023219775999999998,0.007399633527243056
2011-12-01,0.0,0.0,,0.78,0.022087104,0.00703867579420681
2011-12-02,0.0,0.0,,0.73,0.020671263999999998,0.0065874786279115005
2011-12-03,0.0,0.0,,0.69,0.019538591999999997,0.006226520894875254
2011-12-04,0.0,0.0,,0.69,0.019538591999999997,0.006226520894875254
2011-12-05,0.0,0.0,,0.68,0.019255424,0.0061362814616161936
2011-12-06,0.0,0.01,,0.69,0.019538591999999997,0.006226520894875254
2011-12-07,2.41,0.1,,0.73,0.020671263999999998,0.0065874786279115005
2011-12-08,0.0,0.0,,0.69,0.019538591999999997,0.006226520894875254
2011-12-09,0.0,0.0,,0.68,0.019255424,0.0061362814616161936
2011-12-10,0.0,0.0,,0.67,0.018972256,0.0060460420283571315
2011-12-11,0.0,0.07,,0.72,0.020388095999999998,0.006497239194652439
2011-12-12,51.17,26.17,,12.0,0.3398016,0.108287319910874
2011-12-13,0.0,0.01,,35.0,0.991088,0.3158380164067158
2011-12-14,0.0,0.0,,21.0,0.5946528,0.18950280984402948
2011-12-15,0.0,0.0,,25.0,0.70792,0.22559858314765416
2011-12-16,0.0,0.0,,20.0,0.566336,0.1804788665181233
2011-12-17,0.0,0.0,,15.0,0.424752,0.1353591498885925
2011-12-18,0.0,0.0,,12.0,0.3398016,0.108287319910874
2011-12-19,0.0,0.0,,9.9,0.28033632,0.08933703892647106
2011-12-20,0.0,0.0,,8.8,0.24918784000000002,0.07941070126797427
2011-12-21,5.97,5.21,,8.2,0.23219775999999998,0.07399633527243056
2011-12-22,7.15,0.01,,7.9,0.22370272,0.07128915227465871
2011-12-23,7.77,8.91,,9.1,0.25768288,0.08211788426574612
2011-12-24,0.0,0.0,,8.6,0.24352448,0.07760591260279302
2011-12-25,0.0,0.02,,8.1,0.22936608,0.07309394093983995
2011-12-26,0.0,0.2,,7.5,0.212376,0.06767957494429624
2011-12-27,12.03,16.68,,8.1,0.22936608,0.07309394093983995
2011-12-28,0.0,0.0,,9.5,0.2690096,0.08572746159610858
2011-12-29,0.0,0.0,,8.5,0.24069279999999998,0.07670351827020241
2011-12-30,0.0,0.15,,7.6,0.21520767999999998,0.06858196927688685
2011-12-31,0.0,0.0,,6.9,0.19538592000000002,0.06226520894875255
2012-01-01,0.0,0.0,,6.4,0.18122752,0.057753237285799466
2012-01-02,0.0,0.0,,5.9,0.16706912000000002,0.05324126562284639
2012-01-03,0.0,0.0,,5.4,0.15291072,0.0487292939598933
2012-01-04,0.0,0.0,,5.0,0.141584,0.04511971662953083
2012-01-05,0.0,0.0,,4.8,0.13592063999999998,0.04331492796434959
2012-01-06,0.0,0.0,,4.5,0.1274256,0.04060774496657775
2012-01-07,0.0,0.0,,4.4,0.12459392000000001,0.039705350633987134
2012-01-08,0.0,0.04,,4.2,0.11893056,0.0379005619688059
2012-01-09,0.0,0.0,,4.1,0.11609887999999999,0.03699816763621528
2012-01-10,0.0,7.87,,4.2,0.11893056,0.0379005619688059
2012-01-11,22.69,14.71,,9.7,0.27467295999999997,0.0875322502612898
2012-01-12,0.0,0.0,,14.0,0.3964352,0.12633520656268632
2012-01-13,0.0,0.0,,11.0,0.3114848,0.09926337658496784
2012-01-14,0.0,0.0,,9.0,0.2548512,0.0812154899331555
2012-01-15,0.0,0.0,,7.9,0.22370272,0.07128915227465871
2012-01-16,0.0,0.0,,7.4,0.20954432,0.06677718061170564
2012-01-17,0.0,0.0,,6.9,0.19538592000000002,0.06226520894875255
2012-01-18,25.82,29.96,,13.0,0.3681184,0.11731126323678016
2012-01-19,0.0,0.0,,28.0,0.7928704,0.25267041312537264
2012-01-20,0.0,0.0,,25.0,0.70792,0.22559858314765416
2012-01-21,0.0,0.0,,27.0,0.7645535999999999,0.24364646979946647
2012-01-22,0.0,0.52,,26.0,0.7362368,0.23462252647356033
2012-01-23,0.0,0.0,,27.0,0.7645535999999999,0.24364646979946647
2012-01-24,0.0,3.13,,25.0,0.70792,0.22559858314765416
2012-01-25,0.0,0.05,,21.0,0.5946528,0.18950280984402948
2012-01-26,0.0,0.06,,18.0,0.5097024,0.162430979866311
2012-01-27,10.34,14.13,,21.0,0.5946528,0.18950280984402948
2012-01-28,0.0,0.0,,28.0,0.7928704,0.25267041312537264
2012-01-29,0.0,0.0,,26.0,0.7362368,0.23462252647356033
2012-01-30,0.0,0.0,,23.0,0.6512864,0.20755069649584185
2012-01-31,0.0,0.0,,19.0,0.5380192,0.17145492319221717
2012-02-01,0.0,0.17,,16.0,0.4530688,0.14438309321449866
2012-02-02,3.73,2.15,,14.0,0.3964352,0.12633520656268632
2012-02-03,0.0,0.0,,13.0,0.3681184,0.11731126323678016
2012-02-04,0.0,0.0,,11.0,0.3114848,0.09926337658496784
2012-02-05,0.0,0.0,,10.0,0.283168,0.09023943325906165
2012-02-06,0.0,0.0,,9.5,0.2690096,0.08572746159610858
2012-02-07,0.0,0.0,,8.7,0.24635615999999996,0.07850830693538363
2012-02-08,0.0,0.0,,7.9,0.22370272,0.07128915227465871
2012-02-09,0.0,0.0,,7.2,0.20388096,0.06497239194652439
2012-02-10,0.0,0.1,,6.4,0.18122752,0.057753237285799466
2012-02-11,0.0,0.34,,5.9,0.16706912000000002,0.05324126562284639
2012-02-12,0.0,0.0,,5.4,0.15291072,0.0487292939598933
2012-02-13,0.0,0.0,,5.1,0.14441568,0.04602211096212144
2012-02-14,0.0,1.27,,5.3,0.15007904,0.04782689962730268
2012-02-15,5.09,0.85,,4.9,0.13875232,0.04421732229694022
2012-02-16,0.0,12.75,,5.1,0.14441568,0.04602211096212144
2012-02-17,12.1,2.49,,6.1,0.17273248,0.05504605428802761
2012-02-18,0.0,0.58,,7.5,0.212376,0.06767957494429624
2012-02-19,25.57,47.25,,23.0,0.6512864,0.20755069649584185
2012-02-20,0.0,3.94,,78.0,2.2087104,0.703867579420681
2012-02-21,0.0,0.31,,88.0,2.4918784,0.7941070126797427
2012-02-22,1.96,1.51,,77.0,2.1803936,0.6948436360947748
2012-02-23,4.05,0.14,,62.0,1.7556416,0.5594844862061823
2012-02-24,0.0,2.72,,55.0,1.557424,0.4963168829248391
2012-02-25,4.39,0.19,,49.0,1.3875232,0.44217322296940215
2012-02-26,0.3,1.53,,41.0,1.1609888,0.3699816763621528
2012-02-27,7.91,15.85,,35.0,0.991088,0.3158380164067158
2012-02-28,18.5,0.37,,36.0,1.0194048,0.324861959732622
2012-02-29,0.0,0.19,,36.0,1.0194048,0.324861959732622
2012-03-01,0.0,0.0,,37.0,1.0477216,0.33388590305852817
2012-03-02,0.0,0.0,,34.0,0.9627711999999999,0.30681407308080966
2012-03-03,0.0,0.0,,33.0,0.9344544,0.2977901297549035
2012-03-04,51.16,44.19,,179.0,5.0687071999999995,1.6152858553372036
2012-03-05,0.0,30.15,,307.0,8.693257599999999,2.7703506010531926
2012-03-06,0.0,0.0,,298.0,8.4384064,2.6891351111200374
2012-03-07,0.0,0.0,,224.0,6.3429632,2.021363305002981
2012-03-08,0.0,0.0,,160.0,4.530688,1.4438309321449865
2012-03-09,0.0,0.0,,119.0,3.3696992,1.0738492557828339
2012-03-10,0.0,0.01,,93.0,2.6334624,0.8392267293092734
2012-03-11,0.0,0.0,,76.0,2.1520768,0.6858196927688687
2012-03-12,0.0,0.0,,62.0,1.7556416,0.5594844862061823
2012-03-13,0.0,0.0,,52.0,1.4724736,0.46924505294712066
2012-03-14,6.58,22.18,,45.0,1.274256,0.4060774496657775
2012-03-15,0.0,4.65,,39.0,1.1043552,0.3519337897103405
2012-03-16,0.0,3.37,,34.0,0.9627711999999999,0.30681407308080966
2012-03-17,0.0,0.0,,29.0,0.8211872,0.2616943564512788
2012-03-18,0.0,0.0,,25.0,0.70792,0.22559858314765416
2012-03-19,0.0,0.0,,21.0,0.5946528,0.18950280984402948
2012-03-20,0.0,0.0,,18.0,0.5097024,0.162430979866311
2012-03-21,0.0,0.0,,15.0,0.424752,0.1353591498885925
2012-03-22,0.0,0.0,,13.0,0.3681184,0.11731126323678016
2012-03-23,0.0,0.0,,11.0,0.3114848,0.09926337658496784
2012-03-24,0.0,0.12,,9.0,0.2548512,0.0812154899331555
2012-03-25,0.0,0.62,,7.8,0.22087104,0.0703867579420681
2012-03-26,0.0,0.49,,6.7,0.18972256,0.06046042028357132
2012-03-27,0.0,0.21,,5.8,0.16423743999999998,0.05233887129025576
2012-03-28,0.0,0.0,,5.1,0.14441568,0.04602211096212144
2012-03-29,0.0,0.0,,4.4,0.12459392000000001,0.039705350633987134
2012-03-30,0.0,0.0,,3.8,0.10760383999999999,0.03429098463844343
2012-03-31,0.2,0.46,,3.9,0.11043552,0.03519337897103405
2012-04-01,3.83,1.18,,3.5,0.0991088,0.03158380164067158
2012-04-02,0.0,0.0,,3.1,0.08778208,0.027974224310309114
2012-04-03,0.0,0.0,,3.2,0.09061376,0.028876618642899733
2012-04-04,6.84,6.38,,4.1,0.11609887999999999,0.03699816763621528
2012-04-05,7.07,3.91,,5.1,0.14441568,0.04602211096212144
2012-04-06,2.22,2.16,,4.5,0.1274256,0.04060774496657775
2012-04-07,0.0,0.68,,3.8,0.10760383999999999,0.03429098463844343
2012-04-08,0.0,0.0,,3.3,0.09344543999999999,0.029779012975490345
2012-04-09,0.0,0.0,,2.9,0.08211871999999999,0.02616943564512788
2012-04-10,0.0,0.0,,2.8,0.07928703999999999,0.025267041312537264
2012-04-11,0.0,0.0,,2.8,0.07928703999999999,0.025267041312537264
2012-04-12,0.0,0.0,,2.8,0.07928703999999999,0.025267041312537264
2012-04-13,0.0,0.0,,2.7,0.07645536,0.02436464697994665
2012-04-14,0.0,0.0,,2.8,0.07928703999999999,0.025267041312537264
2012-04-15,0.0,0.0,,2.7,0.07645536,0.02436464697994665
2012-04-16,0.0,0.0,,2.8,0.07928703999999999,0.025267041312537264
2012-04-17,0.0,0.0,,2.5,0.070792,0.022559858314765414
2012-04-18,0.0,0.0,,3.0,0.0849504,0.0270718299777185
2012-04-19,16.09,26.93,,3.0,0.0849504,0.0270718299777185
2012-04-20,0.0,0.0,,2.8,0.07928703999999999,0.025267041312537264
2012-04-21,0.0,0.0,,2.8,0.07928703999999999,0.025267041312537264
2012-04-22,9.8,5.09,,3.6,0.10194048,0.032486195973262195
2012-04-23,0.0,0.2,,3.4,0.09627712,0.030681407308080964
2012-04-24,0.0,0.99,,4.2,0.11893056,0.0379005619688059
2012-04-25,0.0,0.0,,3.9,0.11043552,0.03519337897103405
2012-04-26,0.0,0.0,,3.7,0.10477216,0.03338859030585282
2012-04-27,0.0,0.0,,3.4,0.09627712,0.030681407308080964
2012-04-28,0.0,0.0,,3.0,0.0849504,0.0270718299777185
2012-04-29,0.0,0.0,,2.8,0.07928703999999999,0.025267041312537264
2012-04-30,0.0,0.0,,2.9,0.08211871999999999,0.02616943564512788
2012-05-01,0.0,0.0,,3.1,0.08778208,0.027974224310309114
2012-05-02,0.0,0.0,,3.1,0.08778208,0.027974224310309114
2012-05-03,0.0,0.0,,2.9,0.08211871999999999,0.02616943564512788
2012-05-04,0.0,0.0,,2.9,0.08211871999999999,0.02616943564512788
2012-05-05,0.0,0.0,,3.0,0.0849504,0.0270718299777185
2012-05-06,0.0,0.0,,2.8,0.07928703999999999,0.025267041312537264
2012-05-07,6.38,2.02,,2.9,0.08211871999999999,0.02616943564512788
2012-05-08,8.46,6.98,,2.9,0.08211871999999999,0.02616943564512788
2012-05-09,2.98,1.66,,3.0,0.0849504,0.0270718299777185
2012-05-10,12.06,11.14,,3.0,0.0849504,0.0270718299777185
2012-05-11,0.0,0.0,,2.9,0.08211871999999999,0.02616943564512788
2012-05-12,0.0,0.0,,2.9,0.08211871999999999,0.02616943564512788
2012-05-13,11.43,0.0,,3.6,0.10194048,0.032486195973262195
2012-05-14,14.2,25.71,,5.1,0.14441568,0.04602211096212144
2012-05-15,9.51,6.85,,5.7,0.16140576,0.05143647695766515
2012-05-16,0.0,0.25,,5.6,0.15857407999999998,0.05053408262507453
2012-05-17,0.0,0.11,,3.4,0.09627712,0.030681407308080964
2012-05-18,0.0,0.01,,2.8,0.07928703999999999,0.025267041312537264
2012-05-19,0.0,0.0,,2.4,0.06796031999999999,0.021657463982174795
2012-05-20,0.0,0.0,,2.1,0.05946528,0.01895028098440295
2012-05-21,0.0,0.0,,1.7,0.04813856,0.015340703654040482
2012-05-22,7.88,0.07,,1.6,0.04530688,0.014438309321449867
2012-05-23,0.0,0.2,,1.7,0.04813856,0.015340703654040482
2012-05-24,0.0,0.02,,1.8,0.05097024,0.016243097986631098
2012-05-25,0.0,0.1,,1.7,0.04813856,0.015340703654040482
2012-05-26,0.0,0.0,,1.8,0.05097024,0.016243097986631098
2012-05-27,0.0,0.0,,1.9,0.053801919999999996,0.017145492319221713
2012-05-28,0.88,0.0,,2.1,0.05946528,0.01895028098440295
2012-05-29,12.13,4.91,,1.8,0.05097024,0.016243097986631098
2012-05-30,4.31,0.66,,1.6,0.04530688,0.014438309321449867
2012-05-31,0.0,2.04,,1.6,0.04530688,0.014438309321449867
2012-06-01,6.72,5.9,,1.6,0.04530688,0.014438309321449867
2012-06-02,5.5,1.14,,1.6,0.04530688,0.014438309321449867
2012-06-03,0.0,0.02,,1.3,0.03681184,0.011731126323678016
2012-06-04,0.0,0.0,,1.2,0.033980159999999995,0.010828731991087397
2012-06-05,0.0,0.0,,1.1,0.031148480000000003,0.009926337658496783
2012-06-06,2.04,1.27,,1.2,0.033980159999999995,0.010828731991087397
2012-06-07,22.87,10.75,,2.6,0.07362368,0.023462252647356033
2012-06-08,14.05,8.76,,3.3,0.09344543999999999,0.029779012975490345
2012-06-09,13.09,0.07,,4.4,0.12459392000000001,0.039705350633987134
2012-06-10,14.59,14.4,,7.1,0.20104928,0.06406999761393378
2012-06-11,0.0,10.19,,4.8,0.13592063999999998,0.04331492796434959
2012-06-12,0.0,5.18,,3.6,0.10194048,0.032486195973262195
2012-06-13,0.0,0.54,,3.4,0.09627712,0.030681407308080964
2012-06-14,0.0,1.67,,2.7,0.07645536,0.02436464697994665
2012-06-15,39.52,18.59,,2.0,0.0566336,0.018047886651812332
2012-06-16,0.0,10.68,,1.7,0.04813856,0.015340703654040482
2012-06-17,0.0,0.0,,1.1,0.031148480000000003,0.009926337658496783
2012-06-18,0.0,0.0,,0.81,0.022936608,0.007309394093983995
2012-06-19,0.0,0.0,,0.71,0.020104927999999998,0.006406999761393377
2012-06-20,0.0,0.0,,0.61,0.017273247999999998,0.005504605428802761
2012-06-21,0.0,0.0,,0.56,0.015857408,0.005053408262507453
2012-06-22,0.0,0.23,,0.57,0.016140575999999997,0.005143647695766514
2012-06-23,0.0,0.27,,0.58,0.016423743999999997,0.005233887129025575
2012-06-24,27.21,0.25,,3.8,0.10760383999999999,0.03429098463844343
2012-06-25,85.68,52.38,,859.0,24.3241312,7.7515673169533965
2012-06-26,87.38,88.59,,11700.0,331.30656,105.58013691310214
2012-06-27,0.0,28.09,,6800.0,192.55424,61.36281461616193
2012-06-28,0.0,0.0,,3750.0,106.188,33.839787472148124
2012-06-29,0.0,0.0,,2570.0,72.774176,23.19153434757885
2012-06-30,0.0,0.0,,1550.0,43.89104,13.987112155154557
2012-07-01,0.0,0.0,,912.0,25.8249216,8.229836313226423
2012-07-02,0.0,0.0,,562.0,15.9140416,5.071456149159265
2012-07-03,0.0,1.13,,397.0,11.2417696,3.582505500384748
2012-07-04,0.0,6.75,,304.0,8.6083072,2.7432787710754747
2012-07-05,10.09,4.48,,357.0,10.1090976,3.2215477673485013
2012-07-06,0.0,1.18,,296.0,8.3817728,2.6710872244682253
2012-07-07,0.0,0.0,,242.0,6.8526656,2.1837942848692924
2012-07-08,0.0,4.53,,199.0,5.6350432,1.7957647218553272
2012-07-09,0.0,0.0,,164.0,4.6439552,1.4799267054486112
2012-07-10,5.63,2.33,,138.0,3.9077184,1.245304178975051
2012-07-11,5.04,4.47,,117.0,3.3130656,1.0558013691310215
2012-07-12,2.59,3.32,,101.0,2.8599968,0.9114182759165227
2012-07-13,5.49,1.1,,93.0,2.6334624,0.8392267293092734
2012-07-14,0.0,0.22,,83.0,2.3502944,0.7489872960502119
2012-07-15,0.0,0.04,,75.0,2.12376,0.6767957494429624
2012-07-16,0.0,0.03,,66.0,1.8689088,0.595580259509807
2012-07-17,1.7,0.2,,58.0,1.6423744,0.5233887129025576
2012-07-18,20.28,17.23,,56.0,1.5857408,0.5053408262507453
2012-07-19,8.01,2.48,,53.0,1.5007904,0.4782689962730268
2012-07-20,7.52,2.21,,62.0,1.7556416,0.5594844862061823
2012-07-21,0.0,1.47,,67.0,1.8972256,0.6046042028357131
2012-07-22,0.0,0.01,,70.0,1.982176,0.6316760328134317
2012-07-23,7.81,1.02,,74.0,2.0954432,0.6677718061170563
2012-07-24,5.47,1.25,,73.0,2.0671264,0.65874786279115
2012-07-25,0.0,0.0,,71.0,2.0104928,0.6406999761393378
2012-07-26,6.69,0.76,,67.0,1.8972256,0.6046042028357131
2012-07-27,15.77,2.07,,61.0,1.7273247999999999,0.5504605428802761
2012-07-28,0.0,4.81,,55.0,1.557424,0.4963168829248391
2012-07-29,0.0,1.54,,61.0,1.7273247999999999,0.5504605428802761
2012-07-30,7.46,1.0,,77.0,2.1803936,0.6948436360947748
2012-07-31,9.21,2.92,,157.0,4.4457376,1.416759102167268
2012-08-01,13.08,30.81,,239.0,6.7677152,2.1567224548915735
2012-08-02,2.28,0.03,,292.0,8.2685056,2.6349914511646
2012-08-03,4.98,1.35,,262.0,7.4190016,2.3642731513874153
2012-08-04,3.51,0.04,,286.0,8.0986048,2.580847791209164
2012-08-05,12.35,0.0,,437.0,12.374441599999999,3.9434632334209945
2012-08-06,20.35,3.82,,503.0,14.2433504,4.5390434929308014
2012-08-07,14.25,31.11,,442.0,12.516025599999999,3.9885829500505254
2012-08-08,9.56,23.23,,452.0,12.7991936,4.078822383309587
2012-08-09,15.63,6.22,,531.0,15.0362208,4.791713906056175
2012-08-10,13.97,7.53,,587.0,16.6219616,5.297054732306919
2012-08-11,14.88,13.63,,669.0,18.9439392,6.037018085031225
2012-08-12,2.0,7.21,,726.0,20.557996799999998,6.551382854607876
2012-08-13,0.0,0.01,,645.0,18.264336,5.820443445209477
2012-08-14,0.0,0.93,,509.0,14.4132512,4.593187152886238
2012-08-15,16.34,19.63,,402.0,11.3833536,3.6276252170142786
2012-08-16,8.32,4.94,,339.0,9.5993952,3.0591167874821905
2012-08-17,12.84,0.43,,301.0,8.5233568,2.7162069410977563
2012-08-18,18.73,11.69,,272.0,7.7021695999999995,2.4545125846464773
2012-08-19,0.37,1.34,,254.0,7.1924672,2.2920816047801664
2012-08-20,25.91,3.48,,344.0,9.7409792,3.104236504111721
2012-08-21,39.95,47.56,,700.0,19.82176,6.3167603281343165
2012-08-22,6.52,2.0,,925.0,26.19304,8.347147576463204
2012-08-23,11.41,1.04,,962.0,27.2407616,8.681033479521732
2012-08-24,16.23,1.94,,772.0,21.860569599999998,6.96648424759956
2012-08-25,0.0,8.3,,575.0,16.28216,5.188767412396046
2012-08-26,0.0,0.0,,428.0,12.1195904,3.8622477434878393
2012-08-27,0.0,0.0,,320.0,9.061376,2.887661864289973
2012-08-28,3.0,1.33,,256.0,7.2491008,2.3101294914319785
2012-08-29,6.79,0.8,,221.0,6.2580127999999995,1.9942914750252627
2012-08-30,13.58,12.8,,228.0,6.4562304,2.057459078306606
2012-08-31,0.0,2.31,,227.0,6.4279136,2.0484351349807
2012-09-01,0.0,0.32,,377.0,10.6754336,3.4020266338666247
2012-09-02,0.0,0.1,,421.0,11.9213728,3.799080140206496
2012-09-03,0.0,0.0,,432.0,12.232857599999999,3.8983435167914635
2012-09-04,0.0,5.31,,336.0,9.5144448,3.0320449575044717
2012-09-05,17.53,5.02,,263.0,7.4473184,2.373297094713322
2012-09-06,20.62,13.15,,220.0,6.229696,1.9852675316993564
2012-09-07,0.0,0.0,,193.0,5.4651423999999995,1.74162106189989
2012-09-08,0.0,0.62,,217.0,6.1447456,1.9581957017216383
2012-09-09,24.87,7.01,,255.0,7.220784,2.3011055481060723
2012-09-10,0.0,0.62,,274.0,7.7588032,2.4725604712982894
2012-09-11,0.0,0.0,,236.0,6.6827648,2.129650624913855
2012-09-12,0.0,0.0,,183.0,5.1819744,1.6513816286408283
2012-09-13,0.0,0.0,,149.0,4.2192032,1.3445675555600187
2012-09-14,0.0,0.0,,129.0,3.6528671999999998,1.1640886890418953
2012-09-15,0.0,0.0,,119.0,3.3696992,1.0738492557828339
2012-09-16,0.0,0.01,,111.0,3.1431648,1.0016577091755845
2012-09-17,0.0,0.54,,111.0,3.1431648,1.0016577091755845
2012-09-18,34.55,9.32,,479.0,13.5637472,4.322468853109053
2012-09-19,32.9,34.95,,877.0,24.8338336,7.913998296819708
2012-09-20,0.0,0.5,,936.0,26.5045248,8.446410953048172
2012-09-21,0.0,1.86,,748.0,21.1809664,6.749909607777812
2012-09-22,0.0,1.23,,559.0,15.8290912,5.044384319181547
2012-09-23,0.0,0.0,,417.0,11.8081056,3.762984366902871
2012-09-24,0.0,0.0,,312.0,8.8348416,2.815470317682724
2012-09-25,0.0,0.0,,235.0,6.6544479999999995,2.120626681587949
2012-09-26,0.0,0.0,,190.0,5.380192,1.7145492319221716
2012-09-27,0.0,0.0,,160.0,4.530688,1.4438309321449865
2012-09-28,0.0,0.0,,141.0,3.9926688,1.2723760089527696
2012-09-29,0.0,0.0,,131.0,3.7095008,1.1821365756937077
2012-09-30,15.56,15.65,,124.0,3.5112832,1.1189689724123646
2012-10-01,6.79,11.33,,95.0,2.690096,0.8572746159610858
2012-10-02,7.39,8.43,,91.0,2.5768288,0.8211788426574611
2012-10-03,0.0,3.84,,73.0,2.0671264,0.65874786279115
2012-10-04,16.26,1.72,,55.0,1.557424,0.4963168829248391
2012-10-05,0.0,8.02,,67.0,1.8972256,0.6046042028357131
2012-10-06,0.0,0.01,,75.0,2.12376,0.6767957494429624
2012-10-07,0.0,0.0,,66.0,1.8689088,0.595580259509807
2012-10-08,0.0,0.0,,75.0,2.12376,0.6767957494429624
2012-10-09,0.0,0.0,,70.0,1.982176,0.6316760328134317
2012-10-10,0.0,0.0,,66.0,1.8689088,0.595580259509807
2012-10-11,0.0,0.0,,62.0,1.7556416,0.5594844862061823
2012-10-12,0.0,0.0,,59.0,1.6706912,0.5324126562284638
2012-10-13,0.0,0.0,,56.0,1.5857408,0.5053408262507453
2012-10-14,0.0,0.0,,51.0,1.4441568,0.4602211096212145
2012-10-15,0.0,0.0,,45.0,1.274256,0.4060774496657775
2012-10-16,0.0,0.0,,38.0,1.0760384,0.34290984638443434
2012-10-17,0.0,0.0,,32.0,0.9061376,0.2887661864289973
2012-10-18,0.0,0.0,,26.0,0.7362368,0.23462252647356033
2012-10-19,3.59,1.81,,23.0,0.6512864,0.20755069649584185
2012-10-20,0.0,1.05,,21.0,0.5946528,0.18950280984402948
2012-10-21,0.0,0.0,,18.0,0.5097024,0.162430979866311
2012-10-22,0.0,0.0,,16.0,0.4530688,0.14438309321449866
2012-10-23,0.0,0.0,,14.0,0.3964352,0.12633520656268632
2012-10-24,0.0,0.0,,12.0,0.3398016,0.108287319910874
2012-10-25,0.0,0.0,,10.0,0.283168,0.09023943325906165
2012-10-26,0.0,0.0,,9.3,0.26334624,0.08392267293092735
2012-10-27,0.0,0.0,,8.2,0.23219775999999998,0.07399633527243056
2012-10-28,0.0,0.0,,6.6,0.18689087999999998,0.05955802595098069
2012-10-29,0.0,0.0,,6.2,0.17556416,0.05594844862061823
2012-10-30,0.0,0.0,,5.9,0.16706912000000002,0.05324126562284639
2012-10-31,0.0,0.0,,5.3,0.15007904,0.04782689962730268
2012-11-01,0.77,0.0,,4.8,0.13592063999999998,0.04331492796434959
2012-11-02,0.0,0.45,,4.2,0.11893056,0.0379005619688059
2012-11-03,0.0,0.0,,3.9,0.11043552,0.03519337897103405
2012-11-04,0.0,0.0,,3.8,0.10760383999999999,0.03429098463844343
2012-11-05,0.0,0.0,,3.7,0.10477216,0.03338859030585282
2012-11-06,5.2,0.0,,3.6,0.10194048,0.032486195973262195
2012-11-07,0.0,4.96,,3.2,0.09061376,0.028876618642899733
2012-11-08,0.0,0.0,,3.0,0.0849504,0.0270718299777185
2012-11-09,0.0,0.0,,2.9,0.08211871999999999,0.02616943564512788
2012-11-10,0.0,0.0,,2.7,0.07645536,0.02436464697994665
2012-11-11,0.0,0.0,,2.5,0.070792,0.022559858314765414
2012-11-12,0.0,0.0,,2.4,0.06796031999999999,0.021657463982174795
2012-11-13,0.0,0.0,,2.4,0.06796031999999999,0.021657463982174795
2012-11-14,0.0,0.0,,2.4,0.06796031999999999,0.021657463982174795
2012-11-15,0.0,0.0,,2.4,0.06796031999999999,0.021657463982174795
2012-11-16,0.0,0.0,,2.2,0.062296960000000005,0.019852675316993567
2012-11-17,0.0,0.0,,2.1,0.05946528,0.01895028098440295
2012-11-18,0.0,0.0,,2.1,0.05946528,0.01895028098440295
2012-11-19,0.0,0.0,,1.9,0.053801919999999996,0.017145492319221713
2012-11-20,0.0,0.0,,1.8,0.05097024,0.016243097986631098
2012-11-21,0.0,0.0,,1.7,0.04813856,0.015340703654040482
2012-11-22,0.0,0.0,,1.6,0.04530688,0.014438309321449867
2012-11-23,0.0,0.0,,1.6,0.04530688,0.014438309321449867
2012-11-24,0.0,0.0,,1.4,0.039643519999999995,0.012633520656268632
2012-11-25,0.0,0.0,,1.3,0.03681184,0.011731126323678016
2012-11-26,0.0,0.0,,1.3,0.03681184,0.011731126323678016
2012-11-27,0.0,0.0,,1.3,0.03681184,0.011731126323678016
2012-11-28,5.11,1.81,,1.4,0.039643519999999995,0.012633520656268632
2012-11-29,0.0,0.02,,1.4,0.039643519999999995,0.012633520656268632
2012-11-30,0.0,0.0,,1.4,0.039643519999999995,0.012633520656268632
2012-12-01,0.0,0.0,,1.4,0.039643519999999995,0.012633520656268632
2012-12-02,0.0,0.0,,1.4,0.039643519999999995,0.012633520656268632
2012-12-03,0.0,0.0,,1.3,0.03681184,0.011731126323678016
2012-12-04,0.0,0.0,,1.3,0.03681184,0.011731126323678016
2012-12-05,0.0,0.0,,1.3,0.03681184,0.011731126323678016
2012-12-06,0.0,0.0,,1.2,0.033980159999999995,0.010828731991087397
2012-12-07,0.0,0.0,,1.1,0.031148480000000003,0.009926337658496783
2012-12-08,0.0,0.0,,1.1,0.031148480000000003,0.009926337658496783
2012-12-09,0.0,0.0,,1.1,0.031148480000000003,0.009926337658496783
2012-12-10,0.0,0.0,,1.1,0.031148480000000003,0.009926337658496783
2012-12-11,0.0,0.15,,1.1,0.031148480000000003,0.009926337658496783
2012-12-12,10.03,5.47,,1.4,0.039643519999999995,0.012633520656268632
2012-12-13,15.73,21.67,,2.3,0.06512863999999999,0.02075506964958418
2012-12-14,0.0,0.02,,2.3,0.06512863999999999,0.02075506964958418
2012-12-15,0.0,0.0,,2.6,0.07362368,0.023462252647356033
2012-12-16,0.0,0.0,,2.1,0.05946528,0.01895028098440295
2012-12-17,9.62,0.0,,1.9,0.053801919999999996,0.017145492319221713
2012-12-18,6.21,12.5,,1.9,0.053801919999999996,0.017145492319221713
2012-12-19,0.0,0.32,,1.8,0.05097024,0.016243097986631098
2012-12-20,0.0,0.0,,1.8,0.05097024,0.016243097986631098
2012-12-21,22.17,27.38,,5.1,0.14441568,0.04602211096212144
2012-12-22,0.0,0.04,,5.1,0.14441568,0.04602211096212144
2012-12-23,0.0,0.0,,4.6,0.13025727999999998,0.04151013929916836
2012-12-24,0.0,0.0,,3.7,0.10477216,0.03338859030585282
2012-12-25,7.45,4.69,,3.6,0.10194048,0.032486195973262195
2012-12-26,6.84,7.21,,4.4,0.12459392000000001,0.039705350633987134
2012-12-27,0.0,3.43,,6.2,0.17556416,0.05594844862061823
2012-12-28,0.0,0.0,,6.3,0.17839584,0.05685084295320885
2012-12-29,12.88,0.0,,9.1,0.25768288,0.08211788426574612
2012-12-30,0.0,13.14,,13.0,0.3681184,0.11731126323678016
2012-12-31,6.44,0.0,,12.0,0.3398016,0.108287319910874
2013-01-01,0.0,0.0,,11.0,0.3114848,0.09926337658496784
2013-01-02,0.0,20.07,,10.0,0.283168,0.09023943325906165
2013-01-03,3.8,8.87,,9.8,0.27750464,0.08843464459388044
2013-01-04,6.68,0.01,,11.0,0.3114848,0.09926337658496784
2013-01-05,0.0,0.0,,12.0,0.3398016,0.108287319910874
2013-01-06,2.0,1.95,,11.0,0.3114848,0.09926337658496784
2013-01-07,2.0,0.0,,11.0,0.3114848,0.09926337658496784
2013-01-08,0.0,0.04,,10.0,0.283168,0.09023943325906165
2013-01-09,0.0,0.98,,9.7,0.27467295999999997,0.0875322502612898
2013-01-10,0.0,0.34,,9.2,0.26051455999999995,0.08302027859833672
2013-01-11,0.0,0.0,,8.4,0.23786112,0.0758011239376118
2013-01-12,0.0,0.0,,7.6,0.21520767999999998,0.06858196927688685
2013-01-13,0.0,0.0,,7.0,0.1982176,0.06316760328134316
2013-01-14,0.0,0.0,,6.4,0.18122752,0.057753237285799466
2013-01-15,0.0,0.0,,5.7,0.16140576,0.05143647695766515
2013-01-16,0.0,0.0,,5.0,0.141584,0.04511971662953083
2013-01-17,1.0,1.63,,4.5,0.1274256,0.04060774496657775
2013-01-18,0.0,0.0,,4.0,0.1132672,0.036095773303624665
2013-01-19,0.0,0.0,,3.7,0.10477216,0.03338859030585282
2013-01-20,0.0,0.0,,3.3,0.09344543999999999,0.029779012975490345
2013-01-21,0.0,0.0,,3.1,0.08778208,0.027974224310309114
2013-01-22,0.0,0.0,,2.9,0.08211871999999999,0.02616943564512788
2013-01-23,0.0,0.0,,2.7,0.07645536,0.02436464697994665
2013-01-24,0.0,0.0,,2.5,0.070792,0.022559858314765414
2013-01-25,0.0,0.0,,2.2,0.062296960000000005,0.019852675316993567
2013-01-26,0.0,0.0,,2.0,0.0566336,0.018047886651812332
2013-01-27,0.0,0.0,,1.9,0.053801919999999996,0.017145492319221713
2013-01-28,0.0,0.0,,1.7,0.04813856,0.015340703654040482
2013-01-29,0.0,0.0,,1.5,0.0424752,0.01353591498885925
2013-01-30,0.0,0.02,,1.8,0.05097024,0.016243097986631098
2013-01-31,15.84,14.9,,4.0,0.1132672,0.036095773303624665
2013-02-01,0.0,0.0,,3.5,0.0991088,0.03158380164067158
2013-02-02,0.0,0.0,,3.9,0.11043552,0.03519337897103405
2013-02-03,0.0,0.0,,3.7,0.10477216,0.03338859030585282
2013-02-04,0.0,0.0,,3.5,0.0991088,0.03158380164067158
2013-02-05,1.9,4.1,,3.5,0.0991088,0.03158380164067158
2013-02-06,4.54,0.31,,3.4,0.09627712,0.030681407308080964
2013-02-07,6.7,11.32,,3.4,0.09627712,0.030681407308080964
2013-02-08,14.7,0.0,,3.7,0.10477216,0.03338859030585282
2013-02-09,0.0,0.01,,3.6,0.10194048,0.032486195973262195
2013-02-10,0.0,0.0,,3.7,0.10477216,0.03338859030585282
2013-02-11,0.0,0.35,,3.7,0.10477216,0.03338859030585282
2013-02-12,7.76,33.97,,3.6,0.10194048,0.032486195973262195
2013-02-13,3.61,3.72,,3.6,0.10194048,0.032486195973262195
2013-02-14,3.51,3.48,,3.8,0.10760383999999999,0.03429098463844343
2013-02-15,0.0,0.0,,3.9,0.11043552,0.03519337897103405
2013-02-16,0.0,0.0,,3.7,0.10477216,0.03338859030585282
2013-02-17,0.0,0.0,,3.5,0.0991088,0.03158380164067158
2013-02-18,0.0,0.0,,3.6,0.10194048,0.032486195973262195
2013-02-19,0.0,5.96,,3.6,0.10194048,0.032486195973262195
2013-02-20,0.0,0.0,,3.8,0.10760383999999999,0.03429098463844343
2013-02-21,0.0,0.0,,3.7,0.10477216,0.03338859030585282
2013-02-22,0.0,62.35,,13.0,0.3681184,0.11731126323678016
2013-02-23,62.38,47.53,,174.0,4.9271232,1.5701661387076729
2013-02-24,16.95,18.93,,357.0,10.1090976,3.2215477673485013
2013-02-25,69.38,41.19,,664.0,18.8023552,5.991898368401695
2013-02-26,70.28,68.95,,1550.0,43.89104,13.987112155154557
2013-02-27,0.0,0.0,,2880.0,81.552384,25.98895677860976
2013-02-28,0.0,0.0,,2540.0,71.924672,22.92081604780166
2013-03-01,0.0,0.0,,1960.0,55.500928,17.686928918776086
2013-03-02,0.0,0.0,,1440.0,40.776192,12.99447838930488
2013-03-03,0.0,0.0,,968.0,27.4106624,8.73517713947717
2013-03-04,0.0,0.0,,677.0,19.1704736,6.109209631638475
2013-03-05,0.0,0.0,,520.0,14.724736,4.692450529471206
2013-03-06,0.0,1.55,,403.0,11.4116704,3.636649160340185
2013-03-07,0.0,0.0,,320.0,9.061376,2.887661864289973
2013-03-08,0.0,0.0,,259.0,7.3340512,2.337201321409697
2013-03-09,0.0,0.0,,213.0,6.0314784,1.9220999284180136
2013-03-10,0.0,0.0,,177.0,5.0120736,1.5972379686853915
2013-03-11,0.0,0.28,,148.0,4.1908864,1.3355436122341127
2013-03-12,17.99,16.14,,153.0,4.3324704,1.3806633288636434
2013-03-13,0.0,0.0,,170.0,4.813856,1.5340703654040484
2013-03-14,0.0,0.0,,161.0,4.5590048,1.452854875470893
2013-03-15,0.0,0.0,,142.0,4.0209856,1.2813999522786756
2013-03-16,0.0,0.0,,125.0,3.5396,1.1279929157382709
2013-03-17,0.0,9.35,,112.0,3.1714816,1.0106816525014906
2013-03-18,9.13,5.69,,121.0,3.4263328,1.0918971424346462
2013-03-19,9.87,21.26,,160.0,4.530688,1.4438309321449865
2013-03-20,0.0,0.4,,213.0,6.0314784,1.9220999284180136
2013-03-21,0.0,0.0,,226.0,6.3995968,2.0394111916547937
2013-03-22,0.0,0.0,,203.0,5.7483104,1.8318604951589519
2013-03-23,0.0,40.91,,219.0,6.2013792,1.9762435883734504
2013-03-24,43.07,17.24,,708.0,20.0482944,6.388951874741566
2013-03-25,0.0,0.02,,1290.0,36.528672,11.640886890418955
2013-03-26,0.0,0.0,,1400.0,39.64352,12.633520656268633
2013-03-27,0.0,0.0,,1110.0,31.431648,10.016577091755844
2013-03-28,0.0,0.0,,804.0,22.7667072,7.255250434028557
2013-03-29,0.0,0.0,,592.0,16.7635456,5.342174448936451
2013-03-30,0.0,0.0,,438.0,12.4027584,3.9524871767469008
2013-03-31,0.0,0.44,,330.0,9.344543999999999,2.9779012975490344
2013-04-01,0.0,0.09,,273.0,7.7304864,2.4635365279723835
2013-04-02,0.0,0.0,,223.0,6.3146464,2.0123393616770753
2013-04-03,0.0,4.72,,180.0,5.097024,1.62430979866311
2013-04-04,8.02,2.54,,165.0,4.6722719999999995,1.4889506487745172
2013-04-05,2.14,0.23,,150.0,4.24752,1.3535914988859248
2013-04-06,0.0,0.0,,132.0,3.7378176,1.191160519019614
2013-04-07,0.0,0.0,,111.0,3.1431648,1.0016577091755845
2013-04-08,0.0,0.0,,91.0,2.5768288,0.8211788426574611
2013-04-09,0.0,0.0,,81.0,2.2936608,0.7309394093983995
2013-04-10,0.0,0.0,,70.0,1.982176,0.6316760328134317
2013-04-11,0.0,0.69,,50.0,1.41584,0.4511971662953083
2013-04-12,4.67,3.7,,43.0,1.2176224,0.38802956301396513
2013-04-13,0.0,0.0,,38.0,1.0760384,0.34290984638443434
2013-04-14,0.0,34.46,,36.0,1.0194048,0.324861959732622
2013-04-15,41.81,1.43,,77.0,2.1803936,0.6948436360947748
2013-04-16,0.0,0.0,,110.0,3.114848,0.9926337658496782
2013-04-17,0.0,0.0,,115.0,3.2564319999999998,1.037753482479209
2013-04-18,0.0,0.0,,102.0,2.8883136,0.920442219242429
2013-04-19,0.0,14.46,,92.0,2.6051456,0.8302027859833674
2013-04-20,16.7,8.04,,129.0,3.6528671999999998,1.1640886890418953
2013-04-21,0.0,0.0,,127.0,3.5962336,1.1460408023900832
2013-04-22,11.16,13.97,,111.0,3.1431648,1.0016577091755845
2013-04-23,0.0,0.0,,97.0,2.7467296,0.8753225026128981
2013-04-24,0.0,0.0,,84.0,2.3786112,0.7580112393761179
2013-04-25,0.0,3.51,,72.0,2.0388096,0.649723919465244
2013-04-26,0.0,0.06,,63.0,1.7839584,0.5685084295320885
2013-04-27,0.0,0.0,,53.0,1.5007904,0.4782689962730268
2013-04-28,0.0,0.0,,44.0,1.2459392,0.39705350633987135
2013-04-29,0.0,23.65,,36.0,1.0194048,0.324861959732622
2013-04-30,11.69,0.39,,85.0,2.406928,0.7670351827020242
2013-05-01,1.35,3.45,,157.0,4.4457376,1.416759102167268
2013-05-02,3.08,2.44,,161.0,4.5590048,1.452854875470893
2013-05-03,8.43,3.02,,152.0,4.3041536,1.3716393855377373
2013-05-04,4.33,2.61,,145.0,4.105936,1.308471782256394
2013-05-05,0.0,2.12,,130.0,3.681184,1.1731126323678016
2013-05-06,0.0,0.0,,109.0,3.0865312,0.9836098225237722
2013-05-07,0.06,0.38,,90.0,2.548512,0.812154899331555
2013-05-08,0.0,0.0,,75.0,2.12376,0.6767957494429624
2013-05-09,0.0,0.0,,62.0,1.7556416,0.5594844862061823
2013-05-10,0.0,0.0,,51.0,1.4441568,0.4602211096212145
2013-05-11,0.0,1.23,,42.0,1.1893056,0.37900561968805896
2013-05-12,6.27,0.06,,36.0,1.0194048,0.324861959732622
2013-05-13,0.0,0.0,,30.0,0.849504,0.270718299777185
2013-05-14,0.0,0.0,,24.0,0.6796032,0.216574639821748
2013-05-15,0.0,0.0,,19.0,0.5380192,0.17145492319221717
2013-05-16,0.0,0.0,,16.0,0.4530688,0.14438309321449866
2013-05-17,0.0,0.0,,13.0,0.3681184,0.11731126323678016
2013-05-18,0.0,0.63,,9.9,0.28033632,0.08933703892647106
2013-05-19,0.0,0.0,,9.0,0.2548512,0.0812154899331555
2013-05-20,0.0,0.09,,7.4,0.20954432,0.06677718061170564
2013-05-21,0.0,0.0,,6.1,0.17273248,0.05504605428802761
2013-05-22,0.0,0.0,,4.9,0.13875232,0.04421732229694022
2013-05-23,0.0,0.0,,4.2,0.11893056,0.0379005619688059
2013-05-24,0.0,0.0,,3.5,0.0991088,0.03158380164067158
2013-05-25,0.0,0.0,,2.9,0.08211871999999999,0.02616943564512788
2013-05-26,0.0,0.0,,2.7,0.07645536,0.02436464697994665
2013-05-27,0.0,0.0,,2.4,0.06796031999999999,0.021657463982174795
2013-05-28,0.0,0.0,,2.1,0.05946528,0.01895028098440295
2013-05-29,0.0,0.45,,2.0,0.0566336,0.018047886651812332
2013-05-30,0.0,0.8,,2.0,0.0566336,0.018047886651812332
2013-05-31,0.0,0.14,,1.9,0.053801919999999996,0.017145492319221713
2013-06-01,0.0,0.0,,1.8,0.05097024,0.016243097986631098
2013-06-02,0.0,7.27,,1.8,0.05097024,0.016243097986631098
2013-06-03,0.0,11.32,,2.0,0.0566336,0.018047886651812332
2013-06-04,16.0,11.45,,6.1,0.17273248,0.05504605428802761
2013-06-05,13.44,6.04,,6.0,0.1699008,0.054143659955437
2013-06-06,27.07,29.37,,10.0,0.283168,0.09023943325906165
2013-06-07,33.51,0.51,,20.0,0.566336,0.1804788665181233
2013-06-08,0.08,0.0,,25.0,0.70792,0.22559858314765416
2013-06-09,0.0,0.92,,20.0,0.566336,0.1804788665181233
2013-06-10,1.77,4.28,,17.0,0.48138559999999997,0.15340703654040483
2013-06-11,4.0,2.48,,16.0,0.4530688,0.14438309321449866
2013-06-12,0.0,0.02,,38.0,1.0760384,0.34290984638443434
2013-06-13,0.0,0.0,,39.0,1.1043552,0.3519337897103405
2013-06-14,0.0,0.0,,25.0,0.70792,0.22559858314765416
2013-06-15,0.0,0.0,,19.0,0.5380192,0.17145492319221717
2013-06-16,0.0,0.5,,15.0,0.424752,0.1353591498885925
2013-06-17,0.0,0.03,,13.0,0.3681184,0.11731126323678016
2013-06-18,0.0,0.52,,12.0,0.3398016,0.108287319910874
2013-06-19,2.64,0.06,,12.0,0.3398016,0.108287319910874
2013-06-20,3.28,10.41,,13.0,0.3681184,0.11731126323678016
2013-06-21,12.6,1.92,,20.0,0.566336,0.1804788665181233
2013-06-22,6.87,4.48,,33.0,0.9344544,0.2977901297549035
2013-06-23,0.0,6.31,,39.0,1.1043552,0.3519337897103405
2013-06-24,0.0,19.28,,42.0,1.1893056,0.37900561968805896
2013-06-25,8.48,0.19,,45.0,1.274256,0.4060774496657775
2013-06-26,0.0,0.0,,51.0,1.4441568,0.4602211096212145
2013-06-27,0.0,0.02,,50.0,1.41584,0.4511971662953083
2013-06-28,7.0,2.07,,54.0,1.5291071999999999,0.48729293959893294
2013-06-29,16.55,38.27,,54.0,1.5291071999999999,0.48729293959893294
2013-06-30,12.71,8.71,,75.0,2.12376,0.6767957494429624
2013-07-01,15.01,7.12,,135.0,3.822768,1.2182323489973323
2013-07-02,13.69,13.37,,170.0,4.813856,1.5340703654040484
2013-07-03,43.87,47.1,,621.0,17.5847328,5.60386880538773
2013-07-04,34.86,38.6,,1310.0,37.095008,11.821365756937078
2013-07-05,28.88,13.03,,1940.0,54.934592,17.506450052257964
2013-07-06,21.11,17.59,,2640.0,74.75635199999999,23.823210380392275
2013-07-07,28.57,1.27,,3660.0,103.639488,33.02763257281657
2013-07-08,12.53,1.54,,3460.0,97.976128,31.222843907635337
2013-07-09,6.21,0.73,,2470.0,69.942496,22.289140014988234
2013-07-10,5.18,14.13,,1770.0,50.120736,15.972379686853914
2013-07-11,20.95,7.99,,1310.0,37.095008,11.821365756937078
2013-07-12,12.51,4.81,,1020.0,28.883136,9.204422192424289
2013-07-13,5.09,9.45,,910.0,25.768288,8.21178842657461
2013-07-14,6.03,11.91,,862.0,24.4090816,7.778639146931115
2013-07-15,4.42,9.33,,792.0,22.4269056,7.146963114117685
2013-07-16,0.0,1.57,,731.0,20.6995808,6.596502571237408
2013-07-17,3.48,0.0,,705.0,19.963344,6.361880044763847
2013-07-18,0.0,1.44,,659.0,18.6607712,5.9467786517721635
2013-07-19,3.89,8.35,,600.0,16.99008,5.414365995543699
2013-07-20,53.59,46.32,,647.0,18.3209696,5.83849133186129
2013-07-21,23.96,17.54,,787.0,22.2853216,7.101843397488153
2013-07-22,18.44,23.6,,780.0,22.087104,7.03867579420681
2013-07-23,20.64,6.79,,879.0,24.8904672,7.93204618347152
2013-07-24,13.66,11.82,,1040.0,29.449472,9.384901058942413
2013-07-25,25.0,25.21,,1250.0,35.396,11.279929157382709
2013-07-26,13.3,5.36,,1290.0,36.528672,11.640886890418955
2013-07-27,0.22,11.61,,1110.0,31.431648,10.016577091755844
2013-07-28,2.7,3.54,,904.0,25.5983872,8.157644766619175
2013-07-29,0.0,2.81,,888.0,25.1453184,8.013261673404676
2013-07-30,5.17,1.29,,730.0,20.671264,6.587478627911501
2013-07-31,0.0,5.24,,595.0,16.848496,5.3692462789141695
2013-08-01,9.33,2.21,,509.0,14.4132512,4.593187152886238
2013-08-02,0.0,0.0,,444.0,12.5726592,4.006630836702338
2013-08-03,0.0,0.69,,386.0,10.930284799999999,3.48324212379978
2013-08-04,0.0,0.29,,363.0,10.278998399999999,3.275691427303938
2013-08-05,0.0,3.77,,342.0,9.6843456,3.086188617459909
2013-08-06,0.0,0.0,,314.0,8.8914752,2.833518204334536
2013-08-07,2.3,2.56,,317.0,8.9764256,2.860590034312255
2013-08-08,10.18,2.18,,300.0,8.49504,2.7071829977718496
2013-08-09,0.0,15.74,,280.0,7.928704,2.5267041312537266
2013-08-10,2.94,5.17,,250.0,7.0792,2.2559858314765417
2013-08-11,0.0,8.98,,269.0,7.6172192,2.427440754668759
2013-08-12,0.0,0.0,,266.0,7.5322688,2.40036892469104
2013-08-13,0.0,6.03,,284.0,8.0419712,2.5627999045573513
2013-08-14,0.05,11.13,,258.0,7.3057343999999995,2.3281773780837907
2013-08-15,12.11,7.96,,244.0,6.9092991999999995,2.2018421715211045
2013-08-16,14.2,5.64,,243.0,6.8809824,2.1928182281951982
2013-08-17,36.32,52.98,,248.0,7.0225664,2.237937944824729
2013-08-18,20.38,19.88,,1010.0,28.599968,9.114182759165228
2013-08-19,33.77,10.73,,1860.0,52.669247999999996,16.78453458618547
2013-08-20,9.09,5.46,,1560.0,44.174208,14.07735158841362
2013-08-21,5.41,8.55,,1180.0,33.413824,10.648253124569276
2013-08-22,12.96,16.02,,908.0,25.7116544,8.1937405399228
2013-08-23,18.96,0.59,,842.0,23.8427456,7.598160280412992
2013-08-24,7.75,4.58,,737.0,20.8694816,6.6506462311928445
2013-08-25,0.0,2.33,,634.0,17.9528512,5.72118006862451
2013-08-26,0.0,0.0,,530.0,15.007904,4.782689962730268
2013-08-27,0.0,1.07,,409.0,11.581571199999999,3.6907928202956217
2013-08-28,0.0,1.45,,321.0,9.0896928,2.8966858076158792
2013-08-29,0.0,0.0,,255.0,7.220784,2.3011055481060723
2013-08-30,0.0,0.43,,201.0,5.6916768,1.8138126085071393
2013-08-31,13.23,20.07,,255.0,7.220784,2.3011055481060723
2013-09-01,2.4,1.65,,262.0,7.4190016,2.3642731513874153
2013-09-02,9.79,17.86,,220.0,6.229696,1.9852675316993564
2013-09-03,17.24,7.34,,272.0,7.7021695999999995,2.4545125846464773
2013-09-04,0.0,7.21,,227.0,6.4279136,2.0484351349807
2013-09-05,0.0,0.55,,219.0,6.2013792,1.9762435883734504
2013-09-06,0.0,0.0,,198.0,5.6067264,1.7867407785294211
2013-09-07,1.06,0.0,,170.0,4.813856,1.5340703654040484
2013-09-08,0.0,0.01,,155.0,4.389104,1.3987112155154557
2013-09-09,0.0,0.0,,127.0,3.5962336,1.1460408023900832
2013-09-10,0.0,0.01,,101.0,2.8599968,0.9114182759165227
2013-09-11,0.0,0.01,,82.0,2.3219776,0.7399633527243056
2013-09-12,0.0,0.0,,67.0,1.8972256,0.6046042028357131
2013-09-13,0.0,0.0,,54.0,1.5291071999999999,0.48729293959893294
2013-09-14,0.0,0.46,,44.0,1.2459392,0.39705350633987135
2013-09-15,0.0,4.2,,52.0,1.4724736,0.46924505294712066
2013-09-16,5.22,6.2,,42.0,1.1893056,0.37900561968805896
2013-09-17,0.0,1.19,,33.0,0.9344544,0.2977901297549035
2013-09-18,0.0,2.62,,29.0,0.8211872,0.2616943564512788
2013-09-19,0.0,0.0,,29.0,0.8211872,0.2616943564512788
2013-09-20,0.0,0.0,,27.0,0.7645535999999999,0.24364646979946647
2013-09-21,0.0,7.69,,25.0,0.70792,0.22559858314765416
2013-09-22,18.77,11.9,,37.0,1.0477216,0.33388590305852817
2013-09-23,19.48,9.34,,53.0,1.5007904,0.4782689962730268
2013-09-24,11.44,2.82,,60.0,1.699008,0.54143659955437
2013-09-25,22.39,22.66,,152.0,4.3041536,1.3716393855377373
2013-09-26,5.82,3.08,,259.0,7.3340512,2.337201321409697
2013-09-27,0.0,0.0,,284.0,8.0419712,2.5627999045573513
2013-09-28,0.0,0.0,,253.0,7.1641504,2.28305766145426
2013-09-29,0.0,0.0,,208.0,5.8898944,1.8769802117884826
2013-09-30,0.0,1.09,,167.0,4.7289056,1.5069985354263298
2013-10-01,1.05,0.0,,147.0,4.1625696,1.3265196689082066
2013-10-02,0.0,0.0,,129.0,3.6528671999999998,1.1640886890418953
2013-10-03,0.0,0.0,,108.0,3.0582143999999998,0.9745858791978659
2013-10-04,0.0,0.0,,91.0,2.5768288,0.8211788426574611
2013-10-05,0.0,0.0,,77.0,2.1803936,0.6948436360947748
2013-10-06,0.0,8.87,,66.0,1.8689088,0.595580259509807
2013-10-07,14.28,12.06,,70.0,1.982176,0.6316760328134317
2013-10-08,0.0,1.09,,90.0,2.548512,0.812154899331555
2013-10-09,0.0,0.0,,86.0,2.4352448,0.7760591260279303
2013-10-10,0.0,0.0,,75.0,2.12376,0.6767957494429624
2013-10-11,0.0,0.0,,62.0,1.7556416,0.5594844862061823
2013-10-12,0.0,0.0,,51.0,1.4441568,0.4602211096212145
2013-10-13,0.0,0.0,,41.0,1.1609888,0.3699816763621528
2013-10-14,0.0,0.0,,33.0,0.9344544,0.2977901297549035
2013-10-15,0.0,0.0,,27.0,0.7645535999999999,0.24364646979946647
2013-10-16,0.0,0.0,,23.0,0.6512864,0.20755069649584185
2013-10-17,0.0,0.01,,19.0,0.5380192,0.17145492319221717
2013-10-18,0.0,0.67,,16.0,0.4530688,0.14438309321449866
2013-10-19,0.6,1.96,,14.0,0.3964352,0.12633520656268632
2013-10-20,5.85,0.72,,14.0,0.3964352,0.12633520656268632
2013-10-21,0.0,1.83,,14.0,0.3964352,0.12633520656268632
2013-10-22,7.31,3.01,,13.0,0.3681184,0.11731126323678016
2013-10-23,5.25,0.17,,13.0,0.3681184,0.11731126323678016
2013-10-24,0.0,0.0,,12.0,0.3398016,0.108287319910874
2013-10-25,0.0,0.0,,10.0,0.283168,0.09023943325906165
2013-10-26,0.0,0.0,,9.2,0.26051455999999995,0.08302027859833672
2013-10-27,0.0,0.0,,8.1,0.22936608,0.07309394093983995
2013-10-28,0.0,0.0,,7.1,0.20104928,0.06406999761393378
2013-10-29,0.0,0.0,,6.3,0.17839584,0.05685084295320885
2013-10-30,0.0,0.0,,5.7,0.16140576,0.05143647695766515
2013-10-31,0.0,0.0,,5.2,0.14724736,0.046924505294712066
2013-11-01,0.0,10.78,,5.1,0.14441568,0.04602211096212144
2013-11-02,15.66,9.24,,6.9,0.19538592000000002,0.06226520894875255
2013-11-03,0.0,0.0,,12.0,0.3398016,0.108287319910874
2013-11-04,0.0,0.0,,22.0,0.6229696,0.19852675316993568
2013-11-05,0.0,0.0,,19.0,0.5380192,0.17145492319221717
2013-11-06,0.0,0.0,,15.0,0.424752,0.1353591498885925
2013-11-07,0.0,0.02,,12.0,0.3398016,0.108287319910874
2013-11-08,0.0,0.31,,10.0,0.283168,0.09023943325906165
2013-11-09,0.0,0.0,,8.6,0.24352448,0.07760591260279302
2013-11-10,0.0,0.0,,7.5,0.212376,0.06767957494429624
2013-11-11,0.0,0.0,,6.6,0.18689087999999998,0.05955802595098069
2013-11-12,0.0,0.0,,5.9,0.16706912000000002,0.05324126562284639
2013-11-13,0.0,0.0,,5.3,0.15007904,0.04782689962730268
2013-11-14,0.0,0.01,,5.0,0.141584,0.04511971662953083
2013-11-15,0.0,0.93,,4.9,0.13875232,0.04421732229694022
2013-11-16,8.55,0.01,,4.8,0.13592063999999998,0.04331492796434959
2013-11-17,3.18,4.01,,4.7,0.13308896,0.04241253363175898
2013-11-18,5.64,3.15,,6.4,0.18122752,0.057753237285799466
2013-11-19,8.45,0.66,,14.0,0.3964352,0.12633520656268632
2013-11-20,0.0,0.36,,21.0,0.5946528,0.18950280984402948
2013-11-21,0.0,0.9,,17.0,0.48138559999999997,0.15340703654040483
2013-11-22,0.0,0.0,,14.0,0.3964352,0.12633520656268632
2013-11-23,0.0,0.0,,12.0,0.3398016,0.108287319910874
2013-11-24,0.0,0.0,,11.0,0.3114848,0.09926337658496784
2013-11-25,0.0,0.0,,10.0,0.283168,0.09023943325906165
2013-11-26,51.06,66.62,,21.0,0.5946528,0.18950280984402948
2013-11-27,52.53,1.13,,120.0,3.398016,1.08287319910874
2013-11-28,0.0,0.0,,179.0,5.0687071999999995,1.6152858553372036
2013-11-29,0.0,0.0,,200.0,5.66336,1.8047886651812333
2013-11-30,0.0,0.0,,169.0,4.7855392,1.5250464220781421
2013-12-01,0.0,0.0,,136.0,3.8510847999999998,1.2272562923232386
2013-12-02,0.0,0.0,,112.0,3.1714816,1.0106816525014906
2013-12-03,0.0,0.0,,95.0,2.690096,0.8572746159610858
2013-12-04,0.0,0.86,,83.0,2.3502944,0.7489872960502119
2013-12-05,0.0,0.0,,74.0,2.0954432,0.6677718061170563
2013-12-06,0.0,0.0,,66.0,1.8689088,0.595580259509807
2013-12-07,0.0,4.52,,61.0,1.7273247999999999,0.5504605428802761
2013-12-08,0.23,0.7,,61.0,1.7273247999999999,0.5504605428802761
2013-12-09,1.0,0.67,,59.0,1.6706912,0.5324126562284638
2013-12-10,8.71,7.76,,57.0,1.6140576,0.5143647695766514
2013-12-11,0.0,0.15,,55.0,1.557424,0.4963168829248391
2013-12-12,0.0,0.0,,54.0,1.5291071999999999,0.48729293959893294
2013-12-13,0.0,0.0,,50.0,1.41584,0.4511971662953083
2013-12-14,0.0,37.82,,57.0,1.6140576,0.5143647695766514
2013-12-15,26.58,5.05,,205.0,5.804944,1.849908381810764
2013-12-16,0.0,0.0,,294.0,8.3251392,2.653039337816413
2013-12-17,0.0,0.0,,317.0,8.9764256,2.860590034312255
2013-12-18,0.0,0.0,,283.0,8.0136544,2.553775961231445
2013-12-19,0.0,0.0,,242.0,6.8526656,2.1837942848692924
2013-12-20,0.0,0.0,,206.0,5.8332608,1.8589323251366703
2013-12-21,0.0,0.0,,177.0,5.0120736,1.5972379686853915
2013-12-22,0.0,0.03,,156.0,4.4174208,1.407735158841362
2013-12-23,18.92,31.68,,156.0,4.4174208,1.407735158841362
2013-12-24,18.96,0.08,,231.0,6.5411808,2.0845309082843246
2013-12-25,0.0,0.0,,253.0,7.1641504,2.28305766145426
2013-12-26,0.0,0.83,,251.0,7.1075168,2.2650097748024476
2013-12-27,8.08,0.01,,230.0,6.5128639999999995,2.075506964958418
2013-12-28,7.8,0.0,,206.0,5.8332608,1.8589323251366703
2013-12-29,34.86,33.74,,444.0,12.5726592,4.006630836702338
2013-12-30,0.0,0.0,,580.0,16.423744,5.233887129025576
2013-12-31,0.0,0.0,,544.0,15.404339199999999,4.9090251692929545
2014-01-01,0.0,5.11,,466.0,13.1956288,4.2051575898722735
2014-01-02,12.96,18.5,,424.0,12.0063232,3.8261519701842146
2014-01-03,7.63,0.0,,446.0,12.6292928,4.0246787233541506
2014-01-04,0.0,0.0,,411.0,11.6382048,3.7088407069474347
2014-01-05,0.0,0.43,,366.0,10.3639488,3.3027632572816565
2014-01-06,2.2,2.82,,321.0,9.0896928,2.8966858076158792
2014-01-07,0.0,0.0,,276.0,7.8154368,2.490608357950102
2014-01-08,0.0,0.0,,236.0,6.6827648,2.129650624913855
2014-01-09,0.0,1.28,,205.0,5.804944,1.849908381810764
2014-01-10,13.46,5.33,,205.0,5.804944,1.849908381810764
2014-01-11,11.98,25.65,,299.0,8.4667232,2.6981590544459437
2014-01-12,32.4,0.0,,635.0,17.981168,5.730204011950415
2014-01-13,0.0,7.57,,672.0,19.0288896,6.064089915008943
2014-01-14,24.51,23.04,,838.0,23.7294784,7.562064507109368
2014-01-15,0.0,0.0,,908.0,25.7116544,8.1937405399228
2014-01-16,0.0,0.0,,822.0,23.2764096,7.4176814138948695
2014-01-17,0.0,0.0,,669.0,18.9439392,6.037018085031225
2014-01-18,0.0,0.0,,540.0,15.291072,4.872929395989329
2014-01-19,0.0,2.96,,442.0,12.516025599999999,3.9885829500505254
2014-01-20,0.0,0.01,,382.0,10.8170176,3.4471463504961557
2014-01-21,0.0,1.32,,329.0,9.3162272,2.9688773542231286
2014-01-22,0.0,0.0,,285.0,8.070288,2.571823847883257
2014-01-23,0.0,0.0,,243.0,6.8809824,2.1928182281951982
2014-01-24,0.0,0.0,,207.0,5.8615775999999995,1.8679562684625763
2014-01-25,0.0,0.0,,177.0,5.0120736,1.5972379686853915
2014-01-26,0.0,0.0,,154.0,4.3607872,1.3896872721895497
2014-01-27,0.0,0.09,,136.0,3.8510847999999998,1.2272562923232386
2014-01-28,5.0,4.71,,121.0,3.4263328,1.0918971424346462
2014-01-29,10.96,12.62,,133.0,3.7661344,1.20018446234552
2014-01-30,5.39,0.19,,150.0,4.24752,1.3535914988859248
2014-01-31,0.0,0.01,,149.0,4.2192032,1.3445675555600187
2014-02-01,0.0,0.02,,141.0,3.9926688,1.2723760089527696
2014-02-02,0.0,0.04,,131.0,3.7095008,1.1821365756937077
2014-02-03,0.0,0.84,,122.0,3.4546495999999998,1.1009210857605523
2014-02-04,0.0,0.45,,114.0,3.2281152,1.028729539153303
2014-02-05,7.3,5.12,,112.0,3.1714816,1.0106816525014906
2014-02-06,3.57,3.09,,114.0,3.2281152,1.028729539153303
2014-02-07,6.52,1.29,,129.0,3.6528671999999998,1.1640886890418953
2014-02-08,3.2,3.23,,124.0,3.5112832,1.1189689724123646
2014-02-09,0.0,0.0,,117.0,3.3130656,1.0558013691310215
2014-02-10,0.0,0.0,,109.0,3.0865312,0.9836098225237722
2014-02-11,0.0,0.0,,100.0,2.83168,0.9023943325906166
2014-02-12,12.66,28.69,,120.0,3.398016,1.08287319910874
2014-02-13,28.0,0.88,,242.0,6.8526656,2.1837942848692924
2014-02-14,0.0,0.0,,270.0,7.645536,2.4364646979946647
2014-02-15,2.04,0.75,,269.0,7.6172192,2.427440754668759
2014-02-16,0.0,0.0,,243.0,6.8809824,2.1928182281951982
2014-02-17,0.0,0.0,,212.0,6.0031616,1.9130759850921073
2014-02-18,0.0,0.0,,184.0,5.2102912,1.6604055719667348
2014-02-19,0.0,0.0,,160.0,4.530688,1.4438309321449865
2014-02-20,0.0,0.0,,140.0,3.964352,1.2633520656268633
2014-02-21,0.0,31.81,,161.0,4.5590048,1.452854875470893
2014-02-22,33.28,0.0,,271.0,7.6738528,2.445488641320571
2014-02-23,17.47,25.07,,339.0,9.5993952,3.0591167874821905
2014-02-24,29.68,3.85,,518.0,14.6681024,4.674402642819394
2014-02-25,0.0,0.0,,590.0,16.706912,5.324126562284638
2014-02-26,15.6,17.85,,587.0,16.6219616,5.297054732306919
2014-02-27,15.72,0.02,,632.0,17.8962176,5.7031321819726974
2014-02-28,0.0,0.0,,575.0,16.28216,5.188767412396046
2014-03-01,0.0,0.0,,485.0,13.733648,4.376612513064491
2014-03-02,0.0,0.0,,397.0,11.2417696,3.582505500384748
2014-03-03,0.0,0.04,,330.0,9.344543999999999,2.9779012975490344
2014-03-04,0.0,0.01,,276.0,7.8154368,2.490608357950102
2014-03-05,1.71,5.96,,231.0,6.5411808,2.0845309082843246
2014-03-06,17.86,25.82,,228.0,6.4562304,2.057459078306606
2014-03-07,20.06,19.58,,369.0,10.4488992,3.3298350872593754
2014-03-08,0.0,0.0,,513.0,14.5265184,4.629282926189863
2014-03-09,0.0,0.0,,536.0,15.1778048,4.836833622685705
2014-03-10,0.0,0.0,,468.0,13.2522624,4.223205476524086
2014-03-11,0.0,0.0,,391.0,11.0718688,3.5283618404293113
2014-03-12,11.57,10.69,,358.0,10.137414399999999,3.230571710674407
2014-03-13,0.0,0.0,,332.0,9.4011776,2.9959491842008474
2014-03-14,0.0,0.0,,290.0,8.211872,2.616943564512788
2014-03-15,0.0,0.0,,247.0,6.9942496,2.228914001498823
2014-03-16,0.0,68.31,,306.0,8.6649408,2.761326657727287
2014-03-17,82.19,52.51,,1640.0,46.439552,14.799267054486112
2014-03-18,33.25,18.56,,2930.0,82.96822399999999,26.440153944905067
2014-03-19,0.0,0.0,,3000.0,84.9504,27.0718299777185
2014-03-20,0.0,0.0,,2350.0,66.54448,21.206266815879488
2014-03-21,0.0,0.0,,1660.0,47.005888,14.979745921004236
2014-03-22,0.0,0.0,,1100.0,31.14848,9.926337658496783
2014-03-23,0.0,6.26,,723.0,20.4730464,6.524311024630158
2014-03-24,1.44,0.01,,523.0,14.8096864,4.719522359448925
2014-03-25,0.0,0.0,,392.0,11.1001856,3.537385783755217
2014-03-26,0.0,0.0,,299.0,8.4667232,2.6981590544459437
2014-03-27,0.0,0.0,,233.0,6.5978144,2.1025787949361368
2014-03-28,0.0,28.05,,191.0,5.4085088,1.7235731752480778
2014-03-29,30.3,9.57,,270.0,7.645536,2.4364646979946647
2014-03-30,11.59,0.0,,350.0,9.91088,3.1583801640671583
2014-03-31,0.0,13.68,,406.0,11.4966208,3.6637209903179038
2014-04-01,0.0,0.0,,351.0,9.9391968,3.167404107393064
2014-04-02,0.0,0.0,,283.0,8.0136544,2.553775961231445
2014-04-03,0.0,0.0,,229.0,6.4845472,2.066483021632512
2014-04-04,0.0,0.0,,187.0,5.2952416,1.687477401944453
2014-04-05,0.0,1.31,,155.0,4.389104,1.3987112155154557
2014-04-06,2.55,1.78,,146.0,4.1342528,1.3174957255823
2014-04-07,11.19,20.37,,142.0,4.0209856,1.2813999522786756
2014-04-08,29.2,13.6,,215.0,6.088112,1.9401478150698257
2014-04-09,0.0,0.08,,290.0,8.211872,2.616943564512788
2014-04-10,0.0,0.0,,289.0,8.1835552,2.6079196211868823
2014-04-11,0.0,0.0,,247.0,6.9942496,2.228914001498823
2014-04-12,0.0,0.0,,204.0,5.7766272,1.840884438484858
2014-04-13,0.0,0.0,,167.0,4.7289056,1.5069985354263298
2014-04-14,0.0,0.0,,137.0,3.8794016,1.2362802356491447
2014-04-15,47.14,70.25,,353.0,9.9958304,3.1854519940448767
2014-04-16,14.56,0.0,,1010.0,28.599968,9.114182759165228
2014-04-17,0.0,0.36,,1280.0,36.245504,11.550647457159892
2014-04-18,43.13,70.71,,1290.0,36.528672,11.640886890418955
2014-04-19,30.7,0.66,,1760.0,49.837568,15.882140253594851
2014-04-20,0.0,0.0,,1830.0,51.819744,16.513816286408286
2014-04-21,0.0,0.0,,1500.0,42.4752,13.53591498885925
2014-04-22,0.0,0.0,,1060.0,30.015808,9.565379925460537
2014-04-23,0.0,0.0,,722.0,20.4447296,6.515287081304252
2014-04-24,0.0,0.0,,524.0,14.8380032,4.728546302774831
2014-04-25,0.0,0.0,,387.0,10.9586016,3.492266067125686
2014-04-26,0.0,0.0,,296.0,8.3817728,2.6710872244682253
2014-04-27,0.0,0.05,,230.0,6.5128639999999995,2.075506964958418
2014-04-28,0.0,0.0,,178.0,5.0403904,1.6062619120112975
2014-04-29,0.0,38.81,,220.0,6.229696,1.9852675316993564
2014-04-30,60.13,52.7,,706.0,19.9916608,6.370903988089753
2014-05-01,28.83,4.37,,1520.0,43.041536,13.716393855377373
2014-05-02,11.35,4.46,,1770.0,50.120736,15.972379686853914
2014-05-03,5.24,0.26,,1520.0,43.041536,13.716393855377373
2014-05-04,0.0,0.0,,1100.0,31.14848,9.926337658496783
2014-05-05,0.0,0.0,,747.0,21.1526496,6.740885664451906
2014-05-06,0.0,0.0,,528.0,14.9512704,4.764642076078456
2014-05-07,0.0,0.0,,376.0,10.6471168,3.3930026905407185
2014-05-08,0.0,0.0,,277.0,7.8437536,2.499632301276008
2014-05-09,0.0,0.0,,208.0,5.8898944,1.8769802117884826
2014-05-10,0.0,0.01,,157.0,4.4457376,1.416759102167268
2014-05-11,0.0,4.66,,120.0,3.398016,1.08287319910874
2014-05-12,0.0,0.01,,93.0,2.6334624,0.8392267293092734
2014-05-13,0.0,0.0,,73.0,2.0671264,0.65874786279115
2014-05-14,0.0,0.22,,57.0,1.6140576,0.5143647695766514
2014-05-15,16.06,27.43,,91.0,2.5768288,0.8211788426574611
2014-05-16,0.0,0.0,,189.0,5.3518752,1.7055252885962655
2014-05-17,0.0,0.0,,177.0,5.0120736,1.5972379686853915
2014-05-18,0.0,0.0,,139.0,3.9360352,1.2543281223009572
2014-05-19,0.0,0.0,,106.0,3.0015808,0.9565379925460537
2014-05-20,0.0,0.0,,82.0,2.3219776,0.7399633527243056
2014-05-21,0.0,0.0,,64.0,1.8122752,0.5775323728579946
2014-05-22,0.0,0.0,,49.0,1.3875232,0.44217322296940215
2014-05-23,0.0,0.0,,37.0,1.0477216,0.33388590305852817
2014-05-24,0.0,0.0,,28.0,0.7928704,0.25267041312537264
2014-05-25,0.0,0.46,,21.0,0.5946528,0.18950280984402948
2014-05-26,0.0,0.23,,16.0,0.4530688,0.14438309321449866
2014-05-27,0.0,0.01,,14.0,0.3964352,0.12633520656268632
2014-05-28,0.0,0.94,,17.0,0.48138559999999997,0.15340703654040483
2014-05-29,0.0,0.18,,14.0,0.3964352,0.12633520656268632
2014-05-30,0.0,0.08,,11.0,0.3114848,0.09926337658496784
2014-05-31,0.0,6.11,,8.7,0.24635615999999996,0.07850830693538363
2014-06-01,14.17,14.8,,7.7,0.21803936000000002,0.06948436360947749
2014-06-02,15.31,4.45,,9.1,0.25768288,0.08211788426574612
2014-06-03,3.56,0.35,,7.4,0.20954432,0.06677718061170564
2014-06-04,0.0,0.0,,9.3,0.26334624,0.08392267293092735
2014-06-05,0.0,0.0,,9.5,0.2690096,0.08572746159610858
2014-06-06,0.0,0.05,,7.7,0.21803936000000002,0.06948436360947749
2014-06-07,16.75,3.91,,6.4,0.18122752,0.057753237285799466
2014-06-08,7.74,10.49,,7.7,0.21803936000000002,0.06948436360947749
2014-06-09,7.82,3.68,,11.0,0.3114848,0.09926337658496784
2014-06-10,0.0,0.01,,7.4,0.20954432,0.06677718061170564
2014-06-11,9.23,6.77,,5.9,0.16706912000000002,0.05324126562284639
2014-06-12,0.25,7.16,,5.4,0.15291072,0.0487292939598933
2014-06-13,9.96,0.33,,5.0,0.141584,0.04511971662953083
2014-06-14,0.0,0.02,,5.8,0.16423743999999998,0.05233887129025576
2014-06-15,0.0,4.69,,4.8,0.13592063999999998,0.04331492796434959
2014-06-16,10.25,8.36,,8.0,0.2265344,0.07219154660724933
2014-06-17,0.0,3.47,,14.0,0.3964352,0.12633520656268632
2014-06-18,0.0,0.88,,9.4,0.26617792,0.08482506726351796
2014-06-19,0.0,10.15,,16.0,0.4530688,0.14438309321449866
2014-06-20,0.0,0.0,,15.0,0.424752,0.1353591498885925
2014-06-21,4.54,1.93,,12.0,0.3398016,0.108287319910874
2014-06-22,10.66,5.73,,14.0,0.3964352,0.12633520656268632
2014-06-23,14.75,23.67,,31.0,0.8778208,0.27974224310309115
2014-06-24,11.54,0.43,,27.0,0.7645535999999999,0.24364646979946647
2014-06-25,3.26,2.52,,26.0,0.7362368,0.23462252647356033
2014-06-26,3.29,3.23,,20.0,0.566336,0.1804788665181233
2014-06-27,9.88,2.51,,15.0,0.424752,0.1353591498885925
2014-06-28,0.0,0.0,,13.0,0.3681184,0.11731126323678016
2014-06-29,0.0,0.0,,11.0,0.3114848,0.09926337658496784
2014-06-30,0.0,0.16,,11.0,0.3114848,0.09926337658496784
2014-07-01,0.0,6.68,,10.0,0.283168,0.09023943325906165
2014-07-02,0.0,0.48,,7.2,0.20388096,0.06497239194652439
2014-07-03,6.57,0.93,,7.2,0.20388096,0.06497239194652439
2014-07-04,0.0,0.0,,7.7,0.21803936000000002,0.06948436360947749
2014-07-05,0.0,0.0,,7.1,0.20104928,0.06406999761393378
2014-07-06,0.0,0.0,,5.3,0.15007904,0.04782689962730268
2014-07-07,0.0,0.0,,3.8,0.10760383999999999,0.03429098463844343
2014-07-08,0.0,0.0,,3.3,0.09344543999999999,0.029779012975490345
2014-07-09,0.0,8.56,,2.7,0.07645536,0.02436464697994665
2014-07-10,5.13,7.39,,3.9,0.11043552,0.03519337897103405
2014-07-11,10.29,1.45,,4.5,0.1274256,0.04060774496657775
2014-07-12,0.0,1.18,,6.3,0.17839584,0.05685084295320885
2014-07-13,0.0,13.78,,7.7,0.21803936000000002,0.06948436360947749
2014-07-14,0.01,0.1,,6.2,0.17556416,0.05594844862061823
2014-07-15,0.0,9.37,,6.9,0.19538592000000002,0.06226520894875255
2014-07-16,20.71,1.34,,13.0,0.3681184,0.11731126323678016
2014-07-17,0.0,0.0,,16.0,0.4530688,0.14438309321449866
2014-07-18,0.0,0.0,,12.0,0.3398016,0.108287319910874
2014-07-19,16.29,18.7,,12.0,0.3398016,0.108287319910874
2014-07-20,19.59,16.92,,26.0,0.7362368,0.23462252647356033
2014-07-21,8.93,7.97,,33.0,0.9344544,0.2977901297549035
2014-07-22,5.13,0.36,,29.0,0.8211872,0.2616943564512788
2014-07-23,0.0,4.77,,28.0,0.7928704,0.25267041312537264
2014-07-24,1.18,1.54,,41.0,1.1609888,0.3699816763621528
2014-07-25,9.39,3.45,,41.0,1.1609888,0.3699816763621528
2014-07-26,5.42,2.36,,43.0,1.2176224,0.38802956301396513
2014-07-27,8.8,0.12,,34.0,0.9627711999999999,0.30681407308080966
2014-07-28,7.41,1.14,,23.0,0.6512864,0.20755069649584185
2014-07-29,0.3,8.2,,16.0,0.4530688,0.14438309321449866
2014-07-30,0.0,0.0,,12.0,0.3398016,0.108287319910874
2014-07-31,0.0,0.0,,9.0,0.2548512,0.0812154899331555
2014-08-01,0.0,0.0,,6.6,0.18689087999999998,0.05955802595098069
2014-08-02,0.0,0.0,,5.1,0.14441568,0.04602211096212144
2014-08-03,0.0,0.59,,4.3,0.12176224,0.03880295630139651
2014-08-04,5.63,2.45,,5.0,0.141584,0.04511971662953083
2014-08-05,2.57,0.77,,4.8,0.13592063999999998,0.04331492796434959
2014-08-06,0.0,0.0,,3.7,0.10477216,0.03338859030585282
2014-08-07,0.0,0.27,,3.4,0.09627712,0.030681407308080964
2014-08-08,0.0,0.01,,3.1,0.08778208,0.027974224310309114
2014-08-09,0.0,0.0,,3.0,0.0849504,0.0270718299777185
2014-08-10,0.0,7.07,,3.6,0.10194048,0.032486195973262195
2014-08-11,11.73,7.25,,4.7,0.13308896,0.04241253363175898
2014-08-12,12.04,3.01,,4.9,0.13875232,0.04421732229694022
2014-08-13,0.0,7.4,,4.4,0.12459392000000001,0.039705350633987134
2014-08-14,7.62,0.53,,4.6,0.13025727999999998,0.04151013929916836
2014-08-15,0.0,0.0,,6.0,0.1699008,0.054143659955437
2014-08-16,0.0,0.0,,8.9,0.25201952,0.08031309560056488
2014-08-17,0.0,1.48,,6.6,0.18689087999999998,0.05955802595098069
2014-08-18,4.0,1.69,,5.3,0.15007904,0.04782689962730268
2014-08-19,14.16,9.95,,4.8,0.13592063999999998,0.04331492796434959
2014-08-20,14.91,9.85,,4.1,0.11609887999999999,0.03699816763621528
2014-08-21,0.0,0.37,,3.7,0.10477216,0.03338859030585282
2014-08-22,0.0,2.12,,3.7,0.10477216,0.03338859030585282
2014-08-23,0.0,0.38,,3.9,0.11043552,0.03519337897103405
2014-08-24,0.0,2.21,,3.2,0.09061376,0.028876618642899733
2014-08-25,0.0,0.24,,2.9,0.08211871999999999,0.02616943564512788
2014-08-26,0.0,0.06,,2.7,0.07645536,0.02436464697994665
2014-08-27,0.0,0.03,,2.5,0.070792,0.022559858314765414
2014-08-28,0.0,0.0,,2.4,0.06796031999999999,0.021657463982174795
2014-08-29,0.0,3.3,,2.5,0.070792,0.022559858314765414
2014-08-30,4.31,0.72,,3.0,0.0849504,0.0270718299777185
2014-08-31,3.7,2.81,,2.9,0.08211871999999999,0.02616943564512788
2014-09-01,0.0,9.64,,2.6,0.07362368,0.023462252647356033
2014-09-02,0.0,1.82,,2.4,0.06796031999999999,0.021657463982174795
2014-09-03,20.49,20.33,,2.4,0.06796031999999999,0.021657463982174795
2014-09-04,0.0,7.58,,2.5,0.070792,0.022559858314765414
2014-09-05,0.0,0.3,,2.7,0.07645536,0.02436464697994665
2014-09-06,0.0,1.84,,4.9,0.13875232,0.04421732229694022
2014-09-07,8.48,7.19,,4.4,0.12459392000000001,0.039705350633987134
2014-09-08,27.14,9.68,,6.7,0.18972256,0.06046042028357132
2014-09-09,3.28,1.31,,6.5,0.1840592,0.05865563161839008
2014-09-10,14.45,1.85,,6.4,0.18122752,0.057753237285799466
2014-09-11,0.0,5.11,,9.5,0.2690096,0.08572746159610858
2014-09-12,0.0,0.02,,13.0,0.3681184,0.11731126323678016
2014-09-13,4.29,20.06,,11.0,0.3114848,0.09926337658496784
2014-09-14,0.0,3.09,,8.2,0.23219775999999998,0.07399633527243056
2014-09-15,6.32,9.96,,6.7,0.18972256,0.06046042028357132
2014-09-16,8.91,2.6,,9.5,0.2690096,0.08572746159610858
2014-09-17,4.17,1.31,,9.9,0.28033632,0.08933703892647106
2014-09-18,0.0,0.08,,8.7,0.24635615999999996,0.07850830693538363
2014-09-19,0.0,0.05,,7.4,0.20954432,0.06677718061170564
2014-09-20,0.0,0.0,,6.0,0.1699008,0.054143659955437
2014-09-21,0.0,0.0,,4.6,0.13025727999999998,0.04151013929916836
2014-09-22,0.0,0.0,,3.4,0.09627712,0.030681407308080964
2014-09-23,0.0,0.02,,2.6,0.07362368,0.023462252647356033
2014-09-24,0.0,0.0,,2.0,0.0566336,0.018047886651812332
2014-09-25,0.0,0.0,,1.7,0.04813856,0.015340703654040482
2014-09-26,0.0,0.0,,1.7,0.04813856,0.015340703654040482
2014-09-27,0.0,0.0,,1.6,0.04530688,0.014438309321449867
2014-09-28,8.0,10.54,,1.6,0.04530688,0.014438309321449867
2014-09-29,11.76,18.76,,2.1,0.05946528,0.01895028098440295
2014-09-30,19.43,0.78,,2.1,0.05946528,0.01895028098440295
2014-10-01,0.0,0.0,,3.5,0.0991088,0.03158380164067158
2014-10-02,0.0,0.0,,7.7,0.21803936000000002,0.06948436360947749
2014-10-03,0.0,5.63,,8.6,0.24352448,0.07760591260279302
2014-10-04,16.9,0.61,,8.8,0.24918784000000002,0.07941070126797427
2014-10-05,0.0,0.0,,12.0,0.3398016,0.108287319910874
2014-10-06,0.0,0.0,,,,
2014-10-07,0.0,0.0,,,,
2014-10-08,0.0,0.0,,,,
2014-10-09,0.0,0.0,,,,
2014-10-10,0.0,0.0,,,,
2014-10-11,0.0,0.0,,,,
2014-10-12,0.0,0.0,,,,
2014-10-13,0.0,1.28,,,,
2014-10-14,44.56,96.69,,,,
2014-10-15,49.89,0.02,,,,
2014-10-16,0.0,0.0,,,,
2014-10-17,0.0,0.0,,,,
2014-10-18,0.0,0.0,,,,
2014-10-19,0.0,0.0,,,,
2014-10-20,0.0,0.0,,,,
2014-10-21,0.0,0.0,,,,
2014-10-22,0.0,0.0,,,,
2014-10-23,0.0,0.0,,,,
2014-10-24,0.0,0.0,,,,
2014-10-25,0.0,0.0,,,,
2014-10-26,0.0,0.0,,,,
2014-10-27,0.0,0.0,,,,
2014-10-28,0.0,0.0,,,,
2014-10-29,0.0,0.19,,,,
2014-10-30,0.0,0.02,,,,
2014-10-31,0.0,0.0,,,,
2014-11-01,0.0,0.0,,,,
2014-11-02,0.0,0.0,,,,
2014-11-03,0.0,0.0,,,,
2014-11-04,0.0,0.0,,,,
2014-11-05,0.0,0.0,,,,
2014-11-06,0.0,0.08,,,,
2014-11-07,0.0,0.65,,,,
2014-11-08,0.0,0.0,,,,
2014-11-09,0.0,0.0,,,,
2014-11-10,0.0,0.0,,,,
2014-11-11,0.0,0.0,,,,
2014-11-12,0.0,0.0,,,,
2014-11-13,0.0,0.02,,,,
2014-11-14,0.0,0.0,,,,
2014-11-15,0.0,0.0,,,,
2014-11-16,0.0,0.0,,,,
2014-11-17,11.43,13.91,,,,
2014-11-18,29.8,0.11,,,,
2014-11-19,0.0,0.0,,,,
2014-11-20,0.0,0.0,,,,
2014-11-21,0.0,0.0,,,,
2014-11-22,0.0,5.8,,,,
2014-11-23,46.89,81.86,,,,
2014-11-24,23.7,20.23,,,,
2014-11-25,35.78,34.12,,,,
2014-11-26,11.81,10.24,,,,
2014-11-27,0.0,0.0,,,,
2014-11-28,0.0,0.0,,,,
2014-11-29,0.0,0.0,,,,
2014-11-30,0.0,0.0,,,,
2014-12-01,0.0,0.0,,,,
2014-12-02,0.0,0.0,,,,
2014-12-03,0.0,0.0,,,,
2014-12-04,0.0,0.0,,,,
2014-12-05,0.0,0.0,,,,
2014-12-06,0.0,0.0,,,,
2014-12-07,0.0,0.0,,,,
2014-12-08,0.28,1.53,,,,
2014-12-09,1.74,0.0,,,,
2014-12-10,0.0,0.0,,,,
2014-12-11,0.0,0.0,,,,
2014-12-12,0.0,0.0,,,,
2014-12-13,0.0,0.0,,,,
2014-12-14,0.0,0.0,,,,
2014-12-15,0.0,0.0,,,,
2014-12-16,0.0,1.28,,,,
2014-12-17,0.0,0.0,,,,
2014-12-18,0.0,0.0,,,,
2014-12-19,0.0,0.78,,,,
2014-12-20,3.46,3.25,,,,
2014-12-21,1.84,8.83,,,,
2014-12-22,2.17,9.61,,,,
2014-12-23,69.77,142.18,,,,
2014-12-24,58.33,46.94,,,,
2014-12-25,25.48,1.18,,,,
2014-12-26,0.0,0.0,,,,
2014-12-27,0.0,0.0,,,,
2014-12-28,0.0,0.0,,,,
2014-12-29,3.72,8.36,,,,
2014-12-30,10.04,0.0,,,,
2014-12-31,0.0,0.0,,,,
