<?xml version="1.0" encoding="UTF-8"?>
<kml xmlns="http://www.opengis.net/kml/2.2">
  <Document>
    <name>Cuenca CAMELS 02327100</name>
    <Style id="basinLine">
      <LineStyle><color>ff00ffff</color><width>3</width></LineStyle>
      <PolyStyle><color>3300ffff</color></PolyStyle>
    </Style>
    
    <Placemark>
      <name>Cuenca 02327100 - ring 1</name>
      <styleUrl>#basinLine</styleUrl>
      <Polygon>
        <tessellate>1</tessellate>
        <outerBoundaryIs><LinearRing><coordinates>-84.46588135,30.19405174,0 -84.46584320,30.19432068,0 -84.46553803,30.19428825,0 -84.46557617,30.19401932,0 -84.46588135,30.19405174,0</coordinates></LinearRing></outerBoundaryIs>
      </Polygon>
    </Placemark>
    <Placemark>
      <name>Cuenca 02327100 - ring 2</name>
      <styleUrl>#basinLine</styleUrl>
      <Polygon>
        <tessellate>1</tessellate>
        <outerBoundaryIs><LinearRing><coordinates>-84.46588135,30.19405174,0 -84.46591949,30.19378471,0 -84.46623230,30.19381714,0 -84.46653748,30.19384956,0 -84.46657562,30.19358063,0 -84.46627045,30.19354820,0 -84.46630859,30.19328117,0 -84.46634674,30.19301224,0 -84.46638489,30.19274330,0 -84.46669006,30.19277763,0 -84.46700287,30.19281006,0 -84.46704102,30.19254112,0 -84.46707916,30.19227219,0 -84.46738434,30.19230652,0 -84.46742249,30.19203758,0 -84.46746063,30.19176865,0 -84.46749878,30.19150162,0 -84.46753693,30.19123268,0 -84.46757507,30.19096375,0 -84.46726227,30.19093132,0 -84.46730041,30.19066429,0 -84.46699524,30.19062996,0 -84.46703339,30.19036293,0 -84.46733856,30.19039536,0 -84.46737671,30.19012642,0 -84.46741486,30.18985939,0 -84.46772766,30.18989182,0 -84.46776581,30.18962288,0 -84.46780395,30.18935585,0 -84.46784210,30.18908691,0 -84.46814728,30.18911934,0 -84.46818543,30.18885040,0 -84.46822357,30.18858337,0 -84.46826172,30.18831444,0 -84.46857452,30.18834686,0 -84.46861267,30.18807983,0 -84.46865082,30.18781090,0 -84.46868896,30.18754196,0 -84.46837616,30.18750954,0 -84.46833801,30.18777847,0 -84.46802521,30.18774605,0 -84.46806335,30.18747711,0 -84.46810150,30.18721008,0 -84.46813965,30.18694115,0 -84.46783447,30.18690872,0 -84.46787262,30.18663979,0 -84.46817780,30.18667221,0 -84.46821594,30.18640518,0 -84.46825409,30.18613625,0 -84.46829224,30.18586731,0 -84.46833038,30.18560028,0 -84.46801758,30.18556786,0 -84.46805573,30.18529892,0 -84.46836853,30.18533134,0 -84.46840668,30.18506241,0 -84.46844482,30.18479538,0 -84.46848297,30.18452644,0 -84.46817017,30.18449402,0 -84.46820831,30.18422508,0 -84.46790314,30.18419266,0 -84.46794128,30.18392563,0 -84.46762848,30.18389130,0 -84.46766663,30.18362427,0 -84.46770477,30.18335533,0 -84.46774292,30.18308830,0 -84.46778107,30.18281937,0 -84.46808624,30.18285179,0 -84.46812439,30.18258286,0 -84.46781921,30.18255043,0 -84.46750641,30.18251801,0 -84.46754456,30.18224907,0 -84.46758270,30.18198204,0 -84.46762085,30.18171310,0 -84.46793365,30.18174553,0 -84.46796417,30.18147850,0 -84.46800232,30.18120956,0 -84.46804047,30.18094063,0 -84.46807861,30.18067360,0 -84.46811676,30.18040466,0 -84.46815491,30.18013763,0 -84.46819305,30.17986870,0 -84.46823120,30.17959976,0 -84.46826935,30.17933273,0 -84.46830750,30.17906380,0 -84.46799469,30.17903137,0 -84.46803284,30.17876244,0 -84.46807098,30.17849541,0 -84.46776581,30.17846107,0 -84.46745300,30.17842865,0 -84.46749115,30.17816162,0 -84.46718597,30.17812729,0 -84.46721649,30.17786026,0 -84.46725464,30.17759132,0 -84.46729279,30.17732430,0 -84.46733093,30.17705536,0 -84.46736908,30.17678642,0 -84.46740723,30.17651939,0 -84.46744537,30.17625046,0 -84.46748352,30.17598152,0 -84.46752167,30.17571449,0 -84.46755981,30.17544556,0 -84.46759796,30.17517662,0 -84.46763611,30.17490959,0 -84.46767426,30.17464066,0 -84.46771240,30.17437363,0 -84.46801758,30.17440605,0 -84.46805572,30.17413712,0 -84.46836853,30.17416954,0 -84.46840668,30.17390251,0 -84.46871185,30.17393494,0 -84.46875000,30.17366600,0 -84.46878815,30.17339706,0 -84.46910095,30.17343140,0 -84.46941376,30.17346382,0 -84.46971893,30.17349625,0 -84.47003174,30.17352867,0 -84.47033691,30.17356110,0 -84.47037506,30.17329407,0 -84.47068787,30.17332649,0 -84.47072601,30.17305756,0 -84.47103119,30.17308998,0 -84.47106934,30.17282295,0 -84.47110748,30.17255402,0 -84.47142029,30.17258644,0 -84.47145844,30.17231750,0 -84.47149658,30.17205048,0 -84.47180176,30.17208290,0 -84.47183991,30.17181397,0 -84.47215271,30.17184639,0 -84.47245789,30.17188072,0 -84.47249603,30.17161179,0 -84.47280884,30.17164421,0 -84.47284699,30.17137527,0 -84.47288513,30.17110825,0 -84.47319031,30.17114067,0 -84.47350311,30.17117310,0 -84.47381592,30.17120552,0 -84.47385406,30.17093849,0 -84.47388458,30.17066956,0 -84.47392273,30.17040062,0 -84.47396088,30.17013359,0 -84.47399902,30.16986465,0 -84.47431183,30.16989708,0 -84.47461700,30.16992950,0 -84.47492981,30.16996193,0 -84.47524261,30.16999626,0 -84.47528076,30.16972733,0 -84.47558594,30.16975975,0 -84.47562408,30.16949081,0 -84.47593689,30.16952515,0 -84.47597504,30.16925621,0 -84.47601318,30.16898727,0 -84.47631836,30.16901970,0 -84.47635651,30.16875267,0 -84.47605133,30.16872025,0 -84.47608185,30.16845131,0 -84.47612000,30.16818237,0 -84.47615814,30.16791534,0 -84.47585297,30.16788292,0 -84.47589111,30.16761398,0 -84.47592926,30.16734505,0 -84.47596741,30.16707802,0 -84.47600555,30.16680908,0 -84.47603607,30.16654015,0 -84.47607422,30.16627312,0 -84.47611237,30.16600418,0 -84.47642517,30.16603661,0 -84.47673798,30.16606903,0 -84.47676849,30.16580200,0 -84.47708130,30.16583443,0 -84.47711945,30.16556549,0 -84.47743225,30.16559792,0 -84.47747040,30.16533089,0 -84.47715759,30.16529846,0 -84.47719574,30.16502953,0 -84.47750092,30.16506195,0 -84.47781372,30.16509438,0 -84.47785187,30.16482735,0 -84.47816467,30.16485977,0 -84.47846985,30.16489220,0 -84.47850800,30.16462326,0 -84.47882080,30.16465569,0 -84.47885895,30.16438866,0 -84.47854614,30.16435432,0 -84.47858429,30.16408730,0 -84.47827148,30.16405487,0 -84.47830963,30.16378593,0 -84.47800446,30.16375351,0 -84.47804260,30.16348457,0 -84.47808075,30.16321754,0 -84.47776794,30.16318512,0 -84.47780609,30.16291618,0 -84.47784424,30.16264725,0 -84.47788239,30.16238022,0 -84.47819519,30.16241264,0 -84.47850037,30.16244507,0 -84.47853851,30.16217613,0 -84.47822571,30.16214371,0 -84.47826385,30.16187477,0 -84.47830200,30.16160774,0 -84.47834015,30.16133881,0 -84.47837830,30.16106987,0 -84.47841644,30.16080284,0 -84.47811127,30.16077042,0 -84.47814941,30.16050148,0 -84.47783661,30.16046905,0 -84.47779846,30.16073799,0 -84.47748566,30.16070366,0 -84.47718048,30.16067123,0 -84.47686768,30.16063881,0 -84.47656250,30.16060638,0 -84.47624969,30.16057396,0 -84.47628784,30.16030502,0 -84.47632599,30.16003799,0 -84.47636414,30.15976906,0 -84.47640228,30.15950012,0 -84.47644043,30.15923309,0 -84.47647858,30.15896416,0 -84.47651672,30.15869522,0 -84.47655487,30.15842819,0 -84.47659302,30.15815926,0 -84.47663116,30.15789032,0 -84.47631836,30.15785789,0 -84.47635651,30.15759087,0 -84.47604370,30.15755844,0 -84.47608185,30.15728951,0 -84.47577667,30.15725708,0 -84.47581482,30.15698814,0 -84.47550201,30.15695572,0 -84.47554016,30.15668678,0 -84.47522736,30.15665436,0 -84.47526550,30.15638733,0 -84.47496033,30.15635300,0 -84.47464752,30.15632057,0 -84.47468567,30.15605354,0 -84.47438049,30.15601921,0 -84.47434235,30.15628815,0 -84.47402954,30.15625572,0 -84.47372437,30.15622330,0 -84.47341156,30.15619087,0 -84.47337341,30.15645790,0 -84.47306061,30.15642548,0 -84.47309875,30.15615845,0 -84.47313690,30.15588951,0 -84.47317505,30.15562058,0 -84.47286987,30.15558815,0 -84.47255707,30.15555573,0 -84.47259521,30.15528679,0 -84.47290802,30.15531921,0 -84.47294617,30.15505219,0 -84.47298431,30.15478325,0 -84.47301483,30.15451431,0 -84.47270966,30.15448189,0 -84.47274780,30.15421486,0 -84.47243500,30.15418243,0 -84.47247314,30.15391350,0 -84.47251129,30.15364456,0 -84.47254944,30.15337753,0 -84.47286224,30.15340996,0 -84.47290039,30.15314102,0 -84.47320557,30.15317345,0 -84.47351837,30.15320587,0 -84.47355652,30.15293884,0 -84.47359467,30.15266991,0 -84.47363281,30.15240097,0 -84.47393799,30.15243530,0 -84.47397613,30.15216637,0 -84.47428894,30.15219879,0 -84.47432709,30.15192986,0 -84.47436523,30.15166283,0 -84.47440338,30.15139389,0 -84.47444153,30.15112686,0 -84.47447205,30.15085792,0 -84.47478485,30.15089035,0 -84.47509766,30.15092277,0 -84.47513580,30.15065384,0 -84.47516632,30.15038681,0 -84.47547913,30.15041924,0 -84.47551727,30.15015030,0 -84.47555542,30.14988327,0 -84.47586823,30.14991570,0 -84.47589874,30.14964676,0 -84.47621155,30.14967918,0 -84.47624969,30.14941215,0 -84.47628784,30.14914322,0 -84.47632599,30.14887428,0 -84.47636414,30.14860725,0 -84.47605133,30.14857483,0 -84.47608948,30.14830589,0 -84.47612762,30.14803696,0 -84.47582245,30.14800453,0 -84.47585297,30.14773750,0 -84.47589111,30.14746857,0 -84.47592926,30.14719963,0 -84.47596741,30.14693260,0 -84.47600555,30.14666367,0 -84.47631836,30.14669609,0 -84.47662353,30.14672852,0 -84.47666168,30.14646149,0 -84.47669983,30.14619255,0 -84.47673798,30.14592361,0 -84.47677612,30.14565659,0 -84.47708893,30.14568901,0 -84.47712707,30.14542007,0 -84.47716522,30.14515114,0 -84.47747040,30.14518547,0 -84.47750855,30.14491653,0 -84.47782135,30.14494896,0 -84.47785950,30.14468002,0 -84.47816467,30.14471436,0 -84.47820282,30.14444542,0 -84.47851562,30.14447784,0 -84.47855377,30.14420891,0 -84.47885895,30.14424324,0 -84.47889709,30.14397430,0 -84.47920990,30.14400673,0 -84.47924805,30.14373779,0 -84.47955322,30.14377022,0 -84.47959137,30.14350319,0 -84.47962952,30.14323425,0 -84.47994232,30.14326668,0 -84.47998047,30.14299965,0 -84.48028564,30.14303207,0 -84.48032379,30.14276314,0 -84.48063660,30.14279556,0 -84.48094177,30.14282799,0 -84.48097992,30.14256096,0 -84.48129272,30.14259338,0 -84.48133087,30.14232445,0 -84.48136902,30.14205742,0 -84.48167419,30.14208984,0 -84.48171234,30.14182091,0 -84.48202515,30.14185333,0 -84.48233032,30.14188576,0 -84.48229218,30.14215469,0 -84.48260498,30.14218712,0 -84.48256683,30.14245605,0 -84.48287964,30.14248848,0 -84.48318481,30.14252090,0 -84.48349762,30.14255333,0 -84.48353577,30.14228630,0 -84.48384094,30.14231873,0 -84.48387909,30.14204979,0 -84.48391724,30.14178085,0 -84.48395538,30.14151382,0 -84.48426819,30.14154625,0 -84.48430634,30.14127731,0 -84.48461151,30.14130974,0 -84.48464966,30.14104271,0 -84.48496246,30.14107513,0 -84.48526764,30.14110756,0 -84.48530579,30.14083862,0 -84.48561859,30.14087105,0 -84.48565674,30.14060402,0 -84.48569489,30.14033508,0 -84.48573303,30.14006615,0 -84.48576355,30.13979912,0 -84.48607636,30.13983154,0 -84.48611450,30.13956261,0 -84.48615265,30.13929558,0 -84.48619080,30.13902664,0 -84.48587799,30.13899422,0 -84.48591614,30.13872528,0 -84.48595428,30.13845635,0 -84.48564911,30.13842392,0 -84.48568726,30.13815689,0 -84.48537445,30.13812447,0 -84.48541260,30.13785553,0 -84.48509979,30.13782310,0 -84.48513794,30.13755417,0 -84.48483276,30.13752174,0 -84.48487091,30.13725281,0 -84.48455811,30.13722038,0 -84.48459625,30.13695335,0 -84.48428345,30.13691902,0 -84.48397827,30.13688660,0 -84.48401642,30.13661957,0 -84.48405457,30.13635063,0 -84.48374176,30.13631821,0 -84.48377991,30.13604927,0 -84.48381805,30.13578224,0 -84.48351288,30.13574791,0 -84.48354340,30.13548088,0 -84.48358154,30.13521194,0 -84.48361969,30.13494301,0 -84.48331451,30.13491058,0 -84.48300171,30.13487816,0 -84.48303986,30.13461113,0 -84.48273468,30.13457680,0 -84.48277283,30.13430977,0 -84.48246002,30.13427734,0 -84.48249817,30.13400841,0 -84.48253632,30.13373947,0 -84.48222351,30.13370705,0 -84.48226166,30.13344002,0 -84.48229980,30.13317108,0 -84.48199463,30.13313866,0 -84.48203278,30.13286972,0 -84.48171997,30.13283730,0 -84.48175812,30.13256836,0 -84.48144531,30.13253593,0 -84.48148346,30.13226891,0 -84.48152161,30.13199997,0 -84.48121643,30.13196754,0 -84.48125458,30.13169861,0 -84.48094177,30.13166618,0 -84.48097992,30.13139725,0 -84.48066711,30.13136482,0 -84.48070526,30.13109779,0 -84.48040008,30.13106346,0 -84.48043823,30.13079643,0 -84.48047638,30.13052750,0 -84.48051453,30.13025856,0 -84.48055267,30.12999153,0 -84.48059082,30.12972260,0 -84.48062134,30.12945366,0 -84.48065948,30.12918663,0 -84.48069763,30.12891769,0 -84.48039246,30.12888527,0 -84.48043060,30.12861633,0 -84.48046875,30.12834930,0 -84.48050690,30.12808037,0 -84.48019409,30.12804794,0 -84.47988892,30.12801552,0 -84.47991943,30.12774658,0 -84.47995758,30.12747765,0 -84.47999573,30.12721062,0 -84.48003387,30.12694168,0 -84.48034668,30.12697411,0 -84.48038483,30.12670708,0 -84.48069000,30.12673950,0 -84.48072815,30.12647057,0 -84.48104095,30.12650299,0 -84.48107910,30.12623596,0 -84.48111725,30.12596703,0 -84.48115540,30.12569809,0 -84.48119354,30.12543106,0 -84.48088074,30.12539864,0 -84.48091888,30.12512970,0 -84.48095703,30.12486076,0 -84.48064423,30.12482834,0 -84.48068237,30.12455940,0 -84.48072052,30.12429237,0 -84.48075867,30.12402344,0 -84.48079681,30.12375450,0 -84.48083496,30.12348747,0 -84.48052216,30.12345505,0 -84.48021698,30.12342262,0 -84.48025513,30.12315369,0 -84.47994232,30.12312126,0 -84.47998047,30.12285233,0 -84.48001862,30.12258339,0 -84.47971344,30.12255096,0 -84.47940063,30.12251854,0 -84.47943878,30.12224960,0 -84.47947693,30.12198257,0 -84.47916412,30.12195015,0 -84.47920227,30.12168121,0 -84.47924042,30.12141228,0 -84.47893524,30.12137985,0 -84.47897339,30.12111282,0 -84.47901154,30.12084389,0 -84.47904968,30.12057495,0 -84.47873688,30.12054253,0 -84.47842407,30.12051010,0 -84.47811890,30.12047768,0 -84.47780609,30.12044525,0 -84.47776794,30.12071228,0 -84.47746277,30.12067985,0 -84.47714996,30.12064743,0 -84.47684479,30.12061501,0 -84.47653198,30.12058258,0 -84.47622681,30.12055016,0 -84.47626495,30.12028122,0 -84.47629547,30.12001228,0 -84.47633362,30.11974525,0 -84.47602844,30.11971283,0 -84.47606659,30.11944389,0 -84.47610474,30.11917496,0 -84.47614288,30.11890793,0 -84.47618103,30.11863899,0 -84.47648621,30.11867142,0 -84.47652435,30.11840248,0 -84.47656250,30.11813545,0 -84.47660065,30.11786652,0 -84.47663879,30.11759758,0 -84.47667694,30.11733055,0 -84.47671509,30.11706161,0 -84.47640228,30.11702919,0 -84.47644043,30.11676025,0 -84.47647858,30.11649322,0 -84.47651672,30.11622429,0 -84.47682953,30.11625671,0 -84.47686768,30.11598778,0 -84.47690582,30.11572075,0 -84.47694397,30.11545181,0 -84.47697449,30.11518478,0 -84.47701263,30.11491585,0 -84.47705078,30.11464691,0 -84.47674561,30.11461449,0 -84.47643280,30.11458206,0 -84.47647095,30.11431313,0 -84.47616577,30.11428070,0 -84.47585297,30.11424828,0 -84.47554016,30.11421585,0 -84.47523499,30.11418343,0 -84.47527313,30.11391449,0 -84.47531128,30.11364555,0 -84.47534943,30.11337852,0 -84.47503662,30.11334610,0 -84.47507477,30.11307716,0 -84.47538757,30.11310959,0 -84.47542572,30.11284065,0 -84.47546387,30.11257362,0 -84.47550201,30.11230469,0 -84.47553253,30.11203575,0 -84.47557068,30.11176872,0 -84.47588348,30.11180115,0 -84.47619629,30.11183357,0 -84.47622681,30.11156464,0 -84.47626495,30.11129761,0 -84.47630310,30.11102867,0 -84.47634125,30.11075973,0 -84.47637939,30.11049271,0 -84.47641754,30.11022377,0 -84.47645569,30.10995483,0 -84.47615051,30.10992241,0 -84.47618866,30.10965538,0 -84.47621918,30.10938644,0 -84.47653198,30.10941887,0 -84.47657013,30.10914993,0 -84.47625732,30.10911751,0 -84.47595215,30.10908508,0 -84.47599030,30.10881615,0 -84.47567749,30.10878372,0 -84.47571564,30.10851669,0 -84.47541046,30.10848427,0 -84.47509766,30.10844994,0 -84.47513580,30.10818291,0 -84.47517395,30.10791397,0 -84.47486114,30.10788155,0 -84.47489929,30.10761261,0 -84.47459412,30.10758019,0 -84.47463226,30.10731125,0 -84.47467041,30.10704422,0 -84.47470856,30.10677528,0 -84.47474670,30.10650635,0 -84.47478485,30.10623932,0 -84.47481537,30.10597038,0 -84.47512817,30.10600281,0 -84.47544098,30.10603523,0 -84.47574615,30.10606956,0 -84.47605896,30.10610199,0 -84.47636414,30.10613441,0 -84.47667694,30.10616684,0 -84.47698212,30.10619926,0 -84.47702026,30.10593033,0 -84.47705841,30.10566330,0 -84.47709656,30.10539436,0 -84.47713470,30.10512543,0 -84.47717285,30.10485840,0 -84.47721100,30.10458946,0 -84.47751617,30.10462189,0 -84.47755432,30.10435486,0 -84.47759247,30.10408592,0 -84.47763062,30.10381699,0 -84.47766876,30.10354996,0 -84.47770691,30.10328102,0 -84.47740173,30.10324860,0 -84.47743988,30.10297966,0 -84.47747803,30.10271263,0 -84.47750854,30.10244370,0 -84.47754669,30.10217476,0 -84.47758484,30.10190773,0 -84.47789764,30.10194016,0 -84.47793579,30.10167122,0 -84.47762299,30.10163879,0 -84.47766113,30.10136986,0 -84.47769928,30.10110283,0 -84.47773743,30.10083389,0 -84.47743225,30.10080147,0 -84.47711945,30.10076904,0 -84.47715759,30.10050011,0 -84.47747040,30.10053253,0 -84.47750092,30.10026360,0 -84.47753906,30.09999657,0 -84.47757721,30.09972763,0 -84.47761536,30.09945869,0 -84.47765350,30.09919167,0 -84.47796631,30.09922409,0 -84.47800446,30.09895515,0 -84.47830963,30.09898758,0 -84.47834778,30.09872055,0 -84.47866058,30.09875298,0 -84.47869873,30.09848404,0 -84.47900391,30.09851646,0 -84.47904205,30.09824943,0 -84.47935486,30.09828186,0 -84.47939301,30.09801292,0 -84.47969818,30.09804535,0 -84.48001099,30.09807777,0 -84.48004913,30.09781075,0 -84.48035431,30.09784317,0 -84.48039246,30.09757423,0 -84.48070526,30.09760666,0 -84.48066711,30.09787559,0 -84.48097229,30.09790802,0 -84.48128510,30.09794045,0 -84.48159027,30.09797287,0 -84.48190308,30.09800720,0 -84.48220825,30.09803963,0 -84.48252106,30.09807205,0 -84.48248291,30.09833908,0 -84.48279572,30.09837341,0 -84.48310089,30.09840584,0 -84.48341370,30.09843826,0 -84.48371887,30.09847069,0 -84.48403168,30.09850311,0 -84.48433685,30.09853554,0 -84.48464966,30.09856796,0 -84.48495483,30.09860230,0 -84.48492432,30.09886932,0 -84.48522949,30.09890175,0 -84.48554230,30.09893417,0 -84.48584747,30.09896851,0 -84.48616028,30.09900093,0 -84.48646545,30.09903336,0 -84.48642731,30.09930038,0 -84.48638916,30.09956932,0 -84.48635101,30.09983826,0 -84.48666382,30.09987068,0 -84.48670197,30.09960175,0 -84.48674011,30.09933472,0 -84.48704529,30.09936714,0 -84.48735809,30.09939957,0 -84.48739624,30.09913063,0 -84.48770142,30.09916306,0 -84.48773956,30.09889603,0 -84.48805237,30.09892845,0 -84.48835754,30.09896088,0 -84.48839569,30.09869194,0 -84.48870850,30.09872436,0 -84.48874664,30.09845734,0 -84.48905182,30.09848976,0 -84.48936462,30.09852219,0 -84.48940277,30.09825325,0 -84.48970795,30.09828567,0 -84.49002075,30.09832001,0 -84.49005890,30.09805107,0 -84.49037170,30.09808350,0 -84.49067688,30.09811592,0 -84.49071503,30.09784698,0 -84.49075317,30.09757996,0 -84.49105835,30.09761238,0 -84.49109650,30.09734344,0 -84.49140930,30.09737587,0 -84.49144745,30.09710884,0 -84.49175262,30.09714127,0 -84.49179077,30.09687233,0 -84.49148560,30.09683990,0 -84.49152374,30.09657097,0 -84.49121094,30.09653854,0 -84.49124908,30.09627152,0 -84.49156189,30.09630394,0 -84.49160004,30.09603500,0 -84.49163818,30.09576607,0 -84.49166870,30.09549904,0 -84.49170685,30.09523010,0 -84.49201965,30.09526253,0 -84.49205780,30.09499359,0 -84.49209595,30.09472656,0 -84.49213409,30.09445763,0 -84.49243927,30.09449005,0 -84.49275208,30.09452248,0 -84.49279022,30.09425545,0 -84.49309540,30.09428787,0 -84.49313354,30.09401894,0 -84.49344635,30.09405136,0 -84.49348450,30.09378433,0 -84.49352264,30.09351540,0 -84.49382782,30.09354782,0 -84.49386597,30.09327888,0 -84.49390411,30.09301186,0 -84.49394226,30.09274292,0 -84.49398041,30.09247398,0 -84.49401855,30.09220696,0 -84.49405670,30.09193802,0 -84.49409485,30.09166908,0 -84.49413300,30.09140205,0 -84.49443817,30.09143448,0 -84.49447632,30.09116554,0 -84.49451447,30.09089661,0 -84.49420929,30.09086418,0 -84.49423981,30.09059715,0 -84.49393463,30.09056473,0 -84.49397278,30.09029579,0 -84.49401093,30.09002686,0 -84.49404907,30.08975983,0 -84.49408722,30.08949089,0 -84.49412537,30.08922195,0 -84.49443054,30.08925438,0 -84.49446869,30.08898735,0 -84.49478149,30.08901978,0 -84.49481964,30.08875084,0 -84.49485016,30.08848190,0 -84.49488831,30.08821487,0 -84.49492645,30.08794594,0 -84.49496460,30.08767700,0 -84.49527740,30.08770943,0 -84.49531555,30.08744240,0 -84.49535370,30.08717346,0 -84.49539185,30.08690453,0 -84.49507904,30.08687210,0 -84.49511719,30.08660507,0 -84.49515533,30.08633614,0 -84.49519348,30.08606720,0 -84.49523163,30.08580017,0 -84.49491882,30.08576775,0 -84.49495697,30.08549881,0 -84.49465179,30.08546638,0 -84.49433899,30.08543396,0 -84.49437714,30.08516502,0 -84.49441528,30.08489609,0 -84.49472809,30.08492851,0 -84.49503326,30.08496284,0 -84.49534607,30.08499527,0 -84.49565125,30.08502770,0 -84.49596405,30.08506012,0 -84.49626923,30.08509254,0 -84.49630737,30.08482361,0 -84.49662018,30.08485603,0 -84.49692535,30.08489037,0 -84.49688721,30.08515739,0 -84.49720001,30.08518982,0 -84.49716187,30.08545876,0 -84.49684906,30.08542633,0 -84.49681091,30.08569527,0 -84.49678040,30.08596230,0 -84.49708557,30.08599472,0 -84.49704742,30.08626366,0 -84.49736023,30.08629608,0 -84.49766541,30.08632851,0 -84.49762726,30.08659744,0 -84.49794006,30.08662987,0 -84.49824524,30.08666229,0 -84.49855804,30.08669472,0 -84.49886322,30.08672714,0 -84.49917603,30.08675957,0 -84.49948883,30.08679390,0 -84.49979401,30.08682632,0 -84.49983215,30.08655739,0 -84.49987030,30.08628845,0 -84.49990845,30.08602142,0 -84.49994659,30.08575249,0 -84.50025177,30.08578491,0 -84.50056458,30.08581734,0 -84.50086975,30.08584976,0 -84.50083160,30.08611870,0 -84.50114441,30.08615112,0 -84.50145721,30.08618355,0 -84.50176239,30.08621597,0 -84.50207520,30.08624840,0 -84.50238037,30.08628082,0 -84.50269318,30.08631516,0 -84.50299835,30.08634758,0 -84.50303650,30.08607864,0 -84.50334930,30.08611107,0 -84.50331116,30.08638000,0 -84.50361633,30.08641243,0 -84.50365448,30.08614349,0 -84.50396729,30.08617592,0 -84.50427246,30.08620834,0 -84.50458527,30.08624268,0 -84.50489044,30.08627510,0 -84.50520325,30.08630753,0 -84.50551605,30.08633995,0 -84.50547791,30.08660698,0 -84.50578308,30.08664131,0 -84.50609589,30.08667374,0 -84.50640106,30.08670616,0 -84.50671387,30.08673859,0 -84.50701904,30.08677101,0 -84.50698090,30.08703995,0 -84.50729370,30.08707237,0 -84.50759888,30.08710480,0 -84.50763702,30.08683586,0 -84.50794983,30.08686829,0 -84.50825500,30.08690071,0 -84.50856781,30.08693314,0 -84.50888062,30.08696747,0 -84.50918579,30.08699989,0 -84.50922394,30.08673096,0 -84.50953674,30.08676338,0 -84.50949860,30.08703232,0 -84.50980377,30.08706474,0 -84.51011658,30.08709717,0 -84.51007843,30.08736610,0 -84.51038361,30.08739853,0 -84.51069641,30.08743095,0 -84.51100159,30.08746338,0 -84.51097107,30.08773232,0 -84.51127624,30.08776474,0 -84.51158905,30.08779717,0 -84.51155090,30.08806419,0 -84.51185608,30.08809662,0 -84.51181793,30.08836555,0 -84.51213074,30.08839798,0 -84.51209259,30.08866692,0 -84.51239777,30.08869934,0 -84.51271057,30.08873177,0 -84.51267242,30.08900070,0 -84.51298523,30.08903313,0 -84.51329041,30.08906555,0 -84.51325226,30.08933449,0 -84.51356506,30.08936691,0 -84.51387024,30.08939934,0 -84.51418304,30.08943176,0 -84.51448822,30.08946419,0 -84.51445007,30.08973312,0 -84.51476288,30.08976555,0 -84.51472473,30.09003258,0 -84.51503754,30.09006500,0 -84.51499939,30.09033394,0 -84.51530456,30.09036636,0 -84.51561737,30.09039879,0 -84.51592255,30.09043121,0 -84.51588440,30.09070015,0 -84.51619720,30.09073257,0 -84.51651001,30.09076500,0 -84.51681519,30.09079742,0 -84.51712799,30.09082985,0 -84.51743317,30.09086227,0 -84.51747131,30.09059525,0 -84.51778412,30.09062767,0 -84.51808929,30.09066010,0 -84.51840210,30.09069252,0 -84.51870728,30.09072495,0 -84.51902008,30.09075737,0 -84.51932526,30.09078980,0 -84.51963806,30.09082222,0 -84.51994324,30.09085464,0 -84.52025604,30.09088898,0 -84.52021790,30.09115601,0 -84.52053070,30.09118843,0 -84.52083588,30.09122086,0 -84.52087402,30.09095383,0 -84.52118683,30.09098625,0 -84.52116571,30.09113410,0 -84.52114868,30.09125328,0 -84.52111054,30.09152222,0 -84.52107239,30.09179115,0 -84.52075958,30.09175873,0 -84.52072144,30.09202576,0 -84.52068329,30.09229469,0 -84.52065277,30.09256363,0 -84.52061462,30.09283066,0 -84.52030182,30.09279823,0 -84.52026367,30.09306717,0 -84.52022552,30.09333611,0 -84.52018738,30.09360313,0 -84.52014923,30.09387207,0 -84.52011108,30.09414101,0 -84.52008057,30.09440804,0 -84.52004242,30.09467697,0 -84.52000427,30.09494591,0 -84.51969147,30.09491348,0 -84.51965332,30.09518051,0 -84.51961517,30.09544945,0 -84.51957703,30.09571838,0 -84.51953888,30.09598541,0 -84.51950836,30.09625435,0 -84.51947021,30.09652329,0 -84.51915741,30.09649086,0 -84.51911926,30.09675789,0 -84.51881409,30.09672546,0 -84.51850128,30.09669304,0 -84.51819611,30.09666061,0 -84.51815796,30.09692955,0 -84.51784515,30.09689713,0 -84.51753235,30.09686470,0 -84.51750183,30.09713173,0 -84.51718903,30.09709930,0 -84.51715088,30.09736824,0 -84.51684570,30.09733582,0 -84.51680756,30.09760284,0 -84.51649475,30.09757042,0 -84.51645660,30.09783936,0 -84.51641846,30.09810829,0 -84.51638031,30.09837532,0 -84.51669312,30.09840775,0 -84.51665497,30.09867668,0 -84.51661682,30.09894562,0 -84.51692963,30.09897804,0 -84.51689148,30.09924507,0 -84.51685333,30.09951401,0 -84.51681519,30.09978294,0 -84.51677704,30.10005188,0 -84.51673889,30.10031891,0 -84.51642609,30.10028648,0 -84.51638794,30.10055542,0 -84.51670074,30.10058785,0 -84.51701355,30.10062027,0 -84.51704407,30.10035133,0 -84.51735687,30.10038376,0 -84.51766968,30.10041618,0 -84.51770783,30.10014915,0 -84.51801300,30.10018158,0 -84.51832581,30.10021400,0 -84.51863098,30.10024643,0 -84.51894379,30.10027885,0 -84.51924896,30.10031128,0 -84.51956177,30.10034370,0 -84.51986694,30.10037613,0 -84.52017975,30.10040855,0 -84.52048492,30.10044098,0 -84.52045441,30.10070992,0 -84.52075958,30.10074234,0 -84.52107239,30.10077476,0 -84.52103424,30.10104370,0 -84.52133942,30.10107613,0 -84.52130127,30.10134506,0 -84.52161407,30.10137749,0 -84.52191925,30.10140991,0 -84.52188873,30.10167885,0 -84.52219391,30.10171127,0 -84.52250671,30.10174370,0 -84.52246857,30.10201073,0 -84.52243042,30.10227966,0 -84.52273560,30.10231209,0 -84.52277374,30.10204315,0 -84.52308655,30.10207558,0 -84.52312470,30.10180855,0 -84.52342987,30.10184097,0 -84.52346802,30.10157204,0 -84.52378082,30.10160446,0 -84.52408600,30.10163689,0 -84.52412415,30.10136986,0 -84.52443695,30.10140228,0 -84.52439880,30.10166931,0 -84.52470398,30.10170174,0 -84.52501678,30.10173607,0 -84.52532196,30.10176849,0 -84.52563477,30.10180092,0 -84.52559662,30.10206795,0 -84.52590942,30.10210037,0 -84.52587128,30.10236931,0 -84.52583313,30.10263825,0 -84.52613831,30.10267067,0 -84.52610016,30.10293961,0 -84.52606964,30.10320663,0 -84.52637482,30.10323906,0 -84.52633667,30.10350800,0 -84.52664947,30.10354042,0 -84.52695465,30.10357285,0 -84.52699280,30.10330391,0 -84.52730560,30.10333633,0 -84.52734375,30.10306931,0 -84.52703094,30.10303688,0 -84.52706909,30.10276794,0 -84.52738190,30.10280037,0 -84.52742004,30.10253143,0 -84.52745056,30.10226440,0 -84.52748871,30.10199547,0 -84.52752686,30.10172653,0 -84.52756500,30.10145950,0 -84.52787781,30.10149193,0 -84.52818298,30.10152435,0 -84.52822113,30.10125542,0 -84.52825928,30.10098839,0 -84.52857208,30.10102081,0 -84.52861023,30.10075188,0 -84.52891541,30.10078430,0 -84.52895355,30.10051537,0 -84.52926636,30.10054779,0 -84.52930450,30.10028076,0 -84.52960968,30.10031319,0 -84.52992249,30.10034561,0 -84.52996063,30.10007668,0 -84.53026581,30.10010910,0 -84.53057861,30.10014153,0 -84.53061676,30.09987450,0 -84.53030396,30.09984207,0 -84.53034210,30.09957314,0 -84.53064728,30.09960556,0 -84.53096008,30.09963799,0 -84.53092194,30.09990692,0 -84.53123474,30.09993935,0 -84.53119659,30.10020638,0 -84.53150177,30.10023880,0 -84.53181458,30.10027122,0 -84.53211975,30.10030556,0 -84.53243256,30.10033798,0 -84.53273773,30.10037041,0 -84.53277588,30.10010147,0 -84.53308868,30.10013390,0 -84.53305054,30.10040283,0 -84.53336334,30.10043526,0 -84.53332519,30.10070229,0 -84.53328705,30.10097122,0 -84.53359222,30.10100365,0 -84.53390503,30.10103607,0 -84.53421021,30.10106850,0 -84.53452301,30.10110092,0 -84.53448486,30.10136986,0 -84.53444672,30.10163879,0 -84.53440857,30.10190582,0 -84.53437042,30.10217476,0 -84.53433228,30.10244370,0 -84.53429413,30.10271072,0 -84.53426361,30.10297966,0 -84.53422546,30.10324860,0 -84.53418732,30.10351562,0 -84.53414917,30.10378456,0 -84.53411102,30.10405350,0 -84.53407288,30.10432053,0 -84.53403473,30.10458946,0 -84.53434753,30.10462189,0 -84.53465271,30.10465431,0 -84.53461456,30.10492325,0 -84.53492737,30.10495567,0 -84.53488922,30.10522461,0 -84.53519440,30.10525703,0 -84.53516388,30.10552406,0 -84.53546906,30.10555649,0 -84.53543091,30.10582542,0 -84.53539276,30.10609436,0 -84.53535461,30.10636139,0 -84.53566742,30.10639381,0 -84.53562927,30.10666275,0 -84.53594208,30.10669518,0 -84.53590393,30.10696411,0 -84.53586578,30.10723305,0 -84.53582764,30.10750008,0 -84.53578949,30.10776901,0 -84.53609467,30.10780144,0 -84.53605652,30.10807037,0 -84.53636932,30.10810280,0 -84.53633118,30.10836983,0 -84.53664398,30.10840225,0 -84.53660584,30.10867119,0 -84.53656769,30.10894012,0 -84.53652954,30.10920715,0 -84.53649139,30.10947609,0 -84.53645325,30.10974503,0 -84.53641510,30.11001205,0 -84.53672791,30.11004448,0 -84.53703308,30.11007881,0 -84.53699493,30.11034584,0 -84.53730774,30.11037827,0 -84.53726959,30.11064720,0 -84.53758240,30.11067963,0 -84.53788757,30.11071205,0 -84.53784943,30.11098099,0 -84.53816223,30.11101341,0 -84.53846741,30.11104584,0 -84.53842926,30.11131287,0 -84.53874207,30.11134529,0 -84.53905487,30.11137962,0 -84.53901672,30.11164665,0 -84.53932190,30.11167908,0 -84.53928375,30.11194801,0 -84.53959656,30.11198044,0 -84.53990173,30.11201286,0 -84.54021454,30.11204529,0 -84.54017639,30.11231422,0 -84.54048920,30.11234665,0 -84.54079437,30.11237907,0 -84.54110718,30.11241150,0 -84.54114532,30.11214256,0 -84.54145050,30.11217499,0 -84.54148865,30.11190796,0 -84.54180145,30.11194038,0 -84.54210663,30.11197281,0 -84.54214478,30.11170387,0 -84.54245758,30.11173630,0 -84.54249573,30.11146736,0 -84.54280090,30.11149979,0 -84.54283905,30.11123276,0 -84.54287720,30.11096382,0 -84.54291534,30.11069488,0 -84.54322052,30.11072731,0 -84.54353333,30.11075973,0 -84.54357147,30.11049271,0 -84.54387665,30.11052513,0 -84.54418945,30.11055756,0 -84.54450226,30.11058998,0 -84.54453278,30.11032105,0 -84.54484558,30.11035347,0 -84.54515839,30.11038589,0 -84.54518890,30.11011887,0 -84.54550171,30.11015129,0 -84.54581451,30.11018372,0 -84.54611969,30.11021614,0 -84.54615784,30.10994720,0 -84.54647064,30.10997963,0 -84.54650879,30.10971069,0 -84.54681397,30.10974312,0 -84.54712677,30.10977745,0 -84.54743195,30.10980988,0 -84.54774475,30.10984230,0 -84.54804993,30.10987472,0 -84.54801178,30.11014175,0 -84.54832459,30.11017418,0 -84.54828644,30.11044311,0 -84.54859924,30.11047554,0 -84.54856110,30.11074448,0 -84.54886627,30.11077690,0 -84.54882813,30.11104393,0 -84.54878998,30.11131287,0 -84.54875183,30.11158180,0 -84.54872131,30.11184883,0 -84.54902649,30.11188126,0 -84.54898834,30.11215019,0 -84.54895020,30.11241913,0 -84.54891205,30.11268806,0 -84.54887390,30.11295509,0 -84.54884338,30.11322403,0 -84.54914856,30.11325645,0 -84.54911041,30.11352539,0 -84.54907227,30.11379242,0 -84.54938507,30.11382484,0 -84.54969025,30.11385727,0 -84.55000305,30.11388969,0 -84.55031586,30.11392212,0 -84.55027771,30.11419106,0 -84.55058289,30.11422348,0 -84.55089569,30.11425590,0 -84.55085754,30.11452484,0 -84.55081940,30.11479187,0 -84.55078125,30.11506081,0 -84.55074310,30.11532974,0 -84.55105591,30.11536217,0 -84.55136108,30.11539459,0 -84.55132294,30.11566353,0 -84.55128479,30.11593056,0 -84.55124664,30.11619949,0 -84.55094147,30.11616707,0 -84.55090332,30.11643410,0 -84.55086517,30.11670303,0 -84.55082703,30.11697197,0 -84.55078888,30.11724091,0 -84.55048370,30.11720657,0 -84.55044556,30.11747551,0 -84.55040741,30.11774445,0 -84.55009460,30.11771202,0 -84.55005646,30.11797905,0 -84.55002594,30.11824799,0 -84.54998779,30.11851692,0 -84.54994965,30.11878395,0 -84.54991150,30.11905289,0 -84.54987335,30.11932182,0 -84.54983520,30.11958885,0 -84.54979706,30.11985779,0 -84.54949188,30.11982536,0 -84.54945373,30.12009430,0 -84.54914093,30.12006187,0 -84.54910278,30.12032890,0 -84.54906464,30.12059784,0 -84.54902649,30.12086678,0 -84.54898834,30.12113380,0 -84.54895020,30.12140274,0 -84.54864502,30.12137032,0 -84.54860687,30.12163925,0 -84.54829407,30.12160683,0 -84.54826355,30.12187386,0 -84.54822540,30.12214279,0 -84.54791260,30.12211037,0 -84.54787445,30.12237930,0 -84.54783630,30.12264633,0 -84.54779816,30.12291527,0 -84.54749298,30.12288284,0 -84.54745483,30.12315178,0 -84.54776001,30.12318420,0 -84.54772949,30.12345123,0 -84.54803467,30.12348366,0 -84.54834747,30.12351608,0 -84.54865265,30.12354851,0 -84.54861450,30.12381744,0 -84.54892731,30.12384987,0 -84.54923248,30.12388229,0 -84.54919434,30.12415123,0 -84.54950714,30.12418365,0 -84.54946899,30.12445259,0 -84.54978180,30.12448502,0 -84.54974365,30.12475204,0 -84.55004883,30.12478447,0 -84.55001068,30.12505341,0 -84.54998016,30.12532234,0 -84.54994202,30.12558937,0 -84.54990387,30.12585831,0 -84.54959106,30.12582588,0 -84.54955292,30.12609482,0 -84.54951477,30.12636185,0 -84.54947662,30.12663078,0 -84.54944611,30.12689972,0 -84.54940796,30.12716675,0 -84.54971313,30.12719917,0 -84.54967499,30.12746811,0 -84.54963684,30.12773705,0 -84.54994965,30.12776947,0 -84.54991150,30.12803650,0 -84.55022430,30.12806892,0 -84.55018616,30.12833786,0 -84.55014801,30.12860680,0 -84.55010986,30.12887382,0 -84.55007172,30.12914276,0 -84.54975891,30.12911034,0 -84.54972076,30.12937927,0 -84.54969025,30.12964630,0 -84.54937744,30.12961388,0 -84.54933929,30.12988281,0 -84.54930115,30.13015175,0 -84.54899597,30.13011932,0 -84.54895782,30.13038635,0 -84.54891968,30.13065529,0 -84.54888153,30.13092422,0 -84.54856873,30.13089180,0 -84.54853058,30.13115883,0 -84.54849243,30.13142776,0 -84.54818726,30.13139534,0 -84.54814911,30.13166428,0 -84.54811096,30.13193130,0 -84.54807281,30.13220024,0 -84.54803467,30.13246918,0 -84.54772949,30.13243675,0 -84.54741669,30.13240433,0 -84.54737854,30.13267136,0 -84.54707336,30.13263893,0 -84.54703522,30.13290787,0 -84.54699707,30.13317490,0 -84.54695892,30.13344383,0 -84.54664612,30.13341141,0 -84.54660797,30.13368034,0 -84.54656982,30.13394737,0 -84.54626465,30.13391495,0 -84.54622650,30.13418388,0 -84.54591370,30.13415146,0 -84.54588318,30.13442040,0 -84.54557037,30.13438797,0 -84.54525757,30.13435555,0 -84.54521942,30.13462257,0 -84.54518890,30.13489151,0 -84.54487610,30.13485909,0 -84.54456329,30.13482666,0 -84.54425812,30.13479424,0 -84.54421997,30.13506317,0 -84.54418182,30.13533020,0 -84.54414368,30.13559914,0 -84.54445648,30.13563156,0 -84.54476166,30.13566399,0 -84.54507446,30.13569641,0 -84.54503632,30.13596535,0 -84.54534149,30.13599777,0 -84.54565430,30.13603020,0 -84.54569244,30.13576126,0 -84.54600525,30.13579369,0 -84.54603577,30.13552475,0 -84.54634857,30.13555717,0 -84.54666138,30.13558960,0 -84.54696655,30.13562393,0 -84.54727936,30.13565636,0 -84.54758453,30.13568878,0 -84.54789734,30.13572121,0 -84.54820251,30.13575363,0 -84.54851532,30.13578606,0 -84.54882812,30.13581848,0 -84.54913330,30.13585091,0 -84.54944611,30.13588333,0 -84.54975128,30.13591576,0 -84.55006409,30.13594818,0 -84.55010223,30.13567924,0 -84.55040741,30.13571167,0 -84.55072021,30.13574409,0 -84.55102539,30.13577652,0 -84.55106354,30.13550949,0 -84.55137634,30.13554192,0 -84.55168152,30.13557434,0 -84.55199432,30.13560677,0 -84.55230713,30.13563919,0 -84.55226898,30.13590622,0 -84.55257416,30.13593864,0 -84.55288696,30.13597107,0 -84.55284882,30.13624001,0 -84.55316162,30.13627243,0 -84.55346680,30.13630486,0 -84.55377960,30.13633728,0 -84.55408478,30.13636970,0 -84.55439758,30.13640213,0 -84.55435944,30.13667107,0 -84.55432129,30.13694000,0 -84.55463409,30.13697243,0 -84.55493927,30.13700485,0 -84.55525208,30.13703728,0 -84.55555725,30.13706970,0 -84.55551910,30.13733673,0 -84.55583191,30.13736916,0 -84.55613709,30.13740158,0 -84.55644989,30.13743401,0 -84.55648804,30.13716698,0 -84.55680084,30.13719940,0 -84.55710602,30.13723183,0 -84.55706787,30.13749886,0 -84.55702972,30.13776779,0 -84.55734253,30.13780022,0 -84.55764771,30.13783264,0 -84.55796051,30.13786507,0 -84.55792236,30.13813400,0 -84.55823517,30.13816643,0 -84.55854034,30.13819885,0 -84.55885315,30.13823128,0 -84.55889130,30.13796234,0 -84.55919647,30.13799477,0 -84.55923462,30.13772774,0 -84.55954742,30.13776016,0 -84.55958557,30.13749123,0 -84.55989075,30.13752365,0 -84.56020355,30.13755608,0 -84.56024170,30.13728714,0 -84.56054687,30.13731956,0 -84.56050873,30.13758850,0 -84.56082153,30.13762093,0 -84.56078339,30.13788986,0 -84.56109619,30.13792229,0 -84.56105804,30.13818932,0 -84.56136322,30.13822174,0 -84.56132507,30.13849068,0 -84.56101990,30.13845825,0 -84.56098175,30.13872719,0 -84.56094360,30.13899422,0 -84.56090546,30.13926315,0 -84.56086731,30.13953209,0 -84.56056213,30.13949966,0 -84.56052399,30.13976669,0 -84.56048584,30.14003563,0 -84.56017304,30.14000320,0 -84.55986786,30.13997078,0 -84.55955505,30.13993835,0 -84.55951691,30.14020729,0 -84.55921173,30.14017487,0 -84.55917358,30.14044189,0 -84.55913544,30.14071083,0 -84.55882263,30.14067841,0 -84.55878448,30.14094734,0 -84.55874634,30.14121437,0 -84.55870819,30.14148331,0 -84.55840302,30.14145088,0 -84.55836487,30.14171982,0 -84.55832672,30.14198685,0 -84.55828857,30.14225578,0 -84.55825043,30.14252472,0 -84.55821228,30.14279175,0 -84.55817413,30.14306068,0 -84.55786896,30.14302826,0 -84.55783081,30.14329529,0 -84.55751801,30.14326286,0 -84.55721283,30.14323044,0 -84.55717468,30.14349937,0 -84.55713654,30.14376831,0 -84.55682373,30.14373589,0 -84.55679321,30.14400291,0 -84.55675507,30.14427185,0 -84.55706024,30.14430428,0 -84.55702210,30.14457321,0 -84.55733490,30.14460564,0 -84.55729675,30.14487267,0 -84.55760956,30.14490509,0 -84.55757141,30.14517403,0 -84.55787659,30.14520645,0 -84.55783844,30.14547539,0 -84.55815125,30.14550781,0 -84.55845642,30.14554024,0 -84.55876923,30.14557266,0 -84.55908203,30.14560509,0 -84.55938721,30.14563751,0 -84.55934906,30.14590645,0 -84.55966186,30.14593887,0 -84.55962372,30.14620590,0 -84.55958557,30.14647484,0 -84.55954742,30.14674377,0 -84.55950928,30.14701080,0 -84.55947113,30.14727974,0 -84.55943298,30.14754868,0 -84.55939484,30.14781570,0 -84.55970764,30.14784813,0 -84.55966949,30.14811706,0 -84.55998230,30.14814949,0 -84.55994415,30.14841843,0 -84.55990601,30.14868546,0 -84.56021118,30.14871788,0 -84.56018066,30.14898682,0 -84.56048584,30.14901924,0 -84.56079864,30.14905167,0 -84.56076050,30.14932060,0 -84.56106567,30.14935303,0 -84.56137848,30.14938545,0 -84.56134033,30.14965248,0 -84.56165314,30.14968491,0 -84.56195831,30.14971733,0 -84.56199646,30.14945030,0 -84.56230927,30.14948273,0 -84.56261444,30.14951515,0 -84.56265259,30.14924622,0 -84.56296539,30.14927864,0 -84.56327057,30.14931107,0 -84.56358337,30.14934349,0 -84.56388855,30.14937592,0 -84.56420135,30.14940834,0 -84.56451416,30.14944076,0 -84.56481934,30.14947319,0 -84.56513214,30.14950562,0 -84.56543732,30.14953804,0 -84.56575012,30.14957047,0 -84.56605530,30.14960289,0 -84.56636810,30.14963532,0 -84.56668091,30.14966774,0 -84.56698608,30.14970017,0 -84.56729889,30.14973259,0 -84.56760407,30.14976501,0 -84.56791687,30.14979744,0 -84.56822205,30.14982986,0 -84.56853485,30.14986229,0 -84.56857300,30.14959526,0 -84.56861114,30.14932632,0 -84.56891632,30.14935875,0 -84.56895447,30.14908981,0 -84.56864929,30.14905739,0 -84.56868744,30.14879036,0 -84.56872559,30.14852142,0 -84.56875610,30.14825249,0 -84.56879425,30.14798546,0 -84.56848907,30.14795303,0 -84.56852722,30.14768410,0 -84.56856537,30.14741516,0 -84.56860352,30.14714813,0 -84.56863403,30.14687920,0 -84.56867218,30.14661026,0 -84.56871033,30.14634323,0 -84.56902313,30.14637566,0 -84.56906128,30.14610672,0 -84.56936645,30.14613915,0 -84.56967926,30.14617157,0 -84.56998444,30.14620400,0 -84.57029724,30.14623642,0 -84.57061005,30.14626884,0 -84.57091522,30.14630127,0 -84.57095337,30.14603233,0 -84.57126617,30.14606476,0 -84.57157135,30.14609718,0 -84.57188416,30.14612961,0 -84.57218933,30.14616203,0 -84.57215118,30.14643097,0 -84.57212067,30.14669991,0 -84.57242584,30.14673233,0 -84.57238770,30.14699936,0 -84.57270050,30.14703178,0 -84.57266235,30.14730072,0 -84.57262421,30.14756966,0 -84.57258606,30.14783669,0 -84.57254791,30.14810562,0 -84.57286072,30.14813805,0 -84.57282257,30.14840698,0 -84.57312775,30.14843941,0 -84.57309723,30.14870644,0 -84.57305908,30.14897537,0 -84.57336426,30.14900780,0 -84.57332611,30.14927673,0 -84.57363892,30.14930916,0 -84.57394409,30.14933968,0 -84.57391357,30.14960861,0 -84.57387543,30.14987755,0 -84.57418060,30.14990997,0 -84.57414246,30.15017700,0 -84.57445526,30.15020943,0 -84.57441711,30.15047836,0 -84.57472992,30.15051079,0 -84.57469177,30.15077972,0 -84.57465363,30.15104675,0 -84.57495880,30.15107918,0 -84.57492065,30.15134811,0 -84.57523346,30.15138054,0 -84.57554626,30.15141296,0 -84.57550812,30.15168190,0 -84.57546997,30.15194893,0 -84.57577515,30.15198135,0 -84.57574463,30.15225029,0 -84.57570648,30.15251923,0 -84.57601166,30.15255165,0 -84.57632446,30.15258408,0 -84.57628632,30.15285110,0 -84.57624817,30.15312004,0 -84.57656097,30.15315247,0 -84.57652283,30.15342140,0 -84.57682800,30.15345383,0 -84.57678986,30.15372086,0 -84.57710266,30.15375328,0 -84.57706451,30.15402222,0 -84.57702637,30.15429115,0 -84.57733917,30.15432358,0 -84.57730103,30.15459061,0 -84.57760620,30.15462303,0 -84.57756805,30.15489197,0 -84.57788086,30.15492439,0 -84.57784271,30.15519333,0 -84.57815552,30.15522575,0 -84.57811737,30.15549278,0 -84.57842255,30.15552521,0 -84.57838440,30.15579414,0 -84.57869720,30.15582657,0 -84.57865906,30.15609550,0 -84.57897186,30.15612793,0 -84.57893372,30.15639496,0 -84.57889557,30.15666390,0 -84.57920837,30.15669632,0 -84.57917023,30.15696526,0 -84.57947540,30.15699768,0 -84.57943726,30.15726471,0 -84.57975006,30.15729713,0 -84.57971191,30.15756607,0 -84.57967377,30.15783501,0 -84.57963562,30.15810204,0 -84.57959747,30.15837097,0 -84.57991028,30.15840340,0 -84.58021545,30.15843582,0 -84.58052826,30.15846825,0 -84.58049011,30.15873718,0 -84.58080292,30.15876770,0 -84.58110809,30.15880013,0 -84.58106995,30.15906906,0 -84.58103180,30.15933800,0 -84.58134460,30.15937042,0 -84.58165741,30.15940285,0 -84.58161926,30.15966988,0 -84.58192444,30.15970230,0 -84.58188629,30.15997124,0 -84.58219910,30.16000366,0 -84.58216095,30.16027260,0 -84.58247375,30.16030502,0 -84.58277893,30.16033745,0 -84.58309174,30.16036987,0 -84.58305359,30.16063690,0 -84.58336639,30.16066933,0 -84.58367157,30.16070175,0 -84.58398437,30.16073418,0 -84.58428955,30.16076660,0 -84.58460236,30.16079903,0 -84.58456421,30.16106796,0 -84.58487701,30.16110039,0 -84.58483887,30.16136932,0 -84.58514404,30.16140175,0 -84.58510590,30.16166878,0 -84.58541870,30.16170120,0 -84.58538055,30.16197014,0 -84.58569336,30.16200256,0 -84.58565521,30.16226959,0 -84.58561707,30.16253853,0 -84.58592224,30.16257095,0 -84.58588409,30.16283989,0 -84.58619690,30.16287231,0 -84.58615875,30.16313934,0 -84.58647156,30.16317177,0 -84.58643341,30.16344070,0 -84.58673859,30.16347313,0 -84.58670807,30.16374207,0 -84.58666992,30.16400909,0 -84.58663177,30.16427803,0 -84.58659363,30.16454697,0 -84.58655548,30.16481399,0 -84.58686829,30.16484642,0 -84.58717346,30.16487885,0 -84.58713531,30.16514778,0 -84.58744812,30.16518021,0 -84.58775330,30.16521263,0 -84.58806610,30.16524506,0 -84.58837891,30.16527748,0 -84.58834076,30.16554642,0 -84.58864594,30.16557693,0 -84.58895874,30.16560936,0 -84.58926392,30.16564178,0 -84.58923340,30.16591072,0 -84.58953857,30.16594315,0 -84.58985138,30.16597557,0 -84.59015656,30.16600800,0 -84.59046936,30.16604042,0 -84.59043121,30.16630936,0 -84.59074402,30.16634178,0 -84.59104919,30.16637421,0 -84.59136200,30.16640663,0 -84.59166718,30.16643906,0 -84.59162903,30.16670608,0 -84.59194183,30.16673851,0 -84.59190369,30.16700745,0 -84.59221649,30.16703987,0 -84.59217835,30.16730690,0 -84.59248352,30.16733933,0 -84.59279633,30.16737175,0 -84.59275818,30.16764069,0 -84.59307098,30.16767311,0 -84.59303284,30.16794205,0 -84.59333801,30.16797447,0 -84.59365082,30.16800690,0 -84.59396362,30.16803932,0 -84.59426880,30.16807175,0 -84.59423065,30.16833878,0 -84.59454346,30.16837120,0 -84.59484863,30.16840363,0 -84.59516144,30.16843605,0 -84.59512329,30.16870499,0 -84.59543610,30.16873741,0 -84.59574127,30.16876984,0 -84.59605408,30.16880226,0 -84.59635925,30.16883469,0 -84.59632873,30.16910172,0 -84.59663391,30.16913414,0 -84.59659576,30.16940308,0 -84.59690857,30.16943550,0 -84.59687042,30.16970444,0 -84.59718323,30.16973495,0 -84.59748840,30.16976738,0 -84.59745026,30.17003632,0 -84.59776306,30.17006874,0 -84.59772491,30.17033768,0 -84.59803009,30.17037010,0 -84.59834290,30.17040253,0 -84.59830475,30.17066956,0 -84.59861755,30.17070198,0 -84.59857941,30.17097092,0 -84.59888458,30.17100334,0 -84.59885406,30.17127228,0 -84.59915924,30.17130280,0 -84.59947205,30.17133522,0 -84.59943390,30.17160416,0 -84.59973907,30.17163658,0 -84.59970856,30.17190552,0 -84.60001373,30.17193794,0 -84.59997559,30.17220497,0 -84.60028839,30.17223740,0 -84.60032654,30.17197037,0 -84.60063171,30.17200279,0 -84.60094452,30.17203522,0 -84.60125732,30.17206573,0 -84.60156250,30.17209816,0 -84.60187530,30.17213058,0 -84.60218048,30.17216301,0 -84.60249329,30.17219543,0 -84.60279846,30.17222786,0 -84.60311127,30.17226028,0 -84.60342407,30.17229271,0 -84.60372925,30.17232513,0 -84.60404205,30.17235756,0 -84.60400391,30.17262650,0 -84.60431671,30.17265892,0 -84.60427856,30.17292595,0 -84.60458374,30.17295837,0 -84.60489655,30.17299080,0 -84.60485840,30.17325974,0 -84.60516357,30.17329216,0 -84.60513306,30.17356110,0 -84.60543823,30.17359161,0 -84.60540009,30.17386055,0 -84.60571289,30.17389297,0 -84.60567474,30.17416191,0 -84.60598755,30.17419434,0 -84.60594940,30.17446136,0 -84.60625458,30.17449379,0 -84.60621643,30.17476273,0 -84.60652924,30.17479515,0 -84.60684204,30.17482758,0 -84.60680389,30.17509651,0 -84.60710907,30.17512703,0 -84.60742187,30.17515945,0 -84.60738373,30.17542839,0 -84.60769653,30.17546082,0 -84.60800171,30.17549324,0 -84.60831451,30.17552567,0 -84.60827637,30.17579460,0 -84.60823822,30.17606163,0 -84.60855102,30.17609406,0 -84.60851288,30.17636299,0 -84.60847473,30.17663002,0 -84.60877991,30.17666245,0 -84.60909271,30.17669487,0 -84.60940552,30.17672730,0 -84.60936737,30.17699623,0 -84.60967255,30.17702866,0 -84.60963440,30.17729759,0 -84.60959625,30.17756462,0 -84.60990906,30.17759705,0 -84.60987091,30.17786598,0 -84.61018372,30.17789841,0 -84.61014557,30.17816544,0 -84.61010742,30.17843437,0 -84.61042023,30.17846680,0 -84.61038208,30.17873573,0 -84.61068726,30.17876816,0 -84.61100006,30.17880058,0 -84.61130524,30.17883301,0 -84.61127472,30.17910004,0 -84.61123657,30.17936897,0 -84.61154175,30.17940140,0 -84.61150360,30.17966843,0 -84.61181641,30.17970085,0 -84.61212921,30.17973328,0 -84.61243439,30.17976570,0 -84.61274719,30.17979813,0 -84.61305237,30.17983055,0 -84.61301422,30.18009949,0 -84.61332703,30.18013191,0 -84.61363983,30.18016434,0 -84.61360168,30.18043137,0 -84.61356354,30.18070030,0 -84.61352539,30.18096924,0 -84.61348724,30.18123627,0 -84.61344910,30.18150520,0 -84.61376190,30.18153763,0 -84.61372375,30.18180656,0 -84.61368561,30.18207359,0 -84.61399841,30.18210602,0 -84.61396027,30.18237495,0 -84.61392212,30.18264389,0 -84.61388397,30.18291092,0 -84.61384583,30.18317986,0 -84.61380768,30.18344879,0 -84.61412048,30.18347931,0 -84.61408234,30.18374824,0 -84.61404419,30.18401718,0 -84.61435699,30.18404961,0 -84.61431885,30.18431664,0 -84.61428070,30.18458557,0 -84.61458588,30.18461800,0 -84.61455536,30.18488693,0 -84.61451721,30.18515396,0 -84.61447906,30.18542290,0 -84.61444092,30.18569183,0 -84.61440277,30.18595886,0 -84.61471558,30.18599129,0 -84.61467743,30.18626022,0 -84.61463928,30.18652916,0 -84.61460113,30.18679619,0 -84.61491394,30.18682861,0 -84.61487579,30.18709755,0 -84.61483765,30.18736458,0 -84.61479950,30.18763351,0 -84.61510468,30.18766594,0 -84.61507416,30.18793488,0 -84.61503601,30.18820190,0 -84.61499786,30.18847084,0 -84.61530304,30.18850327,0 -84.61527252,30.18877220,0 -84.61523438,30.18903923,0 -84.61519623,30.18930817,0 -84.61550140,30.18934059,0 -84.61546326,30.18960953,0 -84.61543274,30.18987656,0 -84.61539459,30.19014549,0 -84.61535645,30.19041443,0 -84.61531830,30.19068146,0 -84.61528015,30.19095039,0 -84.61524200,30.19121742,0 -84.61520386,30.19148636,0 -84.61516571,30.19175529,0 -84.61513519,30.19202232,0 -84.61509705,30.19229126,0 -84.61505890,30.19256020,0 -84.61502075,30.19282722,0 -84.61498261,30.19309616,0 -84.61494446,30.19336510,0 -84.61490631,30.19363213,0 -84.61486816,30.19390106,0 -84.61483002,30.19417000,0 -84.61479950,30.19443703,0 -84.61476135,30.19470596,0 -84.61506653,30.19473839,0 -84.61502838,30.19500732,0 -84.61499023,30.19527435,0 -84.61495972,30.19554329,0 -84.61526489,30.19557571,0 -84.61522675,30.19584465,0 -84.61518860,30.19611168,0 -84.61515808,30.19638062,0 -84.61546326,30.19641304,0 -84.61577606,30.19644547,0 -84.61573791,30.19671249,0 -84.61604309,30.19674492,0 -84.61635590,30.19677734,0 -84.61631775,30.19704628,0 -84.61663055,30.19707871,0 -84.61659241,30.19734764,0 -84.61689758,30.19737816,0 -84.61686707,30.19764709,0 -84.61717224,30.19767952,0 -84.61748505,30.19771194,0 -84.61779022,30.19774437,0 -84.61775208,30.19801331,0 -84.61806488,30.19804382,0 -84.61802673,30.19831276,0 -84.61833954,30.19834518,0 -84.61830139,30.19861412,0 -84.61861420,30.19864655,0 -84.61857605,30.19891357,0 -84.61888123,30.19894600,0 -84.61884308,30.19921494,0 -84.61915588,30.19924736,0 -84.61911774,30.19951439,0 -84.61943054,30.19954681,0 -84.61939240,30.19981575,0 -84.61969757,30.19984818,0 -84.61966705,30.20011711,0 -84.61997223,30.20014954,0 -84.62028503,30.20018005,0 -84.62059021,30.20021248,0 -84.62062836,30.19994545,0 -84.62094116,30.19997787,0 -84.62090302,30.20024490,0 -84.62121582,30.20027733,0 -84.62117767,30.20054626,0 -84.62113953,30.20081520,0 -84.62110138,30.20108223,0 -84.62106323,30.20135117,0 -84.62102509,30.20162010,0 -84.62098694,30.20188713,0 -84.62068176,30.20185471,0 -84.62036896,30.20182228,0 -84.62005615,30.20178986,0 -84.61975098,30.20175934,0 -84.61943817,30.20172691,0 -84.61913300,30.20169449,0 -84.61909485,30.20196152,0 -84.61878204,30.20192909,0 -84.61874390,30.20219803,0 -84.61843872,30.20216560,0 -84.61812592,30.20213318,0 -84.61781311,30.20210075,0 -84.61750794,30.20206833,0 -84.61719513,30.20203590,0 -84.61715698,30.20230484,0 -84.61685181,30.20227242,0 -84.61681366,30.20254135,0 -84.61677551,30.20280838,0 -84.61646271,30.20277786,0 -84.61615753,30.20274544,0 -84.61611938,30.20301247,0 -84.61580658,30.20298004,0 -84.61550140,30.20294762,0 -84.61546326,30.20321655,0 -84.61515045,30.20318413,0 -84.61511231,30.20345306,0 -84.61480713,30.20342064,0 -84.61449432,30.20338821,0 -84.61445618,30.20365715,0 -84.61415100,30.20362472,0 -84.61411285,30.20389175,0 -84.61380005,30.20385933,0 -84.61376190,30.20412827,0 -84.61372375,30.20439720,0 -84.61368561,30.20466423,0 -84.61338043,30.20463181,0 -84.61306763,30.20459938,0 -84.61276245,30.20456886,0 -84.61272430,30.20483589,0 -84.61241150,30.20480347,0 -84.61209869,30.20477104,0 -84.61206818,30.20503998,0 -84.61175537,30.20500755,0 -84.61144257,30.20497513,0 -84.61148071,30.20470619,0 -84.61117554,30.20467377,0 -84.61113739,30.20494270,0 -84.61109924,30.20521164,0 -84.61106110,30.20547867,0 -84.61074829,30.20544815,0 -84.61071014,30.20571518,0 -84.61040497,30.20568275,0 -84.61036682,30.20595169,0 -84.61005402,30.20591927,0 -84.61001587,30.20618820,0 -84.60971069,30.20615578,0 -84.60967255,30.20642281,0 -84.60935974,30.20639038,0 -84.60932159,30.20665932,0 -84.60901642,30.20662689,0 -84.60870361,30.20659447,0 -84.60866547,30.20686340,0 -84.60836029,30.20683098,0 -84.60832214,30.20709991,0 -84.60800934,30.20706749,0 -84.60797119,30.20733452,0 -84.60794067,30.20760345,0 -84.60790253,30.20787239,0 -84.60786438,30.20813942,0 -84.60755157,30.20810699,0 -84.60751343,30.20837593,0 -84.60720825,30.20834351,0 -84.60689545,30.20831108,0 -84.60658264,30.20827866,0 -84.60655212,30.20854759,0 -84.60623932,30.20851517,0 -84.60592651,30.20848274,0 -84.60562134,30.20845032,0 -84.60558319,30.20871925,0 -84.60527039,30.20868683,0 -84.60523224,30.20895386,0 -84.60492706,30.20892143,0 -84.60461426,30.20888901,0 -84.60457611,30.20915794,0 -84.60427094,30.20912552,0 -84.60395813,30.20909309,0 -84.60391998,30.20936203,0 -84.60388184,30.20962906,0 -84.60357666,30.20959663,0 -84.60353851,30.20986557,0 -84.60322571,30.20983314,0 -84.60318756,30.21010208,0 -84.60288238,30.21006966,0 -84.60284424,30.21033859,0 -84.60253143,30.21030617,0 -84.60221863,30.21027374,0 -84.60191345,30.21024132,0 -84.60160065,30.21020889,0 -84.60156250,30.21047592,0 -84.60125732,30.21044350,0 -84.60094452,30.21041107,0 -84.60063934,30.21038055,0 -84.60060120,30.21064758,0 -84.60028839,30.21061516,0 -84.59997559,30.21058273,0 -84.59967041,30.21055031,0 -84.59963226,30.21081924,0 -84.59931946,30.21078682,0 -84.59901428,30.21075439,0 -84.59897614,30.21102333,0 -84.59866333,30.21099091,0 -84.59835815,30.21095848,0 -84.59804535,30.21092606,0 -84.59800720,30.21119499,0 -84.59769440,30.21116257,0 -84.59738922,30.21113014,0 -84.59707642,30.21109772,0 -84.59703827,30.21136475,0 -84.59673309,30.21133232,0 -84.59669495,30.21160126,0 -84.59638214,30.21156883,0 -84.59607697,30.21153641,0 -84.59603882,30.21180534,0 -84.59572601,30.21177292,0 -84.59568787,30.21203995,0 -84.59564972,30.21230888,0 -84.59561157,30.21257782,0 -84.59530640,30.21254539,0 -84.59499359,30.21251297,0 -84.59503174,30.21224403,0 -84.59472656,30.21221161,0 -84.59468842,30.21248055,0 -84.59437561,30.21244812,0 -84.59433746,30.21271706,0 -84.59429932,30.21298408,0 -84.59426117,30.21325302,0 -84.59457397,30.21328545,0 -84.59453583,30.21355248,0 -84.59449768,30.21382141,0 -84.59481049,30.21385384,0 -84.59477234,30.21412277,0 -84.59473419,30.21438980,0 -84.59504700,30.21442223,0 -84.59535217,30.21445465,0 -84.59531403,30.21472359,0 -84.59562683,30.21475601,0 -84.59558868,30.21502495,0 -84.59555054,30.21529198,0 -84.59551239,30.21556091,0 -84.59547424,30.21582794,0 -84.59578705,30.21586037,0 -84.59582519,30.21559334,0 -84.59613037,30.21562576,0 -84.59644318,30.21565819,0 -84.59648132,30.21538925,0 -84.59679413,30.21542168,0 -84.59709930,30.21545410,0 -84.59741211,30.21548653,0 -84.59737396,30.21575546,0 -84.59767914,30.21578789,0 -84.59799194,30.21581840,0 -84.59830475,30.21585083,0 -84.59826660,30.21611977,0 -84.59857178,30.21615219,0 -84.59854126,30.21642113,0 -84.59850311,30.21668816,0 -84.59846497,30.21695709,0 -84.59842682,30.21722603,0 -84.59838867,30.21749306,0 -84.59807587,30.21746063,0 -84.59777069,30.21742821,0 -84.59773254,30.21769714,0 -84.59769440,30.21796608,0 -84.59765625,30.21823311,0 -84.59796906,30.21826553,0 -84.59827423,30.21829796,0 -84.59858704,30.21833038,0 -84.59862518,30.21806335,0 -84.59893036,30.21809387,0 -84.59924316,30.21812630,0 -84.59928131,30.21785927,0 -84.59958649,30.21789169,0 -84.59989929,30.21792412,0 -84.60021210,30.21795654,0 -84.60051727,30.21798897,0 -84.60083008,30.21802139,0 -84.60114288,30.21805382,0 -84.60144806,30.21808433,0 -84.60148621,30.21781731,0 -84.60179901,30.21784973,0 -84.60210419,30.21788216,0 -84.60241699,30.21791458,0 -84.60245514,30.21764565,0 -84.60276031,30.21767807,0 -84.60307312,30.21771050,0 -84.60338593,30.21774292,0 -84.60342407,30.21747398,0 -84.60372925,30.21750641,0 -84.60369110,30.21777534,0 -84.60400391,30.21780777,0 -84.60396576,30.21807480,0 -84.60427856,30.21810722,0 -84.60424042,30.21837616,0 -84.60420227,30.21864510,0 -84.60450745,30.21867752,0 -84.60446930,30.21894455,0 -84.60478210,30.21897697,0 -84.60509491,30.21900940,0 -84.60540009,30.21904182,0 -84.60543823,30.21877289,0 -84.60575104,30.21880531,0 -84.60578918,30.21853828,0 -84.60582733,30.21826935,0 -84.60586548,30.21800041,0 -84.60617065,30.21803284,0 -84.60620880,30.21776581,0 -84.60652161,30.21779823,0 -84.60682678,30.21783066,0 -84.60713959,30.21786308,0 -84.60744476,30.21789551,0 -84.60775757,30.21792603,0 -84.60807037,30.21795845,0 -84.60803223,30.21822739,0 -84.60833740,30.21825981,0 -84.60865021,30.21829224,0 -84.60896301,30.21832466,0 -84.60926819,30.21835709,0 -84.60958099,30.21838951,0 -84.60954285,30.21865654,0 -84.60950470,30.21892548,0 -84.60946655,30.21919441,0 -84.60977936,30.21922684,0 -84.60974121,30.21949387,0 -84.60970306,30.21976280,0 -84.60966492,30.22003174,0 -84.60962677,30.22029877,0 -84.60993958,30.22033119,0 -84.60990143,30.22060013,0 -84.61021423,30.22063255,0 -84.61017609,30.22089958,0 -84.61048126,30.22093201,0 -84.61044312,30.22120094,0 -84.61040497,30.22146988,0 -84.61071777,30.22150230,0 -84.61103058,30.22153473,0 -84.61133575,30.22156525,0 -84.61129761,30.22183418,0 -84.61161041,30.22186661,0 -84.61157227,30.22213554,0 -84.61188507,30.22216797,0 -84.61219025,30.22220039,0 -84.61215973,30.22246742,0 -84.61246490,30.22249985,0 -84.61242676,30.22276878,0 -84.61238861,30.22303581,0 -84.61270142,30.22306824,0 -84.61266327,30.22333717,0 -84.61262512,30.22360611,0 -84.61258698,30.22387314,0 -84.61228180,30.22384071,0 -84.61196899,30.22380829,0 -84.61193085,30.22407722,0 -84.61189270,30.22434616,0 -84.61220551,30.22437859,0 -84.61216736,30.22464561,0 -84.61212921,30.22491455,0 -84.61244202,30.22494698,0 -84.61240387,30.22521591,0 -84.61236572,30.22548294,0 -84.61232758,30.22575188,0 -84.61228943,30.22602081,0 -84.61225128,30.22628784,0 -84.61256409,30.22632027,0 -84.61252594,30.22658920,0 -84.61248779,30.22685623,0 -84.61244965,30.22712517,0 -84.61276245,30.22715759,0 -84.61272430,30.22742653,0 -84.61303711,30.22745895,0 -84.61299896,30.22772598,0 -84.61330414,30.22775841,0 -84.61326599,30.22802734,0 -84.61357880,30.22805977,0 -84.61389160,30.22809219,0 -84.61385346,30.22835922,0 -84.61415863,30.22839165,0 -84.61447144,30.22842407,0 -84.61478424,30.22845650,0 -84.61474609,30.22872543,0 -84.61505127,30.22875786,0 -84.61501312,30.22902489,0 -84.61532593,30.22905731,0 -84.61563873,30.22908974,0 -84.61560059,30.22935867,0 -84.61590576,30.22939110,0 -84.61587524,30.22965813,0 -84.61583710,30.22992706,0 -84.61579895,30.23019600,0 -84.61610413,30.23022842,0 -84.61641693,30.23026085,0 -84.61645508,30.22999191,0 -84.61676025,30.23002434,0 -84.61672974,30.23029327,0 -84.61703491,30.23032379,0 -84.61734772,30.23035622,0 -84.61765289,30.23038864,0 -84.61796570,30.23042107,0 -84.61792755,30.23069000,0 -84.61824036,30.23072243,0 -84.61820221,30.23098946,0 -84.61851501,30.23102188,0 -84.61882019,30.23105431,0 -84.61913300,30.23108673,0 -84.61909485,30.23135567,0 -84.61905670,30.23162460,0 -84.61901855,30.23189163,0 -84.61933136,30.23192406,0 -84.61929321,30.23219299,0 -84.61925507,30.23246002,0 -84.61921692,30.23272896,0 -84.61917877,30.23299789,0 -84.61914062,30.23326492,0 -84.61945343,30.23329735,0 -84.61941528,30.23356628,0 -84.61937714,30.23383522,0 -84.61968994,30.23386574,0 -84.61999512,30.23389816,0 -84.62003326,30.23363113,0 -84.62034607,30.23366356,0 -84.62065125,30.23369598,0 -84.62096405,30.23372841,0 -84.62092590,30.23399544,0 -84.62123871,30.23402786,0 -84.62120056,30.23429680,0 -84.62151337,30.23432922,0 -84.62147522,30.23459625,0 -84.62178040,30.23462868,0 -84.62174225,30.23489761,0 -84.62205505,30.23493004,0 -84.62201691,30.23519707,0 -84.62232971,30.23522949,0 -84.62229157,30.23549843,0 -84.62260437,30.23553085,0 -84.62290955,30.23556328,0 -84.62322235,30.23559570,0 -84.62352753,30.23562813,0 -84.62384033,30.23566055,0 -84.62415314,30.23569298,0 -84.62411499,30.23596001,0 -84.62442017,30.23599243,0 -84.62438202,30.23626137,0 -84.62435150,30.23652840,0 -84.62431335,30.23679733,0 -84.62427521,30.23706627,0 -84.62458038,30.23709869,0 -84.62454987,30.23736572,0 -84.62451172,30.23763466,0 -84.62481689,30.23766708,0 -84.62512970,30.23769951,0 -84.62509155,30.23796654,0 -84.62540436,30.23799896,0 -84.62536621,30.23826790,0 -84.62532806,30.23853684,0 -84.62563324,30.23856926,0 -84.62594604,30.23859978,0 -84.62590790,30.23886871,0 -84.62586975,30.23913765,0 -84.62618256,30.23917007,0 -84.62614441,30.23943710,0 -84.62610626,30.23970604,0 -84.62606811,30.23997498,0 -84.62638092,30.24000549,0 -84.62634277,30.24027443,0 -84.62630463,30.24054337,0 -84.62626648,30.24081039,0 -84.62622833,30.24107933,0 -84.62592316,30.24104691,0 -84.62588501,30.24131584,0 -84.62619782,30.24134827,0 -84.62615967,30.24161530,0 -84.62646484,30.24164772,0 -84.62642670,30.24191666,0 -84.62673950,30.24194908,0 -84.62705231,30.24198151,0 -84.62735748,30.24201393,0 -84.62767029,30.24204636,0 -84.62797546,30.24207687,0 -84.62828827,30.24210930,0 -84.62860107,30.24214172,0 -84.62890625,30.24217415,0 -84.62886810,30.24244308,0 -84.62883759,30.24271202,0 -84.62914276,30.24274254,0 -84.62945557,30.24277496,0 -84.62976074,30.24280739,0 -84.62973022,30.24307632,0 -84.63003540,30.24310875,0 -84.63034821,30.24314117,0 -84.63031006,30.24340820,0 -84.63027191,30.24367714,0 -84.63058472,30.24370956,0 -84.63054657,30.24397850,0 -84.63050842,30.24424553,0 -84.63082123,30.24427795,0 -84.63078308,30.24454689,0 -84.63108826,30.24457932,0 -84.63105011,30.24484634,0 -84.63136292,30.24487877,0 -84.63132477,30.24514770,0 -84.63128662,30.24541664,0 -84.63159943,30.24544716,0 -84.63156128,30.24571610,0 -84.63187408,30.24574852,0 -84.63183594,30.24601746,0 -84.63214111,30.24604988,0 -84.63245392,30.24608040,0 -84.63249207,30.24581337,0 -84.63280487,30.24584580,0 -84.63311005,30.24587822,0 -84.63307190,30.24614525,0 -84.63303375,30.24641418,0 -84.63334656,30.24644661,0 -84.63365936,30.24647903,0 -84.63396454,30.24651146,0 -84.63392639,30.24677849,0 -84.63423920,30.24681091,0 -84.63420105,30.24707985,0 -84.63416290,30.24734688,0 -84.63412476,30.24761581,0 -84.63408661,30.24788475,0 -84.63405609,30.24815178,0 -84.63401794,30.24842072,0 -84.63397980,30.24868965,0 -84.63394165,30.24895668,0 -84.63425446,30.24898911,0 -84.63455963,30.24902153,0 -84.63487244,30.24905395,0 -84.63517761,30.24908638,0 -84.63514709,30.24935532,0 -84.63545227,30.24938583,0 -84.63541412,30.24965477,0 -84.63572693,30.24968719,0 -84.63568878,30.24995613,0 -84.63600159,30.24998856,0 -84.63630676,30.25001907,0 -84.63634491,30.24975204,0 -84.63638306,30.24948311,0 -84.63669586,30.24951553,0 -84.63700104,30.24954796,0 -84.63731384,30.24958038,0 -84.63727570,30.24984741,0 -84.63758850,30.24987984,0 -84.63789368,30.24991226,0 -84.63785553,30.25018120,0 -84.63782501,30.25045013,0 -84.63778687,30.25071716,0 -84.63774872,30.25098610,0 -84.63771057,30.25125504,0 -84.63767242,30.25152206,0 -84.63798523,30.25155449,0 -84.63794708,30.25182343,0 -84.63825226,30.25185585,0 -84.63829041,30.25158691,0 -84.63860321,30.25161934,0 -84.63891602,30.25165176,0 -84.63894653,30.25138283,0 -84.63925934,30.25141525,0 -84.63957214,30.25144768,0 -84.63953400,30.25171661,0 -84.63983917,30.25174713,0 -84.64015198,30.25177956,0 -84.64046478,30.25181198,0 -84.64076996,30.25184441,0 -84.64108276,30.25187683,0 -84.64139557,30.25190926,0 -84.64170074,30.25194168,0 -84.64201355,30.25197411,0 -84.64232635,30.25200653,0 -84.64263153,30.25203705,0 -84.64266968,30.25177002,0 -84.64298248,30.25180244,0 -84.64302063,30.25153351,0 -84.64332581,30.25156593,0 -84.64336395,30.25129700,0 -84.64367676,30.25132942,0 -84.64363861,30.25159836,0 -84.64394379,30.25163078,0 -84.64391327,30.25189781,0 -84.64387512,30.25216675,0 -84.64418030,30.25219917,0 -84.64414215,30.25246811,0 -84.64445496,30.25249863,0 -84.64476776,30.25253105,0 -84.64507294,30.25256348,0 -84.64503479,30.25283241,0 -84.64500427,30.25309944,0 -84.64469147,30.25306892,0 -84.64437866,30.25303650,0 -84.64434051,30.25330353,0 -84.64431000,30.25357246,0 -84.64427185,30.25384140,0 -84.64423370,30.25410843,0 -84.64419556,30.25437736,0 -84.64415741,30.25464630,0 -84.64411926,30.25491333,0 -84.64443207,30.25494575,0 -84.64439392,30.25521469,0 -84.64470673,30.25524712,0 -84.64466858,30.25551415,0 -84.64497375,30.25554657,0 -84.64528656,30.25557900,0 -84.64559937,30.25561142,0 -84.64590454,30.25564384,0 -84.64621735,30.25567627,0 -84.64652252,30.25570869,0 -84.64649200,30.25597572,0 -84.64679718,30.25600815,0 -84.64675903,30.25627708,0 -84.64707184,30.25630951,0 -84.64738464,30.25634193,0 -84.64768982,30.25637245,0 -84.64765167,30.25664139,0 -84.64796448,30.25667381,0 -84.64792633,30.25694275,0 -84.64823914,30.25697327,0 -84.64820099,30.25724220,0 -84.64851379,30.25727463,0 -84.64881897,30.25730705,0 -84.64913178,30.25733948,0 -84.64909363,30.25760651,0 -84.64940643,30.25763893,0 -84.64936829,30.25790787,0 -84.64933014,30.25817680,0 -84.64929199,30.25844383,0 -84.64925385,30.25871277,0 -84.64956665,30.25874519,0 -84.64952850,30.25901222,0 -84.64949036,30.25928116,0 -84.64945221,30.25955009,0 -84.64976501,30.25958252,0 -84.65007019,30.25961304,0 -84.65038300,30.25964546,0 -84.65034485,30.25991440,0 -84.65065765,30.25994682,0 -84.65096283,30.25997925,0 -84.65092468,30.26024628,0 -84.65123749,30.26027870,0 -84.65119934,30.26054764,0 -84.65116119,30.26081657,0 -84.65112305,30.26108360,0 -84.65143585,30.26111603,0 -84.65139770,30.26138496,0 -84.65171051,30.26141739,0 -84.65167236,30.26168442,0 -84.65198517,30.26171684,0 -84.65194702,30.26198578,0 -84.65225220,30.26201820,0 -84.65221405,30.26228523,0 -84.65218353,30.26255417,0 -84.65214539,30.26282311,0 -84.65245056,30.26285362,0 -84.65276337,30.26288605,0 -84.65272522,30.26315498,0 -84.65303803,30.26318741,0 -84.65334320,30.26321983,0 -84.65338135,30.26295090,0 -84.65369415,30.26298332,0 -84.65400696,30.26301575,0 -84.65431213,30.26304817,0 -84.65435028,30.26277924,0 -84.65466309,30.26281166,0 -84.65462494,30.26308060,0 -84.65493011,30.26311111,0 -84.65489960,30.26338005,0 -84.65520477,30.26341248,0 -84.65516663,30.26368141,0 -84.65512848,30.26394844,0 -84.65509796,30.26421738,0 -84.65505981,30.26448441,0 -84.65502167,30.26475334,0 -84.65498352,30.26502228,0 -84.65494537,30.26528931,0 -84.65525818,30.26532173,0 -84.65522003,30.26559067,0 -84.65553284,30.26562309,0 -84.65549469,30.26589012,0 -84.65579987,30.26592255,0 -84.65576172,30.26619148,0 -84.65573120,30.26646042,0 -84.65603638,30.26649094,0 -84.65599823,30.26675987,0 -84.65631104,30.26679230,0 -84.65627289,30.26706123,0 -84.65623474,30.26732826,0 -84.65619659,30.26759720,0 -84.65589142,30.26756477,0 -84.65585327,30.26783371,0 -84.65554047,30.26780128,0 -84.65523529,30.26776886,0 -84.65519714,30.26803780,0 -84.65515900,30.26830482,0 -84.65546417,30.26833725,0 -84.65577698,30.26836967,0 -84.65573883,30.26863861,0 -84.65605164,30.26867104,0 -84.65635681,30.26870155,0 -84.65632629,30.26897049,0 -84.65663147,30.26900291,0 -84.65659332,30.26927185,0 -84.65690613,30.26930237,0 -84.65694427,30.26903534,0 -84.65724945,30.26906776,0 -84.65721893,30.26933479,0 -84.65752411,30.26936722,0 -84.65783691,30.26939964,0 -84.65814972,30.26943207,0 -84.65845490,30.26946449,0 -84.65876770,30.26949692,0 -84.65872955,30.26976395,0 -84.65869141,30.27003288,0 -84.65900421,30.27006531,0 -84.65896606,30.27033234,0 -84.65927124,30.27036476,0 -84.65958404,30.27039719,0 -84.65954590,30.27066612,0 -84.65950775,30.27093315,0 -84.65982056,30.27096558,0 -84.65978241,30.27123451,0 -84.65974426,30.27150345,0 -84.65970612,30.27177048,0 -84.66001892,30.27180290,0 -84.65998077,30.27207184,0 -84.66029358,30.27210426,0 -84.66025543,30.27237129,0 -84.65994263,30.27233887,0 -84.65990448,30.27260780,0 -84.65987396,30.27287674,0 -84.65983582,30.27314377,0 -84.65979767,30.27341270,0 -84.65975952,30.27368164,0 -84.65972137,30.27394867,0 -84.65968323,30.27421761,0 -84.65937805,30.27418518,0 -84.65933990,30.27445412,0 -84.65902710,30.27442169,0 -84.65898895,30.27468872,0 -84.65930176,30.27472115,0 -84.65926361,30.27499008,0 -84.65957642,30.27502251,0 -84.65953827,30.27528954,0 -84.65950012,30.27555847,0 -84.65946198,30.27582741,0 -84.65942383,30.27609444,0 -84.65911102,30.27606201,0 -84.65908051,30.27633095,0 -84.65876770,30.27629852,0 -84.65845489,30.27626610,0 -84.65841675,30.27653503,0 -84.65872955,30.27656746,0 -84.65904236,30.27659988,0 -84.65934753,30.27663231,0 -84.65930939,30.27689934,0 -84.65962219,30.27693176,0 -84.65993500,30.27696419,0 -84.66024017,30.27699661,0 -84.66055298,30.27702904,0 -84.66051483,30.27729607,0 -84.66082764,30.27732849,0 -84.66078949,30.27759743,0 -84.66110230,30.27762985,0 -84.66106415,30.27789688,0 -84.66136932,30.27792931,0 -84.66133118,30.27819824,0 -84.66164398,30.27823067,0 -84.66160584,30.27849770,0 -84.66191864,30.27853012,0 -84.66188049,30.27879906,0 -84.66219330,30.27883148,0 -84.66215515,30.27909851,0 -84.66246033,30.27913094,0 -84.66277313,30.27916336,0 -84.66281128,30.27889442,0 -84.66284943,30.27862740,0 -84.66288757,30.27835846,0 -84.66319275,30.27839088,0 -84.66323090,30.27812195,0 -84.66354370,30.27815437,0 -84.66358185,30.27788734,0 -84.66388702,30.27791786,0 -84.66384888,30.27818680,0 -84.66416168,30.27821922,0 -84.66447449,30.27825165,0 -84.66443634,30.27851868,0 -84.66439819,30.27878761,0 -84.66436005,30.27905655,0 -84.66432190,30.27932358,0 -84.66401672,30.27929306,0 -84.66397858,30.27956009,0 -84.66366577,30.27952766,0 -84.66362762,30.27979660,0 -84.66358948,30.28006554,0 -84.66390228,30.28009605,0 -84.66386414,30.28036499,0 -84.66382599,30.28063393,0 -84.66378784,30.28090096,0 -84.66410065,30.28093338,0 -84.66406250,30.28120232,0 -84.66437531,30.28123474,0 -84.66433716,30.28150177,0 -84.66464996,30.28153419,0 -84.66495514,30.28156662,0 -84.66499329,30.28129768,0 -84.66530609,30.28133011,0 -84.66561127,30.28136253,0 -84.66592407,30.28139496,0 -84.66623688,30.28142738,0 -84.66627502,30.28115845,0 -84.66658020,30.28119087,0 -84.66654205,30.28145981,0 -84.66685486,30.28149223,0 -84.66681671,30.28175926,0 -84.66677856,30.28202820,0 -84.66674042,30.28229523,0 -84.66670990,30.28256416,0 -84.66667175,30.28283310,0 -84.66663361,30.28310013,0 -84.66632080,30.28306961,0 -84.66628265,30.28333664,0 -84.66659546,30.28336906,0 -84.66655731,30.28363800,0 -84.66687012,30.28367043,0 -84.66683197,30.28393745,0 -84.66679382,30.28420639,0 -84.66710663,30.28423882,0 -84.66706848,30.28450584,0 -84.66703033,30.28477478,0 -84.66671753,30.28474236,0 -84.66667938,30.28501129,0 -84.66664123,30.28527832,0 -84.66661072,30.28554726,0 -84.66629791,30.28551483,0 -84.66625977,30.28578377,0 -84.66622162,30.28605080,0 -84.66618347,30.28631973,0 -84.66587830,30.28628731,0 -84.66584015,30.28655624,0 -84.66552734,30.28652382,0 -84.66522217,30.28649139,0 -84.66518402,30.28676033,0 -84.66487122,30.28672790,0 -84.66455841,30.28669548,0 -84.66425323,30.28666306,0 -84.66421509,30.28693199,0 -84.66390228,30.28689957,0 -84.66359711,30.28686714,0 -84.66355896,30.28713608,0 -84.66324615,30.28710365,0 -84.66328430,30.28683472,0 -84.66297150,30.28680229,0 -84.66266632,30.28677177,0 -84.66235352,30.28673935,0 -84.66231537,30.28700638,0 -84.66200256,30.28697586,0 -84.66169739,30.28694344,0 -84.66165924,30.28721046,0 -84.66134644,30.28717804,0 -84.66104126,30.28714752,0 -84.66072845,30.28711510,0 -84.66041565,30.28708267,0 -84.66011047,30.28705025,0 -84.66007233,30.28731918,0 -84.65975952,30.28728676,0 -84.65972137,30.28755379,0 -84.65941620,30.28752327,0 -84.65937805,30.28779030,0 -84.65933991,30.28805923,0 -84.65902710,30.28802681,0 -84.65898895,30.28829575,0 -84.65868378,30.28826332,0 -84.65864563,30.28853035,0 -84.65833283,30.28849983,0 -84.65802765,30.28846741,0 -84.65771484,30.28843498,0 -84.65740204,30.28840256,0 -84.65736389,30.28867149,0 -84.65705872,30.28863907,0 -84.65674591,30.28860664,0 -84.65670776,30.28887367,0 -84.65640259,30.28884315,0 -84.65608978,30.28881073,0 -84.65605164,30.28907776,0 -84.65573883,30.28904533,0 -84.65570068,30.28931427,0 -84.65539551,30.28928185,0 -84.65508270,30.28924942,0 -84.65504456,30.28951836,0 -84.65473938,30.28948593,0 -84.65442658,30.28945351,0 -84.65411377,30.28942108,0 -84.65380859,30.28939056,0 -84.65349579,30.28935814,0 -84.65353394,30.28908920,0 -84.65322113,30.28905678,0 -84.65291595,30.28902435,0 -84.65260315,30.28899193,0 -84.65229034,30.28896141,0 -84.65232849,30.28869247,0 -84.65202332,30.28866005,0 -84.65171051,30.28862762,0 -84.65139770,30.28859520,0 -84.65143585,30.28832817,0 -84.65112305,30.28829575,0 -84.65081787,30.28826332,0 -84.65085602,30.28799438,0 -84.65054321,30.28796196,0 -84.65050507,30.28823090,0 -84.65019989,30.28819847,0 -84.64988709,30.28816605,0 -84.64957428,30.28813362,0 -84.64961243,30.28786659,0 -84.64929962,30.28783417,0 -84.64899445,30.28780174,0 -84.64868164,30.28776932,0 -84.64837646,30.28773689,0 -84.64806366,30.28770447,0 -84.64802551,30.28797340,0 -84.64771271,30.28794098,0 -84.64767456,30.28820991,0 -84.64764404,30.28847694,0 -84.64733124,30.28844643,0 -84.64729309,30.28871346,0 -84.64698029,30.28868103,0 -84.64667511,30.28864861,0 -84.64663696,30.28891754,0 -84.64632416,30.28888512,0 -84.64628601,30.28915405,0 -84.64598083,30.28912163,0 -84.64594269,30.28939056,0 -84.64562988,30.28935814,0 -84.64559174,30.28962517,0 -84.64528656,30.28959274,0 -84.64524841,30.28986168,0 -84.64493561,30.28982925,0 -84.64489746,30.29009819,0 -84.64459228,30.29006576,0 -84.64427948,30.29003334,0 -84.64396668,30.29000092,0 -84.64366150,30.28996849,0 -84.64334869,30.28993607,0 -84.64303589,30.28990364,0 -84.64273071,30.28987312,0 -84.64241791,30.28984070,0 -84.64237976,30.29010773,0 -84.64234161,30.29037666,0 -84.64230347,30.29064560,0 -84.64227295,30.29091263,0 -84.64196014,30.29088020,0 -84.64192200,30.29114914,0 -84.64188385,30.29141808,0 -84.64184570,30.29168510,0 -84.64180756,30.29195404,0 -84.64176941,30.29222298,0 -84.64173889,30.29249001,0 -84.64142609,30.29245758,0 -84.64138794,30.29272652,0 -84.64134979,30.29299545,0 -84.64104462,30.29296303,0 -84.64100647,30.29323006,0 -84.64131165,30.29326248,0 -84.64127350,30.29353142,0 -84.64124298,30.29379845,0 -84.64154816,30.29383087,0 -84.64186096,30.29386330,0 -84.64216614,30.29389572,0 -84.64213562,30.29416466,0 -84.64244080,30.29419708,0 -84.64240265,30.29446411,0 -84.64209747,30.29443169,0 -84.64205933,30.29470062,0 -84.64202118,30.29496956,0 -84.64170837,30.29493713,0 -84.64140320,30.29490471,0 -84.64109039,30.29487228,0 -84.64105225,30.29514122,0 -84.64073944,30.29510880,0 -84.64043427,30.29507637,0 -84.64039612,30.29534340,0 -84.64008331,30.29531288,0 -84.64004517,30.29557991,0 -84.64001465,30.29584885,0 -84.63997650,30.29611588,0 -84.63966370,30.29608536,0 -84.63962555,30.29635239,0 -84.63958740,30.29662132,0 -84.63954926,30.29688835,0 -84.63951111,30.29715729,0 -84.63920593,30.29712486,0 -84.63916779,30.29739380,0 -84.63885498,30.29736137,0 -84.63881683,30.29763031,0 -84.63851166,30.29759789,0 -84.63847351,30.29786491,0 -84.63816071,30.29783249,0 -84.63812256,30.29810143,0 -84.63808441,30.29837036,0 -84.63805389,30.29863739,0 -84.63801575,30.29890633,0 -84.63770294,30.29887390,0 -84.63766479,30.29914284,0 -84.63762665,30.29940987,0 -84.63793945,30.29944229,0 -84.63790131,30.29971123,0 -84.63821411,30.29974365,0 -84.63851929,30.29977608,0 -84.63883209,30.29980850,0 -84.63879395,30.30007553,0 -84.63910675,30.30010796,0 -84.63941193,30.30014038,0 -84.63938141,30.30040932,0 -84.63934326,30.30067635,0 -84.63903046,30.30064392,0 -84.63899231,30.30091286,0 -84.63867950,30.30088043,0 -84.63864899,30.30114937,0 -84.63833618,30.30111694,0 -84.63829803,30.30138397,0 -84.63825989,30.30165291,0 -84.63822174,30.30192184,0 -84.63818359,30.30218887,0 -84.63787842,30.30215645,0 -84.63784027,30.30242538,0 -84.63780212,30.30269432,0 -84.63811493,30.30272675,0 -84.63807678,30.30299377,0 -84.63838196,30.30302620,0 -84.63834381,30.30329514,0 -84.63831329,30.30356216,0 -84.63827515,30.30383110,0 -84.63823700,30.30410004,0 -84.63819885,30.30436707,0 -84.63816071,30.30463600,0 -84.63812256,30.30490303,0 -84.63808441,30.30517197,0 -84.63804626,30.30544090,0 -84.63801575,30.30570793,0 -84.63797760,30.30597687,0 -84.63828278,30.30600929,0 -84.63824463,30.30627823,0 -84.63821411,30.30654526,0 -84.63851929,30.30657768,0 -84.63848114,30.30684662,0 -84.63879395,30.30687904,0 -84.63875580,30.30714607,0 -84.63871765,30.30741501,0 -84.63867950,30.30768204,0 -84.63864136,30.30795097,0 -84.63895416,30.30798340,0 -84.63891602,30.30825233,0 -84.63887787,30.30851936,0 -84.63883972,30.30878830,0 -84.63853455,30.30875587,0 -84.63849640,30.30902481,0 -84.63818359,30.30899239,0 -84.63814545,30.30925941,0 -84.63784027,30.30922699,0 -84.63752747,30.30919647,0 -84.63748932,30.30946350,0 -84.63717651,30.30943108,0 -84.63687134,30.30939865,0 -84.63683319,30.30966759,0 -84.63679504,30.30993652,0 -84.63675690,30.31020355,0 -84.63645172,30.31017113,0 -84.63641357,30.31044006,0 -84.63637543,30.31070900,0 -84.63606262,30.31067657,0 -84.63602448,30.31094360,0 -84.63571930,30.31091118,0 -84.63540649,30.31088066,0 -84.63536835,30.31114769,0 -84.63533020,30.31141663,0 -84.63529205,30.31168365,0 -84.63525391,30.31195259,0 -84.63494873,30.31192017,0 -84.63491058,30.31218910,0 -84.63459778,30.31215668,0 -84.63455963,30.31242561,0 -84.63452148,30.31269264,0 -84.63421631,30.31266022,0 -84.63390350,30.31262779,0 -84.63386536,30.31289673,0 -84.63355255,30.31286430,0 -84.63324738,30.31283188,0 -84.63320923,30.31310082,0 -84.63317108,30.31336784,0 -84.63285828,30.31333733,0 -84.63255310,30.31330490,0 -84.63224029,30.31327248,0 -84.63192749,30.31324005,0 -84.63162231,30.31320763,0 -84.63158417,30.31347656,0 -84.63127136,30.31344414,0 -84.63096619,30.31341171,0 -84.63065338,30.31337929,0 -84.63034058,30.31334686,0 -84.63030243,30.31361580,0 -84.63026428,30.31388283,0 -84.63023376,30.31415176,0 -84.63019562,30.31441879,0 -84.63015747,30.31468773,0 -84.63011932,30.31495667,0 -84.63043213,30.31498909,0 -84.63039398,30.31525612,0 -84.63035583,30.31552505,0 -84.63031769,30.31579208,0 -84.63027954,30.31606102,0 -84.63059235,30.31609344,0 -84.63089752,30.31612587,0 -84.63121033,30.31615829,0 -84.63152313,30.31619072,0 -84.63156128,30.31592178,0 -84.63186645,30.31595421,0 -84.63182831,30.31622314,0 -84.63214111,30.31625557,0 -84.63245392,30.31628609,0 -84.63241577,30.31655502,0 -84.63272095,30.31658745,0 -84.63269043,30.31685638,0 -84.63265228,30.31712341,0 -84.63261414,30.31739235,0 -84.63257599,30.31765938,0 -84.63253784,30.31792831,0 -84.63249970,30.31819725,0 -84.63246155,30.31846428,0 -84.63242340,30.31873322,0 -84.63238525,30.31900215,0 -84.63235474,30.31926918,0 -84.63231659,30.31953812,0 -84.63227844,30.31980515,0 -84.63258362,30.31983757,0 -84.63255310,30.32010651,0 -84.63285828,30.32013893,0 -84.63282013,30.32040596,0 -84.63313293,30.32043838,0 -84.63309479,30.32070732,0 -84.63305664,30.32097626,0 -84.63301849,30.32124329,0 -84.63298035,30.32151222,0 -84.63294983,30.32178116,0 -84.63291168,30.32204819,0 -84.63287354,30.32231712,0 -84.63283539,30.32258415,0 -84.63279724,30.32285309,0 -84.63311005,30.32288551,0 -84.63307190,30.32315445,0 -84.63337707,30.32318497,0 -84.63334656,30.32345390,0 -84.63330841,30.32372284,0 -84.63327026,30.32398987,0 -84.63323212,30.32425880,0 -84.63291931,30.32422638,0 -84.63288116,30.32449532,0 -84.63284302,30.32476234,0 -84.63315582,30.32479477,0 -84.63311768,30.32506371,0 -84.63307953,30.32533073,0 -84.63339233,30.32536316,0 -84.63335419,30.32563209,0 -84.63331604,30.32590103,0 -84.63327789,30.32616806,0 -84.63323975,30.32643700,0 -84.63320923,30.32670403,0 -84.63351440,30.32673645,0 -84.63347626,30.32700539,0 -84.63378906,30.32703781,0 -84.63410187,30.32707024,0 -84.63406372,30.32733727,0 -84.63436890,30.32736969,0 -84.63433838,30.32763863,0 -84.63464356,30.32767105,0 -84.63495636,30.32770348,0 -84.63491821,30.32797050,0 -84.63523102,30.32800293,0 -84.63519287,30.32827187,0 -84.63549805,30.32830429,0 -84.63581085,30.32833672,0 -84.63577271,30.32860374,0 -84.63608551,30.32863617,0 -84.63639832,30.32866859,0 -84.63642883,30.32839966,0 -84.63646698,30.32813263,0 -84.63677979,30.32816505,0 -84.63681793,30.32789612,0 -84.63713074,30.32792854,0 -84.63716126,30.32765961,0 -84.63747406,30.32769203,0 -84.63751221,30.32742500,0 -84.63755035,30.32715607,0 -84.63786316,30.32718849,0 -84.63789368,30.32691956,0 -84.63820648,30.32695198,0 -84.63851929,30.32698441,0 -84.63882446,30.32701683,0 -84.63913727,30.32704926,0 -84.63945007,30.32708168,0 -84.63975525,30.32711411,0 -84.64006805,30.32714462,0 -84.64002991,30.32741356,0 -84.64034271,30.32744598,0 -84.64065552,30.32747841,0 -84.64096069,30.32751083,0 -84.64099884,30.32724190,0 -84.64131165,30.32727432,0 -84.64161682,30.32730675,0 -84.64165497,30.32703781,0 -84.64196777,30.32707024,0 -84.64228058,30.32710266,0 -84.64258575,30.32713509,0 -84.64289856,30.32716751,0 -84.64293671,30.32689857,0 -84.64324951,30.32693100,0 -84.64321136,30.32719994,0 -84.64351654,30.32723236,0 -84.64382935,30.32726479,0 -84.64379120,30.32753182,0 -84.64410400,30.32756424,0 -84.64406586,30.32783318,0 -84.64437866,30.32786560,0 -84.64434052,30.32813263,0 -84.64430237,30.32840157,0 -84.64426422,30.32866859,0 -84.64457703,30.32870102,0 -84.64461517,30.32843399,0 -84.64492035,30.32846642,0 -84.64495850,30.32819748,0 -84.64527130,30.32822990,0 -84.64523315,30.32849693,0 -84.64554596,30.32852936,0 -84.64585114,30.32856178,0 -84.64616394,30.32859421,0 -84.64620209,30.32832527,0 -84.64650726,30.32835770,0 -84.64654541,30.32809067,0 -84.64685821,30.32812309,0 -84.64689636,30.32785416,0 -84.64720154,30.32788658,0 -84.64751434,30.32791901,0 -84.64782715,30.32795143,0 -84.64778900,30.32821846,0 -84.64810181,30.32825088,0 -84.64806366,30.32851982,0 -84.64836884,30.32855225,0 -84.64833832,30.32881927,0 -84.64864349,30.32885170,0 -84.64860535,30.32912064,0 -84.64891815,30.32915306,0 -84.64923096,30.32918358,0 -84.64919281,30.32945251,0 -84.64949799,30.32948494,0 -84.64981079,30.32951736,0 -84.64977264,30.32978439,0 -84.65008545,30.32981682,0 -84.65004730,30.33008575,0 -84.65036011,30.33011818,0 -84.65066528,30.33015060,0 -84.65062714,30.33041763,0 -84.65093994,30.33045006,0 -84.65097809,30.33018303,0 -84.65129089,30.33021355,0 -84.65132904,30.32994652,0 -84.65163422,30.32997894,0 -84.65167236,30.32971001,0 -84.65171051,30.32944107,0 -84.65174866,30.32917404,0 -84.65206146,30.32920647,0 -84.65209198,30.32893753,0 -84.65240478,30.32896996,0 -84.65236664,30.32923889,0 -84.65267944,30.32926941,0 -84.65264130,30.32953835,0 -84.65295410,30.32957077,0 -84.65325928,30.32960320,0 -84.65322113,30.32987022,0 -84.65319061,30.33013916,0 -84.65349579,30.33017158,0 -84.65345764,30.33044052,0 -84.65377045,30.33047104,0 -84.65373230,30.33073998,0 -84.65404510,30.33077240,0 -84.65400696,30.33104134,0 -84.65431976,30.33107185,0 -84.65428162,30.33134079,0 -84.65458679,30.33137321,0 -84.65455627,30.33164215,0 -84.65486145,30.33167267,0 -84.65482330,30.33194160,0 -84.65478516,30.33221054,0 -84.65475464,30.33247757,0 -84.65471649,30.33274651,0 -84.65440369,30.33271408,0 -84.65436554,30.33298302,0 -84.65432739,30.33325005,0 -84.65428925,30.33351898,0 -84.65425873,30.33378792,0 -84.65422058,30.33405495,0 -84.65418243,30.33432388,0 -84.65386963,30.33429146,0 -84.65355682,30.33425903,0 -84.65352631,30.33452797,0 -84.65321350,30.33449554,0 -84.65290070,30.33446312,0 -84.65286255,30.33473206,0 -84.65255737,30.33469963,0 -84.65251923,30.33496666,0 -84.65220642,30.33493423,0 -84.65216827,30.33520317,0 -84.65213013,30.33547211,0 -84.65182495,30.33543968,0 -84.65178680,30.33570671,0 -84.65209198,30.33573914,0 -84.65206146,30.33600807,0 -84.65202332,30.33627701,0 -84.65198517,30.33654404,0 -84.65194702,30.33681297,0 -84.65190887,30.33708000,0 -84.65222168,30.33711243,0 -84.65225983,30.33684540,0 -84.65256500,30.33687782,0 -84.65287781,30.33690834,0 -84.65283966,30.33717728,0 -84.65315247,30.33720970,0 -84.65345764,30.33724213,0 -84.65349579,30.33697319,0 -84.65380859,30.33700561,0 -84.65384674,30.33673668,0 -84.65388489,30.33646965,0 -84.65419006,30.33650208,0 -84.65422821,30.33623314,0 -84.65426636,30.33596420,0 -84.65430450,30.33569717,0 -84.65461731,30.33572960,0 -84.65465546,30.33546066,0 -84.65496063,30.33549309,0 -84.65499878,30.33522415,0 -84.65503693,30.33495712,0 -84.65534973,30.33498955,0 -84.65538788,30.33472061,0 -84.65569305,30.33475304,0 -84.65600586,30.33478546,0 -84.65596771,30.33505249,0 -84.65628052,30.33508492,0 -84.65658569,30.33511734,0 -84.65689850,30.33514977,0 -84.65686035,30.33541679,0 -84.65717316,30.33544922,0 -84.65713501,30.33571815,0 -84.65744781,30.33575058,0 -84.65740967,30.33601761,0 -84.65771484,30.33605003,0 -84.65768433,30.33631897,0 -84.65764618,30.33658791,0 -84.65795135,30.33661842,0 -84.65826416,30.33665085,0 -84.65857697,30.33668327,0 -84.65888214,30.33671570,0 -84.65919495,30.33674812,0 -84.65915680,30.33701515,0 -84.65911865,30.33728409,0 -84.65943146,30.33731651,0 -84.65946960,30.33704758,0 -84.65978241,30.33708000,0 -84.65974426,30.33734894,0 -84.66004944,30.33738136,0 -84.66036224,30.33741379,0 -84.66032410,30.33768082,0 -84.66063690,30.33771324,0 -84.66059875,30.33798218,0 -84.66091156,30.33801460,0 -84.66121674,30.33804512,0 -84.66152954,30.33807755,0 -84.66184235,30.33810997,0 -84.66214752,30.33814239,0 -84.66210938,30.33841133,0 -84.66242218,30.33844185,0 -84.66238403,30.33871079,0 -84.66269684,30.33874321,0 -84.66265869,30.33901215,0 -84.66297150,30.33904266,0 -84.66293335,30.33931160,0 -84.66323853,30.33934402,0 -84.66320801,30.33961105,0 -84.66316986,30.33987999,0 -84.66313171,30.34014893,0 -84.66309357,30.34041595,0 -84.66305542,30.34068489,0 -84.66301727,30.34095383,0 -84.66271210,30.34092140,0 -84.66267395,30.34118843,0 -84.66236114,30.34115791,0 -84.66232300,30.34142494,0 -84.66201019,30.34139252,0 -84.66197967,30.34166145,0 -84.66166687,30.34162903,0 -84.66162872,30.34189796,0 -84.66194153,30.34193039,0 -84.66190338,30.34219742,0 -84.66220856,30.34222984,0 -84.66217804,30.34249878,0 -84.66213989,30.34276581,0 -84.66244507,30.34279823,0 -84.66241455,30.34306717,0 -84.66237640,30.34333420,0 -84.66206360,30.34330177,0 -84.66202545,30.34357071,0 -84.66233826,30.34360313,0 -84.66230011,30.34387207,0 -84.66226196,30.34413910,0 -84.66222382,30.34440803,0 -84.66253662,30.34444046,0 -84.66249847,30.34470749,0 -84.66246033,30.34497642,0 -84.66242218,30.34524536,0 -84.66273498,30.34527588,0 -84.66269684,30.34554481,0 -84.66238403,30.34551239,0 -84.66234589,30.34578133,0 -84.66231537,30.34604836,0 -84.66200256,30.34601784,0 -84.66196442,30.34628487,0 -84.66165161,30.34625244,0 -84.66134644,30.34622002,0 -84.66130829,30.34648895,0 -84.66127014,30.34675789,0 -84.66123199,30.34702492,0 -84.66154480,30.34705734,0 -84.66150665,30.34732628,0 -84.66146851,30.34759331,0 -84.66178131,30.34762573,0 -84.66174316,30.34789467,0 -84.66170502,30.34816360,0 -84.66201782,30.34819412,0 -84.66197968,30.34846306,0 -84.66228485,30.34849548,0 -84.66224670,30.34876251,0 -84.66221619,30.34903145,0 -84.66217804,30.34930038,0 -84.66213989,30.34956741,0 -84.66182709,30.34953499,0 -84.66178894,30.34980392,0 -84.66210175,30.34983635,0 -84.66206360,30.35010529,0 -84.66175079,30.35007286,0 -84.66172028,30.35033989,0 -84.66202545,30.35037231,0 -84.66198731,30.35064125,0 -84.66194916,30.35090828,0 -84.66191864,30.35117722,0 -84.66188049,30.35144615,0 -84.66156769,30.35141373,0 -84.66125488,30.35138130,0 -84.66121674,30.35165024,0 -84.66091156,30.35161781,0 -84.66059875,30.35158539,0 -84.66028595,30.35155296,0 -84.66032410,30.35128403,0 -84.66001892,30.35125351,0 -84.65970612,30.35122108,0 -84.65939331,30.35118866,0 -84.65908813,30.35115623,0 -84.65904999,30.35142517,0 -84.65873718,30.35139275,0 -84.65842438,30.35136032,0 -84.65811920,30.35132790,0 -84.65780640,30.35129547,0 -84.65749359,30.35126305,0 -84.65718842,30.35123062,0 -84.65687561,30.35120010,0 -84.65656281,30.35116768,0 -84.65625763,30.35113525,0 -84.65621948,30.35140228,0 -84.65590668,30.35137177,0 -84.65559387,30.35133934,0 -84.65528870,30.35130692,0 -84.65525055,30.35157394,0 -84.65493774,30.35154343,0 -84.65462494,30.35151100,0 -84.65466309,30.35124207,0 -84.65435791,30.35120964,0 -84.65404511,30.35117722,0 -84.65373230,30.35114479,0 -84.65342712,30.35111427,0 -84.65311432,30.35108185,0 -84.65315247,30.35081291,0 -84.65283966,30.35078049,0 -84.65252686,30.35074806,0 -84.65222168,30.35071754,0 -84.65190887,30.35068512,0 -84.65159607,30.35065269,0 -84.65163422,30.35038376,0 -84.65132904,30.35035133,0 -84.65101624,30.35031891,0 -84.65105438,30.35005188,0 -84.65074158,30.35001945,0 -84.65077972,30.34975052,0 -84.65046692,30.34971809,0 -84.65050507,30.34945106,0 -84.65019989,30.34941864,0 -84.65023041,30.34914970,0 -84.65026855,30.34888268,0 -84.64996338,30.34885025,0 -84.65000153,30.34858131,0 -84.65003204,30.34831429,0 -84.64972687,30.34828186,0 -84.64976501,30.34801292,0 -84.64945221,30.34798050,0 -84.64949036,30.34771347,0 -84.64917755,30.34768105,0 -84.64921570,30.34741211,0 -84.64890289,30.34737968,0 -84.64894104,30.34711266,0 -84.64863586,30.34708023,0 -84.64832306,30.34704781,0 -84.64828491,30.34731483,0 -84.64797211,30.34728432,0 -84.64793396,30.34755135,0 -84.64762878,30.34751892,0 -84.64759064,30.34778786,0 -84.64727783,30.34775543,0 -84.64696503,30.34772301,0 -84.64693451,30.34799194,0 -84.64662170,30.34795952,0 -84.64658356,30.34822845,0 -84.64627075,30.34819603,0 -84.64596558,30.34816360,0 -84.64565277,30.34813118,0 -84.64533997,30.34809875,0 -84.64503479,30.34806633,0 -84.64507294,30.34779930,0 -84.64476013,30.34776688,0 -84.64444733,30.34773445,0 -84.64413452,30.34770203,0 -84.64382935,30.34766960,0 -84.64379120,30.34793854,0 -84.64347839,30.34790611,0 -84.64317322,30.34787369,0 -84.64286041,30.34784126,0 -84.64254761,30.34780884,0 -84.64250946,30.34807777,0 -84.64220428,30.34804535,0 -84.64189148,30.34801292,0 -84.64157867,30.34798050,0 -84.64154053,30.34824944,0 -84.64123535,30.34821701,0 -84.64092255,30.34818459,0 -84.64060974,30.34815216,0 -84.64030457,30.34811974,0 -84.63999176,30.34808731,0 -84.63967896,30.34805489,0 -84.63937378,30.34802246,0 -84.63906097,30.34799194,0 -84.63874817,30.34795952,0 -84.63871002,30.34822655,0 -84.63840485,30.34819412,0 -84.63809204,30.34816170,0 -84.63813019,30.34789467,0 -84.63781738,30.34786224,0 -84.63751221,30.34782982,0 -84.63719940,30.34779739,0 -84.63688660,30.34776497,0 -84.63658142,30.34773254,0 -84.63626862,30.34770203,0 -84.63595581,30.34766960,0 -84.63565063,30.34763718,0 -84.63561249,30.34790421,0 -84.63529968,30.34787178,0 -84.63498688,30.34784126,0 -84.63468170,30.34780884,0 -84.63464355,30.34807587,0 -84.63433075,30.34804344,0 -84.63401794,30.34801102,0 -84.63371277,30.34798050,0 -84.63339996,30.34794807,0 -84.63308716,30.34791565,0 -84.63278198,30.34788322,0 -84.63246918,30.34785080,0 -84.63215637,30.34781837,0 -84.63219452,30.34754944,0 -84.63188934,30.34751892,0 -84.63157654,30.34748650,0 -84.63126373,30.34745407,0 -84.63130188,30.34718513,0 -84.63098907,30.34715271,0 -84.63068390,30.34712028,0 -84.63064575,30.34738922,0 -84.63033295,30.34735680,0 -84.63029480,30.34762573,0 -84.62998962,30.34759331,0 -84.62995148,30.34786034,0 -84.62963867,30.34782791,0 -84.62932587,30.34779739,0 -84.62902069,30.34776497,0 -84.62870789,30.34773254,0 -84.62839508,30.34770012,0 -84.62808990,30.34766769,0 -84.62777710,30.34763527,0 -84.62746429,30.34760284,0 -84.62715912,30.34757042,0 -84.62718964,30.34730339,0 -84.62688446,30.34727097,0 -84.62657166,30.34723854,0 -84.62660980,30.34696960,0 -84.62629700,30.34693718,0 -84.62633514,30.34667015,0 -84.62602997,30.34663773,0 -84.62606049,30.34636879,0 -84.62575531,30.34633636,0 -84.62579346,30.34606934,0 -84.62548065,30.34603691,0 -84.62516785,30.34600449,0 -84.62520599,30.34573555,0 -84.62490082,30.34570313,0 -84.62493134,30.34543610,0 -84.62462616,30.34540367,0 -84.62466431,30.34513473,0 -84.62435150,30.34510231,0 -84.62403870,30.34506989,0 -84.62373352,30.34503746,0 -84.62342072,30.34500504,0 -84.62345886,30.34473801,0 -84.62314606,30.34470558,0 -84.62318420,30.34443665,0 -84.62287140,30.34440422,0 -84.62290955,30.34413719,0 -84.62260437,30.34410477,0 -84.62229156,30.34407234,0 -84.62197876,30.34403992,0 -84.62167358,30.34400749,0 -84.62136078,30.34397507,0 -84.62104797,30.34394264,0 -84.62100983,30.34421158,0 -84.62070465,30.34417915,0 -84.62074280,30.34391022,0 -84.62042999,30.34387779,0 -84.62039185,30.34414673,0 -84.62007904,30.34411430,0 -84.61977386,30.34408188,0 -84.61946106,30.34404945,0 -84.61942291,30.34431839,0 -84.61911011,30.34428596,0 -84.61907196,30.34455490,0 -84.61876678,30.34452248,0 -84.61872864,30.34478951,0 -84.61841583,30.34475708,0 -84.61811066,30.34472465,0 -84.61807251,30.34499359,0 -84.61775971,30.34496117,0 -84.61744690,30.34492874,0 -84.61740875,30.34519768,0 -84.61710358,30.34516525,0 -84.61679077,30.34513283,0 -84.61675262,30.34540176,0 -84.61644745,30.34536934,0 -84.61640930,30.34563637,0 -84.61609650,30.34560394,0 -84.61605835,30.34587288,0 -84.61574554,30.34584045,0 -84.61570740,30.34610939,0 -84.61540222,30.34607697,0 -84.61536407,30.34634399,0 -84.61505127,30.34631157,0 -84.61474609,30.34628105,0 -84.61470795,30.34654808,0 -84.61439514,30.34651566,0 -84.61435699,30.34678459,0 -84.61404419,30.34675217,0 -84.61373901,30.34671974,0 -84.61342621,30.34668732,0 -84.61346435,30.34641838,0 -84.61350250,30.34615135,0 -84.61318970,30.34611893,0 -84.61322784,30.34584999,0 -84.61291504,30.34581757,0 -84.61295319,30.34555054,0 -84.61299133,30.34528160,0 -84.61302948,30.34501267,0 -84.61271668,30.34498215,0 -84.61275482,30.34471321,0 -84.61279297,30.34444427,0 -84.61248779,30.34441185,0 -84.61251831,30.34414482,0 -84.61255646,30.34387589,0 -84.61259460,30.34360886,0 -84.61228943,30.34357643,0 -84.61231995,30.34330750,0 -84.61235809,30.34303856,0 -84.61205292,30.34300613,0 -84.61209106,30.34273911,0 -84.61177826,30.34270668,0 -84.61181641,30.34243774,0 -84.61150360,30.34240532,0 -84.61119080,30.34237289,0 -84.61116028,30.34264183,0 -84.61084747,30.34260941,0 -84.61080933,30.34287834,0 -84.61049652,30.34284592,0 -84.61019135,30.34281349,0 -84.61015320,30.34308052,0 -84.60984039,30.34305000,0 -84.60980225,30.34331703,0 -84.60948944,30.34328461,0 -84.60945892,30.34355354,0 -84.60914612,30.34352112,0 -84.60910797,30.34379005,0 -84.60879517,30.34375763,0 -84.60848999,30.34372520,0 -84.60817718,30.34369278,0 -84.60821533,30.34342384,0 -84.60790253,30.34339142,0 -84.60759735,30.34335899,0 -84.60755920,30.34362793,0 -84.60724640,30.34359550,0 -84.60720825,30.34386444,0 -84.60717010,30.34413147,0 -84.60685730,30.34409904,0 -84.60682678,30.34436798,0 -84.60651398,30.34433556,0 -84.60647583,30.34460258,0 -84.60643768,30.34487152,0 -84.60639954,30.34514046,0 -84.60609436,30.34510803,0 -84.60605621,30.34537506,0 -84.60574341,30.34534264,0 -84.60543060,30.34531021,0 -84.60539246,30.34557915,0 -84.60508728,30.34554672,0 -84.60477448,30.34551430,0 -84.60473633,30.34578323,0 -84.60442352,30.34575081,0 -84.60411835,30.34571838,0 -84.60380554,30.34568596,0 -84.60349274,30.34565353,0 -84.60318756,30.34562111,0 -84.60314941,30.34589005,0 -84.60283661,30.34585762,0 -84.60279846,30.34612465,0 -84.60249329,30.34609222,0 -84.60245514,30.34636116,0 -84.60214233,30.34632874,0 -84.60210419,30.34659767,0 -84.60179138,30.34656525,0 -84.60148621,30.34653282,0 -84.60117340,30.34650040,0 -84.60113525,30.34676743,0 -84.60083008,30.34673691,0 -84.60051727,30.34670448,0 -84.60020447,30.34667206,0 -84.59989929,30.34663963,0 -84.59958649,30.34660721,0 -84.59927368,30.34657478,0 -84.59896088,30.34654236,0 -84.59865570,30.34650993,0 -84.59861755,30.34677887,0 -84.59830475,30.34674644,0 -84.59799957,30.34671402,0 -84.59768677,30.34668160,0 -84.59737396,30.34664917,0 -84.59733582,30.34691620,0 -84.59703064,30.34688377,0 -84.59671783,30.34685135,0 -84.59667969,30.34712028,0 -84.59636688,30.34708786,0 -84.59640503,30.34681892,0 -84.59609985,30.34678841,0 -84.59613800,30.34651947,0 -84.59582519,30.34648704,0 -84.59551239,30.34645462,0 -84.59519958,30.34642220,0 -84.59489441,30.34638977,0 -84.59493256,30.34612083,0 -84.59461975,30.34609032,0 -84.59465790,30.34582138,0 -84.59434509,30.34578896,0 -84.59438324,30.34552002,0 -84.59442139,30.34525299,0 -84.59410858,30.34522057,0 -84.59414673,30.34495163,0 -84.59384155,30.34491920,0 -84.59387970,30.34465218,0 -84.59356689,30.34461975,0 -84.59325409,30.34458733,0 -84.59294891,30.34455490,0 -84.59297943,30.34428596,0 -84.59267425,30.34425354,0 -84.59271240,30.34398651,0 -84.59239960,30.34395409,0 -84.59243774,30.34368515,0 -84.59212494,30.34365272,0 -84.59216309,30.34338379,0 -84.59220123,30.34311676,0 -84.59188843,30.34308434,0 -84.59158325,30.34305191,0 -84.59162140,30.34278297,0 -84.59130859,30.34275055,0 -84.59099579,30.34271812,0 -84.59069061,30.34268570,0 -84.59072113,30.34241867,0 -84.59075928,30.34214973,0 -84.59045410,30.34211731,0 -84.59014130,30.34208488,0 -84.58982849,30.34205246,0 -84.58952332,30.34202003,0 -84.58921051,30.34198761,0 -84.58917236,30.34225655,0 -84.58885956,30.34222412,0 -84.58855438,30.34219170,0 -84.58824158,30.34215927,0 -84.58792877,30.34212685,0 -84.58796692,30.34185791,0 -84.58766174,30.34182739,0 -84.58734894,30.34179497,0 -84.58738708,30.34152603,0 -84.58742523,30.34125710,0 -84.58711243,30.34122467,0 -84.58679962,30.34119225,0 -84.58649445,30.34115982,0 -84.58618164,30.34112740,0 -84.58614349,30.34139633,0 -84.58583832,30.34136391,0 -84.58552551,30.34133148,0 -84.58521271,30.34129906,0 -84.58490753,30.34126663,0 -84.58486938,30.34153557,0 -84.58455658,30.34150314,0 -84.58451843,30.34177017,0 -84.58420563,30.34173775,0 -84.58390045,30.34170532,0 -84.58386230,30.34197426,0 -84.58354950,30.34194183,0 -84.58323669,30.34190941,0 -84.58320618,30.34217834,0 -84.58289337,30.34214592,0 -84.58258057,30.34211349,0 -84.58254242,30.34238052,0 -84.58223724,30.34234810,0 -84.58192444,30.34231567,0 -84.58188629,30.34258461,0 -84.58157349,30.34255219,0 -84.58126831,30.34251976,0 -84.58123016,30.34278870,0 -84.58091736,30.34275627,0 -84.58095551,30.34248734,0 -84.58064270,30.34245491,0 -84.58033752,30.34242248,0 -84.58002472,30.34239006,0 -84.57971191,30.34235764,0 -84.57975006,30.34209061,0 -84.57944489,30.34205818,0 -84.57947540,30.34178925,0 -84.57917023,30.34175682,0 -84.57885742,30.34172440,0 -84.57889557,30.34145546,0 -84.57858276,30.34142303,0 -84.57827759,30.34139061,0 -84.57831574,30.34112358,0 -84.57800293,30.34109116,0 -84.57804108,30.34082222,0 -84.57807922,30.34055519,0 -84.57838440,30.34058762,0 -84.57842255,30.34031868,0 -84.57846069,30.34004974,0 -84.57815552,30.34001732,0 -84.57818604,30.33975029,0 -84.57788086,30.33971787,0 -84.57756805,30.33968544,0 -84.57760620,30.33941650,0 -84.57729340,30.33938408,0 -84.57698822,30.33935165,0 -84.57667542,30.33931923,0 -84.57671356,30.33905220,0 -84.57640076,30.33901977,0 -84.57643890,30.33875084,0 -84.57647705,30.33848381,0 -84.57651520,30.33821487,0 -84.57620239,30.33818245,0 -84.57624054,30.33791351,0 -84.57593536,30.33788109,0 -84.57597351,30.33761406,0 -84.57566071,30.33758163,0 -84.57534790,30.33754921,0 -84.57538605,30.33728027,0 -84.57507324,30.33724785,0 -84.57511139,30.33698082,0 -84.57480621,30.33694839,0 -84.57449341,30.33691597,0 -84.57453155,30.33664703,0 -84.57456970,30.33637810,0 -84.57425690,30.33634567,0 -84.57429504,30.33607864,0 -84.57398224,30.33604622,0 -84.57367706,30.33601379,0 -84.57371521,30.33574486,0 -84.57340241,30.33571243,0 -84.57336426,30.33598137,0 -84.57305145,30.33594894,0 -84.57274628,30.33591652,0 -84.57243347,30.33588409,0 -84.57239532,30.33615112,0 -84.57208252,30.33611870,0 -84.57177734,30.33608627,0 -84.57173920,30.33635521,0 -84.57142639,30.33632278,0 -84.57112122,30.33629036,0 -84.57080841,30.33625794,0 -84.57077026,30.33652687,0 -84.57045746,30.33649445,0 -84.57015228,30.33646202,0 -84.57019043,30.33619308,0 -84.56987762,30.33616066,0 -84.56991577,30.33589363,0 -84.56995392,30.33562470,0 -84.56964111,30.33559227,0 -84.56932831,30.33555985,0 -84.56929016,30.33582878,0 -84.56898499,30.33579636,0 -84.56894684,30.33606338,0 -84.56863403,30.33603096,0 -84.56832886,30.33599854,0 -84.56801605,30.33596611,0 -84.56770325,30.33593369,0 -84.56739807,30.33590126,0 -84.56708527,30.33586884,0 -84.56677246,30.33583641,0 -84.56673431,30.33610535,0 -84.56642914,30.33607292,0 -84.56611633,30.33604050,0 -84.56580353,30.33600807,0 -84.56576538,30.33627510,0 -84.56546020,30.33624268,0 -84.56514740,30.33621025,0 -84.56483459,30.33617783,0 -84.56452942,30.33614540,0 -84.56421661,30.33611298,0 -84.56390381,30.33608055,0 -84.56359863,30.33604813,0 -84.56328583,30.33601570,0 -84.56297302,30.33598328,0 -84.56293488,30.33625221,0 -84.56262970,30.33621979,0 -84.56259155,30.33648872,0 -84.56255341,30.33675575,0 -84.56224060,30.33672333,0 -84.56220245,30.33699226,0 -84.56216431,30.33725929,0 -84.56213379,30.33752823,0 -84.56209564,30.33779716,0 -84.56205750,30.33806419,0 -84.56174469,30.33803177,0 -84.56170654,30.33830070,0 -84.56139374,30.33826828,0 -84.56135559,30.33853531,0 -84.56105041,30.33850288,0 -84.56101227,30.33877182,0 -84.56069946,30.33873939,0 -84.56039429,30.33870697,0 -84.56035614,30.33897591,0 -84.56004333,30.33894348,0 -84.55973053,30.33891106,0 -84.55942535,30.33887863,0 -84.55911255,30.33884621,0 -84.55879974,30.33881378,0 -84.55849457,30.33878136,0 -84.55818176,30.33874893,0 -84.55821991,30.33848000,0 -84.55790710,30.33844757,0 -84.55794525,30.33817863,0 -84.55798340,30.33791161,0 -84.55767059,30.33787918,0 -84.55770874,30.33761024,0 -84.55740356,30.33757782,0 -84.55736542,30.33784676,0 -84.55705261,30.33781433,0 -84.55673981,30.33778191,0 -84.55670166,30.33804893,0 -84.55639648,30.33801651,0 -84.55608368,30.33798409,0 -84.55577087,30.33795166,0 -84.55546570,30.33791924,0 -84.55515289,30.33788681,0 -84.55484009,30.33785439,0 -84.55453491,30.33782196,0 -84.55457306,30.33755493,0 -84.55426025,30.33752251,0 -84.55429840,30.33725357,0 -84.55398560,30.33722115,0 -84.55402374,30.33695221,0 -84.55371857,30.33691978,0 -84.55374908,30.33665276,0 -84.55344391,30.33662033,0 -84.55313110,30.33658791,0 -84.55281830,30.33655548,0 -84.55251312,30.33652306,0 -84.55220032,30.33649063,0 -84.55188751,30.33645821,0 -84.55192566,30.33618927,0 -84.55162048,30.33615684,0 -84.55130768,30.33612442,0 -84.55099487,30.33609200,0 -84.55068970,30.33605957,0 -84.55065155,30.33632851,0 -84.55033875,30.33629417,0 -84.55002594,30.33626175,0 -84.54999542,30.33653069,0 -84.54968262,30.33649826,0 -84.54964447,30.33676720,0 -84.54933167,30.33673477,0 -84.54936981,30.33646584,0 -84.54906464,30.33643341,0 -84.54875183,30.33640099,0 -84.54843903,30.33636856,0 -84.54847717,30.33609962,0 -84.54816437,30.33606720,0 -84.54785919,30.33603477,0 -84.54754639,30.33600235,0 -84.54723358,30.33596992,0 -84.54692841,30.33593750,0 -84.54661560,30.33590507,0 -84.54657745,30.33617401,0 -84.54627228,30.33614159,0 -84.54595947,30.33610916,0 -84.54564667,30.33607674,0 -84.54534149,30.33604431,0 -84.54530334,30.33631134,0 -84.54526520,30.33658028,0 -84.54495239,30.33654785,0 -84.54491425,30.33681488,0 -84.54460144,30.33678246,0 -84.54429626,30.33675003,0 -84.54425812,30.33701897,0 -84.54394531,30.33698654,0 -84.54363251,30.33695412,0 -84.54332733,30.33692169,0 -84.54301453,30.33688927,0 -84.54297638,30.33715630,0 -84.54267120,30.33712387,0 -84.54263306,30.33739281,0 -84.54232025,30.33736038,0 -84.54228210,30.33762932,0 -84.54196930,30.33759689,0 -84.54193115,30.33786392,0 -84.54162598,30.33783150,0 -84.54158783,30.33810043,0 -84.54154968,30.33836746,0 -84.54151154,30.33863640,0 -84.54119873,30.33860397,0 -84.54116058,30.33887291,0 -84.54112244,30.33913994,0 -84.54109192,30.33940887,0 -84.54105377,30.33967590,0 -84.54101562,30.33994484,0 -84.54097748,30.34021378,0 -84.54066467,30.34017944,0 -84.54062653,30.34044838,0 -84.54031372,30.34041595,0 -84.54028320,30.34068489,0 -84.53997040,30.34065247,0 -84.53993225,30.34091949,0 -84.53961945,30.34088707,0 -84.53958130,30.34115601,0 -84.53927612,30.34112358,0 -84.53923798,30.34139061,0 -84.53892517,30.34135818,0 -84.53861237,30.34132576,0 -84.53865051,30.34105873,0 -84.53834534,30.34102631,0 -84.53838348,30.34075737,0 -84.53807068,30.34072495,0 -84.53775787,30.34069252,0 -84.53779602,30.34042358,0 -84.53749084,30.34039116,0 -84.53752136,30.34012413,0 -84.53721619,30.34009171,0 -84.53690338,30.34005928,0 -84.53694153,30.33979034,0 -84.53662872,30.33975792,0 -84.53632355,30.33972549,0 -84.53636169,30.33945656,0 -84.53604889,30.33942413,0 -84.53573608,30.33939171,0 -84.53577423,30.33912468,0 -84.53546906,30.33909225,0 -84.53515625,30.33905983,0 -84.53519440,30.33879089,0 -84.53523254,30.33852196,0 -84.53491974,30.33848953,0 -84.53495789,30.33822250,0 -84.53499603,30.33795357,0 -84.53503418,30.33768463,0 -84.53507233,30.33741760,0 -84.53511047,30.33714867,0 -84.53514862,30.33688164,0 -84.53483582,30.33684921,0 -84.53487396,30.33658028,0 -84.53491211,30.33631134,0 -84.53495026,30.33604431,0 -84.53498840,30.33577538,0 -84.53467560,30.33574295,0 -84.53471375,30.33547592,0 -84.53475189,30.33520699,0 -84.53479004,30.33493805,0 -84.53447723,30.33490562,0 -84.53451538,30.33463860,0 -84.53455353,30.33436966,0 -84.53424072,30.33433723,0 -84.53393555,30.33430481,0 -84.53397369,30.33403587,0 -84.53366089,30.33400345,0 -84.53369904,30.33373642,0 -84.53338623,30.33370399,0 -84.53342438,30.33343506,0 -84.53311920,30.33340263,0 -84.53280640,30.33337021,0 -84.53284454,30.33310127,0 -84.53288269,30.33283424,0 -84.53256989,30.33280182,0 -84.53225708,30.33276939,0 -84.53229523,30.33250046,0 -84.53199005,30.33246803,0 -84.53167725,30.33243561,0 -84.53171539,30.33216667,0 -84.53175354,30.33189964,0 -84.53179169,30.33163071,0 -84.53182983,30.33136368,0 -84.53186798,30.33109474,0 -84.53190613,30.33082581,0 -84.53194428,30.33055878,0 -84.53197479,30.33028984,0 -84.53166962,30.33025742,0 -84.53170776,30.32999039,0 -84.53139496,30.32995796,0 -84.53143311,30.32968903,0 -84.53112030,30.32965660,0 -84.53115845,30.32938766,0 -84.53085327,30.32935524,0 -84.53081512,30.32962418,0 -84.53050232,30.32959175,0 -84.53018951,30.32955933,0 -84.52988434,30.32952690,0 -84.52957153,30.32949448,0 -84.52925873,30.32946205,0 -84.52895355,30.32942963,0 -84.52864075,30.32939529,0 -84.52867889,30.32912827,0 -84.52836609,30.32909584,0 -84.52806091,30.32906342,0 -84.52774811,30.32903099,0 -84.52778625,30.32876205,0 -84.52782440,30.32849312,0 -84.52786255,30.32822609,0 -84.52790070,30.32795715,0 -84.52820587,30.32798958,0 -84.52851868,30.32802200,0 -84.52855682,30.32775497,0 -84.52886963,30.32778740,0 -84.52917481,30.32781982,0 -84.52921295,30.32755089,0 -84.52952576,30.32758331,0 -84.52983856,30.32761574,0 -84.53014374,30.32764816,0 -84.53018189,30.32738113,0 -84.53049469,30.32741356,0 -84.53053284,30.32714462,0 -84.53083801,30.32717705,0 -84.53087616,30.32691002,0 -84.53118896,30.32694244,0 -84.53122711,30.32667351,0 -84.53153992,30.32670593,0 -84.53157044,30.32643890,0 -84.53160858,30.32616997,0 -84.53164673,30.32590103,0 -84.53168488,30.32563400,0 -84.53199768,30.32566643,0 -84.53203583,30.32539749,0 -84.53207397,30.32513046,0 -84.53237915,30.32516289,0 -84.53241730,30.32489395,0 -84.53245544,30.32462692,0 -84.53276825,30.32465935,0 -84.53280640,30.32439041,0 -84.53311920,30.32442284,0 -84.53315735,30.32415390,0 -84.53346252,30.32418632,0 -84.53377533,30.32421875,0 -84.53381348,30.32395172,0 -84.53411865,30.32398415,0 -84.53443146,30.32401657,0 -84.53446960,30.32374763,0 -84.53478241,30.32378006,0 -84.53482056,30.32351303,0 -84.53512573,30.32354546,0 -84.53516388,30.32327652,0 -84.53520203,30.32300949,0 -84.53524017,30.32274055,0 -84.53492737,30.32270813,0 -84.53496551,30.32243919,0 -84.53500366,30.32217216,0 -84.53504181,30.32190323,0 -84.53507996,30.32163620,0 -84.53511810,30.32136726,0 -84.53515625,30.32109833,0 -84.53519440,30.32083130,0 -84.53523254,30.32056236,0 -84.53527069,30.32029533,0 -84.53530884,30.32002640,0 -84.53534698,30.31975746,0 -84.53538513,30.31949043,0 -84.53507233,30.31945801,0 -84.53511047,30.31918907,0 -84.53479767,30.31915665,0 -84.53483582,30.31888771,0 -84.53487396,30.31862068,0 -84.53518677,30.31865311,0 -84.53522492,30.31838417,0 -84.53526306,30.31811714,0 -84.53556824,30.31814957,0 -84.53560638,30.31788063,0 -84.53591919,30.31791305,0 -84.53595734,30.31764603,0 -84.53599548,30.31737709,0 -84.53603363,30.31710815,0 -84.53572082,30.31707573,0 -84.53575897,30.31680870,0 -84.53606415,30.31684113,0 -84.53637695,30.31687355,0 -84.53641510,30.31660461,0 -84.53672791,30.31663704,0 -84.53676605,30.31637001,0 -84.53680420,30.31610107,0 -84.53684235,30.31583214,0 -84.53652954,30.31579971,0 -84.53656769,30.31553268,0 -84.53625488,30.31550026,0 -84.53629303,30.31523132,0 -84.53598022,30.31519890,0 -84.53601837,30.31492996,0 -84.53571320,30.31489754,0 -84.53575134,30.31463051,0 -84.53578949,30.31436157,0 -84.53582001,30.31409454,0 -84.53585815,30.31382561,0 -84.53555298,30.31379318,0 -84.53559113,30.31352425,0 -84.53562927,30.31325722,0 -84.53566742,30.31298828,0 -84.53569794,30.31271935,0 -84.53573608,30.31245232,0 -84.53577423,30.31218338,0 -84.53581238,30.31191635,0 -84.53585052,30.31164742,0 -84.53588867,30.31137848,0 -84.53592682,30.31111145,0 -84.53561401,30.31107903,0 -84.53565216,30.31081009,0 -84.53534698,30.31077766,0 -84.53503418,30.31074524,0 -84.53472137,30.31071281,0 -84.53441620,30.31068039,0 -84.53445435,30.31041145,0 -84.53414154,30.31037903,0 -84.53417969,30.31011200,0 -84.53386688,30.31007957,0 -84.53390503,30.30981064,0 -84.53359222,30.30977821,0 -84.53328705,30.30974579,0 -84.53332520,30.30947685,0 -84.53301239,30.30944443,0 -84.53269958,30.30941200,0 -84.53273773,30.30914497,0 -84.53243256,30.30911255,0 -84.53211975,30.30908012,0 -84.53215790,30.30881119,0 -84.53184509,30.30877876,0 -84.53188324,30.30850983,0 -84.53192139,30.30824280,0 -84.53161621,30.30821037,0 -84.53164673,30.30794144,0 -84.53134155,30.30790901,0 -84.53102875,30.30787659,0 -84.53072357,30.30784416,0 -84.53041077,30.30781174,0 -84.53044891,30.30754280,0 -84.53013611,30.30751038,0 -84.53017426,30.30724144,0 -84.52986145,30.30720902,0 -84.52955627,30.30717659,0 -84.52959442,30.30690956,0 -84.52928162,30.30687714,0 -84.52931976,30.30660820,0 -84.52900696,30.30657578,0 -84.52870178,30.30654335,0 -84.52873993,30.30627441,0 -84.52877808,30.30600739,0 -84.52880859,30.30573845,0 -84.52884674,30.30547142,0 -84.52888489,30.30520248,0 -84.52919769,30.30523491,0 -84.52923584,30.30496597,0 -84.52927399,30.30469894,0 -84.52958679,30.30473137,0 -84.52961731,30.30446243,0 -84.52965546,30.30419540,0 -84.52996826,30.30422783,0 -84.53000641,30.30395889,0 -84.53004456,30.30368996,0 -84.53035736,30.30372429,0 -84.53038788,30.30345535,0 -84.53042603,30.30318642,0 -84.53046417,30.30291939,0 -84.53050232,30.30265045,0 -84.53019714,30.30261803,0 -84.52988434,30.30258560,0 -84.52957153,30.30255318,0 -84.52926636,30.30252075,0 -84.52930450,30.30225182,0 -84.52899170,30.30221939,0 -84.52867889,30.30218697,0 -84.52837372,30.30215454,0 -84.52806091,30.30212212,0 -84.52802277,30.30239105,0 -84.52770996,30.30235863,0 -84.52740479,30.30232620,0 -84.52709198,30.30229187,0 -84.52677917,30.30225945,0 -84.52647400,30.30222702,0 -84.52616119,30.30219460,0 -84.52585602,30.30216217,0 -84.52588654,30.30189514,0 -84.52592468,30.30162621,0 -84.52561951,30.30159378,0 -84.52565765,30.30132484,0 -84.52534485,30.30129242,0 -84.52538300,30.30102539,0 -84.52507019,30.30099297,0 -84.52476501,30.30096054,0 -84.52480316,30.30069161,0 -84.52484131,30.30042267,0 -84.52514648,30.30045509,0 -84.52518463,30.30018806,0 -84.52549744,30.30022049,0 -84.52553558,30.29995155,0 -84.52584076,30.29998398,0 -84.52587891,30.29971695,0 -84.52557373,30.29968452,0 -84.52561188,30.29941559,0 -84.52564240,30.29914665,0 -84.52568054,30.29887962,0 -84.52537537,30.29884720,0 -84.52541351,30.29857826,0 -84.52545166,30.29830933,0 -84.52548981,30.29804230,0 -84.52517700,30.29800987,0 -84.52521515,30.29774094,0 -84.52525330,30.29747391,0 -84.52529144,30.29720497,0 -84.52532959,30.29693603,0 -84.52563477,30.29696846,0 -84.52594757,30.29700089,0 -84.52598572,30.29673386,0 -84.52629852,30.29676628,0 -84.52632904,30.29649734,0 -84.52664185,30.29652977,0 -84.52667999,30.29626274,0 -84.52699280,30.29629517,0 -84.52703094,30.29602623,0 -84.52706909,30.29575920,0 -84.52709961,30.29549026,0 -84.52741241,30.29552269,0 -84.52745056,30.29525375,0 -84.52748871,30.29498672,0 -84.52752686,30.29471779,0 -84.52783966,30.29475021,0 -84.52787018,30.29448319,0 -84.52790832,30.29421425,0 -84.52822113,30.29424667,0 -84.52825928,30.29397774,0 -84.52857208,30.29401207,0 -84.52887726,30.29404449,0 -84.52891541,30.29377556,0 -84.52922821,30.29380798,0 -84.52953339,30.29384041,0 -84.52950287,30.29410934,0 -84.52980804,30.29414177,0 -84.53012085,30.29417419,0 -84.53042603,30.29420662,0 -84.53073883,30.29423904,0 -84.53105164,30.29427147,0 -84.53108978,30.29400253,0 -84.53112793,30.29373550,0 -84.53081512,30.29370308,0 -84.53050232,30.29367065,0 -84.53019714,30.29363823,0 -84.53023529,30.29336929,0 -84.52992249,30.29333687,0 -84.52996063,30.29306793,0 -84.52964783,30.29303551,0 -84.52968597,30.29276848,0 -84.52938080,30.29273605,0 -84.52941132,30.29246712,0 -84.52944946,30.29219818,0 -84.52914429,30.29216576,0 -84.52918243,30.29189873,0 -84.52922058,30.29162979,0 -84.52925873,30.29136085,0 -84.52928925,30.29109383,0 -84.52898407,30.29106140,0 -84.52902222,30.29079247,0 -84.52870941,30.29076004,0 -84.52874756,30.29049301,0 -84.52843475,30.29045868,0 -84.52812958,30.29042625,0 -84.52816772,30.29015923,0 -84.52820587,30.28989029,0 -84.52824402,30.28962326,0 -84.52793121,30.28958893,0 -84.52796936,30.28932190,0 -84.52765656,30.28928947,0 -84.52769470,30.28902054,0 -84.52773285,30.28875351,0 -84.52777100,30.28848457,0 -84.52780914,30.28821564,0 -84.52784729,30.28794861,0 -84.52753448,30.28791618,0 -84.52757263,30.28764725,0 -84.52788544,30.28767967,0 -84.52792358,30.28741264,0 -84.52796173,30.28714371,0 -84.52764893,30.28711128,0 -84.52768707,30.28684235,0 -84.52737427,30.28680992,0 -84.52741241,30.28654289,0 -84.52710724,30.28651047,0 -84.52714539,30.28624153,0 -84.52683258,30.28620911,0 -84.52687073,30.28594017,0 -84.52655792,30.28590775,0 -84.52659607,30.28564072,0 -84.52663422,30.28537178,0 -84.52632141,30.28533936,0 -84.52635956,30.28507042,0 -84.52605438,30.28503799,0 -84.52609253,30.28477097,0 -84.52577972,30.28473854,0 -84.52581787,30.28446960,0 -84.52585602,30.28420067,0 -84.52616119,30.28423309,0 -84.52619934,30.28396606,0 -84.52651215,30.28399849,0 -84.52655029,30.28372955,0 -84.52658844,30.28346252,0 -84.52662659,30.28319359,0 -84.52666473,30.28292465,0 -84.52696991,30.28295708,0 -84.52700806,30.28269005,0 -84.52704620,30.28242111,0 -84.52708435,30.28215408,0 -84.52739716,30.28218651,0 -84.52743530,30.28191757,0 -84.52774048,30.28195000,0 -84.52777863,30.28168106,0 -84.52809143,30.28171349,0 -84.52812958,30.28144646,0 -84.52844238,30.28147888,0 -84.52847290,30.28120995,0 -84.52878571,30.28124237,0 -84.52909851,30.28127480,0 -84.52913666,30.28100777,0 -84.52917480,30.28073883,0 -84.52921295,30.28047180,0 -84.52924347,30.28020287,0 -84.52928162,30.27993393,0 -84.52897644,30.27990150,0 -84.52901459,30.27963448,0 -84.52870178,30.27960205,0 -84.52866364,30.27986908,0 -84.52835083,30.27983665,0 -84.52804565,30.27980423,0 -84.52773285,30.27977180,0 -84.52777100,30.27950287,0 -84.52745819,30.27947044,0 -84.52749634,30.27920341,0 -84.52719116,30.27917099,0 -84.52687836,30.27913856,0 -84.52691650,30.27886963,0 -84.52660370,30.27883720,0 -84.52664185,30.27856827,0 -84.52667999,30.27830124,0 -84.52671814,30.27803230,0 -84.52675629,30.27776337,0 -84.52679443,30.27749634,0 -84.52648163,30.27746391,0 -84.52617645,30.27743149,0 -84.52586365,30.27739906,0 -84.52590179,30.27713013,0 -84.52558899,30.27709770,0 -84.52562714,30.27682877,0 -84.52532196,30.27679634,0 -84.52536011,30.27652931,0 -84.52566528,30.27656174,0 -84.52570343,30.27629280,0 -84.52539825,30.27626038,0 -84.52543640,30.27599144,0 -84.52512360,30.27595901,0 -84.52516174,30.27569199,0 -84.52484894,30.27565956,0 -84.52454376,30.27562714,0 -84.52458191,30.27535820,0 -84.52426910,30.27532578,0 -84.52423096,30.27559471,0 -84.52391815,30.27556229,0 -84.52388001,30.27582931,0 -84.52357483,30.27579689,0 -84.52326202,30.27576447,0 -84.52294922,30.27573204,0 -84.52298737,30.27546310,0 -84.52268219,30.27543068,0 -84.52272034,30.27516365,0 -84.52240753,30.27513123,0 -84.52244568,30.27486229,0 -84.52248383,30.27459335,0 -84.52217102,30.27456093,0 -84.52220917,30.27429390,0 -84.52190399,30.27426147,0 -84.52194214,30.27399254,0 -84.52162933,30.27396011,0 -84.52131653,30.27392769,0 -84.52101135,30.27389526,0 -84.52104950,30.27362633,0 -84.52073669,30.27359390,0 -84.52077484,30.27332497,0 -84.52046204,30.27329254,0 -84.52050018,30.27302551,0 -84.52053833,30.27275658,0 -84.52057648,30.27248955,0 -84.52088928,30.27252197,0 -84.52092743,30.27225304,0 -84.52123261,30.27228546,0 -84.52127075,30.27201653,0 -84.52130890,30.27174950,0 -84.52162170,30.27178192,0 -84.52165985,30.27151298,0 -84.52196503,30.27154541,0 -84.52200317,30.27127838,0 -84.52204132,30.27100945,0 -84.52172852,30.27097702,0 -84.52142334,30.27094460,0 -84.52138519,30.27121353,0 -84.52107239,30.27118111,0 -84.52103424,30.27144813,0 -84.52072907,30.27141571,0 -84.52041626,30.27138329,0 -84.52010345,30.27135086,0 -84.51979828,30.27131844,0 -84.51948547,30.27128601,0 -84.51918030,30.27125359,0 -84.51886749,30.27122116,0 -84.51855469,30.27118874,0 -84.51824951,30.27115631,0 -84.51828766,30.27088737,0 -84.51797485,30.27085495,0 -84.51801300,30.27058601,0 -84.51770020,30.27055359,0 -84.51773834,30.27028656,0 -84.51777649,30.27001762,0 -84.51746368,30.26998520,0 -84.51715851,30.26995277,0 -84.51719665,30.26968384,0 -84.51688385,30.26965141,0 -84.51692200,30.26938248,0 -84.51723480,30.26941681,0 -84.51727295,30.26914787,0 -84.51731110,30.26887894,0 -84.51761627,30.26891136,0 -84.51765442,30.26864433,0 -84.51796722,30.26867676,0 -84.51800537,30.26840782,0 -84.51831055,30.26844025,0 -84.51862335,30.26847267,0 -84.51866150,30.26820564,0 -84.51869965,30.26793671,0 -84.51873779,30.26766777,0 -84.51842499,30.26763535,0 -84.51846314,30.26736832,0 -84.51850128,30.26709938,0 -84.51853943,30.26683235,0 -84.51857758,30.26656342,0 -84.51861572,30.26629448,0 -84.51865387,30.26602745,0 -84.51869202,30.26575851,0 -84.51873016,30.26548958,0 -84.51876831,30.26522255,0 -84.51879883,30.26495361,0 -84.51883698,30.26468658,0 -84.51853180,30.26465416,0 -84.51821899,30.26461983,0 -84.51825714,30.26435280,0 -84.51794434,30.26432037,0 -84.51763916,30.26428795,0 -84.51732636,30.26425552,0 -84.51736450,30.26398659,0 -84.51705933,30.26395416,0 -84.51708984,30.26368523,0 -84.51712799,30.26341820,0 -84.51744080,30.26345062,0 -84.51747894,30.26318169,0 -84.51751709,30.26291275,0 -84.51755524,30.26264572,0 -84.51724243,30.26261330,0 -84.51728058,30.26234436,0 -84.51696777,30.26231194,0 -84.51666260,30.26227951,0 -84.51670074,30.26201057,0 -84.51673889,30.26174355,0 -84.51677704,30.26147461,0 -84.51646423,30.26144218,0 -84.51642609,30.26171112,0 -84.51611328,30.26167870,0 -84.51580811,30.26164627,0 -84.51549530,30.26161194,0 -84.51519012,30.26157951,0 -84.51515198,30.26184845,0 -84.51483917,30.26181602,0 -84.51480103,30.26208496,0 -84.51448822,30.26205063,0 -84.51452637,30.26178360,0 -84.51422119,30.26175118,0 -84.51425934,30.26148224,0 -84.51394653,30.26144981,0 -84.51363373,30.26141739,0 -84.51332855,30.26138496,0 -84.51329041,30.26165390,0 -84.51325226,30.26192093,0 -84.51293945,30.26188850,0 -84.51263428,30.26185608,0 -84.51232147,30.26182365,0 -84.51235962,30.26155472,0 -84.51204681,30.26152229,0 -84.51200867,30.26179123,0 -84.51170349,30.26175880,0 -84.51166534,30.26202583,0 -84.51135254,30.26199341,0 -84.51104736,30.26196098,0 -84.51073456,30.26192856,0 -84.51077271,30.26166153,0 -84.51045990,30.26162720,0 -84.51049805,30.26136017,0 -84.51019287,30.26132774,0 -84.51023102,30.26105881,0 -84.50991821,30.26102638,0 -84.50995636,30.26075745,0 -84.50964355,30.26072502,0 -84.50960541,30.26099396,0 -84.50930023,30.26096153,0 -84.50926208,30.26122856,0 -84.50894928,30.26119614,0 -84.50898743,30.26092911,0 -84.50902557,30.26066017,0 -84.50871277,30.26062775,0 -84.50840759,30.26059532,0 -84.50844574,30.26032639,0 -84.50848389,30.26005936,0 -84.50852203,30.25979042,0 -84.50855255,30.25952148,0 -84.50859070,30.25925446,0 -84.50862884,30.25898552,0 -84.50866699,30.25871849,0 -84.50870514,30.25844955,0 -84.50874329,30.25818062,0 -84.50878143,30.25791359,0 -84.50881958,30.25764465,0 -84.50885773,30.25737762,0 -84.50854492,30.25734329,0 -84.50858307,30.25707626,0 -84.50862122,30.25680733,0 -84.50865936,30.25654030,0 -84.50834656,30.25650597,0 -84.50838470,30.25623894,0 -84.50807953,30.25620651,0 -84.50811768,30.25593758,0 -84.50780487,30.25590515,0 -84.50784302,30.25563622,0 -84.50788117,30.25536919,0 -84.50756836,30.25533676,0 -84.50760651,30.25506783,0 -84.50730133,30.25503540,0 -84.50733948,30.25476646,0 -84.50737762,30.25449944,0 -84.50740814,30.25423050,0 -84.50710297,30.25419807,0 -84.50714111,30.25392914,0 -84.50717926,30.25366211,0 -84.50721741,30.25339317,0 -84.50690460,30.25336075,0 -84.50694275,30.25309372,0 -84.50725555,30.25312614,0 -84.50729370,30.25285721,0 -84.50732422,30.25258827,0 -84.50736237,30.25232124,0 -84.50740051,30.25205231,0 -84.50709534,30.25201988,0 -84.50713348,30.25175095,0 -84.50682068,30.25171852,0 -84.50650787,30.25168610,0 -84.50646973,30.25195503,0 -84.50616455,30.25192261,0 -84.50585175,30.25189018,0 -84.50554657,30.25185776,0 -84.50523376,30.25182342,0 -84.50519562,30.25209236,0 -84.50488281,30.25205994,0 -84.50457764,30.25202751,0 -84.50461578,30.25175858,0 -84.50465393,30.25149155,0 -84.50434113,30.25145912,0 -84.50402832,30.25142479,0 -84.50372314,30.25139236,0 -84.50368500,30.25166130,0 -84.50337219,30.25162888,0 -84.50306702,30.25159645,0 -84.50302887,30.25186348,0 -84.50271606,30.25183105,0 -84.50240326,30.25179863,0 -84.50209808,30.25176621,0 -84.50178528,30.25173378,0 -84.50182343,30.25146484,0 -84.50151825,30.25143242,0 -84.50120544,30.25139999,0 -84.50124359,30.25113297,0 -84.50093079,30.25110054,0 -84.50096893,30.25083160,0 -84.50100708,30.25056267,0 -84.50069428,30.25053024,0 -84.50038910,30.25049782,0 -84.50007629,30.25046539,0 -84.49977112,30.25043297,0 -84.49945831,30.25040054,0 -84.49949646,30.25013161,0 -84.49918365,30.25009918,0 -84.49922180,30.24983025,0 -84.49891663,30.24979782,0 -84.49895477,30.24953079,0 -84.49864197,30.24949837,0 -84.49868011,30.24922943,0 -84.49836731,30.24919701,0 -84.49806213,30.24916458,0 -84.49810028,30.24889565,0 -84.49778748,30.24886322,0 -84.49747467,30.24883079,0 -84.49751282,30.24856186,0 -84.49720764,30.24852943,0 -84.49724579,30.24826241,0 -84.49693298,30.24822807,0 -84.49697113,30.24796104,0 -84.49665833,30.24792862,0 -84.49669647,30.24765968,0 -84.49639130,30.24762726,0 -84.49642944,30.24735832,0 -84.49611664,30.24732590,0 -84.49615479,30.24705887,0 -84.49584198,30.24702644,0 -84.49588013,30.24675751,0 -84.49591827,30.24648857,0 -84.49561310,30.24645615,0 -84.49530029,30.24642372,0 -84.49533844,30.24615669,0 -84.49502563,30.24612236,0 -84.49506378,30.24585533,0 -84.49510193,30.24558639,0 -84.49514008,30.24531937,0 -84.49517822,30.24505043,0 -84.49549103,30.24508286,0 -84.49552918,30.24481392,0 -84.49555969,30.24454689,0 -84.49587250,30.24457931,0 -84.49591064,30.24431038,0 -84.49622345,30.24434280,0 -84.49626160,30.24407578,0 -84.49656677,30.24410820,0 -84.49687958,30.24414063,0 -84.49691772,30.24387169,0 -84.49695587,30.24360466,0 -84.49699402,30.24333572,0 -84.49729919,30.24336815,0 -84.49761200,30.24340057,0 -84.49792480,30.24343300,0 -84.49795532,30.24316597,0 -84.49799347,30.24289703,0 -84.49768829,30.24286461,0 -84.49772644,30.24259567,0 -84.49803162,30.24263000,0 -84.49806976,30.24236107,0 -84.49810791,30.24209213,0 -84.49780273,30.24205971,0 -84.49784088,30.24179268,0 -84.49787140,30.24152374,0 -84.49790955,30.24125481,0 -84.49794769,30.24098778,0 -84.49764252,30.24095535,0 -84.49768066,30.24068642,0 -84.49771881,30.24041748,0 -84.49775696,30.24015045,0 -84.49779510,30.23988152,0 -84.49782562,30.23961258,0 -84.49786377,30.23934555,0 -84.49790192,30.23907661,0 -84.49821472,30.23910904,0 -84.49852753,30.23914146,0 -84.49855804,30.23887444,0 -84.49859619,30.23860550,0 -84.49863434,30.23833847,0 -84.49867249,30.23806953,0 -84.49871063,30.23780060,0 -84.49874878,30.23753357,0 -84.49844360,30.23750114,0 -84.49813080,30.23746681,0 -84.49781799,30.23743439,0 -84.49785614,30.23716736,0 -84.49755096,30.23713493,0 -84.49758911,30.23686600,0 -84.49727631,30.23683357,0 -84.49731445,30.23656464,0 -84.49700165,30.23653221,0 -84.49703980,30.23626518,0 -84.49707794,30.23599625,0 -84.49711609,30.23572731,0 -84.49681091,30.23569488,0 -84.49684143,30.23542786,0 -84.49687958,30.23515892,0 -84.49691772,30.23488998,0 -84.49695587,30.23462296,0 -84.49665070,30.23459053,0 -84.49668884,30.23432159,0 -84.49672699,30.23405266,0 -84.49675751,30.23378563,0 -84.49679565,30.23351669,0 -84.49683380,30.23324776,0 -84.49687195,30.23298073,0 -84.49691010,30.23271179,0 -84.49694824,30.23244476,0 -84.49664307,30.23241043,0 -84.49668121,30.23214340,0 -84.49671173,30.23187447,0 -84.49674988,30.23160744,0 -84.49678802,30.23133850,0 -84.49682617,30.23106957,0 -84.49652100,30.23103714,0 -84.49620819,30.23100471,0 -84.49617004,30.23127365,0 -84.49586487,30.23124123,0 -84.49555206,30.23120880,0 -84.49559021,30.23093987,0 -84.49527740,30.23090744,0 -84.49531555,30.23063850,0 -84.49501038,30.23060608,0 -84.49504089,30.23033714,0 -84.49473572,30.23030472,0 -84.49442291,30.23027229,0 -84.49446106,30.23000526,0 -84.49449921,30.22973633,0 -84.49453735,30.22946739,0 -84.49457550,30.22920036,0 -84.49426270,30.22916794,0 -84.49430084,30.22889900,0 -84.49433899,30.22863007,0 -84.49403381,30.22859764,0 -84.49407196,30.22833061,0 -84.49375916,30.22829628,0 -84.49379730,30.22802925,0 -84.49348450,30.22799683,0 -84.49317932,30.22796440,0 -84.49286652,30.22793198,0 -84.49256134,30.22789764,0 -84.49259186,30.22763062,0 -84.49228668,30.22759819,0 -84.49197388,30.22756577,0 -84.49166870,30.22753143,0 -84.49170685,30.22726440,0 -84.49139404,30.22723198,0 -84.49108124,30.22719955,0 -84.49077606,30.22716522,0 -84.49081421,30.22689819,0 -84.49050140,30.22686577,0 -84.49018860,30.22683334,0 -84.48988342,30.22680092,0 -84.48957062,30.22676659,0 -84.48926544,30.22673416,0 -84.48895264,30.22670174,0 -84.48863983,30.22666931,0 -84.48833466,30.22663689,0 -84.48802185,30.22660446,0 -84.48771668,30.22657204,0 -84.48740387,30.22653961,0 -84.48709106,30.22650528,0 -84.48712921,30.22623825,0 -84.48682404,30.22620583,0 -84.48651123,30.22617340,0 -84.48619843,30.22613907,0 -84.48589325,30.22610664,0 -84.48558044,30.22607422,0 -84.48527527,30.22604179,0 -84.48531342,30.22577286,0 -84.48500061,30.22574043,0 -84.48503876,30.22547340,0 -84.48507690,30.22520447,0 -84.48511505,30.22493553,0 -84.48480225,30.22490311,0 -84.48484039,30.22463608,0 -84.48453522,30.22460365,0 -84.48422241,30.22456932,0 -84.48390961,30.22453690,0 -84.48387146,30.22480583,0 -84.48356628,30.22477341,0 -84.48325348,30.22474098,0 -84.48321533,30.22500801,0 -84.48291016,30.22497559,0 -84.48287201,30.22524452,0 -84.48283386,30.22551155,0 -84.48252106,30.22547913,0 -84.48248291,30.22574806,0 -84.48217773,30.22571564,0 -84.48213959,30.22598267,0 -84.48182678,30.22595024,0 -84.48151398,30.22591782,0 -84.48147583,30.22618675,0 -84.48117065,30.22615433,0 -84.48085785,30.22612190,0 -84.48081970,30.22638893,0 -84.48051453,30.22635651,0 -84.48020172,30.22632408,0 -84.47988892,30.22629166,0 -84.47992706,30.22602272,0 -84.47996521,30.22575569,0 -84.48000336,30.22548676,0 -84.48004150,30.22521782,0 -84.48007965,30.22495079,0 -84.48039246,30.22498322,0 -84.48043060,30.22471428,0 -84.48046875,30.22444725,0 -84.48050690,30.22417831,0 -84.48054504,30.22390938,0 -84.48058319,30.22364235,0 -84.48061371,30.22337341,0 -84.48065186,30.22310448,0 -84.48069000,30.22283745,0 -84.48038483,30.22280502,0 -84.48007202,30.22277260,0 -84.48011017,30.22250366,0 -84.47979736,30.22247124,0 -84.47949219,30.22243881,0 -84.47953033,30.22216988,0 -84.47956848,30.22190094,0 -84.47987366,30.22193527,0 -84.47991180,30.22166634,0 -84.47994995,30.22139740,0 -84.47998810,30.22113037,0 -84.48030090,30.22116280,0 -84.48033905,30.22089386,0 -84.48002625,30.22086143,0 -84.48006439,30.22059250,0 -84.48010254,30.22032547,0 -84.48014069,30.22005653,0 -84.48017883,30.21978950,0 -84.48021698,30.21952057,0 -84.48025513,30.21925163,0 -84.48029327,30.21898460,0 -84.48033142,30.21871567,0 -84.48063660,30.21874809,0 -84.48067474,30.21848106,0 -84.48036957,30.21844673,0 -84.48040771,30.21817970,0 -84.48044586,30.21791077,0 -84.48013306,30.21787834,0 -84.47982025,30.21784592,0 -84.47985840,30.21757698,0 -84.47955322,30.21754456,0 -84.47959137,30.21727562,0 -84.47962952,30.21700859,0 -84.47931671,30.21697617,0 -84.47935486,30.21670723,0 -84.47904205,30.21667480,0 -84.47873688,30.21664238,0 -84.47842407,30.21660996,0 -84.47846222,30.21634102,0 -84.47850037,30.21607208,0 -84.47853851,30.21580505,0 -84.47822571,30.21577263,0 -84.47826385,30.21550369,0 -84.47795868,30.21547127,0 -84.47799683,30.21520233,0 -84.47768402,30.21516991,0 -84.47772217,30.21490288,0 -84.47740936,30.21486855,0 -84.47744751,30.21460152,0 -84.47714233,30.21456909,0 -84.47718048,30.21430016,0 -84.47686768,30.21426773,0 -84.47690582,30.21399879,0 -84.47659302,30.21396637,0 -84.47663116,30.21369743,0 -84.47632599,30.21366501,0 -84.47601318,30.21363258,0 -84.47605133,30.21336555,0 -84.47574615,30.21333122,0 -84.47577667,30.21306419,0 -84.47608948,30.21309662,0 -84.47612762,30.21282768,0 -84.47644043,30.21286011,0 -84.47647858,30.21259308,0 -84.47651672,30.21232414,0 -84.47682190,30.21235657,0 -84.47686005,30.21208954,0 -84.47717285,30.21212196,0 -84.47721100,30.21185303,0 -84.47751617,30.21188545,0 -84.47755432,30.21161842,0 -84.47786713,30.21165085,0 -84.47790527,30.21138191,0 -84.47794342,30.21111488,0 -84.47824860,30.21114731,0 -84.47828674,30.21087837,0 -84.47859955,30.21091080,0 -84.47863770,30.21064377,0 -84.47832489,30.21060944,0 -84.47836304,30.21034241,0 -84.47805786,30.21030998,0 -84.47774506,30.21027756,0 -84.47778320,30.21000862,0 -84.47747040,30.20997620,0 -84.47750855,30.20970726,0 -84.47754669,30.20944023,0 -84.47724152,30.20940590,0 -84.47692871,30.20937347,0 -84.47696686,30.20910645,0 -84.47665405,30.20907402,0 -84.47634888,30.20903969,0 -84.47638702,30.20877266,0 -84.47607422,30.20874023,0 -84.47576141,30.20870590,0 -84.47579956,30.20843887,0 -84.47549438,30.20840645,0 -84.47553253,30.20813751,0 -84.47521973,30.20810509,0 -84.47525787,30.20783615,0 -84.47494507,30.20780373,0 -84.47498322,30.20753670,0 -84.47467804,30.20750237,0 -84.47471619,30.20723534,0 -84.47475433,30.20696640,0 -84.47479248,30.20669746,0 -84.47447968,30.20666504,0 -84.47451782,30.20639801,0 -84.47420502,30.20636559,0 -84.47389984,30.20633125,0 -84.47358704,30.20629883,0 -84.47328186,30.20626640,0 -84.47296906,30.20623398,0 -84.47265625,30.20620155,0 -84.47235107,30.20616913,0 -84.47238922,30.20590019,0 -84.47207642,30.20586777,0 -84.47211456,30.20559883,0 -84.47180939,30.20556641,0 -84.47183990,30.20529938,0 -84.47187805,30.20503044,0 -84.47191620,30.20476150,0 -84.47161102,30.20472908,0 -84.47129822,30.20469666,0 -84.47133636,30.20442772,0 -84.47103119,30.20439529,0 -84.47106171,30.20412827,0 -84.47075653,30.20409393,0 -84.47079468,30.20382690,0 -84.47048187,30.20379448,0 -84.47052002,30.20352554,0 -84.47055817,30.20325661,0 -84.47059631,30.20298958,0 -84.47063446,30.20272064,0 -84.47067261,30.20245361,0 -84.47071075,30.20218468,0 -84.47074890,30.20191574,0 -84.47105408,30.20194817,0 -84.47136688,30.20198250,0 -84.47140503,30.20171356,0 -84.47144318,30.20144463,0 -84.47175598,30.20147705,0 -84.47179413,30.20121002,0 -84.47148132,30.20117760,0 -84.47151947,30.20090866,0 -84.47155762,30.20063972,0 -84.47159576,30.20037270,0 -84.47163391,30.20010376,0 -84.47193909,30.20013619,0 -84.47197723,30.19986916,0 -84.47201538,30.19960022,0 -84.47205353,30.19933128,0 -84.47236633,30.19936562,0 -84.47240448,30.19909668,0 -84.47244263,30.19882774,0 -84.47274780,30.19886017,0 -84.47278595,30.19859314,0 -84.47309875,30.19862556,0 -84.47313690,30.19835663,0 -84.47317505,30.19808960,0 -84.47321320,30.19782066,0 -84.47290039,30.19778824,0 -84.47293854,30.19751930,0 -84.47325134,30.19755173,0 -84.47355652,30.19758606,0 -84.47386932,30.19761848,0 -84.47390747,30.19734955,0 -84.47394562,30.19708061,0 -84.47363281,30.19704819,0 -84.47367096,30.19678116,0 -84.47335815,30.19674683,0 -84.47339630,30.19647980,0 -84.47343445,30.19621086,0 -84.47347260,30.19594383,0 -84.47316742,30.19590950,0 -84.47320557,30.19564247,0 -84.47324371,30.19537354,0 -84.47293091,30.19534111,0 -84.47261810,30.19530869,0 -84.47231293,30.19527626,0 -84.47200012,30.19524384,0 -84.47169495,30.19520950,0 -84.47173309,30.19494247,0 -84.47142029,30.19491005,0 -84.47145843,30.19464111,0 -84.47114563,30.19460869,0 -84.47110748,30.19487762,0 -84.47106934,30.19514465,0 -84.47076416,30.19511223,0 -84.47045136,30.19507980,0 -84.47014618,30.19504738,0 -84.46983337,30.19501495,0 -84.46979523,30.19528198,0 -84.46948242,30.19524956,0 -84.46917725,30.19521713,0 -84.46886444,30.19518471,0 -84.46855926,30.19515228,0 -84.46824646,30.19511795,0 -84.46794128,30.19508553,0 -84.46797180,30.19481850,0 -84.46766663,30.19478607,0 -84.46735382,30.19475174,0 -84.46739197,30.19448471,0 -84.46743012,30.19421577,0 -84.46712494,30.19418335,0 -84.46681213,30.19415092,0 -84.46649933,30.19411850,0 -84.46619415,30.19408608,0 -84.46588135,30.19405174,0</coordinates></LinearRing></outerBoundaryIs>
      </Polygon>
    </Placemark>
    
    <Placemark>
      <name>USGS Gauge</name>
      <description>Estacion de caudal observada (USGS/CAMELS)</description>
      <Style>
        <IconStyle><color>ff7fff00</color><scale>1.0</scale></IconStyle>
      </Style>
      <Point><coordinates>-84.49435000,30.12937000,0</coordinates></Point>
    </Placemark>
    <Placemark>
      <name>Basin centroid (geometry)</name>
      <description>Centroid computed from basin polygon</description>
      <Style>
        <IconStyle><color>ffff00ff</color><scale>1.0</scale></IconStyle>
      </Style>
      <Point><coordinates>-84.55809648,30.22818597,0</coordinates></Point>
    </Placemark>
    <Placemark>
      <name>CAMELS centroid (lon_cen/lat_cen)</name>
      <description>Centroid from CAMELS shapefile</description>
      <Style>
        <IconStyle><color>ff00aaff</color><scale>1.0</scale></IconStyle>
      </Style>
      <Point><coordinates>-84.55810000,30.22819000,0</coordinates></Point>
    </Placemark>
    <Placemark>
      <name>Daymet representative point</name>
      <description>Representative point for basin-mean precipitation forcing</description>
      <Style>
        <IconStyle><color>ffffbf00</color><scale>1.0</scale></IconStyle>
      </Style>
      <Point><coordinates>-84.56410000,30.23419000,0</coordinates></Point>
    </Placemark>
    <Placemark>
      <name>Maurer representative point</name>
      <description>Representative point for basin-mean precipitation forcing</description>
      <Style>
        <IconStyle><color>ffff5fff</color><scale>1.0</scale></IconStyle>
      </Style>
      <Point><coordinates>-84.55810000,30.22819000,0</coordinates></Point>
    </Placemark>
    <Placemark>
      <name>NLDAS representative point</name>
      <description>Representative point for basin-mean precipitation forcing</description>
      <Style>
        <IconStyle><color>ff00d7ff</color><scale>1.0</scale></IconStyle>
      </Style>
      <Point><coordinates>-84.55210000,30.22219000,0</coordinates></Point>
    </Placemark>
  </Document>
</kml>
